nombre,num_vars,num_constraints,num_frac_vars,frac_var_ratio,lp_obj_value,primal_bound,dual_bound,gap,feasible_leaves,lp_iterations,lp_solving_time,lp_iterations_per_var,nsols,obj_mean,obj_std,obj_pos_ratio,obj_neg_ratio,obj_nonzero_ratio,farkas_mean,farkas_std,farkas_min,activity_mean,n_constraints_static,n_variables_static,pct_unary_constraints,pct_binary_constraints,pct_ternary_constraints,pct_quaternary_or_more,pct_terms_in_obj,pct_terms_in_constraints,pct_positive_terms_in_constraints,pct_positive_terms_in_obj,lbd_avg,trailpop_per_conflict,decisions_per_total_conflict,propagations_per_total_conflict,prop_per_decisions,decisions_per_conflict,propagations_per_conflict,total_conflicts_per_conflict,learned_clauses_per_conflict,restarts_per_conflict,learned_clause_length_avg,time_taken
normalized-j12054_9.std.opb,53519.0,126394.0,0.0,0.0,1e+20,1e+20,-1e+20,1e+20,0.0,0.0,5.018293,0.0,0.0,0.6198347107438017,11.126066629782756,0.004118503061420609,0.0,0.004118503061420609,0.0,0.0,0.0,0.0,256326.0,72842.0,0.00336681,0.852356,0.139596,0.00468154,0.000459087,0.999541,0.390028,1.0,112717000.0,-160631.0,37.5044,47.0869,1.2555,169014.0,212197.0,4506.5,3901.96,21.287,-8.05989,4.67834
normalized-mult_diagcomm_opt_greater_teq_nbits_34.opb,5712.0,3412.0,5712.0,1.0,0.0,0.0,-4096.0,1e+20,0.0,23864.0,5.000515,4.177871148459384,1.0,0.0,2.865648703137983e+18,0.009615384615384616,0.009615384615384616,0.019230769230769232,1.0000000000000002e+99,2.4283361152821613e+83,1e+99,0.01652813526569284,10540.0,7072.0,0.0,0.567742,0.219355,0.212903,0.0045045,0.995495,0.425339,0.5,107272000.0,-544180.0,5.92638,-322.27,-54.3788,10151.9,-552048.0,1713.0,967.242,9.92851,169.072,4.92439
normalized-BA_RDC4.dot_luby_20null50mast_rapportOE1.0_TMAX120_K67_cod1.opb,30417.0,30874.0,0.0,0.0,1e+20,1e+20,-1e+20,1e+20,0.0,0.0,5.036247,0.0,0.0,-102.40760426194656,124.55420746621131,0.0,0.6346938270994537,0.6346938270994537,0.0,0.0,0.0,0.0,40950.0,40451.0,2.442e-05,0.0951404,0.625348,0.279487,0.103709,0.896291,0.455087,0.0,126771000.0,2075460.0,412.476,5023.63,12.1792,159628.0,1944140.0,387.0,87.2916,3.37677,26823.7,4.66465
normalized-BA_RDC4.dot_luby_50null10mast_rapportOE2.0_TMAX120_K67_cod2.opb,21991.0,22056.0,0.0,0.0,1e+20,1e+20,-1e+20,1e+20,0.0,0.0,5.135329,0.0,0.0,-0.31826953611647163,8.776986958307246,0.0,0.005935950362752522,0.005935950362752522,0.0,0.0,0.0,0.0,41436.0,40937.0,2.41336e-05,0.0940245,0.618013,0.287938,0.00108743,0.998913,0.598238,0.0,96458300.0,1685220.0,271.85,4133.99,15.2069,106158.0,1614320.0,390.5,83.188,3.43734,17495.0,4.82108
normalized-vertexcover_opt_grid_oddrowoddcolsquare_dim_057.opb,3249.0,6498.0,3249.0,1.0,1679.0,1679.0,1638.147435897436,0.02493827063873739,0.0,8209.0,5.002406,2.5266235764850724,7.0,1.0,0.0,1.0,0.0,1.0,0.0,0.0,0.0,1.9856378915202444,6498.0,3249.0,0.0,1.0,0.0,0.0,0.2,0.8,1.0,1.0,110771000.0,221045.0,20.6528,161.566,7.82294,25289.3,197837.0,1224.5,216.216,7.80041,-2693.4,4.87092
normalized-vertexcover_opt_grid_oddrowoddcolsquare_dim_121.opb,14641.0,29282.0,14641.0,1.0,7439.0,7439.0,0.0,1e+20,0.0,12154.0,5.001525,0.8301345536507069,3.0,1.0,0.0,1.0,0.0,1.0,0.0,0.0,0.0,2.0,29282.0,14641.0,0.0,1.0,0.0,0.0,0.2,0.8,1.0,1.0,129254000.0,64877.1,39.9755,77.6209,1.94171,26463.8,51385.0,662.0,34.283,3.73736,-38341.9,4.85447
normalized-NG.dot_fibo_10null20mast_rapportOE2.0_TMAX15_K192_cod2.opb,400896.0,400786.0,0.0,0.0,1e+20,1e+20,-1e+20,1e+20,0.0,0.0,5.128394,0.0,0.0,-12.593909642401021,343.6873207705484,0.0,0.004003532088122605,0.004003532088122605,0.0,0.0,0.0,0.0,402763.0,400896.0,0.0,0.0607007,0.329586,0.609713,0.000685739,0.999314,0.63328,0.0,115044000.0,1725370.0,58508.2,246076.0,4.20583,380304.0,1599490.0,6.5,3.35714,1.0,9355.06,4.41874
normalized-NG.dot_fibo_20null10mast_rapportOE2.0_TMAX180_K192_cod2.opb,400896.0,400786.0,0.0,0.0,1e+20,1e+20,-1e+20,1e+20,0.0,0.0,5.3312100000000004,0.0,0.0,-7.937160759897829,258.16807406683284,0.0,0.0035595266602809704,0.0035595266602809704,0.0,0.0,0.0,0.0,402763.0,400896.0,0.0,0.0607007,0.329586,0.609713,0.000609734,0.99939,0.63328,0.0,116322000.0,1990680.0,55276.4,274314.0,4.96259,386935.0,1920200.0,7.0,3.86667,1.0,13709.3,4.41133
normalized-neos-954925.opb,84671.0,2585.0,0.0,0.0,0.0,0.0,-1e+20,1e+20,0.0,0.0,5.027348,0.0,1.0,-5901.41335961661,272.7734263847722,0.0005311740126065299,0.9978753039495739,0.9984064779621804,0.0,0.0,0.0,0.0,2989.0,84718.0,0.0,0.0,0.0,1.0,0.0909919,0.909008,0.175374,0.000532022,128531000.0,401588.0,611.967,6429.66,10.5065,35800.1,376135.0,58.5,13.8475,1.15254,307.034,4.79889
normalized-NG.dot_fibo_0null20mast_rapportOE2.0_TMAX180_K192_cod2.opb,400896.0,400786.0,0.0,0.0,1e+20,1e+20,-1e+20,1e+20,0.0,0.0,5.275257,0.0,0.0,-12.750795717592593,345.0937506243234,0.0,0.00444753751596424,0.00444753751596424,0.0,0.0,0.0,0.0,402763.0,400896.0,0.0,0.0607007,0.329586,0.609713,0.000761731,0.999238,0.63328,0.0,115044000.0,1831300.0,59534.4,270782.0,4.54834,386974.0,1760090.0,6.5,3.64286,1.0,14763.0,4.39013
normalized-BA_RDC4.dot_fibo_0null20mast_rapportOE1.0_TMAX300_K67_cod2_pbEq1_newVersion_product.opb,52558.0,135477.0,0.0,0.0,1e+20,1e+20,-1e+20,1e+20,0.0,0.0,5.038229,0.0,0.0,-24.55809424447922,477.9503390637442,0.0,0.008450704225352112,0.008450704225352112,0.0,0.0,0.0,0.0,149401.0,57510.0,6.6934e-06,0.752431,0.171404,0.0761575,0.0012156,0.998784,0.589766,0.0,105111000.0,190646.0,81.1269,39.7328,0.489762,150531.0,73724.3,1855.5,1745.48,10.5598,295.214,4.71678
normalized-fx49.opb,1505.0,1102.0,1505.0,1.0,1e+20,1e+20,5.0,1e+20,0.0,25486.0,5.001422,16.93421926910299,0.0,0.002347417840375587,0.048393258516639205,0.002347417840375587,0.0,0.002347417840375587,0.0,0.0,0.0,7.966265060240964,2495.0,2130.0,0.0,0.851703,0.0,0.148297,0.000226603,0.999773,0.192883,1.0,78962200.0,-74948.5,5.68027,-18.3179,-3.22483,35919.2,-115833.0,6323.5,1050.81,28.4617,3.62217,4.88478
normalized-mps-v2-20-10-a1c1s1.opb,64084.0,12981.0,64084.0,1.0,1e+20,1e+20,0.0,1e+20,0.0,10001.0,5.035138,0.15606079520629174,0.0,140789292056.72165,1127969223560.1812,0.36229205175600737,0.0,0.36229205175600737,1.0000000000000001e+99,1.2141680576410807e+83,1e+99,32639.235443818925,3312.0,103872.0,0.0,0.0,0.0,1.0,0.121383,0.878617,0.375556,1.0,89236100.0,425279.0,-185.625,-145.371,0.783146,-359648.0,-281657.0,1937.5,322.441,10.9701,691.508,3.87382
normalized-aries-da_network_20_2__17_12__512.opb,18998.0,1560.0,18998.0,1.0,1e+20,1e+20,0.0,1e+20,0.0,0.0,5.003012,0.0,0.0,43575.75100009757,25757.279708189377,0.9991218655478583,0.0,0.9991218655478583,0.0,0.0,0.0,0.0,60.0,20498.0,0.0,0.0,0.0,1.0,0.249945,0.750055,0.666471,1.0,120234000.0,1986880.0,815.878,3495.53,4.28438,379383.0,1625420.0,465.0,73.1149,3.85177,-25600.9,4.51417
normalized-BA_RDC4.dot_luby_10null50mast_rapportOE1.0_TMAX120_K67_cod2_pbEq1_newVersion_product.opb,52558.0,135477.0,0.0,0.0,1e+20,1e+20,-1e+20,1e+20,0.0,0.0,5.050223,0.0,0.0,-1.0946444096678838,16.61962785654479,0.0,0.007616066770996349,0.007616066770996349,0.0,0.0,0.0,0.0,149401.0,57510.0,6.6934e-06,0.752431,0.171404,0.0761575,0.00109567,0.998904,0.589766,0.0,104779000.0,851265.0,120.679,1485.2,12.307,67339.0,828742.0,558.0,344.67,4.21486,1839.74,4.7428
normalized-fx92.opb,6336.0,1359.0,6336.0,1.0,1e+20,1e+20,9.0,1e+20,0.0,1384.0,5.004872,0.21843434343434343,0.0,0.001256281407035176,0.03542178939666252,0.001256281407035176,0.0,0.001256281407035176,0.0,0.0,0.0,0.7409551374819102,7824.0,7164.0,0.0,0.914494,0.0,0.0855061,0.000120846,0.999879,0.192289,1.0,80171100.0,562705.0,17.1853,305.745,17.7911,30143.0,536277.0,1754.0,272.392,10.0863,-583.523,1.85549
normalized-BA_RDC4.dot_luby_50null20mast_rapportOE1.0_TMAX60_K67_cod3.opb,21740.0,22052.0,0.0,0.0,1e+20,1e+20,-1e+20,1e+20,0.0,0.0,5.024612,0.0,0.0,-41.35136337791402,93.15273097995568,0.0,0.39647969147857903,0.39647969147857903,0.0,0.0,0.0,0.0,40950.0,40451.0,2.442e-05,0.0951404,0.625348,0.279487,0.0674089,0.932591,0.455087,0.0,104233000.0,485049.0,199.56,2595.92,13.0082,37417.6,486735.0,187.5,68.4628,1.93617,26030.2,4.86994
normalized-queens-30.opb,900.0,900.0,900.0,1.0,-32.0,-32.0,-900.0,27.125,0.0,11580.0,5.453042,12.866666666666667,3.0,-1.0,0.0,0.0,1.0,1.0,0.0,0.0,0.0,103.02222222222223,960.0,900.0,0.0,0.0,0.0,1.0,0.00953996,0.99046,0.0,0.0,53791800.0,-110117.0,3.85718,-19.8525,-5.14689,28201.7,-145151.0,7311.5,4659.85,32.5862,17.8887,4.91614
normalized-domset_opt_hexgrid_nrowsdiv30add5_ncols_480.opb,10080.0,10080.0,10080.0,1.0,2583.0,2583.0,0.0,1e+20,0.0,10001.0,5.032233,0.9921626984126984,2.0,1.0,0.0,1.0,0.0,1.0,0.0,0.0,0.0,0.0,10080.0,10080.0,0.0,0.0,0.0,1.0,0.2,0.8,1.0,1.0,120058000.0,772410.0,25.1166,753.701,30.008,25104.1,753324.0,999.5,94.723,4.7625,-4059.2,4.88025
normalized-mul_8_14_shg.opb,14300.0,65280.0,0.0,0.0,14300.0,14300.0,-1e+20,1e+20,0.0,0.0,5.426441,0.0,1.0,1.0,0.0,1.0,0.0,1.0,0.0,0.0,0.0,0.0,65280.0,14300.0,0.0,0.0,0.0,1.0,0.00278964,0.99721,1.0,1.0,84628100.0,1182710.0,2074.66,1339.9,0.64584,726131.0,468964.0,350.0,19.7475,3.14551,91977.6,4.3066
normalized-j12037_1.std.opb,53435.0,117638.0,0.0,0.0,1e+20,1e+20,-1e+20,1e+20,0.0,0.0,5.016742,0.0,0.0,0.6198347107438017,11.126066629782756,0.004118503061420609,0.0,0.004118503061420609,0.0,0.0,0.0,0.0,245410.0,72842.0,0.00321503,0.845984,0.145911,0.00488978,0.000449277,0.999551,0.365391,1.0,114957000.0,3888.43,29.0845,-8.10983,-0.278837,93521.2,-26077.2,3215.5,2959.6,17.0086,77.877,4.70667
normalized-BA_RDC4.dot_luby_10null50mast_rapportOE1.0_TMAX180_K67_cod2_pbEq1_newVersion_sequential.opb,72823.0,145712.0,0.0,0.0,1e+20,1e+20,-1e+20,1e+20,0.0,0.0,5.050754,0.0,0.0,-0.7717468827623521,13.974757027018908,0.0,0.005385996409335727,0.005385996409335727,0.0,0.0,0.0,0.0,161483.0,81322.0,6.1926e-06,0.770954,0.15858,0.0704594,0.00103321,0.998967,0.504753,0.0,119677000.0,2030480.0,444.516,16959.0,38.1517,53119.7,2026610.0,119.5,83.7042,1.58333,2601.42,4.8057
normalized-BA_RDC4.dot_unif_20null10mast_rapportOE1.0_TMAX60_K67_cod1.opb,30389.0,30846.0,0.0,0.0,1e+20,1e+20,-1e+20,1e+20,0.0,0.0,5.016474,0.0,0.0,-355.4791228894218,361.0351567284554,0.0,0.6346938270994537,0.6346938270994537,0.0,0.0,0.0,0.0,40950.0,40451.0,2.442e-05,0.0951404,0.625348,0.279487,0.103709,0.896291,0.455087,0.0,106717000.0,474100.0,158.943,2134.76,13.431,35603.2,478187.0,224.0,95.2584,2.19822,18848.0,4.87702
normalized-BA_RDC4.dot_luby_10null50mast_rapportOE1.0_TMAX300_K67_cod2_pbEq1_newVersion.opb,33757.0,33826.0,0.0,0.0,1e+20,1e+20,-1e+20,1e+20,0.0,0.0,5.219814,0.0,0.0,-1.5362141827686444,19.669852788966814,0.0,0.010699367320516892,0.010699367320516892,0.0,0.0,0.0,0.0,40882.0,40937.0,2.44606e-05,0.0952742,0.626388,0.278313,0.00239714,0.997603,0.729932,0.0,99537300.0,3319870.0,691.665,21856.2,31.5994,102712.0,3245650.0,148.5,42.5134,1.66443,10311.3,4.8125
normalized-sbox_4_shg.opb,146.0,205.0,0.0,0.0,22.0,22.0,22.0,0.0,0.0,9210.0,1.500442,63.082191780821915,309.0,1.0,0.0,1.0,0.0,1.0,0.0,0.0,0.0,0.0,240.0,147.0,0.0,0.00416667,0.00833333,0.9875,0.0538264,0.946174,1.0,1.0,68437700.0,186841.0,6.84669,49.5574,7.23816,22299.7,161409.0,3257.0,677.772,17.1782,262.906,0.81867
normalized-BA_RDC4.dot_luby_50null10mast_rapportOE1.0_TMAX120_K67_cod2_pbEq1_newVersion_binary.opb,43616.0,288563.0,0.0,0.0,1e+20,1e+20,-1e+20,1e+20,0.0,0.0,5.035682,0.0,0.0,-0.2871521346158138,8.384514202398838,0.0,0.005423017697337588,0.005423017697337588,0.0,0.0,0.0,0.0,297596.0,44809.0,3.36026e-06,0.875714,0.0860495,0.038233,0.000349163,0.999651,0.385501,0.0,69730300.0,1008340.0,131.912,1902.95,14.426,67472.9,973361.0,511.5,173.979,4.04297,7945.9,4.60128
normalized-j12018_9.std.opb,57468.0,120616.0,0.0,0.0,1e+20,1e+20,-1e+20,1e+20,0.0,0.0,5.024,0.0,0.0,0.6198347107438017,11.126066629782756,0.004118503061420609,0.0,0.004118503061420609,0.0,0.0,0.0,0.0,234221.0,72842.0,0.00305267,0.839203,0.152621,0.00512337,0.000464847,0.999535,0.360771,1.0,124096000.0,128392.0,35.1763,15.0249,0.42713,136889.0,58469.2,3891.5,3055.75,19.2483,-54.9658,4.6719
normalized-BA_RDC4.dot_fibo_10null20mast_rapportOE2.0_TMAX15_K67_cod2_pbEq1_newVersion_sequential.opb,72824.0,145712.0,0.0,0.0,1e+20,1e+20,-1e+20,1e+20,0.0,0.0,5.032272,0.0,0.0,-16.73534836821524,397.848277907457,0.0,0.005385996409335727,0.005385996409335727,0.0,0.0,0.0,0.0,161483.0,81322.0,6.1926e-06,0.770954,0.15858,0.0704594,0.00103321,0.998967,0.504753,0.0,104087000.0,1248400.0,131.637,2299.63,17.4694,70886.7,1238350.0,538.5,80.5705,4.14286,10269.7,4.7641
normalized-mps-v2-20-10-markshare2_1.opb,260.0,211.0,260.0,1.0,91897.0,91897.0,0.0,1e+20,0.0,10485.0,5.000098,40.32692307692308,6.0,22776341.7,87368235.03630315,0.6363636363636364,0.0,0.6363636363636364,0.0009093034128097243,0.016952439466493108,-0.05719962599345489,24484.298507462685,13.0,330.0,0.0,0.0,0.0,1.0,0.158371,0.841629,0.94086,1.0,33285300.0,166692.0,5.52215,31.7398,5.74773,24090.4,138465.0,4362.5,1669.0,20.775,-24.7448,4.93304
normalized-domset_opt_hexgrid_nrowsdiv30add5_ncols_750.opb,22500.0,22500.0,22500.0,1.0,5640.0,5640.0,0.0,1e+20,0.0,8285.0,5.001664,0.36822222222222223,2.0,1.0,0.0,1.0,0.0,1.0,0.0,0.0,0.0,0.0,22500.0,22500.0,0.0,0.0,0.0,1.0,0.2,0.8,1.0,1.0,134218000.0,2243990.0,25.2418,5064.73,200.648,11220.0,2251270.0,444.5,0.0,1.0,0.0,4.88572
normalized-hw128-vm98p-opt.opb.negationfix.opb,174615.0,1626.0,0.0,0.0,1e+20,1e+20,-1e+20,1e+20,0.0,0.0,5.049867,0.0,0.0,0.0007304601899196494,0.027017154140112385,0.0007304601899196494,0.0,0.0007304601899196494,0.0,0.0,0.0,0.0,2994.0,175232.0,0.0,0.0,0.0,1.0,0.000183016,0.999817,0.251144,1.0,94533100.0,355305.0,1154.23,465.571,0.403361,321453.0,129661.0,278.5,6.29391,2.66308,213910.0,4.61934
normalized-BA_RDC4.dot_unif_10null20mast_rapportOE2.0_TMAX180_K67_cod2_pbEq1_newVersion_product.opb,52417.0,135057.0,0.0,0.0,1e+20,1e+20,-1e+20,1e+20,0.0,0.0,5.087552,0.0,0.0,-4.632533472439576,60.389988491150405,0.0,0.007616066770996349,0.007616066770996349,0.0,0.0,0.0,0.0,149401.0,57510.0,6.6934e-06,0.752431,0.171404,0.0761575,0.00109567,0.998904,0.589766,0.0,53641000.0,-291421.0,51.1219,154.715,3.0264,133837.0,405044.0,2618.0,1792.12,14.2584,134.913,4.7616
normalized-single-obj-f58-fob_fxl_loss.seq-A-3-1-abcdeir.opb,26772.0,51503.0,0.0,0.0,1e+20,1e+20,-1e+20,1e+20,0.0,0.0,5.039263,0.0,0.0,2506736.3147092243,124300268.40435846,0.00828703365890778,0.0,0.00828703365890778,0.0,0.0,0.0,0.0,291294.0,95933.0,0.000267771,0.743119,0.132258,0.124355,0.00101607,0.998984,0.521437,1.0,134218000.0,26410.3,311.667,33798.7,108.445,935.0,101396.0,3.0,3.14286,1.0,168.727,4.79657
normalized-BA_RDC4.dot_luby_50null0mast_rapportOE2.0_TMAX120_K67_cod2_pbEq1_newVersion_binary.opb,43616.0,288563.0,0.0,0.0,1e+20,1e+20,-1e+20,1e+20,0.0,0.0,5.052412,0.0,0.0,-0.019929032114084224,0.6414182913651625,0.0,0.005423017697337588,0.005423017697337588,0.0,0.0,0.0,0.0,297596.0,44809.0,3.36026e-06,0.875714,0.0860495,0.038233,0.000349163,0.999651,0.385501,0.0,97177100.0,380782.0,50.0588,287.864,5.75051,61647.4,354504.0,1231.5,766.499,8.06088,-426.104,4.69016
normalized-BA_RDC4.dot_luby_20null20mast_rapportOE1.0_TMAX120_K67_cod2_pbEq1_newVersion_ladder.opb,54755.0,54928.0,0.0,0.0,1e+20,1e+20,-1e+20,1e+20,0.0,0.0,5.338291,0.0,0.0,-0.3183271439462876,8.85076009010559,0.0,0.004783453432035611,0.004783453432035611,0.0,0.0,0.0,0.0,201868.0,81322.0,4.95373e-06,0.622204,0.324167,0.0536242,0.000770845,0.999229,0.503992,0.0,98208100.0,692270.0,200.201,3911.0,19.5353,36837.1,719623.0,184.0,84.1463,1.91599,3139.79,4.78106
normalized-mps-v2-20-10-core2536-691.opb,11230.0,1893.0,11230.0,1.0,958.0,958.0,8.0,118.75,0.0,13671.0,5.00065,1.2173642030276046,2.0,1.9021852918084272,0.2970639511165404,1.0,0.0,1.0,0.0,0.0,0.0,0.0010565240359218173,2537.0,15284.0,0.00197083,0.00157667,0.002365,0.994088,0.0862081,0.913792,0.914887,1.0,131344000.0,529843.0,106.826,641.371,6.00387,77288.8,464032.0,723.5,4.77901,5.02762,-244205.0,4.78545
normalized-BA_RDC4.dot_fibo_0null20mast_rapportOE2.0_TMAX120_K67_cod2.opb,36668.0,36737.0,0.0,0.0,1e+20,1e+20,-1e+20,1e+20,0.0,0.0,5.04575,0.0,0.0,-32.311893885726846,554.1286481988133,0.0,0.011871900725505044,0.011871900725505044,0.0,0.0,0.0,0.0,41436.0,40937.0,2.41336e-05,0.0940245,0.618013,0.287938,0.0021725,0.997827,0.598238,0.0,87834400.0,329580.0,54.8181,192.258,3.5072,81267.9,285023.0,1482.5,495.881,9.05765,923.081,4.84358
normalized-NG.dot_fibo_10null0mast_rapportOE1.0_TMAX15_K192_cod1.opb,365115.0,366610.0,0.0,0.0,1e+20,1e+20,-1e+20,1e+20,0.0,0.0,5.348397,0.0,0.0,-644.0538970166344,1478.9215804794826,0.0,0.7680907412186524,0.7680907412186524,0.0,0.0,0.0,0.0,400980.0,399113.0,0.0,0.0609706,0.331051,0.607978,0.1161,0.8839,0.48797,0.0,134218000.0,425302.0,73718.6,12989.6,0.176205,368593.0,64947.9,5.0,0.0,1.0,0.0,4.37295
normalized-j12038_1.std.opb,53438.0,117074.0,0.0,0.0,1e+20,1e+20,-1e+20,1e+20,0.0,0.0,5.017052,0.0,0.0,0.6198347107438017,11.126066629782756,0.004118503061420609,0.0,0.004118503061420609,0.0,0.0,0.0,0.0,245282.0,72842.0,0.00321671,0.846087,0.145804,0.00489233,0.00044948,0.999551,0.365364,1.0,121907000.0,-13644.1,41.2497,-28.0273,-0.679455,165700.0,-112586.0,4017.0,3350.7,19.6082,-48.9355,4.63749
normalized-BA_RDC4.dot_luby_50null0mast_rapportOE2.0_TMAX180_K67_cod2_pbEq1_newVersion.opb,22009.0,22095.0,0.0,0.0,1e+20,1e+20,-1e+20,1e+20,0.0,0.0,5.003983,0.0,0.0,-0.021203312406869092,0.681942945797721,0.0,0.005935950362752522,0.005935950362752522,0.0,0.0,0.0,0.0,40882.0,40937.0,2.44606e-05,0.0952742,0.626388,0.278313,0.00133134,0.998669,0.729932,0.0,90428100.0,67544.1,47.8518,22.7301,0.475009,69863.6,33185.9,1460.0,519.475,8.99041,349.284,4.8328
normalized-knapPI_15_20_1000_2_-948.opb,0.0,0.0,0.0,0.0,-318.0,-318.0,-318.0,0.0,0.0,0.0,0.0009689999999999999,0.0,2.0,-191.075,88.20101685921767,0.0,1.0,1.0,0.0,0.0,0.0,0.0,1.0,40.0,0.0,0.0,0.0,1.0,0.5,0.5,0.0,0.0,105731000.0,5113.0,9.04834,32.4878,3.59047,1103.9,3963.51,122.0,70.8612,1.59184,33.6903,0.007362
normalized-BA_RDC4.dot_luby_10null10mast_rapportOE1.0_TMAX180_K67_cod2.opb,33784.0,33853.0,0.0,0.0,1e+20,1e+20,-1e+20,1e+20,0.0,0.0,5.24283,0.0,0.0,-0.33182695361164716,8.80265221102234,0.0,0.010699367320516892,0.010699367320516892,0.0,0.0,0.0,0.0,41436.0,40937.0,2.41336e-05,0.0940245,0.618013,0.287938,0.00195836,0.998042,0.598238,0.0,88007800.0,-1922870.0,438.14,-6983.96,-15.94,126403.0,-2014870.0,288.5,50.0865,2.75087,24618.9,4.80163
normalized-BA_RDC4.dot_fibo_0null0mast_rapportOE1.0_TMAX120_K67_cod1.opb,36184.0,36738.0,0.0,0.0,1e+20,1e+20,-1e+20,1e+20,0.0,0.0,5.044881,0.0,0.0,-550.5601839262317,1333.3594222663423,0.0,0.7929593829571581,0.7929593829571581,0.0,0.0,0.0,0.0,40950.0,40451.0,2.442e-05,0.0951404,0.625348,0.279487,0.126304,0.873696,0.455087,0.0,102340000.0,513759.0,51.0533,471.818,9.24167,53606.0,495409.0,1050.0,514.462,7.09567,996.347,4.77647
normalized-aries-da_network_20_2__17_12__256.opb,8758.0,2012.0,0.0,0.0,46877.0,46877.0,46877.0,0.0,0.0,7.0,4.136861,0.0007992692395524092,1.0,43537.5192045233,25778.283483435825,0.9982452719828426,0.0,0.9982452719828426,0.0,0.0,0.0,0.0,60.0,10258.0,0.0,0.0,0.0,1.0,0.24989,0.75011,0.666276,1.0,111758000.0,-374894.0,181.18,-410.111,-2.26356,291156.0,-659048.0,1607.0,461.413,9.49922,112.996,4.5939
normalized-NG.dot_fibo_10null50mast_rapportOE1.0_TMAX120_K192_cod2.opb,400896.0,400786.0,0.0,0.0,1e+20,1e+20,-1e+20,1e+20,0.0,0.0,5.282647,0.0,0.0,-25.96163094667944,522.2878987114703,0.0,0.004003532088122605,0.004003532088122605,0.0,0.0,0.0,0.0,402763.0,400896.0,0.0,0.0607007,0.329586,0.609713,0.000685739,0.999314,0.63328,0.0,134218000.0,1302670.0,185450.0,598542.0,3.22751,370900.0,1197080.0,2.0,0.6,1.0,58165.0,4.41265
normalized-clique-coloring-max-clique-n=13-t=7.opb,351.0,12780.0,351.0,1.0,6.0,6.0,0.0,1e+20,0.0,1960.0,5.001799,5.584045584045584,9.0,0.037037037037037035,0.18885257457751053,0.037037037037037035,0.0,0.037037037037037035,0.0,0.0,0.0,2.1867804839846503,12753.0,351.0,0.0,0.0,0.996942,0.0030581,0.000336814,0.999663,0.322439,1.0,59412100.0,-18760.2,-5.38616,-16.3252,3.03096,7420.14,22490.1,-1377.63,-4787.5,144.258,-1.55409,4.66366
normalized-jul5.5.opb,9561.0,27493.0,9561.0,1.0,1e+20,1e+20,0.0,1e+20,0.0,3197.0,5.013587,0.33437924903252797,0.0,0.021906146179401995,0.564779692292501,0.0026993355481727574,0.0,0.0026993355481727574,9.999999999999996e+98,3.642504172923242e+83,1e+99,2.0458441226886466,29620.0,9632.0,0.0,0.557731,0.175827,0.266442,0.000249554,0.99975,0.415323,1.0,50589700.0,46043.1,2.43325,-0.569463,-0.234034,40255.7,-9421.19,16544.0,10966.4,62.3226,5.26264,4.75581
normalized-BA_RDC4.dot_fibo_20null20mast_rapportOE2.0_TMAX15_K67_cod2_pbEq1_newVersion.opb,30779.0,30844.0,0.0,0.0,1e+20,1e+20,-1e+20,1e+20,0.0,0.0,5.032377,0.0,0.0,-32.85062412976036,560.7693220405969,0.0,0.009502406136258152,0.009502406136258152,0.0,0.0,0.0,0.0,40882.0,40937.0,2.44606e-05,0.0952742,0.626388,0.278313,0.00212953,0.99787,0.729932,0.0,99731800.0,1095090.0,103.669,1356.87,13.0885,80239.4,1050210.0,774.0,98.7482,5.40801,12465.8,4.85582
normalized-autocorr_bern50-50.lin.opb,30271.0,30221.0,0.0,0.0,0.0,0.0,-1e+20,1e+20,0.0,0.0,5.001359,0.0,2.0,0.0,161.39185577030273,0.354299494565756,0.645700505434244,1.0,0.0,0.0,0.0,0.0,60442.0,30271.0,0.0,0.0,0.0405347,0.959465,0.104893,0.895107,0.5,0.354299,134218000.0,339489.0,77.3675,28364.6,366.622,1005.78,368740.0,13.0,9.37037,1.0,26874.8,4.93059
normalized-KE_410_004.opb,7397.0,261.0,0.0,0.0,-13862.0,-13862.0,-13862.0,0.0,0.0,1479.0,0.684037,0.19994592402325267,4.0,-117.74482870071105,47.31351322163698,0.0,0.9996767937944409,0.9996767937944409,0.0,0.0,0.0,0.0,307.0,12376.0,0.0,0.0716612,0.0423453,0.885993,0.253457,0.746543,0.0,0.0,53917700.0,378413.0,99.1916,842.248,8.49112,41065.3,348691.0,414.0,20.2051,3.58745,-58893.7,4.8998
normalized-domset_v500_e2000_w30_mw19_19.opb.PB06.opb,467.0,519.0,467.0,1.0,214.0,214.0,156.6918558876877,0.36573786038624223,0.0,17136.0,5.000173,36.69379014989293,36.0,1.0,0.0,1.0,0.0,1.0,0.0,0.0,0.0,41.17318982387476,466.0,467.0,0.0,0.0,0.00214592,0.997854,0.0996586,0.900341,1.0,1.0,66426500.0,75687.8,14.4596,-2.76529,-0.191242,86736.1,-16587.6,5998.5,1597.26,27.1184,-59.1126,4.80646
normalized-BA_RDC4.dot_luby_10null20mast_rapportOE2.0_TMAX300_K67_cod1.opb,33284.0,33791.0,0.0,0.0,1e+20,1e+20,-1e+20,1e+20,0.0,0.0,5.025153,0.0,0.0,-42.50980198264567,92.84379572846235,0.0,0.7146424068626239,0.7146424068626239,0.0,0.0,0.0,0.0,40950.0,40451.0,2.442e-05,0.0951404,0.625348,0.279487,0.115267,0.884733,0.455087,0.0,81458500.0,-178772.0,107.31,-196.514,-1.83127,200188.0,-366598.0,1865.5,758.008,10.5884,580.399,4.52978
normalized-BA_RDC4.dot_luby_10null20mast_rapportOE1.0_TMAX15_K67_cod2_pbEq1_newVersion_binary.opb,43616.0,288563.0,0.0,0.0,1e+20,1e+20,-1e+20,1e+20,0.0,0.0,5.06143,0.0,0.0,-0.5826954406480841,11.929423241688907,0.0,0.009774822022361579,0.009774822022361579,0.0,0.0,0.0,0.0,297596.0,44809.0,3.36026e-06,0.875714,0.0860495,0.038233,0.000629178,0.999371,0.385501,0.0,97672500.0,-1769560.0,125.579,-4365.24,-34.7608,51362.0,-1785380.0,409.0,145.726,3.54579,4368.22,4.72888
normalized-BA_RDC4.dot_luby_10null50mast_rapportOE2.0_TMAX15_K67_cod1.opb,33370.0,33873.0,0.0,0.0,1e+20,1e+20,-1e+20,1e+20,0.0,0.0,5.030645,0.0,0.0,-102.85629527082149,124.29650483042745,0.0,0.7146424068626239,0.7146424068626239,0.0,0.0,0.0,0.0,40950.0,40451.0,2.442e-05,0.0951404,0.625348,0.279487,0.115267,0.884733,0.455087,0.0,113001000.0,764248.0,395.198,5139.6,13.0051,57303.7,745242.0,145.0,22.1409,1.65636,132269.0,4.85694
normalized-maxcut_opt_complete_5-partite_block_nvert_40.opb,780.0,39520.0,780.0,1.0,-384.0,-384.0,-640.0,0.6666666666666666,0.0,4566.0,5.001499,5.8538461538461535,2.0,-0.8205128205128205,0.3837597319768144,0.0,0.8205128205128205,0.8205128205128205,0.0,0.0,0.0,1.5,39520.0,780.0,0.0,0.0,1.0,0.0,0.00536913,0.994631,0.5,0.0,36241800.0,52502.2,6.28664,1.64933,0.262354,37399.2,9811.85,5949.0,4594.5,26.8732,-22.5735,4.89795
normalized-BA_RDC4.dot_luby_0null50mast_rapportOE2.0_TMAX15_K67_cod2_pbEq1_newVersion_binary.opb,43616.0,288563.0,0.0,0.0,1e+20,1e+20,-1e+20,1e+20,0.0,0.0,5.058959,0.0,0.0,-1.4058336494900578,18.808154573464346,0.0,0.010846035394675177,0.010846035394675177,0.0,0.0,0.0,0.0,297596.0,44809.0,3.36026e-06,0.875714,0.0860495,0.038233,0.000698081,0.999302,0.385501,0.0,103352000.0,-109615.0,161.732,-284.623,-1.75984,92753.5,-163231.0,573.5,154.824,4.28659,5190.58,4.57022
normalized-BA_RDC4.dot_fibo_50null50mast_rapportOE1.0_TMAX60_K67_cod1.opb,21740.0,22070.0,0.0,0.0,1e+20,1e+20,-1e+20,1e+20,0.0,0.0,5.004312,0.0,0.0,-0.39647969147857903,0.4891661739364547,0.0,0.39647969147857903,0.39647969147857903,0.0,0.0,0.0,0.0,40950.0,40451.0,2.442e-05,0.0951404,0.625348,0.279487,0.0674089,0.932591,0.455087,0.0,109468000.0,584820.0,191.178,2766.53,14.471,40338.5,583738.0,211.0,65.0851,2.10875,50829.4,4.85158
normalized-BA_RDC4.dot_unif_10null10mast_rapportOE2.0_TMAX120_K67_cod2_pbEq1_newVersion_product.opb,52558.0,135477.0,0.0,0.0,1e+20,1e+20,-1e+20,1e+20,0.0,0.0,5.052308,0.0,0.0,-4.187967310033038,55.541476161691655,0.0,0.007616066770996349,0.007616066770996349,0.0,0.0,0.0,0.0,149401.0,57510.0,6.6934e-06,0.752431,0.171404,0.0761575,0.00109567,0.998904,0.589766,0.0,98757300.0,2666020.0,269.072,6909.9,25.6805,101709.0,2611940.0,378.0,54.6116,3.35139,14579.5,4.72162
normalized-NG.dot_fibo_50null20mast_rapportOE2.0_TMAX300_K192_cod1.opb,228932.0,229714.0,0.0,0.0,1e+20,1e+20,-1e+20,1e+20,0.0,0.0,5.365956,0.0,0.0,-2093.9546218740056,4122.752275669371,0.0,0.4268765988579675,0.4268765988579675,0.0,0.0,0.0,0.0,400980.0,399113.0,0.0,0.0609706,0.331051,0.607978,0.068033,0.931967,0.48797,0.0,134218000.0,528568.0,24577.8,12340.2,0.502088,368667.0,185103.0,15.0,0.0,1.0,0.0,4.37638
normalized-BA_RDC4.dot_unif_0null0mast_rapportOE1.0_TMAX120_K67_cod1.opb,36184.0,36738.0,0.0,0.0,1e+20,1e+20,-1e+20,1e+20,0.0,0.0,5.061322,0.0,0.0,-399.62216014437223,333.6362388519826,0.0,0.7929593829571581,0.7929593829571581,0.0,0.0,0.0,0.0,40950.0,40451.0,2.442e-05,0.0951404,0.625348,0.279487,0.126304,0.873696,0.455087,0.0,94784500.0,-1669710.0,188.85,-3125.97,-16.5527,105001.0,-1738040.0,556.0,232.854,4.20305,-8087.04,4.8376
normalized-j12017_8.std.opb,57709.0,119974.0,0.0,0.0,1e+20,1e+20,-1e+20,1e+20,0.0,0.0,5.029601,0.0,0.0,0.6198347107438017,11.126066629782756,0.004118503061420609,0.0,0.004118503061420609,0.0,0.0,0.0,0.0,234365.0,72842.0,0.0030508,0.839127,0.152702,0.00512022,0.00046461,0.999535,0.36081,1.0,113838000.0,-96943.6,38.9631,-47.7737,-1.22613,145215.0,-178053.0,3727.0,3309.36,18.7811,67.283,4.68432
Init-x2-i5_pp_97.opb,30614.0,27133.0,0.0,0.0,1e+20,1e+20,-1e+20,1e+20,0.0,0.0,5.015791,0.0,0.0,0.08740391017492888,0.28242603750550666,0.08740391017492888,0.0,0.08740391017492888,0.0,0.0,0.0,0.0,33043.0,33042.0,0.0314136,0.793269,0.0230609,0.152256,0.0171364,0.982864,0.964369,1.0,76158700.0,-502941.0,165.203,428.543,2.59403,253505.0,657599.0,1534.5,415.008,9.24039,-675.108,4.73123
normalized-BA_RDC4.dot_unif_10null10mast_rapportOE2.0_TMAX180_K67_cod2_pbEq1_newVersion_ladder.opb,45446.0,45628.0,0.0,0.0,1e+20,1e+20,-1e+20,1e+20,0.0,0.0,5.208122,0.0,0.0,-2.991035636113229,46.19312270289133,0.0,0.005385996409335727,0.005385996409335727,0.0,0.0,0.0,0.0,201868.0,81322.0,4.95373e-06,0.622204,0.324167,0.0536242,0.000867859,0.999132,0.503992,0.0,104318000.0,-685164.0,360.878,-3503.17,-9.70733,72717.0,-705888.0,201.5,30.3663,2.0198,42096.6,4.73329
normalized-BA_RDC4.dot_luby_0null20mast_rapportOE2.0_TMAX60_K67_cod2_pbEq1_newVersion_sequential.opb,71568.0,143199.0,0.0,0.0,1e+20,1e+20,-1e+20,1e+20,0.0,0.0,5.142796,0.0,0.0,-0.32122918767369224,8.85119985311609,0.0,0.005976242591180739,0.005976242591180739,0.0,0.0,0.0,0.0,161483.0,81322.0,6.1926e-06,0.770954,0.15858,0.0704594,0.00114631,0.998854,0.504753,0.0,92714800.0,-946286.0,85.7053,-1488.53,-17.368,53865.8,-935543.0,628.5,147.964,4.56916,6663.61,4.8021
normalized-macrophage.opb,2209.0,3259.0,2209.0,1.0,401.0,401.0,263.6427810786431,0.5209974586043531,0.0,16857.0,5.00159,7.631054775916704,9.0,0.7,0.45825756949558405,0.7,0.0,0.7,0.0,0.0,0.0,0.845695020746888,3164.0,2260.0,0.0,0.0,1.0,0.0,0.142857,0.857143,0.666667,1.0,84379200.0,-37205.8,127.818,-142.428,-1.11431,339165.0,-377934.0,2653.5,1166.52,14.4825,-90.6643,1.65732
normalized-BA_RDC4.dot_unif_0null0mast_rapportOE1.0_TMAX120_K67_cod2_pbEq1_newVersion_ladder.opb,40728.0,40894.0,0.0,0.0,1e+20,1e+20,-1e+20,1e+20,0.0,0.0,5.096869,0.0,0.0,-2.9930277169769557,44.335339228453506,0.0,0.005976242591180739,0.005976242591180739,0.0,0.0,0.0,0.0,201868.0,81322.0,4.95373e-06,0.622204,0.324167,0.0536242,0.000962876,0.999037,0.503992,0.0,77155700.0,-172315.0,78.4883,-274.66,-3.49937,53960.7,-188829.0,687.5,292.838,4.91424,4230.93,4.73911
normalized-mps-v2-20-10-aflow30a.opb,7170.0,1627.0,7170.0,1.0,1e+20,1e+20,1014.4815354862822,1e+20,0.0,13585.0,5.015991,1.894700139470014,0.0,10.047255038220987,49.95539349145706,0.05851285615010424,0.0,0.05851285615010424,1.0000000000000001e+99,1.2141680576410807e+83,1e+99,5260.734427812651,900.0,7195.0,0.0,0.0,0.0,1.0,0.014963,0.985037,0.274797,1.0,63342200.0,-194440.0,56.854,-152.947,-2.69017,112912.0,-303752.0,1986.0,551.553,11.1477,45.6091,4.82394
normalized-rand0a62b6.cudf.paranoid.opb,1936.0,5798.0,0.0,0.0,6943.0,6943.0,6943.0,0.0,0.0,520.0,3.107188,0.26859504132231404,4.0,153.69197324414716,481.46979654567997,0.3702341137123746,0.0,0.3702341137123746,0.0,0.0,0.0,0.0,26929.0,5980.0,0.00063129,0.482899,0.364106,0.152364,0.0281196,0.97188,0.565074,1.0,102740000.0,569803.0,85.4935,1782.99,20.8552,26203.8,546485.0,306.5,243.357,2.88274,476.132,0.441876
normalized-NG.dot_fibo_50null0mast_rapportOE2.0_TMAX15_K192_cod1.opb,228932.0,229714.0,0.0,0.0,1e+20,1e+20,-1e+20,1e+20,0.0,0.0,5.250551,0.0,0.0,-393.17823273108115,1238.2409535799736,0.0,0.4268765988579675,0.4268765988579675,0.0,0.0,0.0,0.0,400980.0,399113.0,0.0,0.0609706,0.331051,0.607978,0.068033,0.931967,0.48797,0.0,134218000.0,526168.0,81939.3,47265.5,0.576835,368727.0,212695.0,4.5,0.0,1.0,0.0,4.43036
normalized-BA_RDC4.dot_unif_20null0mast_rapportOE1.0_TMAX15_K67_cod1.opb,30408.0,30865.0,0.0,0.0,1e+20,1e+20,-1e+20,1e+20,0.0,0.0,5.04366,0.0,0.0,-315.0153519072458,328.4757360908516,0.0,0.6346938270994537,0.6346938270994537,0.0,0.0,0.0,0.0,40950.0,40451.0,2.442e-05,0.0951404,0.625348,0.279487,0.103709,0.896291,0.455087,0.0,89022000.0,778061.0,311.679,5250.64,16.8463,45661.0,769218.0,146.5,66.4728,1.65646,16713.1,4.90341
normalized-BA_RDC4.dot_luby_0null0mast_rapportOE1.0_TMAX60_K67_cod2_pbEq1_newVersion.opb,36668.0,36737.0,0.0,0.0,1e+20,1e+20,-1e+20,1e+20,0.0,0.0,5.018921,0.0,0.0,-0.04299289151623226,1.0277239136097096,0.0,0.011871900725505044,0.011871900725505044,0.0,0.0,0.0,0.0,40882.0,40937.0,2.44606e-05,0.0952742,0.626388,0.278313,0.00265914,0.997341,0.729932,0.0,98117300.0,-1204060.0,66.9502,1365.79,20.4,59083.6,1205310.0,882.5,200.753,6.09683,-2430.2,4.87343
normalized-circ8_3.opb,1344.0,16179.0,1344.0,1.0,1e+20,1e+20,96.0,1e+20,0.0,10720.0,5.003466,7.976190476190476,0.0,0.7619047619047619,1.230747426982865,0.3333333333333333,0.0,0.3333333333333333,0.0,0.0,0.0,0.9333996023856859,16096.0,1344.0,0.0,0.100895,0.403579,0.495527,0.00467212,0.995328,0.0974015,1.0,74687000.0,-71225.7,-2.92038,-2.8551,0.977646,-43148.6,-42184.1,14775.0,10709.7,56.0413,-3.18792,4.80419
normalized-simp-nonunif-100_100.02.opb,11720.0,246288.0,0.0,0.0,1e+20,1e+20,-1e+20,1e+20,0.0,0.0,6.144541,0.0,0.0,0.0076045627376425855,0.08687193656878985,0.0076045627376425855,0.0,0.0076045627376425855,0.0,0.0,0.0,0.0,1314050.0,21566.0,7.61006e-07,0.00305848,0.996818,0.000122522,4.1505e-05,0.999958,0.665103,1.0,73531800.0,638105.0,42.1159,495.941,11.7756,51023.5,600832.0,1211.5,1200.49,7.94596,64.7494,3.35378
normalized-BA_RDC4.dot_unif_50null50mast_rapportOE1.0_TMAX180_K67_cod2_pbEq1_newVersion_product.opb,52341.0,134829.0,0.0,0.0,1e+20,1e+20,-1e+20,1e+20,0.0,0.0,5.039779,0.0,0.0,-0.004225352112676056,0.06486523346292651,0.0,0.004225352112676056,0.004225352112676056,0.0,0.0,0.0,0.0,149401.0,57510.0,6.6934e-06,0.752431,0.171404,0.0761575,0.000608167,0.999392,0.589766,0.0,96484800.0,-4002560.0,395.521,15261.2,38.585,104615.0,4036590.0,264.5,103.794,2.54717,9038.7,4.71407
normalized-injcomp_opt_4layers_maxall_lastlayerdiv2_size_23.opb,1610.0,1470.0,1610.0,1.0,-40.00000000000003,-40.00000000000003,-57.0,0.424999999999999,0.0,14844.0,5.000268,9.219875776397515,5.0,-0.6129032258064516,0.48708609259811286,0.0,0.6129032258064516,0.6129032258064516,0.0,0.0,0.0,2.3146704464918497,931.0,2139.0,0.0,0.0,0.839957,0.160043,0.19,0.81,0.288066,0.0,74078800.0,167961.0,20.2157,17.4165,0.861533,88554.8,76292.9,4380.5,1634.47,20.8029,121.514,4.84018
normalized-BA_RDC4.dot_unif_20null10mast_rapportOE2.0_TMAX180_K67_cod1.opb,30443.0,30900.0,0.0,0.0,1e+20,1e+20,-1e+20,1e+20,0.0,0.0,5.016878,0.0,0.0,-358.0505302711923,366.8529005230006,0.0,0.6346938270994537,0.6346938270994537,0.0,0.0,0.0,0.0,40950.0,40451.0,2.442e-05,0.0951404,0.625348,0.279487,0.103709,0.896291,0.455087,0.0,118184000.0,577106.0,121.349,429.189,3.53681,134030.0,474039.0,1104.5,307.522,7.42624,-2506.39,4.58628
normalized-BA_RDC4.dot_fibo_0null20mast_rapportOE2.0_TMAX180_K67_cod2_pbEq1_newVersion_sequential.opb,71568.0,143199.0,0.0,0.0,1e+20,1e+20,-1e+20,1e+20,0.0,0.0,5.149441,0.0,0.0,-16.732384840510562,396.7089256978351,0.0,0.005976242591180739,0.005976242591180739,0.0,0.0,0.0,0.0,161483.0,81322.0,6.1926e-06,0.770954,0.15858,0.0704594,0.00114631,0.998854,0.504753,0.0,114903000.0,-1208620.0,135.944,-1689.78,-12.43,101482.0,-1261420.0,746.5,561.925,5.23695,1375.45,4.70581
normalized-mps-v2-20-10-mzzv11.opb,10819.0,9957.0,0.0,0.0,1e+20,1e+20,-1e+20,1e+20,0.0,0.0,5.00033,0.0,0.0,4.4352271716902285,40.10249889054727,0.06472837201031387,0.0040010669511869835,0.06872943896150084,0.0,0.0,0.0,0.0,9744.0,11247.0,0.0,0.00502874,0.0359195,0.959052,0.00553931,0.994461,0.0940227,0.941785,70409300.0,-191092.0,53.4469,-146.06,-2.7328,107562.0,-293945.0,2012.5,568.484,11.3241,920.692,4.84068
normalized-BA_RDC4.dot_unif_50null50mast_rapportOE2.0_TMAX120_K67_cod3.opb,21782.0,22094.0,0.0,0.0,1e+20,1e+20,-1e+20,1e+20,0.0,0.0,5.021704,0.0,0.0,-0.39647969147857903,0.4891661739364547,0.0,0.39647969147857903,0.39647969147857903,0.0,0.0,0.0,0.0,40950.0,40451.0,2.442e-05,0.0951404,0.625348,0.279487,0.0674089,0.932591,0.455087,0.0,126257000.0,2276890.0,211.024,6145.94,29.1243,76390.8,2224830.0,362.0,95.229,3.21517,23061.9,4.77694
normalized-BA_RDC4.dot_luby_50null20mast_rapportOE1.0_TMAX15_K67_cod1.opb,21743.0,22051.0,0.0,0.0,1e+20,1e+20,-1e+20,1e+20,0.0,0.0,5.013579,0.0,0.0,-41.30567847519221,93.15618492025395,0.0,0.39647969147857903,0.39647969147857903,0.0,0.0,0.0,0.0,40950.0,40451.0,2.442e-05,0.0951404,0.625348,0.279487,0.0674089,0.932591,0.455087,0.0,95141700.0,890453.0,310.555,5578.73,17.9638,48912.4,878650.0,157.5,56.3513,1.72468,20956.4,4.88753
normalized-50-250-false-45-90-4-7000opt.opb,1816.0,61241.0,1816.0,1.0,-113.0,-113.0,-306.0,1.7079646017699115,0.0,3560.0,5.004281,1.960352422907489,5.0,-0.17135802469135802,0.7004544434678646,0.0,0.06666666666666667,0.06666666666666667,0.0,0.0,0.0,2.014564773191663,62231.0,2025.0,0.0,0.0188009,0.981199,0.0,0.000727143,0.999273,0.330099,0.0,44687900.0,62094.7,3.59094,0.028655,0.00797978,48483.1,386.885,13501.5,9784.28,51.8417,-4.41424,4.85006
normalized-BA_RDC4.dot_luby_20null50mast_rapportOE2.0_TMAX60_K67_cod2_pbEq1_newVersion_binary.opb,43616.0,288563.0,0.0,0.0,1e+20,1e+20,-1e+20,1e+20,0.0,0.0,5.060749,0.0,0.0,-1.4008569706978509,18.80750011188795,0.0,0.008681291704791448,0.008681291704791448,0.0,0.0,0.0,0.0,297596.0,44809.0,3.36026e-06,0.875714,0.0860495,0.038233,0.00055883,0.999441,0.385501,0.0,93822100.0,-872992.0,128.752,-1480.61,-11.4997,79504.2,-914275.0,617.5,154.786,4.51537,5995.1,4.5989
normalized-BA_RDC4.dot_luby_0null20mast_rapportOE1.0_TMAX120_K67_cod2_pbEq1_newVersion_ladder.opb,40728.0,40894.0,0.0,0.0,1e+20,1e+20,-1e+20,1e+20,0.0,0.0,5.105997,0.0,0.0,-0.32323356533287423,8.863249180300103,0.0,0.005976242591180739,0.005976242591180739,0.0,0.0,0.0,0.0,201868.0,81322.0,4.95373e-06,0.622204,0.324167,0.0536242,0.000962876,0.999037,0.503992,0.0,99408100.0,-1238280.0,115.146,-3058.87,-26.5651,46116.0,-1225080.0,400.5,171.248,3.48753,3854.84,4.76563
normalized-mps-v2-20-10-bal8x12.opb,1463.0,220.0,1463.0,1.0,53529859.0,53529859.0,47470886.63238596,0.12763554248595893,0.0,13483.0,5.001711,9.215994531784006,1.0,11845845746.215054,44261500174.56034,1.0,0.0,1.0,9.765625e-05,0.0008111937366130933,-0.0009765625,357.525076765609,116.0,2976.0,0.0,0.0,0.0,1.0,0.254098,0.745902,0.67033,1.0,29201200.0,191376.0,5.55958,41.9363,7.54307,22216.1,167578.0,3996.0,1306.26,19.5502,64.294,4.91058
normalized-BA_RDC4.dot_luby_20null50mast_rapportOE2.0_TMAX180_K67_cod2_pbEq1_newVersion_ladder.opb,75968.0,76179.0,0.0,0.0,1e+20,1e+20,-1e+20,1e+20,0.0,0.0,5.017692,0.0,0.0,-0.7712304173532377,13.980930480162064,0.0,0.004783453432035611,0.004783453432035611,0.0,0.0,0.0,0.0,201868.0,81322.0,4.95373e-06,0.622204,0.324167,0.0536242,0.000770845,0.999229,0.503992,0.0,107640000.0,3905170.0,873.367,38391.6,43.9581,87773.4,3858350.0,100.5,18.0198,1.50495,30897.1,4.72437
normalized-mps-v2-20-10-neos12.opb,6342.0,11168.0,6342.0,1.0,1e+20,1e+20,0.0,1e+20,0.0,12209.0,5.008048,1.9251024913276569,0.0,20951059.96097561,84022196.70562693,0.5853658536585366,0.0,0.5853658536585366,1.0000000000000001e+99,1.2141680576410807e+83,1e+99,469.01575157515754,8611.0,22960.0,0.0,0.0,0.0,1.0,0.0486717,0.951328,0.85323,1.0,82627200.0,210086.0,60.6113,74.8985,1.23572,98917.7,122234.0,1632.0,173.717,9.57856,-436.955,4.81622
normalized-autocorr_bern35-18.lin.opb,5002.0,4985.0,5002.0,1.0,-1996.0,-1996.0,-56636.333333333336,27.374916499666,0.0,6998.0,5.001745,1.3990403838464613,5.0,0.0,113.35346310087405,0.38024790083966414,0.6197520991603359,1.0,0.0,0.0,0.0,-1.4776396990447207,9934.0,5002.0,0.0,0.0,0.0889873,0.911013,0.10694,0.89306,0.5,0.380248,89729800.0,73189.2,4.92138,434.255,88.2385,873.545,77080.3,177.5,131.244,1.8764,3789.95,4.96284
normalized-minisat50_6_9_0_mh.opb,240200.0,599279.0,0.0,0.0,1e+20,1e+20,-1e+20,1e+20,0.0,0.0,5.004013,0.0,0.0,259996.37055955236,2665867.3168065823,0.5189848121502798,0.00019984012789768185,0.5191846522781774,0.0,0.0,0.0,0.0,605407.0,250200.0,0.0,0.599019,0.390522,0.0104591,0.0664909,0.933509,0.337519,0.999615,98986200.0,54741.6,3237.45,4459.65,1.37752,127879.0,176156.0,39.5,17.125,1.0,3833.54,4.39208
normalized-NG.dot_luby_20null50mast_rapportOE2.0_TMAX60_K192_cod2.opb,400896.0,400786.0,0.0,0.0,1e+20,1e+20,-1e+20,1e+20,0.0,0.0,5.185778,0.0,0.0,-2.283534881864623,48.23289799511161,0.0,0.0035595266602809704,0.0035595266602809704,0.0,0.0,0.0,0.0,402763.0,400896.0,0.0,0.0607007,0.329586,0.609713,0.000609734,0.99939,0.63328,0.0,134218000.0,1649720.0,62625.8,268093.0,4.28087,375755.0,1608560.0,6.0,3.23077,1.0,16961.8,4.33301
normalized-BA_RDC4.dot_luby_10null0mast_rapportOE2.0_TMAX300_K67_cod2_pbEq1_newVersion_sequential.opb,72824.0,145712.0,0.0,0.0,1e+20,1e+20,-1e+20,1e+20,0.0,0.0,5.036148,0.0,0.0,-0.02024052531910184,0.7243026300421281,0.0,0.005385996409335727,0.005385996409335727,0.0,0.0,0.0,0.0,161483.0,81322.0,6.1926e-06,0.770954,0.15858,0.0704594,0.00103321,0.998967,0.504753,0.0,113556000.0,490809.0,73.1831,585.445,7.99972,59863.8,478894.0,818.0,635.681,5.6573,1003.07,4.78648
normalized-BA_RDC4.dot_fibo_10null10mast_rapportOE1.0_TMAX60_K67_cod3.opb,33332.0,33839.0,0.0,0.0,1e+20,1e+20,-1e+20,1e+20,0.0,0.0,5.054264,0.0,0.0,-1294.5094558848978,3062.8914238664306,0.0,0.7146424068626239,0.7146424068626239,0.0,0.0,0.0,0.0,40950.0,40451.0,2.442e-05,0.0951404,0.625348,0.279487,0.115267,0.884733,0.455087,0.0,110311000.0,413657.0,183.152,2128.89,11.6236,35897.8,417262.0,196.0,77.173,1.98219,23674.6,4.87337
normalized-BA_RDC4.dot_unif_50null20mast_rapportOE2.0_TMAX300_K67_cod2_pbEq1_newVersion_sequential.opb,72824.0,145712.0,0.0,0.0,1e+20,1e+20,-1e+20,1e+20,0.0,0.0,5.035755,0.0,0.0,-2.050170925456826,41.88559103163349,0.0,0.0029881212955903693,0.0029881212955903693,0.0,0.0,0.0,0.0,161483.0,81322.0,6.1926e-06,0.770954,0.15858,0.0704594,0.000573485,0.999427,0.504753,0.0,102274000.0,-555865.0,468.529,-2537.08,-5.41499,116898.0,-633001.0,249.5,67.412,2.4,17800.6,4.66667
normalized-BA_RDC4.dot_unif_50null50mast_rapportOE1.0_TMAX180_K67_cod2.opb,22027.0,22096.0,0.0,0.0,1e+20,1e+20,-1e+20,1e+20,0.0,0.0,5.018862,0.0,0.0,-0.005935950362752522,0.0768161106542336,0.0,0.005935950362752522,0.005935950362752522,0.0,0.0,0.0,0.0,41436.0,40937.0,2.41336e-05,0.0940245,0.618013,0.287938,0.00108743,0.998913,0.598238,0.0,97479300.0,2007380.0,453.443,14496.2,31.9692,61894.9,1978730.0,136.5,30.4927,1.62774,17063.5,4.87566
normalized-clique-coloring-max-clique-n=15-t=3.opb,390.0,22426.0,390.0,1.0,14.0,14.0,0.0,1e+20,0.0,1290.0,5.005117,3.3076923076923075,2.0,0.038461538461538464,0.19230769230769232,0.038461538461538464,0.0,0.038461538461538464,0.0,0.0,0.0,2.0068163592622295,22410.0,390.0,0.0,0.0,0.998661,0.00133869,0.000221828,0.999778,0.330375,1.0,91771000.0,-2395.73,-0.641446,-0.220401,0.3436,10253.2,3523.0,-15984.5,-17964.0,171.4,0.748915,4.35445
normalized-BA_RDC4.dot_unif_0null20mast_rapportOE1.0_TMAX60_K67_cod2.opb,36668.0,36737.0,0.0,0.0,1e+20,1e+20,-1e+20,1e+20,0.0,0.0,5.048065,0.0,0.0,-7.1887290226445515,74.17280959924062,0.0,0.011871900725505044,0.011871900725505044,0.0,0.0,0.0,0.0,41436.0,40937.0,2.41336e-05,0.0940245,0.618013,0.287938,0.0021725,0.997827,0.598238,0.0,71538800.0,425491.0,63.1169,210.91,3.34158,102754.0,343362.0,1628.0,620.047,9.56248,675.405,4.77445
SMTI_25000_3_0.95_3.opb,113330.0,102143.0,0.0,0.0,1e+20,1e+20,-1e+20,1e+20,0.0,0.0,5.34701,0.0,0.0,0.4,0.4898979485566357,0.4,0.0,0.4,0.0,0.0,0.0,0.0,125001.0,125000.0,0.0107919,0.0329277,0.0860153,0.870265,0.0680823,0.931918,0.963472,1.0,134218000.0,1410680.0,10429.4,19427.3,1.86274,511040.0,951936.0,49.0,10.7273,1.0,59.4868,3.3199
normalized-lo_10x10_003.opb.metafix.opb,63.0,44.0,0.0,0.0,50.0,50.0,50.0,0.0,0.0,0.0,0.008598999999999999,0.0,1.0,1.0,0.0,1.0,0.0,1.0,1e+99,0.0,1e+99,0.0,58.0,100.0,0.0689655,0.0689655,0.0689655,0.793103,0.2,0.8,1.0,1.0,111469000.0,1819.54,8.30976,56.2572,6.77001,240.983,1631.46,29.0,9.66102,1.0,52.0877,0.001937
normalized-s3-3-3-4pb.opb,152.0,399.0,0.0,0.0,36.0,36.0,36.0,0.0,0.0,51.0,0.017100999999999998,0.3355263157894737,1.0,1.0,0.0,1.0,0.0,1.0,0.0,0.0,0.0,0.0,616.0,228.0,0.0,0.363636,0.512987,0.123377,0.108159,0.891841,0.402128,1.0,94878000.0,11671.1,15.0307,86.5587,5.75881,1736.04,9997.53,115.5,79.4095,1.55172,42.7089,0.014062
normalized-NG.dot_luby_0null50mast_rapportOE2.0_TMAX120_K192_cod1.opb,399113.0,400786.0,0.0,0.0,1e+20,1e+20,-1e+20,1e+20,0.0,0.0,5.456446,0.0,0.0,-438.3457968044138,505.0144983059279,0.0,0.8532746365064531,0.8532746365064531,0.0,0.0,0.0,0.0,400980.0,399113.0,0.0,0.0609706,0.331051,0.607978,0.127336,0.872664,0.48797,0.0,134218000.0,503536.0,16028.1,6324.22,0.394571,368646.0,145457.0,23.0,0.0,1.0,0.0,4.41068
normalized-BA_RDC4.dot_unif_0null50mast_rapportOE2.0_TMAX120_K67_cod2_pbEq1_newVersion_product.opb,52558.0,135477.0,0.0,0.0,1e+20,1e+20,-1e+20,1e+20,0.0,0.0,5.047516,0.0,0.0,-6.417596939662667,75.31161335479074,0.0,0.008450704225352112,0.008450704225352112,0.0,0.0,0.0,0.0,149401.0,57510.0,6.6934e-06,0.752431,0.171404,0.0761575,0.0012156,0.998784,0.589766,0.0,87499900.0,-1692580.0,146.978,-2846.57,-19.3674,89656.4,-1736410.0,610.0,200.984,4.46765,-8160.24,4.74363
normalized-injcomp_opt_3layers_maxall_lastlayerdecr1_size_50.opb,4950.0,2549.0,0.0,0.0,-97.99999999999999,-97.99999999999999,-97.99999999999999,0.0,0.0,3201.0,0.526401,0.6466666666666666,3.0,-0.6644295302013423,0.47218950602249293,0.0,0.6644295302013423,0.6644295302013423,0.0,0.0,0.0,0.0,2649.0,7450.0,0.0,0.0,0.924877,0.0751227,0.221973,0.778027,0.285303,0.0,106020000.0,-438157.0,82.3128,292.398,3.55228,154913.0,550294.0,1882.0,174.811,10.6993,713.46,4.73386
normalized-j6013_10.std.opb,29894.0,63819.0,0.0,0.0,1e+20,1e+20,-1e+20,1e+20,0.0,0.0,5.016826,0.0,0.0,1.2295081967213115,15.646078901885646,0.008169489679211371,0.0,0.008169489679211371,0.0,0.0,0.0,0.0,117828.0,36722.0,0.00301287,0.833987,0.152816,0.0101843,0.000928198,0.999072,0.360726,1.0,111042000.0,-98155.2,17.8617,9.82499,0.550061,136070.0,74846.8,7618.0,7165.48,33.7098,-18.9969,4.74813
normalized-j6045_6.std.opb,27638.0,66742.0,0.0,0.0,1e+20,1e+20,-1e+20,1e+20,0.0,0.0,5.001113,0.0,0.0,1.2295081967213115,15.646078901885646,0.008169489679211371,0.0,0.008169489679211371,0.0,0.0,0.0,0.0,128956.0,36722.0,0.00334223,0.84794,0.139412,0.0093055,0.000868661,0.999131,0.369708,1.0,110242000.0,30041.4,15.8736,-6.04518,-0.380832,95162.3,-36240.8,5995.0,5604.64,27.0512,-8.73748,4.77333
normalized-maxcut_opt_complete_6-partite_inlv_nvert_84.opb,3486.0,381136.0,0.0,0.0,0.0,0.0,-1e+20,1e+20,0.0,0.0,5.599362,0.0,1.0,-0.8433734939759037,0.36344826816863507,0.0,0.8433734939759037,0.8433734939759037,0.0,0.0,0.0,0.0,381136.0,3486.0,0.0,0.0,1.0,0.0,0.00256467,0.997435,0.5,0.0,92973700.0,684026.0,74.7144,400.706,5.36316,107551.0,576816.0,1439.5,931.447,8.91632,316.155,4.62745
normalized-minisat85_4_27_4.opb,7310.0,7569.0,7310.0,1.0,298958287.0,298958287.0,-3.0,1e+20,0.0,9548.0,5.001529,1.3061559507523939,1.0,10005057.2251026,19882467.442285713,0.9767441860465116,0.005813953488372093,0.9825581395348837,9.999999999999998e+98,1.2141680576410807e+83,1e+99,3.6609855991544458,21851.0,14620.0,0.0,0.657407,0.163379,0.179214,0.132341,0.867659,0.615523,0.994083,101877000.0,98735.3,57.2724,2693.74,47.0338,2348.17,110443.0,41.0,26.4578,1.0,3720.2,4.9452
normalized-wnq_n100_mw99_1.opb.PB06.opb,10000.0,656900.0,0.0,0.0,1e+20,1e+20,-1e+20,1e+20,0.0,0.0,5.18966,0.0,0.0,48.8873,28.95126592586238,1.0,0.0,1.0,0.0,0.0,0.0,0.0,656900.0,10000.0,0.0,0.999696,0.0,0.00030446,0.0074438,0.992556,0.0149993,1.0,124168000.0,791273.0,364.473,424.097,1.16359,369758.0,430247.0,1014.5,823.45,6.90197,-689.247,4.18927
normalized-BA_RDC4.dot_luby_10null10mast_rapportOE1.0_TMAX300_K67_cod2.opb,33803.0,33872.0,0.0,0.0,1e+20,1e+20,-1e+20,1e+20,0.0,0.0,5.262325,0.0,0.0,-0.33385445929110585,8.813387525256331,0.0,0.010699367320516892,0.010699367320516892,0.0,0.0,0.0,0.0,41436.0,40937.0,2.41336e-05,0.0940245,0.618013,0.287938,0.00195836,0.998042,0.598238,0.0,102207000.0,-38937.3,58.3658,-62.2911,-1.06725,58336.6,-62259.9,999.5,384.031,6.8225,-1978.42,4.85459
normalized-opt-market-split_4_30_1.opb,62.0,50.0,62.0,1.0,3.0,3.0,0.0,1e+20,2.0,17669.0,5.003935,284.98387096774195,17.0,21.70212765957447,37.25810772459795,0.6808510638297872,0.0,0.6808510638297872,-0.27402099313685885,3.4955396814159334,-17.222042793702048,505.76549218283475,8.0,94.0,0.0,0.0,0.0,1.0,0.149533,0.850467,0.5,1.0,82242000.0,39455.5,1.35985,0.163594,0.120303,21307.5,2563.36,15669.0,10828.9,59.1548,6.16036,4.91428
normalized-edgecross14-098.lin.opb,3129.0,3693.0,3129.0,1.0,1736.0,1736.0,707.5833333333333,1.453421269579555,0.0,11140.0,5.001053,3.5602428891019495,3.0,0.6846645367412141,38.43161539602736,0.5242811501597444,0.4741214057507987,0.9984025559105432,1.0000000000000002e+99,2.4283361152821613e+83,1e+99,-0.023523876734885908,7351.0,3130.0,0.000136036,0.0,0.999864,0.0,0.124126,0.875874,0.500023,0.52512,38710800.0,273494.0,1.86542,416.185,223.105,1231.18,274682.0,660.0,444.95,4.73656,2322.14,4.96514
normalized-mult_diagcomm_opt_greater_teq_nbits_47.opb,10951.0,6545.0,10951.0,1.0,0.0,0.0,-1e+20,1e+20,0.0,18271.0,5.001383,1.6684321066569263,1.0,0.0,1.3948966053121358e+26,0.006993006993006993,0.006993006993006993,0.013986013986013986,1.0000000000000002e+99,2.4283361152821613e+83,1e+99,0.0,20069.0,13442.0,0.0,0.564403,0.220141,0.215457,0.00326264,0.996737,0.424714,0.5,116575000.0,299849.0,5.9746,141.871,23.7457,12382.4,294028.0,2072.5,1149.38,11.5835,403.734,4.92281
normalized-BA_RDC4.dot_fibo_0null50mast_rapportOE1.0_TMAX120_K67_cod2_pbEq1_newVersion.opb,36668.0,36737.0,0.0,0.0,1e+20,1e+20,-1e+20,1e+20,0.0,0.0,5.021176,0.0,0.0,-69.6621638126878,851.714078220531,0.0,0.011871900725505044,0.011871900725505044,0.0,0.0,0.0,0.0,40882.0,40937.0,2.44606e-05,0.0952742,0.626388,0.278313,0.00265914,0.997341,0.729932,0.0,95124700.0,-592262.0,118.736,-515.72,-4.34342,166468.0,-723039.0,1402.0,567.514,8.79287,-1091.04,4.77597
normalized-BA_RDC4.dot_unif_50null0mast_rapportOE2.0_TMAX300_K67_cod2_pbEq1_newVersion_product.opb,52342.0,134829.0,0.0,0.0,1e+20,1e+20,-1e+20,1e+20,0.0,0.0,5.146521,0.0,0.0,-2.1411754477482177,37.75909940448248,0.0,0.004225352112676056,0.004225352112676056,0.0,0.0,0.0,0.0,149401.0,57510.0,6.6934e-06,0.752431,0.171404,0.0761575,0.000608167,0.999392,0.589766,0.0,76617600.0,-285884.0,53.7652,-179.741,-3.34308,111912.0,-374132.0,2081.5,1593.17,11.6088,308.139,4.72666
normalized-BA_RDC4.dot_fibo_10null20mast_rapportOE1.0_TMAX15_K67_cod2_pbEq1_newVersion.opb,33774.0,33843.0,0.0,0.0,1e+20,1e+20,-1e+20,1e+20,0.0,0.0,5.242437,0.0,0.0,-33.81349390526907,561.4850259583112,0.0,0.010699367320516892,0.010699367320516892,0.0,0.0,0.0,0.0,40882.0,40937.0,2.44606e-05,0.0952742,0.626388,0.278313,0.00239714,0.997603,0.729932,0.0,101375000.0,1639790.0,127.845,2604.37,20.3714,78305.0,1595180.0,612.5,178.981,4.49266,4908.41,4.8422
normalized-BA_RDC4.dot_fibo_50null0mast_rapportOE2.0_TMAX180_K67_cod2_pbEq1_newVersion.opb,21991.0,22077.0,0.0,0.0,1e+20,1e+20,-1e+20,1e+20,0.0,0.0,5.00512,0.0,0.0,-4.46312626719105,131.6815686889455,0.0,0.005935950362752522,0.005935950362752522,0.0,0.0,0.0,0.0,40882.0,40937.0,2.44606e-05,0.0952742,0.626388,0.278313,0.00133134,0.998669,0.729932,0.0,95455900.0,-365001.0,45.6148,-253.705,-5.5619,72869.7,-405294.0,1597.5,595.248,9.43617,-148.845,4.85003
normalized-BA_RDC4.dot_unif_10null10mast_rapportOE2.0_TMAX180_K67_cod2_pbEq1_newVersion.opb,33791.0,33860.0,0.0,0.0,1e+20,1e+20,-1e+20,1e+20,0.0,0.0,5.244209,0.0,0.0,-5.9417397464396515,64.97156567996576,0.0,0.010699367320516892,0.010699367320516892,0.0,0.0,0.0,0.0,40882.0,40937.0,2.44606e-05,0.0952742,0.626388,0.278313,0.00239714,0.997603,0.729932,0.0,87761200.0,765400.0,150.356,911.943,6.06523,113519.0,688517.0,755.0,102.047,5.30046,8261.43,4.80841
normalized-KE_690_001.opb,67500.0,605.0,67500.0,1.0,-21966.0,-21966.0,-7193764.0,326.49540198488575,0.0,0.0,8.187095,0.0,3.0,-112.57763751716921,46.926249485873214,0.0,0.9998473848300521,0.9998473848300521,0.0,0.0,0.0,331.0479338842975,645.0,91734.0,0.0,0.0341085,0.027907,0.937984,0.251682,0.748318,0.0,0.0,97492000.0,4372.7,2209.36,100.063,0.0452905,91688.6,4152.62,41.5,2.77381,1.0,1320040.0,4.89336
normalized-BA_RDC4.dot_luby_50null20mast_rapportOE2.0_TMAX120_K67_cod1.opb,21775.0,22087.0,0.0,0.0,1e+20,1e+20,-1e+20,1e+20,0.0,0.0,5.023263,0.0,0.0,-41.34320535957084,93.13735536547819,0.0,0.39647969147857903,0.39647969147857903,0.0,0.0,0.0,0.0,40950.0,40451.0,2.442e-05,0.0951404,0.625348,0.279487,0.0674089,0.932591,0.455087,0.0,54659000.0,-283908.0,42.3591,-230.493,-5.4414,61399.5,-334099.0,1449.5,759.213,8.95552,-208.032,4.83398
normalized-BA_RDC4.dot_luby_20null10mast_rapportOE2.0_TMAX60_K67_cod2_pbEq1_newVersion_product.opb,52559.0,135477.0,0.0,0.0,1e+20,1e+20,-1e+20,1e+20,0.0,0.0,5.031987,0.0,0.0,-0.23557642149191446,7.432403794407994,0.0,0.0067640410363415055,0.0067640410363415055,0.0,0.0,0.0,0.0,149401.0,57510.0,6.6934e-06,0.752431,0.171404,0.0761575,0.000973213,0.999027,0.589766,0.0,101261000.0,-1890290.0,151.948,-4851.83,-31.9308,59639.6,-1904340.0,392.5,85.6285,3.44911,7945.42,4.76266
normalized-NG.dot_fibo_20null20mast_rapportOE1.0_TMAX60_K192_cod2.opb,400896.0,400786.0,0.0,0.0,1e+20,1e+20,-1e+20,1e+20,0.0,0.0,5.276347,0.0,0.0,-12.271791187739463,342.0550400113865,0.0,0.0035595266602809704,0.0035595266602809704,0.0,0.0,0.0,0.0,402763.0,400896.0,0.0,0.0607007,0.329586,0.609713,0.000609734,0.99939,0.63328,0.0,120796000.0,1609890.0,84594.6,327642.0,3.87308,380676.0,1474390.0,4.5,1.3,1.0,40475.3,4.39424
normalized-BA_RDC4.dot_unif_50null20mast_rapportOE1.0_TMAX300_K67_cod2_pbEq1_newVersion_sequential.opb,71581.0,145712.0,0.0,0.0,1e+20,1e+20,-1e+20,1e+20,0.0,0.0,5.086607,0.0,0.0,-2.1537591303706254,42.99297815605083,0.0,0.0029881212955903693,0.0029881212955903693,0.0,0.0,0.0,0.0,161483.0,81322.0,6.1926e-06,0.770954,0.15858,0.0704594,0.000573485,0.999427,0.504753,0.0,92602000.0,-822942.0,146.511,-959.125,-6.54644,142628.0,-933708.0,973.5,590.233,6.66016,1487.25,4.75555
normalized-BA_RDC4.dot_fibo_50null20mast_rapportOE1.0_TMAX15_K67_cod2.opb,22004.0,22069.0,0.0,0.0,1e+20,1e+20,-1e+20,1e+20,0.0,0.0,5.013958,0.0,0.0,-28.75183819039011,542.504011987291,0.0,0.005935950362752522,0.005935950362752522,0.0,0.0,0.0,0.0,41436.0,40937.0,2.41336e-05,0.0940245,0.618013,0.287938,0.00108743,0.998913,0.598238,0.0,102041000.0,-50964.8,93.2195,-114.812,-1.23162,70334.1,-86625.3,754.5,205.794,5.27947,5041.48,4.855
normalized-NG.dot_unif_0null50mast_rapportOE1.0_TMAX15_K192_cod2.opb,400896.0,400786.0,0.0,0.0,1e+20,1e+20,-1e+20,1e+20,0.0,0.0,5.375314,0.0,0.0,-3.3446380108556832,54.4951204688793,0.0,0.00444753751596424,0.00444753751596424,0.0,0.0,0.0,0.0,402763.0,400896.0,0.0,0.0607007,0.329586,0.609713,0.000761731,0.999238,0.63328,0.0,134218000.0,800064.0,738537.0,1661650.0,2.24992,369268.0,830825.0,0.5,0.0,1.0,0.0,4.38372
normalized-data10_3.opb,2700.0,42723.0,2700.0,1.0,1e+20,1e+20,0.0,1e+20,0.0,2730.0,5.035223,1.011111111111111,0.0,207.28148148148148,343.5568992036076,0.3333333333333333,0.0,0.3333333333333333,0.0,0.0,0.0,0.8798686062881277,42620.0,2700.0,0.0,0.0781323,0.392773,0.529094,0.00291999,0.99708,0.0726279,1.0,67223800.0,82414.1,4.37713,4.14234,0.946359,38345.8,36288.9,8760.5,6623.43,37.3696,4.29261,4.85621
normalized-BA_RDC4.dot_fibo_10null20mast_rapportOE1.0_TMAX120_K67_cod2.opb,33738.0,33807.0,0.0,0.0,1e+20,1e+20,-1e+20,1e+20,0.0,0.0,5.255316,0.0,0.0,-31.564574834501794,553.487775323717,0.0,0.010699367320516892,0.010699367320516892,0.0,0.0,0.0,0.0,41436.0,40937.0,2.41336e-05,0.0940245,0.618013,0.287938,0.00195836,0.998042,0.598238,0.0,94308300.0,345636.0,56.6712,232.119,4.09589,74777.7,306281.0,1319.5,556.137,8.44735,-955.098,4.82518
normalized-clique-coloring-max-clique-n=13-t=11.opb,403.0,13121.0,403.0,1.0,3.0,3.0,0.0,1e+20,0.0,3011.0,5.001039,7.471464019851116,10.0,0.03225806451612903,0.17668469596940842,0.03225806451612903,0.0,0.03225806451612903,0.0,0.0,0.0,2.124369362482801,13065.0,403.0,0.0,0.0,0.997015,0.00298507,0.000328407,0.999672,0.315703,1.0,57617600.0,7582.21,-0.319309,-1.21076,3.79181,4784.81,18143.1,-14984.9,-18076.3,127.154,-0.721347,4.70806
normalized-mps-v2-20-10-sp97ic.opb,12495.0,1015.0,12495.0,1.0,83734387857.0,83734387857.0,0.0,1e+20,0.0,0.0,5.057989,0.0,1.0,247510369.3349604,146432842.73509324,1.0,0.0,1.0,0.0,0.0,0.0,1031.8433497536946,1033.0,12497.0,0.0,0.0164569,0.0164569,0.967086,0.0379703,0.96203,0.960531,1.0,70121700.0,413085.0,1236.93,292.753,0.236676,343868.0,81385.2,278.0,10.7792,2.66607,268096.0,4.57925
SMTI_50000_3_0.95_2.opb,237232.0,214456.0,0.0,0.0,1e+20,1e+20,-1e+20,1e+20,0.0,0.0,5.068199,0.0,0.0,0.4,0.48989794855663565,0.4,0.0,0.4,0.0,0.0,0.0,0.0,250001.0,250000.0,0.010492,0.0330999,0.0865357,0.869873,0.0681415,0.931859,0.963438,1.0,134218000.0,3251310.0,10573.4,14489.3,1.37035,1400980.0,1919830.0,132.5,70.2744,1.62406,5.00728,3.13366
normalized-NG.dot_luby_20null10mast_rapportOE1.0_TMAX180_K192_cod2.opb,400896.0,400786.0,0.0,0.0,1e+20,1e+20,-1e+20,1e+20,0.0,0.0,5.334245,0.0,0.0,-0.4687225614623244,21.603052440132135,0.0,0.0035595266602809704,0.0035595266602809704,0.0,0.0,0.0,0.0,402763.0,400896.0,0.0,0.0607007,0.329586,0.609713,0.000609734,0.99939,0.63328,0.0,129424000.0,1748310.0,27937.9,128724.0,4.60751,377162.0,1737780.0,13.5,9.39286,1.0,11666.5,4.46651
normalized-wnq_n100_mw99_5.opb.PB06.opb,10000.0,656900.0,0.0,0.0,1e+20,1e+20,-1e+20,1e+20,0.0,0.0,5.200865,0.0,0.0,49.4177,28.664584886406427,1.0,0.0,1.0,0.0,0.0,0.0,0.0,656900.0,10000.0,0.0,0.999696,0.0,0.00030446,0.0074438,0.992556,0.0149993,1.0,120090000.0,433687.0,312.303,452.396,1.44858,180823.0,261937.0,579.0,496.591,4.30716,1498.15,4.16986
normalized-maxcut_opt_complete_6-partite_block_nvert_60.opb,1770.0,136880.0,1770.0,1.0,-850.0,-850.0,-1500.0,0.7647058823529411,0.0,612.0,5.003866,0.34576271186440677,2.0,-0.847457627118644,0.3595458209423123,0.0,0.847457627118644,0.847457627118644,0.0,0.0,0.0,1.5,136880.0,1770.0,0.0,0.0,1.0,0.0,0.00363954,0.99636,0.5,0.0,53939100.0,119855.0,29.7272,10.6233,0.357361,87085.9,31121.1,2929.5,1911.06,15.8195,72.2223,4.78299
normalized-BA_RDC4.dot_unif_50null50mast_rapportOE2.0_TMAX300_K67_cod2_pbEq1_newVersion_sequential.opb,72824.0,145712.0,0.0,0.0,1e+20,1e+20,-1e+20,1e+20,0.0,0.0,5.043533,0.0,0.0,-0.0029881212955903693,0.05458197895563341,0.0,0.0029881212955903693,0.0029881212955903693,0.0,0.0,0.0,0.0,161483.0,81322.0,6.1926e-06,0.770954,0.15858,0.0704594,0.000573485,0.999427,0.504753,0.0,89329900.0,866437.0,267.685,1771.38,6.6174,120726.0,798892.0,451.0,130.502,3.77076,13706.8,4.6905
normalized-NG.dot_unif_10null50mast_rapportOE1.0_TMAX180_K192_cod1.opb,365115.0,366610.0,0.0,0.0,1e+20,1e+20,-1e+20,1e+20,0.0,0.0,5.31246,0.0,0.0,-594.141877112497,428.80928202792524,0.0,0.7680907412186524,0.7680907412186524,0.0,0.0,0.0,0.0,400980.0,399113.0,0.0,0.0609706,0.331051,0.607978,0.1161,0.8839,0.48797,0.0,134218000.0,478211.0,20479.5,6648.0,0.324617,368631.0,119664.0,18.0,0.0,1.0,0.0,4.28835
normalized-BA_RDC4.dot_luby_50null0mast_rapportOE1.0_TMAX120_K67_cod2_pbEq1_newVersion_product.opb,52342.0,134829.0,0.0,0.0,1e+20,1e+20,-1e+20,1e+20,0.0,0.0,5.069824,0.0,0.0,-0.018761954442705616,0.7640955714265251,0.0,0.004225352112676056,0.004225352112676056,0.0,0.0,0.0,0.0,149401.0,57510.0,6.6934e-06,0.752431,0.171404,0.0761575,0.000608167,0.999392,0.589766,0.0,103244000.0,515330.0,61.3439,641.458,10.4567,48615.1,508356.0,792.5,338.642,5.51765,-3802.29,4.76926
normalized-ns1853823.opb,213176.0,223342.0,0.0,0.0,1e+20,1e+20,-1e+20,1e+20,0.0,0.0,5.17007,0.0,0.0,0.015086206896551725,0.2819818889074604,0.004310344827586207,0.0,0.004310344827586207,0.0,0.0,0.0,0.0,223870.0,213440.0,0.00117926,0.0,0.949301,0.0495198,0.000617556,0.999382,0.428849,1.0,112970000.0,82913.1,502.719,-171.622,-0.341388,350647.0,-119707.0,697.5,35.8166,4.98854,10949.4,4.42989
normalized-BA_RDC4.dot_fibo_20null0mast_rapportOE2.0_TMAX300_K67_cod1.opb,30440.0,30897.0,0.0,0.0,1e+20,1e+20,-1e+20,1e+20,0.0,0.0,5.017535,0.0,0.0,-589.3385083187065,1470.476395741196,0.0,0.6346938270994537,0.6346938270994537,0.0,0.0,0.0,0.0,40950.0,40451.0,2.442e-05,0.0951404,0.625348,0.279487,0.103709,0.896291,0.455087,0.0,100815000.0,556532.0,54.7918,480.703,8.77327,60407.9,529975.0,1102.5,477.154,7.37987,-951.618,4.83384
normalized-neos-1620770.opb,281.0,3519.0,281.0,1.0,9.0,9.0,7.0,0.2857142857142857,0.0,10499.0,5.000464,37.362989323843415,2.0,0.027777777777777776,0.1643355495305449,0.027777777777777776,0.0,0.027777777777777776,0.0,0.0,0.0,0.119796548054019,9296.0,792.0,0.0,0.996235,0.0,0.00376506,0.00113907,0.998861,0.0809144,1.0,97019200.0,26692.8,-1.12582,1.04357,-0.926942,-33674.5,31214.3,29911.0,29891.1,99.0883,-0.661822,4.82772
normalized-BA_RDC4.dot_fibo_50null20mast_rapportOE1.0_TMAX120_K67_cod2_pbEq1_newVersion_binary.opb,43616.0,288563.0,0.0,0.0,1e+20,1e+20,-1e+20,1e+20,0.0,0.0,5.045597,0.0,0.0,-26.231449039255505,518.8709104668669,0.0,0.005423017697337588,0.005423017697337588,0.0,0.0,0.0,0.0,297596.0,44809.0,3.36026e-06,0.875714,0.0860495,0.038233,0.000349163,0.999651,0.385501,0.0,102118000.0,711941.0,123.007,1029.29,8.36776,79400.8,664407.0,645.5,270.739,4.67183,4744.34,4.65298
normalized-NG.dot_fibo_0null20mast_rapportOE1.0_TMAX180_K192_cod1.opb,399113.0,400786.0,0.0,0.0,1e+20,1e+20,-1e+20,1e+20,0.0,0.0,5.450653,0.0,0.0,-2476.3853269625392,4099.15834588249,0.0,0.8532746365064531,0.8532746365064531,0.0,0.0,0.0,0.0,400980.0,399113.0,0.0,0.0609706,0.331051,0.607978,0.127336,0.872664,0.48797,0.0,134218000.0,471459.0,24574.8,7555.33,0.307443,368622.0,113330.0,15.0,0.0,1.0,0.0,4.30747
normalized-BA_RDC4.dot_unif_20null0mast_rapportOE2.0_TMAX120_K67_cod2_pbEq1_newVersion_ladder.opb,55455.0,55638.0,0.0,0.0,1e+20,1e+20,-1e+20,1e+20,0.0,0.0,5.348374,0.0,0.0,-2.3906691916086666,39.50266503656811,0.0,0.004783453432035611,0.004783453432035611,0.0,0.0,0.0,0.0,201868.0,81322.0,4.95373e-06,0.622204,0.324167,0.0536242,0.000770845,0.999229,0.503992,0.0,71389300.0,-137992.0,51.2794,-132.755,-2.58886,69919.5,-181012.0,1363.5,800.049,8.6239,954.371,4.73008
normalized-BA_RDC4.dot_luby_20null10mast_rapportOE1.0_TMAX300_K67_cod2.opb,30825.0,30894.0,0.0,0.0,1e+20,1e+20,-1e+20,1e+20,0.0,0.0,5.054468,0.0,0.0,-0.33041014241395317,8.807027942124224,0.0,0.009502406136258152,0.009502406136258152,0.0,0.0,0.0,0.0,41436.0,40937.0,2.41336e-05,0.0940245,0.618013,0.287938,0.00173965,0.99826,0.598238,0.0,90660000.0,-782135.0,89.6448,-968.692,-10.8059,76332.6,-824841.0,851.5,154.411,5.88146,-200.992,4.85277
normalized-BA_RDC4.dot_unif_10null0mast_rapportOE2.0_TMAX300_K67_cod2_pbEq1_newVersion_binary.opb,43616.0,288563.0,0.0,0.0,1e+20,1e+20,-1e+20,1e+20,0.0,0.0,5.063529,0.0,0.0,-4.671807003057421,54.78737608045268,0.0,0.009774822022361579,0.009774822022361579,0.0,0.0,0.0,0.0,297596.0,44809.0,3.36026e-06,0.875714,0.0860495,0.038233,0.000629178,0.999371,0.385501,0.0,83194000.0,-386727.0,75.721,-263.392,-3.47845,144968.0,-504264.0,1914.5,1577.09,10.8316,-59.2099,4.59898
normalized-clique-coloring-max-clique-n=17-t=4.opb,510.0,37593.0,510.0,1.0,16.0,16.0,0.0,1e+20,0.0,1059.0,5.00151,2.0764705882352943,2.0,0.03333333333333333,0.17950549357115012,0.03333333333333333,0.0,0.03333333333333333,0.0,0.0,0.0,2.0110103454695354,37587.0,510.0,0.0,0.0,0.998643,0.00135685,0.00015006,0.99985,0.329881,1.0,91941900.0,-18074.0,5.10055,2.05708,0.403305,16816.3,6782.1,3296.96,1972.35,149.747,5.74929,4.36616
normalized-ped3.F.recomb10-0.01-5.opb,18509.0,111495.0,0.0,0.0,1e+20,1e+20,-1e+20,1e+20,0.0,0.0,5.015696,0.0,0.0,23.077914469830112,85.64628228493017,0.07264206209724663,0.0,0.07264206209724663,0.0,0.0,0.0,0.0,513183.0,68280.0,0.0307239,0.549905,0.418747,0.000623559,0.00385866,0.996141,0.678208,1.0,111280000.0,-1050570.0,1311.53,2239.08,1.70722,851185.0,1453160.0,649.0,566.487,4.66975,116.054,2.46119
normalized-mps-v2-20-10-set1ch.opb,8948.0,1085.0,8948.0,1.0,1e+20,1e+20,162256866.70711938,1e+20,0.0,25043.0,5.000536,2.798725972284309,0.0,112267962.49104166,562665530.749116,0.5,0.0,0.5,1.0000000000000001e+99,1.2141680576410807e+83,1e+99,130422.61804977088,492.0,14400.0,0.0,0.0,0.0,1.0,0.169014,0.830986,0.40678,1.0,79630200.0,-796990.0,687.676,846.998,1.23168,655699.0,807613.0,953.5,201.588,6.55346,2175.02,4.35433
normalized-BA_RDC4.dot_luby_0null10mast_rapportOE1.0_TMAX180_K67_cod3.opb,36184.0,36738.0,0.0,0.0,1e+20,1e+20,-1e+20,1e+20,0.0,0.0,5.030117,0.0,0.0,-22.556920718894464,68.45239284010964,0.0,0.7929593829571581,0.7929593829571581,0.0,0.0,0.0,0.0,40950.0,40451.0,2.442e-05,0.0951404,0.625348,0.279487,0.126304,0.873696,0.455087,0.0,82031200.0,4188.05,41.5581,-32.3832,-0.779227,117443.0,-91514.8,2826.0,1331.83,15.3138,250.806,4.79915
normalized-j6033_9.std.opb,26555.0,62334.0,0.0,0.0,1e+20,1e+20,-1e+20,1e+20,0.0,0.0,5.006195,0.0,0.0,1.2295081967213115,15.646078901885646,0.008169489679211371,0.0,0.008169489679211371,0.0,0.0,0.0,0.0,129129.0,36722.0,0.00333775,0.847842,0.139527,0.00929303,0.0010283,0.998972,0.438314,1.0,120796000.0,148395.0,936.533,39057.9,41.7047,4214.4,175760.0,4.5,3.0,1.0,110.933,0.305526
normalized-NG.dot_unif_20null50mast_rapportOE2.0_TMAX120_K192_cod1.opb,331117.0,332434.0,0.0,0.0,1e+20,1e+20,-1e+20,1e+20,0.0,0.0,5.523602,0.0,0.0,-551.8021312259937,452.35949832393896,0.0,0.6829068459308517,0.6829068459308517,0.0,0.0,0.0,0.0,400980.0,399113.0,0.0,0.0609706,0.331051,0.607978,0.104571,0.895429,0.48797,0.0,134218000.0,510316.0,17147.5,7514.18,0.438208,368672.0,161555.0,21.5,0.0,1.0,0.0,4.40047
normalized-BA_RDC4.dot_fibo_10null10mast_rapportOE1.0_TMAX15_K67_cod2_pbEq1_newVersion_sequential.opb,72651.0,145500.0,0.0,0.0,1e+20,1e+20,-1e+20,1e+20,0.0,0.0,5.024463,0.0,0.0,-9.955694645975258,287.8871954441592,0.0,0.005385996409335727,0.005385996409335727,0.0,0.0,0.0,0.0,161483.0,81322.0,6.1926e-06,0.770954,0.15858,0.0704594,0.00103321,0.998967,0.504753,0.0,105482000.0,-844684.0,145.152,-2213.03,-15.2463,55520.6,-846482.0,382.5,128.937,3.38512,4813.59,4.81283
normalized-fx84.opb,5137.0,1171.0,5137.0,1.0,1e+20,1e+20,8.0,1e+20,0.0,1331.0,5.000672,0.25910064239828695,0.0,0.001314060446780552,0.036226146523233166,0.001314060446780552,0.0,0.001314060446780552,0.0,0.0,0.0,0.0,6677.0,6088.0,0.0,0.910589,0.0,0.0894114,0.000130582,0.999869,0.198642,1.0,82346400.0,376473.0,16.8474,283.735,16.8414,21286.7,358499.0,1263.5,155.706,8.22073,3056.12,0.930896
normalized-lo_12x12_001.opb.metafix.opb,132.0,64.0,0.0,0.0,70.0,70.0,70.0,0.0,0.0,193.0,0.006978,1.4621212121212122,1.0,1.0,0.0,1.0,0.0,1.0,1.0000000000000002e+99,2.4283361152821613e+83,1e+99,0.0,70.0,144.0,0.0571429,0.0571429,0.0571429,0.828571,0.2,0.8,1.0,1.0,101496000.0,46952.6,2.16133,42.6882,19.7509,2219.69,43840.8,1027.0,512.192,7.00243,82.574,0.153997
normalized-BA_RDC4.dot_luby_10null10mast_rapportOE2.0_TMAX300_K67_cod2_pbEq1_newVersion_binary.opb,43616.0,288563.0,0.0,0.0,1e+20,1e+20,-1e+20,1e+20,0.0,0.0,5.059164,0.0,0.0,-0.3082193309379812,8.427780030328508,0.0,0.009774822022361579,0.009774822022361579,0.0,0.0,0.0,0.0,297596.0,44809.0,3.36026e-06,0.875714,0.0860495,0.038233,0.000629178,0.999371,0.385501,0.0,96286600.0,2904480.0,765.315,31374.2,40.9952,70026.3,2870740.0,91.5,22.3152,1.45652,22785.4,4.70513
normalized-s4-4-3-9pb.opb,700.0,2135.0,0.0,0.0,68.0,68.0,68.0,0.0,0.0,640.0,0.206164,0.9142857142857143,1.0,1.0,0.0,1.0,0.0,1.0,0.0,0.0,0.0,0.0,2526.0,840.0,0.0,0.198733,0.591449,0.209818,0.0914037,0.908596,0.40503,1.0,92149500.0,81906.6,27.7141,147.565,5.32455,12984.1,69134.3,468.5,233.317,3.86034,203.833,0.156473
normalized-j6025_8.std.opb,30217.0,68692.0,0.0,0.0,1e+20,1e+20,-1e+20,1e+20,0.0,0.0,5.022634,0.0,0.0,1.2295081967213115,15.646078901885646,0.008169489679211371,0.0,0.008169489679211371,0.0,0.0,0.0,0.0,123552.0,36722.0,0.00318085,0.841144,0.145963,0.00971251,0.000946536,0.999053,0.385877,1.0,107233000.0,173042.0,36.4336,6.35463,0.174417,172859.0,30149.5,4744.5,4268.68,22.1556,-5.92254,4.7346
normalized-BA_RDC4.dot_unif_50null0mast_rapportOE2.0_TMAX300_K67_cod2_pbEq1_newVersion.opb,21984.0,22049.0,0.0,0.0,1e+20,1e+20,-1e+20,1e+20,0.0,0.0,5.000104,0.0,0.0,-3.008012311600752,44.725214991614784,0.0,0.005935950362752522,0.005935950362752522,0.0,0.0,0.0,0.0,40882.0,40937.0,2.44606e-05,0.0952742,0.626388,0.278313,0.00133134,0.998669,0.729932,0.0,76791700.0,150145.0,61.8557,21.0742,0.340699,129866.0,44245.2,2099.5,1213.4,11.6733,-131.1,4.84467
normalized-BA_RDC4.dot_unif_20null10mast_rapportOE1.0_TMAX15_K67_cod3.opb,30471.0,30928.0,0.0,0.0,1e+20,1e+20,-1e+20,1e+20,0.0,0.0,5.016316,0.0,0.0,-366.02417739981706,372.31265247127067,0.0,0.6346938270994537,0.6346938270994537,0.0,0.0,0.0,0.0,40950.0,40451.0,2.442e-05,0.0951404,0.625348,0.279487,0.103709,0.896291,0.455087,0.0,96571300.0,911073.0,355.9,7389.95,20.7642,43597.7,905269.0,122.5,42.3333,1.5935,24973.1,4.89174
normalized-NG.dot_luby_20null0mast_rapportOE2.0_TMAX180_K192_cod1.opb,331117.0,332434.0,0.0,0.0,1e+20,1e+20,-1e+20,1e+20,0.0,0.0,5.305515,0.0,0.0,-3.1972674405494184,16.59484956328918,0.0,0.6829068459308517,0.6829068459308517,0.0,0.0,0.0,0.0,400980.0,399113.0,0.0,0.0609706,0.331051,0.607978,0.104571,0.895429,0.48797,0.0,134218000.0,399896.0,0.0,0.0,1.15964,369975.0,429037.0,0.0,0.0,1.0,0.0,4.36786
normalized-BA_RDC4.dot_unif_0null0mast_rapportOE1.0_TMAX60_K67_cod2_pbEq1_newVersion_product.opb,52558.0,135477.0,0.0,0.0,1e+20,1e+20,-1e+20,1e+20,0.0,0.0,5.044097,0.0,0.0,-4.129681794470527,52.02334100784755,0.0,0.008450704225352112,0.008450704225352112,0.0,0.0,0.0,0.0,149401.0,57510.0,6.6934e-06,0.752431,0.171404,0.0761575,0.0012156,0.998784,0.589766,0.0,97419100.0,-188082.0,92.978,-291.19,-3.13182,67269.6,-210676.0,723.5,274.771,5.12155,5392.35,4.79179
normalized-BA_RDC4.dot_luby_10null0mast_rapportOE1.0_TMAX180_K67_cod2_pbEq1_newVersion.opb,33748.0,33817.0,0.0,0.0,1e+20,1e+20,-1e+20,1e+20,0.0,0.0,5.243102,0.0,0.0,-0.038840169040232554,0.9964669263826588,0.0,0.010699367320516892,0.010699367320516892,0.0,0.0,0.0,0.0,40882.0,40937.0,2.44606e-05,0.0952742,0.626388,0.278313,0.00239714,0.997603,0.729932,0.0,95956100.0,253422.0,57.2457,159.312,2.78296,76279.8,212283.0,1332.5,580.646,8.51575,-1222.02,4.8601
normalized-BA_RDC4.dot_fibo_0null10mast_rapportOE1.0_TMAX180_K67_cod2_pbEq1_newVersion_ladder.opb,40728.0,40894.0,0.0,0.0,1e+20,1e+20,-1e+20,1e+20,0.0,0.0,5.102767,0.0,0.0,-11.575477730503431,304.54587753779583,0.0,0.005976242591180739,0.005976242591180739,0.0,0.0,0.0,0.0,201868.0,81322.0,4.95373e-06,0.622204,0.324167,0.0536242,0.000962876,0.999037,0.503992,0.0,100162000.0,1067860.0,622.254,3516.62,5.65142,166453.0,940695.0,267.5,68.8377,2.57463,17684.0,4.56388
normalized-single-obj-f58-fob_fxl_loss.seq-A-3-combined-abcdeir.opb,44092.0,178371.0,0.0,0.0,1e+20,1e+20,-1e+20,1e+20,0.0,0.0,7.169977,0.0,0.0,2111815.2229150017,114093160.57740766,0.006981461803939476,0.0,0.006981461803939476,0.0,0.0,0.0,0.0,380994.0,113873.0,0.000204728,0.756511,0.10112,0.142165,0.000782752,0.999217,0.507672,1.0,119305000.0,51069.0,393.833,36136.8,91.7565,1575.33,144547.0,4.0,4.0,1.0,90.1667,4.72169
normalized-BA_RDC4.dot_unif_20null50mast_rapportOE2.0_TMAX180_K67_cod1.opb,30415.0,30872.0,0.0,0.0,1e+20,1e+20,-1e+20,1e+20,0.0,0.0,5.027274,0.0,0.0,-516.8871474129194,455.68113036634486,0.0,0.6346938270994537,0.6346938270994537,0.0,0.0,0.0,0.0,40950.0,40451.0,2.442e-05,0.0951404,0.625348,0.279487,0.103709,0.896291,0.455087,0.0,121757000.0,1577630.0,161.84,4105.61,25.3683,60932.8,1545760.0,376.5,55.8568,3.32361,-27810.0,4.8077
normalized-BA_RDC4.dot_fibo_0null20mast_rapportOE1.0_TMAX120_K67_cod2_pbEq1_newVersion_binary.opb,43616.0,288563.0,0.0,0.0,1e+20,1e+20,-1e+20,1e+20,0.0,0.0,5.061626,0.0,0.0,-31.430873262067887,536.2820120015973,0.0,0.010846035394675177,0.010846035394675177,0.0,0.0,0.0,0.0,297596.0,44809.0,3.36026e-06,0.875714,0.0860495,0.038233,0.000698081,0.999302,0.385501,0.0,95395200.0,1410030.0,127.275,1923.73,15.1148,89919.9,1359120.0,706.5,265.234,5.03395,-5542.99,4.64938
normalized-graph40-40-1rand.opb,97500.0,342600.0,0.0,0.0,1e+20,1e+20,-1e+20,1e+20,0.0,0.0,5.886658,0.0,0.0,-0.0029239766081871343,0.053994693896547916,0.0,0.0029239766081871343,0.0029239766081871343,0.0,0.0,0.0,0.0,360900.0,102600.0,0.000831255,0.0,0.997506,0.00166251,0.000237869,0.999762,0.571497,0.0,88496800.0,-2098330.0,36.3575,-4277.98,-117.664,17378.9,-2044880.0,478.0,439.666,3.91014,541.843,4.68159
normalized-BA_RDC4.dot_luby_50null0mast_rapportOE1.0_TMAX300_K67_cod2_pbEq1_newVersion_ladder.opb,69490.0,69820.0,0.0,0.0,1e+20,1e+20,-1e+20,1e+20,0.0,0.0,5.012214,0.0,0.0,-0.010194043432281547,0.3855839852610698,0.0,0.0029881212955903693,0.0029881212955903693,0.0,0.0,0.0,0.0,201868.0,81322.0,4.95373e-06,0.622204,0.324167,0.0536242,0.00048167,0.999518,0.503992,0.0,118427000.0,95559.0,53.8233,57.9595,1.07685,65852.9,70913.4,1223.5,1195.54,8.01307,85.713,4.72232
normalized-BA_RDC4.dot_unif_20null20mast_rapportOE2.0_TMAX180_K67_cod2_pbEq1_newVersion_binary.opb,43616.0,288563.0,0.0,0.0,1e+20,1e+20,-1e+20,1e+20,0.0,0.0,5.054655,0.0,0.0,-5.206476377513446,64.25305467746067,0.0,0.008681291704791448,0.008681291704791448,0.0,0.0,0.0,0.0,297596.0,44809.0,3.36026e-06,0.875714,0.0860495,0.038233,0.00055883,0.999441,0.385501,0.0,89211800.0,2108540.0,499.515,5884.17,11.7798,167338.0,1971200.0,335.0,94.9329,3.06259,14333.1,4.59405
normalized-BA_RDC4.dot_unif_50null50mast_rapportOE1.0_TMAX300_K67_cod2_pbEq1_newVersion_binary.opb,43616.0,288563.0,0.0,0.0,1e+20,1e+20,-1e+20,1e+20,0.0,0.0,5.068291,0.0,0.0,-0.005423017697337588,0.07344119127840963,0.0,0.005423017697337588,0.005423017697337588,0.0,0.0,0.0,0.0,297596.0,44809.0,3.36026e-06,0.875714,0.0860495,0.038233,0.000349163,0.999651,0.385501,0.0,111407000.0,3521400.0,587.298,16972.6,28.8994,118928.0,3436950.0,202.5,136.525,2.02217,3383.64,4.63371
normalized-BA_RDC4.dot_luby_10null0mast_rapportOE2.0_TMAX60_K67_cod3.opb,33321.0,33828.0,0.0,0.0,1e+20,1e+20,-1e+20,1e+20,0.0,0.0,5.03993,0.0,0.0,-2.618723888160985,7.81645356876129,0.0,0.7146424068626239,0.7146424068626239,0.0,0.0,0.0,0.0,40950.0,40451.0,2.442e-05,0.0951404,0.625348,0.279487,0.115267,0.884733,0.455087,0.0,105832000.0,397537.0,185.189,2102.6,11.3538,35371.2,401597.0,191.0,55.1227,1.94517,43503.1,4.883
normalized-BA_RDC4.dot_unif_0null10mast_rapportOE2.0_TMAX300_K67_cod2_pbEq1_newVersion_product.opb,52558.0,135477.0,0.0,0.0,1e+20,1e+20,-1e+20,1e+20,0.0,0.0,5.038884,0.0,0.0,-4.5672230916362375,57.47678061427405,0.0,0.008450704225352112,0.008450704225352112,0.0,0.0,0.0,0.0,149401.0,57510.0,6.6934e-06,0.752431,0.171404,0.0761575,0.0012156,0.998784,0.589766,0.0,81697800.0,-83494.8,136.338,-192.219,-1.40987,150449.0,-212114.0,1103.5,576.49,7.40036,127.847,4.67694
normalized-BA_RDC4.dot_fibo_0null50mast_rapportOE2.0_TMAX180_K67_cod3.opb,36184.0,36738.0,0.0,0.0,1e+20,1e+20,-1e+20,1e+20,0.0,0.0,5.02742,0.0,0.0,-4637.015994660206,5205.548200431032,0.0,0.7929593829571581,0.7929593829571581,0.0,0.0,0.0,0.0,40950.0,40451.0,2.442e-05,0.0951404,0.625348,0.279487,0.126304,0.873696,0.455087,0.0,119622000.0,-2341950.0,409.341,-5889.68,-14.3882,172947.0,-2488390.0,422.5,70.3416,3.62411,-32653.5,4.70866
normalized-NG.dot_fibo_10null10mast_rapportOE2.0_TMAX15_K192_cod1.opb,365115.0,366804.0,0.0,0.0,1e+20,1e+20,-1e+20,1e+20,0.0,0.0,5.307662,0.0,0.0,-1557.10322139344,3227.7589001630386,0.0,0.7680907412186524,0.7680907412186524,0.0,0.0,0.0,0.0,400980.0,399113.0,0.0,0.0609706,0.331051,0.607978,0.1161,0.8839,0.48797,0.0,134218000.0,732965.0,369031.0,608907.0,1.65002,369031.0,608907.0,1.0,0.0,1.0,0.0,4.36823
normalized-BA_RDC4.dot_fibo_20null20mast_rapportOE1.0_TMAX60_K67_cod2_pbEq1_newVersion.opb,30826.0,30895.0,0.0,0.0,1e+20,1e+20,-1e+20,1e+20,0.0,0.0,5.025456,0.0,0.0,-32.87497862569314,557.4029771664458,0.0,0.009502406136258152,0.009502406136258152,0.0,0.0,0.0,0.0,40882.0,40937.0,2.44606e-05,0.0952742,0.626388,0.278313,0.00212953,0.99787,0.729932,0.0,92801200.0,396415.0,64.1149,387.888,6.04989,61261.8,370627.0,955.5,331.369,6.5523,-1588.11,4.84957
normalized-knapPI_1_2000_1000_1_-110625.opb,0.0,0.0,0.0,0.0,-110625.0,-110625.0,-110625.0,0.0,0.0,0.0,0.072408,0.0,2.0,-488.8685,286.3148323223056,0.0,1.0,1.0,0.0,0.0,0.0,0.0,1.0,2000.0,0.0,0.0,0.0,1.0,0.5,0.5,0.0,0.0,45284600.0,-358056.0,61.7157,189.341,3.06795,141730.0,434821.0,2296.5,3.61101,12.6491,-118192.0,4.8181
normalized-minisat50_4_16_8.opb,2550.0,2715.0,2550.0,1.0,28222687.0,28222687.0,1831569.8354433046,14.409014962931574,0.0,12881.0,5.002343,5.051372549019608,1.0,9417421.401960785,18903180.8090648,0.9607843137254902,0.00980392156862745,0.9705882352941176,9.999999999999998e+98,1.2141680576410807e+83,1e+99,4.2511727078891255,7606.0,5100.0,0.0,0.650802,0.161057,0.188141,0.131649,0.868351,0.61562,0.989899,76015500.0,521007.0,46.6111,699.282,15.0025,32814.2,492295.0,704.0,129.074,5.01845,-10854.7,4.89512
normalized-BA_RDC4.dot_fibo_20null0mast_rapportOE2.0_TMAX180_K67_cod3.opb,30413.0,30870.0,0.0,0.0,1e+20,1e+20,-1e+20,1e+20,0.0,0.0,5.041173,0.0,0.0,-590.6062643692369,1474.3845386188407,0.0,0.6346938270994537,0.6346938270994537,0.0,0.0,0.0,0.0,40950.0,40451.0,2.442e-05,0.0951404,0.625348,0.279487,0.103709,0.896291,0.455087,0.0,94608500.0,522885.0,62.8157,225.708,3.59318,120763.0,433923.0,1922.5,947.606,10.8385,327.217,4.77285
normalized-n3div36.opb,20602.0,4454.0,20602.0,1.0,39043901.0,39043901.0,0.0,1e+20,0.0,0.0,5.068381,0.0,1.0,22603.989963833636,15589.089913914559,1.0,0.0,1.0,0.0,0.0,0.0,187.73815405344712,4484.0,22120.0,0.0,0.0,0.0,1.0,0.0609601,0.93904,0.935082,1.0,72045900.0,756866.0,4283.84,1463.55,0.341645,580461.0,198311.0,135.5,0.996324,1.63235,2771290.0,4.49926
normalized-single-obj-f4-DataDisplay_2_order9.seq-B-3-combined-abcdeir.opb,1572.0,2584.0,1572.0,1.0,739353.0,739353.0,548192.0525054713,0.34871163604222594,0.0,27730.0,5.00119,17.639949109414758,4.0,107096.89856081709,1701498.974655495,0.038532961931290625,0.0,0.038532961931290625,9.959514170040485e+98,6.3499543082421544e+97,0.0,-0.07967249388285985,15405.0,4308.0,0.00227199,0.71704,0.125024,0.155664,0.00417306,0.995827,0.473405,1.0,69532500.0,44393.4,6.27054,1.6727,0.266755,32986.2,8799.22,5260.5,2226.5,24.2501,-51.7893,4.89858
normalized-BA_RDC4.dot_fibo_0null50mast_rapportOE2.0_TMAX120_K67_cod2_pbEq1_newVersion_binary.opb,43616.0,288563.0,0.0,0.0,1e+20,1e+20,-1e+20,1e+20,0.0,0.0,5.043335,0.0,0.0,-63.76614073065679,814.5205167839646,0.0,0.010846035394675177,0.010846035394675177,0.0,0.0,0.0,0.0,297596.0,44809.0,3.36026e-06,0.875714,0.0860495,0.038233,0.000698081,0.999302,0.385501,0.0,104289000.0,-199769.0,178.602,-425.226,-2.38086,116449.0,-277247.0,652.0,169.86,4.69732,7937.4,4.64401
normalized-BA_RDC4.dot_fibo_10null10mast_rapportOE1.0_TMAX15_K67_cod2_pbEq1_newVersion_binary.opb,43616.0,288563.0,0.0,0.0,1e+20,1e+20,-1e+20,1e+20,0.0,0.0,5.033897,0.0,0.0,-18.06817826775871,387.6430802175498,0.0,0.009774822022361579,0.009774822022361579,0.0,0.0,0.0,0.0,297596.0,44809.0,3.36026e-06,0.875714,0.0860495,0.038233,0.000629178,0.999371,0.385501,0.0,110578000.0,721046.0,127.643,1320.86,10.3481,66246.8,685526.0,519.0,166.512,4.06449,4222.98,4.67937
normalized-BA_RDC4.dot_unif_10null50mast_rapportOE2.0_TMAX60_K67_cod2_pbEq1_newVersion_sequential.opb,72651.0,145403.0,0.0,0.0,1e+20,1e+20,-1e+20,1e+20,0.0,0.0,5.024761,0.0,0.0,-4.212132018396006,61.670652401142824,0.0,0.005385996409335727,0.005385996409335727,0.0,0.0,0.0,0.0,161483.0,81322.0,6.1926e-06,0.770954,0.15858,0.0704594,0.00103321,0.998967,0.504753,0.0,99390600.0,-52634.9,67.1368,-49.5194,-0.737589,55723.6,-41101.1,830.0,158.048,5.74353,7457.07,4.78318
normalized-NG.dot_fibo_50null0mast_rapportOE1.0_TMAX180_K192_cod2.opb,400896.0,400786.0,0.0,0.0,1e+20,1e+20,-1e+20,1e+20,0.0,0.0,5.293575,0.0,0.0,-1.878978587962963,88.30384139595833,0.0,0.002225015964240102,0.002225015964240102,0.0,0.0,0.0,0.0,402763.0,400896.0,0.0,0.0607007,0.329586,0.609713,0.000381224,0.999619,0.63328,0.0,133071000.0,4109300.0,6658.92,67541.9,10.1431,386217.0,3917430.0,58.0,4.24786,1.1453,19935.5,4.37194
normalized-BA_RDC4.dot_unif_20null50mast_rapportOE2.0_TMAX60_K67_cod1.opb,30432.0,30889.0,0.0,0.0,1e+20,1e+20,-1e+20,1e+20,0.0,0.0,5.01586,0.0,0.0,-513.3253566042866,456.1908542461209,0.0,0.6346938270994537,0.6346938270994537,0.0,0.0,0.0,0.0,40950.0,40451.0,2.442e-05,0.0951404,0.625348,0.279487,0.103709,0.896291,0.455087,0.0,117308000.0,211737.0,187.928,1137.0,6.05019,35706.3,216030.0,190.0,42.4672,1.93701,75751.8,4.868
normalized-NG.dot_fibo_10null0mast_rapportOE1.0_TMAX180_K192_cod1.opb,365115.0,366610.0,0.0,0.0,1e+20,1e+20,-1e+20,1e+20,0.0,0.0,5.485105,0.0,0.0,-701.1486421138875,1576.18771456714,0.0,0.7680907412186524,0.7680907412186524,0.0,0.0,0.0,0.0,400980.0,399113.0,0.0,0.0609706,0.331051,0.607978,0.1161,0.8839,0.48797,0.0,134218000.0,447365.0,61439.7,15008.1,0.244273,368638.0,90048.4,6.0,0.0,1.0,0.0,4.41472
normalized-BA_RDC4.dot_fibo_0null50mast_rapportOE2.0_TMAX300_K67_cod2_pbEq1_newVersion_sequential.opb,72824.0,145712.0,0.0,0.0,1e+20,1e+20,-1e+20,1e+20,0.0,0.0,5.034483,0.0,0.0,-35.86742824819852,609.8107090966414,0.0,0.005976242591180739,0.005976242591180739,0.0,0.0,0.0,0.0,161483.0,81322.0,6.1926e-06,0.770954,0.15858,0.0704594,0.00114631,0.998854,0.504753,0.0,122016000.0,410884.0,56.5885,258.637,4.57048,81515.7,372566.0,1440.5,1386.31,8.92228,264.87,4.72487
normalized-BA_RDC4.dot_unif_0null10mast_rapportOE1.0_TMAX15_K67_cod2_pbEq1_newVersion_ladder.opb,40096.0,40261.0,0.0,0.0,1e+20,1e+20,-1e+20,1e+20,0.0,0.0,5.021492,0.0,0.0,-3.3540001475615453,49.461000881963976,0.0,0.005976242591180739,0.005976242591180739,0.0,0.0,0.0,0.0,201868.0,81322.0,4.95373e-06,0.622204,0.324167,0.0536242,0.000962876,0.999037,0.503992,0.0,103663000.0,1698350.0,124.931,3108.95,24.8854,67712.4,1685050.0,542.0,172.3,4.15023,5698.43,4.72976
normalized-j9041_10.std.opb,37999.0,90062.0,0.0,0.0,1e+20,1e+20,-1e+20,1e+20,0.0,0.0,5.024456,0.0,0.0,0.8241758241758241,12.823050507610667,0.0054762513234274035,0.0,0.0054762513234274035,0.0,0.0,0.0,0.0,192536.0,54782.0,0.00336041,0.850942,0.139465,0.0062326,0.000611649,0.999388,0.389773,1.0,110659000.0,-229417.0,22.2322,-70.3733,-3.16538,84282.1,-266785.0,3791.0,3355.44,18.9611,77.8218,4.75858
normalized-NG.dot_luby_0null20mast_rapportOE1.0_TMAX120_K192_cod2.opb,400896.0,400786.0,0.0,0.0,1e+20,1e+20,-1e+20,1e+20,0.0,0.0,5.427824,0.0,0.0,-0.9268563417943806,30.527121188125165,0.0,0.00444753751596424,0.00444753751596424,0.0,0.0,0.0,0.0,402763.0,400896.0,0.0,0.0607007,0.329586,0.609713,0.000761731,0.999238,0.63328,0.0,103953000.0,2108960.0,7493.25,41605.8,5.55244,378409.0,2101090.0,50.5,13.9706,1.01961,5378.37,4.4109
normalized-NG.dot_unif_20null0mast_rapportOE1.0_TMAX15_K192_cod2.opb,400896.0,400786.0,0.0,0.0,1e+20,1e+20,-1e+20,1e+20,0.0,0.0,5.401509,0.0,0.0,-1.7719558189655173,34.32482680793776,0.0,0.0035595266602809704,0.0035595266602809704,0.0,0.0,0.0,0.0,402763.0,400896.0,0.0,0.0607007,0.329586,0.609713,0.000609734,0.99939,0.63328,0.0,84464900.0,2180480.0,6926.82,37621.4,5.43126,398292.0,2163230.0,57.5,36.8276,1.13793,12051.0,4.45126
normalized-BA_RDC4.dot_unif_20null10mast_rapportOE2.0_TMAX60_K67_cod2.opb,30793.0,30862.0,0.0,0.0,1e+20,1e+20,-1e+20,1e+20,0.0,0.0,5.046398,0.0,0.0,-5.050541075310844,60.07093144454128,0.0,0.009502406136258152,0.009502406136258152,0.0,0.0,0.0,0.0,41436.0,40937.0,2.41336e-05,0.0940245,0.618013,0.287938,0.00173965,0.99826,0.598238,0.0,98194500.0,-715676.0,60.4406,-763.105,-12.6257,58294.9,-736015.0,964.5,147.477,6.60829,-3256.49,4.84376
normalized-BA_RDC4.dot_unif_20null0mast_rapportOE2.0_TMAX120_K67_cod2_pbEq1_newVersion_binary.opb,43616.0,288563.0,0.0,0.0,1e+20,1e+20,-1e+20,1e+20,0.0,0.0,5.058357,0.0,0.0,-4.338726595103663,53.13721093677977,0.0,0.008681291704791448,0.008681291704791448,0.0,0.0,0.0,0.0,297596.0,44809.0,3.36026e-06,0.875714,0.0860495,0.038233,0.00055883,0.999441,0.385501,0.0,60430400.0,-445643.0,38.4694,-316.747,-8.23375,59704.5,-491592.0,1552.0,817.62,9.29533,231.097,4.74347
normalized-hw32-vm75p-opt.opb.negationfix.opb,8928.0,460.0,8928.0,1.0,25.0,25.0,24.0,0.041666666666666664,0.0,10201.0,5.001797,1.1425851254480286,2.0,0.0035842293906810036,0.0597610465968927,0.0035842293906810036,0.0,0.0035842293906810036,0.0,0.0,0.0,1089.9521276595744,622.0,8928.0,0.0,0.0,0.0,1.0,0.000895255,0.999105,0.252688,1.0,103718000.0,70811.8,28.2253,-8.62597,-0.305611,107115.0,-32735.5,3795.0,32.1253,18.9955,-2001.88,4.8178
normalized-NG.dot_unif_50null50mast_rapportOE2.0_TMAX300_K192_cod1.opb,228932.0,229714.0,0.0,0.0,1e+20,1e+20,-1e+20,1e+20,0.0,0.0,5.237932,0.0,0.0,-213.27223868929352,247.23604966899782,0.0,0.4268765988579675,0.4268765988579675,0.0,0.0,0.0,0.0,400980.0,399113.0,0.0,0.0609706,0.331051,0.607978,0.068033,0.931967,0.48797,0.0,134218000.0,510257.0,15361.5,6674.07,0.434467,368676.0,160178.0,24.0,0.0,1.0,0.0,4.32763
normalized-OGR_12.opb,1812.0,2669.0,1812.0,1.0,1e+20,1e+20,12.0,1e+20,0.0,37704.0,5.001614,20.807947019867548,0.0,0.14072847682119205,3.4692845098320166,0.004415011037527594,0.0,0.004415011037527594,-0.0018148820326678765,0.09524240844574902,-3.0,12.15666588306244,3443.0,1812.0,0.0,0.0,0.0,1.0,7.93903e-05,0.999921,0.5,1.0,112999000.0,-171.807,5.2501,-6.11181,-1.16413,35614.1,-41459.5,6783.5,2000.14,30.4483,-23.5891,4.90759
normalized-BA_RDC4.dot_unif_10null10mast_rapportOE1.0_TMAX180_K67_cod2_pbEq1_newVersion_ladder.opb,55149.0,55330.0,0.0,0.0,1e+20,1e+20,-1e+20,1e+20,0.0,0.0,5.00613,0.0,0.0,-3.016280957182558,47.10895576155094,0.0,0.005385996409335727,0.005385996409335727,0.0,0.0,0.0,0.0,201868.0,81322.0,4.95373e-06,0.622204,0.324167,0.0536242,0.000867859,0.999132,0.503992,0.0,81883500.0,-801010.0,146.585,-1163.17,-7.93511,110452.0,-876446.0,753.5,344.452,5.29045,3493.44,4.69629
normalized-mps-v2-20-10-pk1.opb,675.0,373.0,675.0,1.0,49152.0,49152.0,0.0,1e+20,0.0,69601.0,5.000495,103.11259259259259,5.0,1090093.221319797,19722354.281259507,0.030456852791878174,0.0,0.030456852791878174,0.005688353523493472,0.11162358880827757,-0.2905042266164806,305436.4844480378,45.0,985.0,0.0,0.0,0.0,1.0,0.00843882,0.991561,0.617021,1.0,72778100.0,-13381.4,2.31728,-4.21818,-1.82032,32462.7,-59092.4,14009.0,8204.24,53.4674,-6.91232,4.89954
normalized-BA_RDC4.dot_fibo_20null10mast_rapportOE1.0_TMAX15_K67_cod3.opb,30446.0,30900.0,0.0,0.0,1e+20,1e+20,-1e+20,1e+20,0.0,0.0,5.028129,0.0,0.0,-1345.128328100665,3076.2813478810062,0.0,0.6346938270994537,0.6346938270994537,0.0,0.0,0.0,0.0,40950.0,40451.0,2.442e-05,0.0951404,0.625348,0.279487,0.103709,0.896291,0.455087,0.0,109464000.0,827001.0,463.261,6657.38,14.3707,56286.2,808871.0,121.5,45.3033,1.59016,24644.1,4.869
normalized-NG.dot_unif_0null50mast_rapportOE2.0_TMAX15_K192_cod1.opb,399113.0,400786.0,0.0,0.0,1e+20,1e+20,-1e+20,1e+20,0.0,0.0,5.27583,0.0,0.0,-642.0626038239797,399.25160786000237,0.0,0.8532746365064531,0.8532746365064531,0.0,0.0,0.0,0.0,400980.0,399113.0,0.0,0.0609706,0.331051,0.607978,0.127336,0.872664,0.48797,0.0,134218000.0,655912.0,738515.0,1229220.0,1.66444,369258.0,614608.0,0.5,0.0,1.0,0.0,4.38638
normalized-BA_RDC4.dot_unif_50null0mast_rapportOE2.0_TMAX120_K67_cod2.opb,21985.0,22054.0,0.0,0.0,1e+20,1e+20,-1e+20,1e+20,0.0,0.0,5.01626,0.0,0.0,-3.159317976402765,46.22298089030042,0.0,0.005935950362752522,0.005935950362752522,0.0,0.0,0.0,0.0,41436.0,40937.0,2.41336e-05,0.0940245,0.618013,0.287938,0.00108743,0.998913,0.598238,0.0,61390000.0,422637.0,53.3309,218.058,4.08878,86022.7,351728.0,1613.0,896.57,9.49365,187.068,4.83088
normalized-neos-5052403-cygnet.opb,27593.0,19134.0,0.0,0.0,1e+20,1e+20,-1e+20,1e+20,0.0,0.0,8.326135,0.0,0.0,1.0,0.0,1.0,0.0,1.0,0.0,0.0,0.0,0.0,38268.0,27642.0,0.0,0.0,0.0,1.0,0.00561151,0.994388,0.5,1.0,122848000.0,-1778300.0,3392.09,1315.94,0.387943,1740140.0,675077.0,513.0,7.82376,4.00779,-264445.0,4.10571
normalized-libnspr4-dev.cudf.trendy.opb,12192.0,70477.0,0.0,0.0,1e+20,1e+20,-1e+20,1e+20,0.0,0.0,5.000897,0.0,0.0,11123084164.265991,27529560961.422436,0.406898512271392,0.0,0.406898512271392,0.0,0.0,0.0,0.0,100050.0,21106.0,0.0117441,0.342989,0.272544,0.372724,0.0251544,0.974846,0.62713,1.0,132376000.0,-642446.0,-1817.84,580.678,-0.319432,-926191.0,295855.0,509.5,604.652,4.03922,89.0624,3.21014
normalized-minisat50_6_9_2_mh.opb,240200.0,599279.0,0.0,0.0,1e+20,1e+20,-1e+20,1e+20,0.0,0.0,5.003839,0.0,0.0,327823.1028057554,3344534.845858135,0.5189848121502798,0.00019984012789768185,0.5191846522781774,0.0,0.0,0.0,0.0,605407.0,250200.0,0.0,0.599019,0.390522,0.0104591,0.0664909,0.933509,0.337519,0.999615,99421100.0,55727.4,3197.0,4428.76,1.38528,127880.0,177150.0,40.0,17.5062,1.0,3829.27,4.35937
normalized-NG.dot_unif_50null50mast_rapportOE1.0_TMAX60_K192_cod1.opb,228932.0,229714.0,0.0,0.0,1e+20,1e+20,-1e+20,1e+20,0.0,0.0,5.201363,0.0,0.0,-213.38517913473126,247.2623932152646,0.0,0.4268765988579675,0.4268765988579675,0.0,0.0,0.0,0.0,400980.0,399113.0,0.0,0.0609706,0.331051,0.607978,0.068033,0.931967,0.48797,0.0,134218000.0,517617.0,12713.3,5709.19,0.449072,368686.0,165566.0,29.0,0.0,1.0,0.0,4.40588
normalized-cov1075.opb,120.0,637.0,120.0,1.0,20.0,20.0,17.666666666666668,0.13207547169811312,0.0,2426.0,5.000238,20.216666666666665,392.0,1.0,0.0,1.0,0.0,1.0,0.0,0.0,0.0,17.602414559232987,637.0,120.0,0.0,0.0,0.0,1.0,0.00833333,0.991667,1.0,1.0,71574200.0,-61932.3,5.09987,4.73492,0.92844,58707.1,54506.0,11511.5,2731.72,45.2136,-15.7357,4.84801
normalized-autocorr_bern50-06.lin.opb,882.0,878.0,882.0,1.0,-255.0,-255.0,-1465.2938390061945,4.7462503490439,0.0,16493.0,5.000393,18.699546485260772,6.0,0.0,17.716333726977023,0.47392290249433106,0.5260770975056689,1.0,0.0,0.0,0.0,27.94793388429752,1664.0,882.0,0.0,0.0,0.282452,0.717548,0.118644,0.881356,0.5,0.473923,58208500.0,331716.0,3.35534,111.293,33.1688,9649.96,320078.0,2876.0,2230.21,15.5555,-65.7453,4.94806
normalized-fx60.opb,2251.0,1163.0,2251.0,1.0,1e+20,1e+20,6.0,1e+20,0.0,14703.0,5.000864,6.531763660595291,0.0,0.002004008016032064,0.04472126974833946,0.002004008016032064,0.0,0.002004008016032064,0.0,0.0,0.0,16.255905511811022,3433.0,2994.0,0.0,0.870376,0.0,0.129624,0.000187406,0.999813,0.186879,1.0,74359600.0,684.815,7.27069,-7.67033,-1.05497,33441.5,-35279.7,4599.5,953.724,21.6174,77.4395,4.91185
normalized-clique-coloring-max-clique-n=8-t=6.opb,148.0,2908.0,0.0,0.0,2.0,2.0,0.0,1e+20,0.0,12294.0,5.000008,83.06756756756756,105.0,0.05405405405405406,0.2261243314956961,0.05405405405405406,0.0,0.05405405405405406,0.0,0.0,0.0,0.0,1760.0,148.0,0.0,0.0,0.986364,0.0136364,0.00148148,0.998519,0.313056,1.0,30041600.0,8302.45,-1.79313,0.0460039,-0.0256557,20163.8,-517.315,-11245.0,-17897.0,132.068,0.918528,4.79876
normalized-rmine21.opb,162547.0,1441651.0,0.0,0.0,0.0,0.0,-1e+20,1e+20,0.0,0.0,5.678211,0.0,1.0,-1833.831507194842,4085.578288273324,0.33519535888081603,0.6646631435830868,0.9998585024639027,0.0,0.0,0.0,0.0,1441651.0,162547.0,0.0,0.999971,0.0,2.91333e-05,0.0441953,0.955805,0.497365,0.335243,0.0,0.0,0.0,0.0,0.0,0.0,0.0,0.0,0.0,0.0,0.0,3.85383
normalized-BA_RDC4.dot_unif_20null10mast_rapportOE2.0_TMAX180_K67_cod2_pbEq1_newVersion_product.opb,52559.0,135477.0,0.0,0.0,1e+20,1e+20,-1e+20,1e+20,0.0,0.0,5.046619,0.0,0.0,-4.027838636758824,55.07227107528855,0.0,0.0067640410363415055,0.0067640410363415055,0.0,0.0,0.0,0.0,149401.0,57510.0,6.6934e-06,0.752431,0.171404,0.0761575,0.000973213,0.999027,0.589766,0.0,76454700.0,874237.0,93.649,720.053,7.68885,104184.0,801059.0,1112.5,503.9,7.46316,-584.567,4.73361
normalized-f20c10b_010_area_delay.opb,4897.0,17562.0,4897.0,1.0,31.0,31.0,23.42774633244773,0.3232173321368348,0.0,1077.0,5.006437,0.2199305697365734,3.0,0.490237871941342,0.499904691772108,0.490237871941342,0.0,0.490237871941342,0.0,0.0,0.0,0.23156714325763947,36747.0,11729.0,0.0310229,0.806025,0.0453915,0.117561,0.0616787,0.938321,0.364001,1.0,84507500.0,-476084.0,159.213,-512.052,-3.21613,210560.0,-677189.0,1322.5,355.382,8.46825,1727.67,4.67153
normalized-libpango-perl.cudf.trendy.opb,11997.0,67021.0,0.0,0.0,1e+20,1e+20,-1e+20,1e+20,0.0,0.0,5.003534,0.0,0.0,11117952291.818302,27513067896.46603,0.4069001469124686,0.0,0.4069001469124686,0.0,0.0,0.0,0.0,100032.0,21101.0,0.0117462,0.34298,0.272533,0.372741,0.0251526,0.974847,0.627143,1.0,131612000.0,-1879540.0,-2416.44,-1213.35,0.502125,-1243260.0,-624270.0,514.5,560.208,4.05825,69.5571,3.15701
normalized-minisat50_6_9_2_ic.opb,121375.0,475554.0,0.0,0.0,1e+20,1e+20,-1e+20,1e+20,0.0,0.0,5.179703,0.0,0.0,317789.17932907346,3544335.0396842086,0.058706070287539935,0.00039936102236421724,0.05910543130990415,0.0,0.0,0.0,0.0,250157.0,125200.0,0.0,0.0295814,0.945106,0.0253121,0.00746947,0.992531,0.503865,0.993243,72104200.0,1366290.0,216.255,4609.84,21.3167,66714.6,1422130.0,308.5,126.832,2.88026,4476.36,4.73166
normalized-s4-4-3-6pb.opb,520.0,1460.0,0.0,0.0,66.0,66.0,66.0,0.0,0.0,400.0,0.09067499999999999,0.7692307692307693,1.0,1.0,0.0,1.0,0.0,1.0,0.0,0.0,0.0,0.0,1884.0,624.0,0.0,0.186837,0.598726,0.214437,0.0910152,0.908985,0.406932,1.0,107568000.0,14149.5,18.6788,85.7048,4.58835,2577.68,11827.3,138.0,64.1047,1.63899,88.7401,0.031491
normalized-ii16b1.opb,3456.0,26564.0,3456.0,1.0,1e+20,1e+20,0.0,1e+20,0.0,5927.0,5.009713,1.7149884259259258,0.0,1.0,0.0,1.0,0.0,1.0,0.0,0.0,0.0,1.7863608931804467,26520.0,3456.0,0.0,0.958069,0.0,0.0419306,0.0489574,0.951043,0.948522,1.0,92357300.0,12908.0,10.411,-9.00858,-0.865291,64470.4,-55785.7,6192.5,4319.26,27.6146,21.191,4.63082
normalized-BA_RDC4.dot_unif_10null0mast_rapportOE1.0_TMAX60_K67_cod2_pbEq1_newVersion_product.opb,52558.0,135477.0,0.0,0.0,1e+20,1e+20,-1e+20,1e+20,0.0,0.0,5.053149,0.0,0.0,-3.926551904016693,51.25262164119517,0.0,0.007616066770996349,0.007616066770996349,0.0,0.0,0.0,0.0,149401.0,57510.0,6.6934e-06,0.752431,0.171404,0.0761575,0.00109567,0.998904,0.589766,0.0,98311600.0,1127190.0,111.686,1891.62,16.937,65280.5,1105650.0,584.5,240.145,4.33932,4405.57,4.58456
normalized-ws97-3.opb,3299.0,1329.0,0.0,0.0,3031.0,3031.0,3031.0,0.0,0.0,2903.0,0.532968,0.8799636253410125,5.0,419.1430303030303,493.77634014580633,0.4196969696969697,0.4263636363636364,0.8460606060606061,-0.125,0.33071891388307384,-1.0,0.0,1985.0,3300.0,0.000503778,0.687154,0.0770781,0.235264,0.181087,0.818913,0.522652,0.49606,77126000.0,71424.9,89.358,-64.2189,-0.71867,252883.0,-181740.0,2830.0,831.488,15.3363,269.481,4.68262
normalized-circ10-3.opb,2700.0,42723.0,2700.0,1.0,1e+20,1e+20,0.0,1e+20,0.0,2100.0,5.03511,0.7777777777777778,0.0,0.9259259259259259,1.5135419808668555,0.3333333333333333,0.0,0.3333333333333333,0.0,0.0,0.0,0.8798686062881277,42620.0,2700.0,0.0,0.0781323,0.392773,0.529094,0.00291999,0.99708,0.0726279,1.0,72821700.0,-97451.6,11.3617,0.536384,0.0472098,110237.0,5204.27,9702.5,7035.56,39.7607,-9.35194,4.72517
normalized-NG.dot_unif_0null20mast_rapportOE1.0_TMAX300_K192_cod1.opb,399113.0,400786.0,0.0,0.0,1e+20,1e+20,-1e+20,1e+20,0.0,0.0,5.587883,0.0,0.0,-521.8858343376437,368.9676978605064,0.0,0.8532746365064531,0.8532746365064531,0.0,0.0,0.0,0.0,400980.0,399113.0,0.0,0.0609706,0.331051,0.607978,0.127336,0.872664,0.48797,0.0,134218000.0,471877.0,29489.2,9153.78,0.310411,368615.0,114422.0,12.5,0.0,1.0,0.0,4.38811
normalized-mps-v2-20-10-dg012142.opb,34004.0,3283.0,34004.0,1.0,1e+20,1e+20,84377600.0,1e+20,0.0,11621.0,5.030818,0.3417539113045524,0.0,24719044341.094658,295633981315.2989,0.5419847328244275,0.0,0.5419847328244275,1.0000000000000001e+99,1.2141680576410807e+83,1e+99,7034718.488957055,2137.0,41920.0,0.0187178,0.0,0.0,0.981282,0.0842805,0.91572,0.63567,1.0,124664000.0,306403.0,1259.76,-888.664,-0.705422,1096620.0,-773582.0,870.5,181.504,6.02755,429.123,3.16581
normalized-NG.dot_luby_20null10mast_rapportOE1.0_TMAX15_K192_cod1.opb,331117.0,332434.0,0.0,0.0,1e+20,1e+20,-1e+20,1e+20,0.0,0.0,5.533851,0.0,0.0,-90.10637588853282,285.4664154004308,0.0,0.6829068459308517,0.6829068459308517,0.0,0.0,0.0,0.0,400980.0,399113.0,0.0,0.0609706,0.331051,0.607978,0.104571,0.895429,0.48797,0.0,134218000.0,461561.0,61432.4,17086.3,0.278131,368595.0,102518.0,6.0,0.0,1.0,0.0,4.36483
normalized-ns903616.opb,15803.0,12772.0,0.0,0.0,1e+20,1e+20,-1e+20,1e+20,0.0,0.0,5.00213,0.0,0.0,0.0010193679918450561,0.031911265733941964,0.0010193679918450561,0.0,0.0010193679918450561,0.0,0.0,0.0,0.0,17546.0,21582.0,0.0195486,0.387382,0.110339,0.482731,0.000241342,0.999759,0.192528,1.0,100849000.0,-399745.0,40.1158,-226.28,-5.64066,83320.6,-469983.0,2077.0,592.774,11.6168,-804.1,4.78736
normalized-BA_RDC4.dot_luby_20null20mast_rapportOE2.0_TMAX180_K67_cod2_pbEq1_newVersion_product.opb,52559.0,135477.0,0.0,0.0,1e+20,1e+20,-1e+20,1e+20,0.0,0.0,5.051284,0.0,0.0,-0.4506694487915145,10.522383879017767,0.0,0.0067640410363415055,0.0067640410363415055,0.0,0.0,0.0,0.0,149401.0,57510.0,6.6934e-06,0.752431,0.171404,0.0761575,0.000973213,0.999027,0.589766,0.0,96286600.0,-1299290.0,372.941,-4578.22,-12.276,111323.0,-1366600.0,298.5,146.313,2.82274,6774.55,4.72979
normalized-BA_RDC4.dot_unif_20null50mast_rapportOE1.0_TMAX15_K67_cod2_pbEq1_newVersion_ladder.opb,75472.0,75706.0,0.0,0.0,1e+20,1e+20,-1e+20,1e+20,0.0,0.0,5.006353,0.0,0.0,-3.9314084749514278,60.172027536218614,0.0,0.004783453432035611,0.004783453432035611,0.0,0.0,0.0,0.0,201868.0,81322.0,4.95373e-06,0.622204,0.324167,0.0536242,0.000770845,0.999229,0.503992,0.0,102129000.0,-1963030.0,180.069,-4802.19,-26.6686,74098.5,-1976100.0,411.5,107.84,3.56917,5364.99,4.69761
normalized-NG.dot_unif_20null0mast_rapportOE2.0_TMAX300_K192_cod1.opb,331117.0,332434.0,0.0,0.0,1e+20,1e+20,-1e+20,1e+20,0.0,0.0,5.490209,0.0,0.0,-349.9675054433206,337.88008247878656,0.0,0.6829068459308517,0.6829068459308517,0.0,0.0,0.0,0.0,400980.0,399113.0,0.0,0.0609706,0.331051,0.607978,0.104571,0.895429,0.48797,0.0,134218000.0,399504.0,0.0,0.0,1.15865,369961.0,428657.0,0.0,0.0,1.0,0.0,4.411
normalized-injcomp_opt_3layers_maxfirst_lastlayerdiv2_size_31.opb,961.0,513.0,0.0,0.0,-15.0,-15.0,-15.0,0.0,0.0,1050.0,0.092385,1.09261186264308,2.0,-0.5,0.5,0.0,0.5,0.5,0.0,0.0,0.0,0.0,573.0,1922.0,0.0,0.0,0.811518,0.188482,0.182353,0.817647,0.223022,0.0,58136400.0,191328.0,34.1135,90.5784,2.65521,52159.5,138494.0,1529.0,696.496,9.22197,-908.949,0.652241
normalized-NG.dot_unif_10null50mast_rapportOE1.0_TMAX180_K192_cod2.opb,400896.0,400786.0,0.0,0.0,1e+20,1e+20,-1e+20,1e+20,0.0,0.0,5.390462,0.0,0.0,-3.121168582375479,53.04589482986183,0.0,0.004003532088122605,0.004003532088122605,0.0,0.0,0.0,0.0,402763.0,400896.0,0.0,0.0607007,0.329586,0.609713,0.000685739,0.999314,0.63328,0.0,102900000.0,2177320.0,6655.7,34915.3,5.24592,396014.0,2077460.0,59.5,27.7,1.15,2930.25,4.35403
normalized-BA_RDC4.dot_unif_20null10mast_rapportOE1.0_TMAX120_K67_cod2_pbEq1_newVersion_sequential.opb,72824.0,145712.0,0.0,0.0,1e+20,1e+20,-1e+20,1e+20,0.0,0.0,5.044728,0.0,0.0,-2.72912618971496,44.70155401994846,0.0,0.004783453432035611,0.004783453432035611,0.0,0.0,0.0,0.0,161483.0,81322.0,6.1926e-06,0.770954,0.15858,0.0704594,0.000917732,0.999082,0.504753,0.0,98034300.0,1071930.0,125.907,1380.06,10.961,94744.7,1038500.0,752.5,257.166,5.27092,-3593.41,4.75931
normalized-vertexcover_opt_grid_evenrowoddcolsquare_dim_100.opb,10100.0,20200.0,10100.0,1.0,5100.0,5100.0,5050.0,0.009900990099009901,0.0,10314.0,5.534056,1.0211881188118812,3.0,1.0,0.0,1.0,0.0,1.0,0.0,0.0,0.0,2.0,20200.0,10100.0,0.0,1.0,0.0,0.0,0.2,0.8,1.0,1.0,117441000.0,50266.2,956.762,2971.9,3.10621,14829.8,46064.5,15.5,14.6562,1.0,4708.86,4.94478
normalized-BA_RDC4.dot_luby_0null20mast_rapportOE1.0_TMAX300_K67_cod3.opb,36184.0,36738.0,0.0,0.0,1e+20,1e+20,-1e+20,1e+20,0.0,0.0,5.059263,0.0,0.0,-42.601171788089296,92.68648190979121,0.0,0.7929593829571581,0.7929593829571581,0.0,0.0,0.0,0.0,40950.0,40451.0,2.442e-05,0.0951404,0.625348,0.279487,0.126304,0.873696,0.455087,0.0,117291000.0,-902494.0,278.548,-1256.49,-4.51086,249440.0,-1125190.0,895.5,236.496,6.1702,-4244.92,4.57834
normalized-matrix_5x3_3.opb,5337.0,5555.0,5337.0,1.0,26.0,26.0,11.008023104195969,1.361913647336867,0.0,5165.0,5.005821,0.9677721566423084,6.0,0.10961158657011191,0.3124050042167935,0.10961158657011191,0.0,0.10961158657011191,3.5897435897435895e+97,1.8603443227914922e+98,0.0,-0.4808284354883851,21401.0,6076.0,0.000233634,0.746881,0.224896,0.0279893,0.0120963,0.987904,0.506067,1.0,65282300.0,-615433.0,15.6331,373.452,23.8886,26412.1,630947.0,1689.5,899.962,9.74438,-435.051,4.90556
normalized-7_14.opb,105.0,116.0,0.0,0.0,5148.0,5148.0,5148.0,0.0,0.0,48.0,0.0059629999999999996,0.45714285714285713,3.0,469.9714285714286,275.15493322655794,1.0,0.0,1.0,0.0,0.0,0.0,0.0,112.0,105.0,0.0,0.875,0.0,0.125,0.263158,0.736842,0.666667,1.0,97757000.0,12216.2,15.7392,31.9282,2.02858,3989.89,8093.81,253.5,41.1732,2.41535,231.66,0.022531
normalized-vertexcover_opt_grid_oddrowoddcolsquare_dim_051.opb,2601.0,5202.0,2601.0,1.0,1349.0,1349.0,1307.5352941176466,0.03171211214633768,0.0,6895.0,5.002692,2.6509034986543636,7.0,1.0,0.0,1.0,0.0,1.0,0.0,0.0,0.0,1.9854961832061069,5202.0,2601.0,0.0,1.0,0.0,0.0,0.2,0.8,1.0,1.0,111695000.0,442527.0,19.9602,163.786,8.20563,48104.1,394724.0,2410.0,450.563,12.3408,-275.236,4.85259
normalized-BA_RDC4.dot_fibo_0null0mast_rapportOE2.0_TMAX120_K67_cod3.opb,36184.0,36738.0,0.0,0.0,1e+20,1e+20,-1e+20,1e+20,0.0,0.0,5.034206,0.0,0.0,-623.4716570665744,1407.8190952096209,0.0,0.7929593829571581,0.7929593829571581,0.0,0.0,0.0,0.0,40950.0,40451.0,2.442e-05,0.0951404,0.625348,0.279487,0.126304,0.873696,0.455087,0.0,120945000.0,-326262.0,109.062,-491.78,-4.50918,83214.3,-375228.0,763.0,392.585,5.32286,2215.94,4.85245
normalized-BA_RDC4.dot_luby_10null20mast_rapportOE2.0_TMAX60_K67_cod2_pbEq1_newVersion_ladder.opb,45579.0,45770.0,0.0,0.0,1e+20,1e+20,-1e+20,1e+20,0.0,0.0,5.208844,0.0,0.0,-0.3196429010599838,8.848708295796225,0.0,0.005385996409335727,0.005385996409335727,0.0,0.0,0.0,0.0,201868.0,81322.0,4.95373e-06,0.622204,0.324167,0.0536242,0.000867859,0.999132,0.503992,0.0,98879400.0,-1508650.0,70.8943,-2501.04,-35.2784,41969.4,-1480620.0,592.0,99.9443,4.37806,15898.6,4.76686
normalized-minisat35_4_11_6_mh_ic.opb,120855.0,437504.0,0.0,0.0,1e+20,1e+20,-1e+20,1e+20,0.0,0.0,5.100449,0.0,0.0,229808.52443723544,2645521.544206115,0.3672112988091941,0.00027693159789531985,0.36748823040708944,0.0,0.0,0.0,0.0,286973.0,126385.0,0.0,0.431382,0.549442,0.019176,0.0472158,0.952784,0.394092,0.999246,109887000.0,1041020.0,358.687,4280.16,11.9329,89851.1,1072180.0,250.5,118.494,2.39442,6962.86,4.6395
normalized-BA_RDC4.dot_fibo_50null20mast_rapportOE1.0_TMAX60_K67_cod2_pbEq1_newVersion_ladder.opb,50537.0,50710.0,0.0,0.0,1e+20,1e+20,-1e+20,1e+20,0.0,0.0,5.309863,0.0,0.0,-14.924337817564743,388.46779899147606,0.0,0.0029881212955903693,0.0029881212955903693,0.0,0.0,0.0,0.0,201868.0,81322.0,4.95373e-06,0.622204,0.324167,0.0536242,0.00048167,0.999518,0.503992,0.0,97882600.0,89309.9,125.961,131.337,1.04268,68333.8,71250.1,542.5,182.55,4.1547,7628.73,4.74817
normalized-hw128-vm90p-opt.opb.negationfix.opb,163002.0,1535.0,0.0,0.0,1e+20,1e+20,-1e+20,1e+20,0.0,0.0,5.065423,0.0,0.0,0.000782472613458529,0.02796176586104169,0.000782472613458529,0.0,0.000782472613458529,0.0,0.0,0.0,0.0,2812.0,163584.0,0.0,0.0,0.0,1.0,0.000196002,0.999804,0.251127,1.0,104114000.0,1060020.0,498.375,856.946,1.71948,414150.0,712122.0,831.0,25.7258,5.76308,930.551,4.45518
normalized-vtxcov_v2000_e4000_18.opb.PB06.opb,1544.0,2972.0,1544.0,1.0,1080.0,1080.0,1001.2105263157895,0.07869421226935813,0.0,7821.0,5.003226,5.0654145077720205,19.0,1.0,0.0,1.0,0.0,1.0,0.0,0.0,0.0,1.9257105943152455,4000.0,1964.0,0.0,1.0,0.0,0.0,0.19711,0.80289,1.0,1.0,89580000.0,-129137.0,33.9929,-69.1227,-2.03345,127388.0,-259037.0,3747.5,743.461,18.5514,61.4165,4.8463
normalized-BA_RDC4.dot_unif_50null10mast_rapportOE1.0_TMAX180_K67_cod2.opb,21948.0,22013.0,0.0,0.0,1e+20,1e+20,-1e+20,1e+20,0.0,0.0,5.113568,0.0,0.0,-3.472628673327308,51.82661277037758,0.0,0.005935950362752522,0.005935950362752522,0.0,0.0,0.0,0.0,41436.0,40937.0,2.41336e-05,0.0940245,0.618013,0.287938,0.00108743,0.998913,0.598238,0.0,0.0,0.0,0.0,0.0,0.0,0.0,0.0,0.0,0.0,0.0,0.0,5.0
normalized-frb53-24-5.opb,1272.0,94226.0,1272.0,1.0,-34.0,-34.0,-636.0,17.705882352941178,0.0,1272.0,5.018326,1.0,4.0,-1.0,0.0,0.0,1.0,1.0,0.0,0.0,0.0,2.0004669475426886,94226.0,1272.0,0.0,1.0,0.0,0.0,0.00670448,0.993296,0.0,0.0,59917600.0,-58773.5,11.1217,9.33347,0.839213,97242.6,81607.2,8743.5,5112.04,37.2391,13.4594,4.59277
normalized-BA_RDC4.dot_luby_50null0mast_rapportOE1.0_TMAX300_K67_cod1.opb,21689.0,22017.0,0.0,0.0,1e+20,1e+20,-1e+20,1e+20,0.0,0.0,5.00454,0.0,0.0,-1.3721786853229834,4.76381902639167,0.0,0.39647969147857903,0.39647969147857903,0.0,0.0,0.0,0.0,40950.0,40451.0,2.442e-05,0.0951404,0.625348,0.279487,0.0674089,0.932591,0.455087,0.0,95879700.0,-233470.0,42.98,-147.163,-3.42399,83037.3,-284319.0,1932.0,843.457,10.8812,-45.5083,4.85199
normalized-NG.dot_fibo_10null0mast_rapportOE2.0_TMAX300_K192_cod2.opb,400896.0,400786.0,0.0,0.0,1e+20,1e+20,-1e+20,1e+20,0.0,0.0,5.265623,0.0,0.0,-3.5521456936462323,122.56345483749007,0.0,0.004003532088122605,0.004003532088122605,0.0,0.0,0.0,0.0,402763.0,400896.0,0.0,0.0607007,0.329586,0.609713,0.000685739,0.999314,0.63328,0.0,134218000.0,829441.0,149922.0,279706.0,1.86568,374804.0,699265.0,2.5,1.33333,1.0,2792.5,4.41643
normalized-BA_RDC4.dot_luby_20null10mast_rapportOE1.0_TMAX15_K67_cod2_pbEq1_newVersion_ladder.opb,54700.0,54873.0,0.0,0.0,1e+20,1e+20,-1e+20,1e+20,0.0,0.0,5.334401,0.0,0.0,-0.16617889378028086,6.2399278260931235,0.0,0.004783453432035611,0.004783453432035611,0.0,0.0,0.0,0.0,201868.0,81322.0,4.95373e-06,0.622204,0.324167,0.0536242,0.000770845,0.999229,0.503992,0.0,100505000.0,1768860.0,136.826,3301.27,24.1275,72380.9,1746370.0,529.0,131.354,4.10859,5900.75,4.72713
Init-x2-i7_pp_97.opb,29750.0,26148.0,0.0,0.0,1e+20,1e+20,-1e+20,1e+20,0.0,0.0,5.013843,0.0,0.0,0.08972287809121411,0.2857843299382302,0.08972287809121411,0.0,0.08972287809121411,0.0,0.0,0.0,0.0,32189.0,32188.0,0.0319364,0.789245,0.0234242,0.155395,0.0176792,0.982321,0.963158,1.0,82189800.0,-444847.0,177.001,412.512,2.33057,279130.0,650531.0,1577.0,410.416,9.37052,-777.254,4.64378
normalized-injcomp_opt_4layers_maxfirst_lastlayerdiv2_size_28.opb,2408.0,2244.0,2408.0,1.0,-8.0,-8.0,-28.0,2.5,0.0,12709.0,5.000457,5.277823920265781,13.0,-0.24561403508771928,0.4304506718029929,0.0,0.24561403508771928,0.24561403508771928,0.0,0.0,0.0,1.2231285988483684,1358.0,3192.0,0.0,0.0,0.865979,0.134021,0.0858896,0.91411,0.288591,0.0,74103900.0,117726.0,26.5293,-6.78281,-0.255672,152570.0,-39007.9,5751.0,2456.07,26.0992,33.1206,4.76507
SMTI_50000_3_0.85_3.opb,228039.0,224231.0,0.0,0.0,1e+20,1e+20,-1e+20,1e+20,0.0,0.0,9.916231,0.0,0.0,0.4,0.48989794855663565,0.4,0.0,0.4,0.0,0.0,0.0,0.0,250001.0,250000.0,0.0125639,0.0404398,0.108816,0.838181,0.0708897,0.92911,0.961851,1.0,134218000.0,2147950.0,10578.9,17074.8,1.61404,841024.0,1357450.0,79.5,0.91875,1.375,233.422,3.40504
normalized-comppebphp_opt_pyrheightequalsnholes_38.opb,1157520.0,64506.0,0.0,0.0,1e+20,1e+20,-1e+20,1e+20,0.0,0.0,5.845904,0.0,0.0,0.0013477088948787063,0.03668640859519177,0.0013477088948787063,0.0,0.0013477088948787063,0.0,0.0,0.0,0.0,64506.0,1157520.0,0.0,0.0,0.0,1.0,0.000621881,0.999378,0.499588,1.0,134218000.0,-14750.5,-31.8195,39.1341,-1.22988,-118353.0,145559.0,3719.5,85.1989,17.6602,1586.2,3.35048
normalized-ex1010.pi.opb,13351.0,1466.0,13351.0,1.0,282.0,282.0,0.0,1e+20,0.0,12126.0,5.000756,0.9082465732903903,4.0,1.0,0.0,1.0,0.0,1.0,0.0,0.0,0.0,0.0,1468.0,25200.0,0.0,0.0,0.0,1.0,0.197936,0.802064,1.0,1.0,132680000.0,1436420.0,139.886,3203.73,22.9025,60990.3,1396830.0,436.0,10.3654,3.64605,-71975.2,4.8517
normalized-NG.dot_unif_20null20mast_rapportOE2.0_TMAX60_K192_cod1.opb,331117.0,332434.0,0.0,0.0,1e+20,1e+20,-1e+20,1e+20,0.0,0.0,5.490482,0.0,0.0,-429.8331500101475,397.4762791168741,0.0,0.6829068459308517,0.6829068459308517,0.0,0.0,0.0,0.0,400980.0,399113.0,0.0,0.0609706,0.331051,0.607978,0.104571,0.895429,0.48797,0.0,134218000.0,465436.0,28355.1,8263.97,0.291446,368616.0,107432.0,13.0,0.0,1.0,0.0,4.40554
normalized-BA_RDC4.dot_unif_10null50mast_rapportOE1.0_TMAX300_K67_cod2_pbEq1_newVersion_sequential.opb,72824.0,145712.0,0.0,0.0,1e+20,1e+20,-1e+20,1e+20,0.0,0.0,5.032951,0.0,0.0,-4.079978357639999,60.70007577016888,0.0,0.005385996409335727,0.005385996409335727,0.0,0.0,0.0,0.0,161483.0,81322.0,6.1926e-06,0.770954,0.15858,0.0704594,0.00103321,0.998967,0.504753,0.0,100303000.0,-5112280.0,973.886,-28352.6,-29.1129,180656.0,-5259410.0,185.5,56.2715,1.92473,14480.9,4.61353
normalized-oct5.5.opb,9561.0,27508.0,9561.0,1.0,1e+20,1e+20,0.0,1e+20,0.0,5322.0,5.013459,0.55663633511139,0.0,0.021906146179401995,0.564779692292501,0.0026993355481727574,0.0,0.0026993355481727574,9.999999999999996e+98,3.642504172923242e+83,1e+99,2.030526277398884,29620.0,9632.0,0.0,0.557731,0.175827,0.266442,0.000249554,0.99975,0.415323,1.0,60783600.0,10829.8,2.17019,-2.32599,-1.07179,33143.2,-35522.5,15272.0,10579.9,57.7421,-4.95353,4.76681
normalized-wnq_n100_mw99_12.opb.PB06.opb,10000.0,656900.0,0.0,0.0,1e+20,1e+20,-1e+20,1e+20,0.0,0.0,5.226159,0.0,0.0,49.5618,28.73914022304773,1.0,0.0,1.0,0.0,0.0,0.0,0.0,656900.0,10000.0,0.0,0.999696,0.0,0.00030446,0.0074438,0.992556,0.0149993,1.0,122177000.0,546414.0,393.672,521.435,1.32454,238959.0,316511.0,607.0,528.422,4.44033,1327.78,4.16078
normalized-BA_RDC4.dot_luby_0null50mast_rapportOE1.0_TMAX15_K67_cod2_pbEq1_newVersion_ladder.opb,41220.0,41386.0,0.0,0.0,1e+20,1e+20,-1e+20,1e+20,0.0,0.0,5.015042,0.0,0.0,-0.7764073682398367,13.984564904615075,0.0,0.005976242591180739,0.005976242591180739,0.0,0.0,0.0,0.0,201868.0,81322.0,4.95373e-06,0.622204,0.324167,0.0536242,0.000962876,0.999037,0.503992,0.0,91596300.0,-1087120.0,119.512,-2168.22,-18.1423,60532.6,-1098200.0,506.5,279.531,4.01578,2254.08,4.74898
normalized-NG.dot_luby_20null50mast_rapportOE1.0_TMAX180_K192_cod2.opb,400896.0,400786.0,0.0,0.0,1e+20,1e+20,-1e+20,1e+20,0.0,0.0,5.279186,0.0,0.0,-2.28096563697318,48.222849187390985,0.0,0.0035595266602809704,0.0035595266602809704,0.0,0.0,0.0,0.0,402763.0,400896.0,0.0,0.0607007,0.329586,0.609713,0.000609734,0.99939,0.63328,0.0,134218000.0,1544700.0,77173.2,299718.0,3.88371,385866.0,1498590.0,5.0,2.45455,1.0,21764.8,4.38646
normalized-50-250-false-45-90-4-10000opt.opb,1816.0,61235.0,1816.0,1.0,-132.0,-132.0,-316.0,1.393939393939394,0.0,3780.0,5.002478,2.0814977973568283,5.0,-0.17580246913580247,0.7239856491953531,0.0,0.06666666666666667,0.06666666666666667,0.0,0.0,0.0,2.010935303540488,62225.0,2025.0,0.0,0.0188027,0.981197,0.0,0.000727214,0.999273,0.330099,0.0,45064000.0,9926.56,2.49697,-2.70991,-1.08528,32509.3,-35281.6,13019.5,10220.5,50.3052,3.98105,4.85966
normalized-BA_RDC4.dot_luby_10null0mast_rapportOE1.0_TMAX180_K67_cod2_pbEq1_newVersion_product.opb,52558.0,135477.0,0.0,0.0,1e+20,1e+20,-1e+20,1e+20,0.0,0.0,5.048981,0.0,0.0,-0.02764736567553469,0.8408998240852985,0.0,0.007616066770996349,0.007616066770996349,0.0,0.0,0.0,0.0,149401.0,57510.0,6.6934e-06,0.752431,0.171404,0.0761575,0.00109567,0.998904,0.589766,0.0,100611000.0,235075.0,46.3555,121.88,2.62925,74586.1,196106.0,1609.0,1487.98,9.48618,369.658,4.78269
normalized-BA_RDC4.dot_luby_0null50mast_rapportOE1.0_TMAX300_K67_cod1.opb,36184.0,36738.0,0.0,0.0,1e+20,1e+20,-1e+20,1e+20,0.0,0.0,5.019065,0.0,0.0,-102.86445328916467,124.25578171833679,0.0,0.7929593829571581,0.7929593829571581,0.0,0.0,0.0,0.0,40950.0,40451.0,2.442e-05,0.0951404,0.625348,0.279487,0.126304,0.873696,0.455087,0.0,106314000.0,960773.0,154.912,780.144,5.03604,164594.0,828903.0,1062.5,351.159,7.14111,-63.9279,4.57846
normalized-BA_RDC4.dot_unif_20null0mast_rapportOE2.0_TMAX15_K67_cod2_pbEq1_newVersion_sequential.opb,72824.0,145712.0,0.0,0.0,1e+20,1e+20,-1e+20,1e+20,0.0,0.0,5.051236,0.0,0.0,-2.402228179336465,39.765593375683174,0.0,0.004783453432035611,0.004783453432035611,0.0,0.0,0.0,0.0,161483.0,81322.0,6.1926e-06,0.770954,0.15858,0.0704594,0.000917732,0.999082,0.504753,0.0,109669000.0,-123407.0,161.084,-298.209,-1.85126,74340.3,-137623.0,461.5,91.7522,3.8355,7677.51,4.75814
SMTI_50000_5_0.85_10.opb,340622.0,338868.0,0.0,0.0,1e+20,1e+20,-1e+20,1e+20,0.0,0.0,5.011614,0.0,0.0,0.2857142857142857,0.4517539514526256,0.2857142857142857,0.0,0.2857142857142857,0.0,0.0,0.0,0.0,350001.0,350000.0,0.00161428,0.00798855,0.0197628,0.970634,0.0337959,0.966204,0.982511,1.0,134218000.0,1175640.0,33583.2,6878.82,0.204829,1024290.0,209804.0,30.5,3.32258,1.0,20.7136,3.05115
normalized-BA_RDC4.dot_unif_10null50mast_rapportOE1.0_TMAX300_K67_cod1.opb,33346.0,33853.0,0.0,0.0,1e+20,1e+20,-1e+20,1e+20,0.0,0.0,5.042469,0.0,0.0,-554.9279869471707,439.6306609807385,0.0,0.7146424068626239,0.7146424068626239,0.0,0.0,0.0,0.0,40950.0,40451.0,2.442e-05,0.0951404,0.625348,0.279487,0.115267,0.884733,0.455087,0.0,117807000.0,2004190.0,253.598,3799.14,14.981,127433.0,1909070.0,502.5,170.352,3.93638,4545.39,4.52989
normalized-BA_RDC4.dot_luby_10null0mast_rapportOE2.0_TMAX15_K67_cod2_pbEq1_newVersion_binary.opb,43616.0,288563.0,0.0,0.0,1e+20,1e+20,-1e+20,1e+20,0.0,0.0,5.056402,0.0,0.0,-0.03387712289941753,0.7659508330181152,0.0,0.009774822022361579,0.009774822022361579,0.0,0.0,0.0,0.0,297596.0,44809.0,3.36026e-06,0.875714,0.0860495,0.038233,0.000629178,0.999371,0.385501,0.0,100591000.0,-1159770.0,120.566,-2537.28,-21.0448,56002.9,-1178570.0,464.5,115.667,3.84731,5539.1,4.69834
normalized-BA_RDC4.dot_luby_50null50mast_rapportOE1.0_TMAX300_K67_cod2_pbEq1_newVersion_sequential.opb,72824.0,145712.0,0.0,0.0,1e+20,1e+20,-1e+20,1e+20,0.0,0.0,5.0377,0.0,0.0,-0.0029881212955903693,0.05458197895563341,0.0,0.0029881212955903693,0.0029881212955903693,0.0,0.0,0.0,0.0,161483.0,81322.0,6.1926e-06,0.770954,0.15858,0.0704594,0.000573485,0.999427,0.504753,0.0,100971000.0,2246910.0,1357.09,40850.7,30.1016,73283.1,2205940.0,54.0,18.5138,1.08257,14421.4,4.76162
normalized-hw128-vm99p-opt.opb.negationfix.opb,179969.0,1667.0,0.0,0.0,1e+20,1e+20,127.0,1e+20,0.0,0.0,5.055284,0.0,0.0,0.0007087172218284905,0.026612308087198576,0.0007087172218284905,0.0,0.0007087172218284905,0.0,0.0,0.0,0.0,3078.0,180608.0,0.0,0.0,0.0,1.0,0.000177557,0.999822,0.25111,1.0,92914300.0,870869.0,579.254,600.343,1.03641,452397.0,468868.0,781.0,18.8228,5.45361,17283.1,4.46252
normalized-j3029_3.std.opb,15606.0,35863.0,0.0,0.0,1e+20,1e+20,-1e+20,1e+20,0.0,0.0,5.006623,0.0,0.0,2.4193548387096775,21.882050669881256,0.016075447433286892,0.0,0.016075447433286892,0.0,0.0,0.0,0.0,62675.0,18662.0,0.00311129,0.8314,0.146342,0.0191464,0.0017833,0.998217,0.365593,1.0,94065000.0,-95689.4,11.6979,4.33791,0.370827,107369.0,39815.5,9178.5,8570.23,38.4841,4.47878,4.81212
normalized-minisat100_4_32_9.opb,10100.0,10404.0,10100.0,1.0,261542221.0,261542221.0,-3.0,1e+20,0.0,7108.0,5.001307,0.7037623762376237,1.0,7333162.918217822,14255588.857125202,0.9801980198019802,0.0049504950495049506,0.9851485148514851,9.999999999999998e+98,1.2141680576410807e+83,1e+99,3.686082276047674,30206.0,20200.0,0.0,0.65881,0.163875,0.177316,0.13249,0.86751,0.615503,0.994975,89079100.0,781351.0,263.808,4518.94,17.1297,44187.8,756923.0,167.5,8.9494,1.80952,227894.0,4.88416
normalized-NG.dot_unif_20null20mast_rapportOE2.0_TMAX60_K192_cod2.opb,400896.0,400786.0,0.0,0.0,1e+20,1e+20,-1e+20,1e+20,0.0,0.0,5.271437,0.0,0.0,-2.207797034642401,41.95621795284082,0.0,0.0035595266602809704,0.0035595266602809704,0.0,0.0,0.0,0.0,402763.0,400896.0,0.0,0.0607007,0.329586,0.609713,0.000609734,0.99939,0.63328,0.0,134218000.0,800064.0,738546.0,1661640.0,2.24988,369273.0,830820.0,0.5,0.0,1.0,0.0,4.41872
normalized-gpc-4.1.cudf.trendy.opb,12188.0,70588.0,0.0,0.0,1e+20,1e+20,-1e+20,1e+20,0.0,0.0,5.002833,0.0,0.0,11124138285.206501,27530652436.55483,0.406937073540561,0.0,0.406937073540561,0.0,0.0,0.0,0.0,100040.0,21104.0,0.0117553,0.342983,0.272531,0.372731,0.0251566,0.974843,0.627142,1.0,133023000.0,-492092.0,-1697.14,747.145,-0.440238,-857055.0,377308.0,505.0,576.841,4.02176,120.715,3.16236
normalized-BA_RDC4.dot_unif_0null10mast_rapportOE2.0_TMAX300_K67_cod2_pbEq1_newVersion.opb,36668.0,36737.0,0.0,0.0,1e+20,1e+20,-1e+20,1e+20,0.0,0.0,5.035801,0.0,0.0,-6.416224930991524,68.03780853085824,0.0,0.011871900725505044,0.011871900725505044,0.0,0.0,0.0,0.0,40882.0,40937.0,2.44606e-05,0.0952742,0.626388,0.278313,0.00265914,0.997341,0.729932,0.0,86053300.0,-741139.0,132.504,628.681,4.74461,168678.0,800311.0,1273.0,532.837,8.26188,-398.907,4.76398
normalized-bogr_5.opb,74.0,192.0,0.0,0.0,11.0,11.0,11.0,0.0,0.0,83.0,0.05313,1.1216216216216217,2.0,0.3333333333333333,1.534781924429512,0.06666666666666667,0.0,0.06666666666666667,-0.0004664179104477612,0.005378993747514365,-0.0625,0.0,105.0,75.0,0.00952381,0.0,0.0,0.990476,0.00315457,0.996845,0.5,1.0,128849000.0,348.36,2.13333,31.0767,14.5672,25.6,372.92,12.0,5.64,1.0,17.6596,0.001211
SMTI_25000_5_0.95_7.opb,173418.0,160838.0,0.0,0.0,1e+20,1e+20,-1e+20,1e+20,0.0,0.0,6.291555,0.0,0.0,0.2857142857142857,0.45175395145262576,0.2857142857142857,0.0,0.2857142857142857,0.0,0.0,0.0,0.0,175001.0,175000.0,0.000971423,0.00549711,0.0140456,0.979486,0.0315129,0.968487,0.983731,1.0,134218000.0,2918270.0,14806.9,7636.35,0.51573,1954510.0,1008000.0,132.0,82.7962,1.62264,406.31,2.68681
normalized-BA_RDC4.dot_luby_50null20mast_rapportOE2.0_TMAX15_K67_cod2_pbEq1_newVersion_sequential.opb,71579.0,145712.0,0.0,0.0,1e+20,1e+20,-1e+20,1e+20,0.0,0.0,5.219,0.0,0.0,-0.31117040899141685,8.841605357788588,0.0,0.0029881212955903693,0.0029881212955903693,0.0,0.0,0.0,0.0,161483.0,81322.0,6.1926e-06,0.770954,0.15858,0.0704594,0.000573485,0.999427,0.504753,0.0,108222000.0,1535570.0,195.098,3140.92,16.0992,92574.2,1490370.0,474.5,109.309,3.89474,9769.42,4.72166
normalized-NG.dot_fibo_0null50mast_rapportOE2.0_TMAX15_K192_cod1.opb,399113.0,400786.0,0.0,0.0,1e+20,1e+20,-1e+20,1e+20,0.0,0.0,5.239689,0.0,0.0,-5002.082079511316,5237.965936639722,0.0,0.8532746365064531,0.8532746365064531,0.0,0.0,0.0,0.0,400980.0,399113.0,0.0,0.0609706,0.331051,0.607978,0.127336,0.872664,0.48797,0.0,134218000.0,656104.0,738515.0,1229790.0,1.66522,369258.0,614896.0,0.5,0.0,1.0,0.0,4.36734
normalized-NG.dot_fibo_0null0mast_rapportOE2.0_TMAX15_K192_cod1.opb,399113.0,400786.0,0.0,0.0,1e+20,1e+20,-1e+20,1e+20,0.0,0.0,5.472112,0.0,0.0,-757.5097528770048,1617.118405758766,0.0,0.8532746365064531,0.8532746365064531,0.0,0.0,0.0,0.0,400980.0,399113.0,0.0,0.0609706,0.331051,0.607978,0.127336,0.872664,0.48797,0.0,134218000.0,475176.0,147535.0,71329.1,0.483472,368838.0,178323.0,2.5,0.0,1.0,0.0,4.32448
normalized-BA_RDC4.dot_luby_50null0mast_rapportOE2.0_TMAX300_K67_cod2_pbEq1_newVersion_sequential.opb,72824.0,145712.0,0.0,0.0,1e+20,1e+20,-1e+20,1e+20,0.0,0.0,5.047033,0.0,0.0,-0.011411426182336882,0.46425314004765333,0.0,0.0029881212955903693,0.0029881212955903693,0.0,0.0,0.0,0.0,161483.0,81322.0,6.1926e-06,0.770954,0.15858,0.0704594,0.000573485,0.999427,0.504753,0.0,111141000.0,-109870.0,53.0797,-108.705,-2.04797,64651.0,-132403.0,1218.0,1104.57,7.99836,574.845,4.77143
normalized-NG.dot_luby_0null50mast_rapportOE1.0_TMAX300_K192_cod1.opb,399113.0,400786.0,0.0,0.0,1e+20,1e+20,-1e+20,1e+20,0.0,0.0,5.402781,0.0,0.0,-438.8358434829234,504.7495892844529,0.0,0.8532746365064531,0.8532746365064531,0.0,0.0,0.0,0.0,400980.0,399113.0,0.0,0.0609706,0.331051,0.607978,0.127336,0.872664,0.48797,0.0,134218000.0,469999.0,22341.0,6733.26,0.301386,368626.0,111099.0,16.5,0.0,1.0,0.0,4.33768
normalized-mps-v2-20-10-maros.opb,21.0,31.0,0.0,0.0,344750.0,344750.0,344750.0,0.0,0.0,399.0,0.110206,19.0,26.0,167032331.04444444,651712086.3113151,1.0,0.0,1.0,6.249999999999999e+98,4.8412291827592714e+98,0.0,0.0,6.0,90.0,0.0,0.0,0.0,1.0,0.214286,0.785714,0.272727,1.0,101058000.0,1561.32,10.5866,27.5784,2.60504,444.635,1158.29,42.0,9.36471,1.0,131.613,0.0041
normalized-fir10_trarea_ac.opb,14202.0,18563.0,14202.0,1.0,80499.0,80499.0,72986.0,0.10293754966705944,0.0,1858.0,5.00527,0.13082664413462894,5.0,885.713183782978,907.6179143688249,0.4979877776121628,0.0,0.4979877776121628,1.0000000000000001e+99,1.2141680576410807e+83,1e+99,0.3369121973881175,55586.0,26836.0,8.99507e-05,0.757277,0.136275,0.106358,0.0865169,0.913483,0.481903,1.0,126191000.0,467782.0,255.711,3018.18,11.8031,38356.6,452727.0,150.0,40.0,1.6711,31526.5,4.87918
normalized-ped3.F.recomb10-0.10-8.opb,30273.0,255922.0,0.0,0.0,1e+20,1e+20,-1e+20,1e+20,0.0,0.0,5.075813,0.0,0.0,22.597696863661785,84.81450894575511,0.07113048715779209,0.0,0.07113048715779209,0.0,0.0,0.0,0.0,706964.0,69731.0,0.020977,0.501538,0.477012,0.000473857,0.00275803,0.997242,0.680729,1.0,94959100.0,619469.0,695.657,-30.4471,-0.0437675,695309.0,-30431.9,999.5,784.672,6.8275,528.179,3.88946
normalized-BA_RDC4.dot_fibo_0null20mast_rapportOE2.0_TMAX300_K67_cod2_pbEq1_newVersion.opb,36668.0,36737.0,0.0,0.0,1e+20,1e+20,-1e+20,1e+20,0.0,0.0,5.03027,0.0,0.0,-33.10623641204778,558.5536584243056,0.0,0.011871900725505044,0.011871900725505044,0.0,0.0,0.0,0.0,40882.0,40937.0,2.44606e-05,0.0952742,0.626388,0.278313,0.00265914,0.997341,0.729932,0.0,92616000.0,-113653.0,63.5151,-107.11,-1.68638,118614.0,-200029.0,1867.5,843.053,10.594,-104.326,4.83355
normalized-ssa7552-038.opb,355.0,642.0,0.0,0.0,1448.0,1448.0,1448.0,0.0,0.0,3331.0,1.074853,9.383098591549295,4.0,1.0,0.0,1.0,0.0,1.0,0.0,0.0,0.0,0.0,5076.0,3002.0,0.000788022,0.812648,0.161742,0.0248227,0.210637,0.789363,0.733156,1.0,67150700.0,126280.0,86.3494,-33.833,-0.391815,207584.0,-81334.6,2404.0,2384.86,13.1489,177.04,4.8157
normalized-fir04_area_opers.opb,897.0,936.0,0.0,0.0,29.0,29.0,29.0,0.0,0.0,55.0,0.09006,0.06131549609810479,3.0,0.5446096654275093,0.49800600172131027,0.5446096654275093,0.0,0.5446096654275093,0.0,0.0,0.0,0.0,2783.0,1614.0,0.00107797,0.728351,0.190442,0.0801294,0.110233,0.889767,0.500775,1.0,131313000.0,65985.4,31.2629,550.306,17.6025,3595.23,63285.2,115.0,44.9654,1.5671,1254.2,0.049734
normalized-j12038_5.std.opb,54325.0,121523.0,0.0,0.0,1e+20,1e+20,-1e+20,1e+20,0.0,0.0,5.030439,0.0,0.0,0.6198347107438017,11.126066629782756,0.004118503061420609,0.0,0.004118503061420609,0.0,0.0,0.0,0.0,245138.0,72842.0,0.0032186,0.846132,0.145755,0.0048952,0.000449696,0.99955,0.365324,1.0,121233000.0,253002.0,63.4793,49.5122,0.779973,179424.0,139946.0,2826.5,2433.34,15.2936,113.129,4.60064
normalized-NG.dot_fibo_10null20mast_rapportOE1.0_TMAX300_K192_cod2.opb,400896.0,400786.0,0.0,0.0,1e+20,1e+20,-1e+20,1e+20,0.0,0.0,5.2642240000000005,0.0,0.0,-12.574049129948914,343.83689458792117,0.0,0.004003532088122605,0.004003532088122605,0.0,0.0,0.0,0.0,402763.0,400896.0,0.0,0.0607007,0.329586,0.609713,0.000685739,0.999314,0.63328,0.0,130747000.0,2605460.0,6514.56,41772.4,6.41216,374587.0,2401910.0,57.5,20.7586,1.12931,3964.12,4.41362
normalized-minisat50_6_9_4_ic.opb,121375.0,475554.0,0.0,0.0,1e+20,1e+20,-1e+20,1e+20,0.0,0.0,5.180913,0.0,0.0,395173.28650159744,4248617.449614605,0.058706070287539935,0.00039936102236421724,0.05910543130990415,0.0,0.0,0.0,0.0,250157.0,125200.0,0.0,0.0295814,0.945106,0.0253121,0.00746947,0.992531,0.503865,0.993243,76605600.0,1319970.0,210.91,4332.8,20.5433,66964.0,1375660.0,317.5,135.437,2.92767,3877.34,4.69669
normalized-ns1745726.opb,1679.0,4370.0,0.0,0.0,1e+20,1e+20,-1e+20,1e+20,0.0,0.0,5.00147,0.0,0.0,0.17487531172069826,1.9684936509370607,0.010286783042394014,0.0,0.010286783042394014,0.0,0.0,0.0,0.0,4687.0,3208.0,0.000426712,0.00725411,0.0657137,0.926606,0.000365404,0.999635,0.191708,1.0,62129100.0,476201.0,48.159,373.838,7.76257,54491.9,422997.0,1131.5,657.158,7.5583,384.171,1.34505
normalized-j12023_6.std.opb,52044.0,113919.0,0.0,0.0,1e+20,1e+20,-1e+20,1e+20,0.0,0.0,5.007433,0.0,0.0,0.6198347107438017,11.126066629782756,0.004118503061420609,0.0,0.004118503061420609,0.0,0.0,0.0,0.0,245109.0,72842.0,0.00321898,0.846113,0.145772,0.00489578,0.000536616,0.999463,0.435921,1.0,134218000.0,122131.0,706.714,51399.5,72.7302,2473.5,179898.0,3.5,2.625,1.0,68.5714,0.644288
normalized-BA_RDC4.dot_unif_10null0mast_rapportOE1.0_TMAX15_K67_cod2_pbEq1_newVersion_binary.opb,43616.0,288563.0,0.0,0.0,1e+20,1e+20,-1e+20,1e+20,0.0,0.0,5.067574,0.0,0.0,-4.882478966279096,56.811108464773305,0.0,0.009774822022361579,0.009774822022361579,0.0,0.0,0.0,0.0,297596.0,44809.0,3.36026e-06,0.875714,0.0860495,0.038233,0.000629178,0.999371,0.385501,0.0,104601000.0,1381370.0,90.1416,1901.66,21.0964,64090.7,1352080.0,711.0,245.502,5.0506,4306.0,4.67211
normalized-BA_RDC4.dot_fibo_10null20mast_rapportOE1.0_TMAX180_K67_cod1.opb,33368.0,33875.0,0.0,0.0,1e+20,1e+20,-1e+20,1e+20,0.0,0.0,5.022416,0.0,0.0,-2270.1774492595982,4008.8329739976107,0.0,0.7146424068626239,0.7146424068626239,0.0,0.0,0.0,0.0,40950.0,40451.0,2.442e-05,0.0951404,0.625348,0.279487,0.115267,0.884733,0.455087,0.0,99774600.0,-682035.0,198.63,-794.868,-4.00176,217400.0,-869983.0,1094.5,331.192,7.35708,-2452.07,4.68585
normalized-maxcut_opt_complete_6-partite_inlv_nvert_66.opb,2145.0,183040.0,0.0,0.0,0.0,0.0,-1e+20,1e+20,0.0,0.0,5.000044,0.0,1.0,-0.8461538461538461,0.36080121229411,0.0,0.8461538461538461,0.8461538461538461,0.0,0.0,0.0,0.0,183040.0,2145.0,0.0,0.0,1.0,0.0,0.0032944,0.996706,0.5,0.0,88804700.0,-164908.0,29.9869,-96.6085,-3.22169,74652.4,-240507.0,2489.5,1653.51,13.6201,-38.6305,4.73264
normalized-minisat50_4_16_1_mh_ic.opb,360300.0,843055.0,0.0,0.0,1e+20,1e+20,-1e+20,1e+20,0.0,0.0,5.028758,0.0,0.0,209513.4269673238,2423675.0641188785,0.3572778827977316,0.00013502565487442613,0.357412908452606,0.0,0.0,0.0,0.0,847958.0,370300.0,0.0,0.430564,0.556189,0.0132471,0.045532,0.954468,0.393202,0.999622,95252200.0,204419.0,3081.33,6017.52,1.9529,189502.0,370077.0,61.5,30.0242,1.18548,7648.02,4.07535
SMTI_50000_5_0.85_4.opb,340306.0,338518.0,0.0,0.0,1e+20,1e+20,-1e+20,1e+20,0.0,0.0,5.14512,0.0,0.0,0.2857142857142857,0.4517539514526256,0.2857142857142857,0.0,0.2857142857142857,0.0,0.0,0.0,0.0,350001.0,350000.0,0.00174285,0.00784855,0.0199514,0.970457,0.0337517,0.966248,0.982535,1.0,134218000.0,1290700.0,13070.6,9428.72,0.721368,771166.0,556295.0,59.0,3.07563,1.15966,70.5246,3.32859
normalized-BA_RDC4.dot_luby_10null50mast_rapportOE2.0_TMAX300_K67_cod2_pbEq1_newVersion_binary.opb,43616.0,288563.0,0.0,0.0,1e+20,1e+20,-1e+20,1e+20,0.0,0.0,5.051853,0.0,0.0,-1.4038251244169697,18.813401311912376,0.0,0.009774822022361579,0.009774822022361579,0.0,0.0,0.0,0.0,297596.0,44809.0,3.36026e-06,0.875714,0.0860495,0.038233,0.000629178,0.999371,0.385501,0.0,107781000.0,1601180.0,886.921,24088.4,27.1596,58093.3,1577790.0,65.5,27.1439,1.24242,11852.7,4.74237
normalized-fx63.opb,2466.0,1126.0,2466.0,1.0,1e+20,1e+20,6.0,1e+20,0.0,25291.0,5.000365,10.2558799675588,0.0,0.0018656716417910447,0.04315311009783724,0.0018656716417910447,0.0,0.0018656716417910447,0.0,0.0,0.0,4.525862068965517,3658.0,3216.0,0.0,0.877529,0.0,0.122471,0.000177336,0.999823,0.189961,1.0,79558600.0,112778.0,7.00427,9.34862,1.3347,46322.8,61827.1,6613.5,1330.88,29.713,-33.9736,4.88128
normalized-mps-v2-20-10-danoint.opb,7802.0,1470.0,7802.0,1.0,1e+20,1e+20,64142.46869458124,1e+20,0.0,17438.0,5.008471,2.2350679312996666,0.0,77258.72952942869,5257947.080634058,0.0021585839689163906,0.0,0.0021585839689163906,0.0296281829410095,1.120399835269479,-1.5999218788145153,129636.67116883116,672.0,13898.0,0.0,0.0,0.0,1.0,0.000387507,0.999612,0.345325,1.0,66895400.0,-215418.0,34.6007,72.1768,2.08599,125047.0,260847.0,3614.0,972.936,18.4541,162.012,4.77136
normalized-BA_RDC4.dot_luby_0null50mast_rapportOE1.0_TMAX180_K67_cod2.opb,36668.0,36737.0,0.0,0.0,1e+20,1e+20,-1e+20,1e+20,0.0,0.0,5.014156,0.0,0.0,-1.538192832889562,19.670240237859712,0.0,0.011871900725505044,0.011871900725505044,0.0,0.0,0.0,0.0,41436.0,40937.0,2.41336e-05,0.0940245,0.618013,0.287938,0.0021725,0.997827,0.598238,0.0,97351100.0,2387840.0,341.687,10072.0,29.4773,79442.3,2341750.0,232.5,56.912,2.27682,14231.5,4.82136
normalized-BA_RDC4.dot_unif_10null10mast_rapportOE1.0_TMAX300_K67_cod2.opb,33762.0,33831.0,0.0,0.0,1e+20,1e+20,-1e+20,1e+20,0.0,0.0,5.261535,0.0,0.0,-5.906026333146054,65.74091816858041,0.0,0.010699367320516892,0.010699367320516892,0.0,0.0,0.0,0.0,41436.0,40937.0,2.41336e-05,0.0940245,0.618013,0.287938,0.00195836,0.998042,0.598238,0.0,94844500.0,-526458.0,57.3711,-549.412,-9.57645,57371.1,-549412.0,1000.0,360.932,6.83108,-2569.78,4.862
normalized-BA_RDC4.dot_fibo_10null0mast_rapportOE1.0_TMAX120_K67_cod2_pbEq1_newVersion_product.opb,52558.0,135477.0,0.0,0.0,1e+20,1e+20,-1e+20,1e+20,0.0,0.0,5.045769,0.0,0.0,-5.503425491218919,138.72269022122842,0.0,0.007616066770996349,0.007616066770996349,0.0,0.0,0.0,0.0,149401.0,57510.0,6.6934e-06,0.752431,0.171404,0.0761575,0.00109567,0.998904,0.589766,0.0,96745400.0,1204720.0,72.1731,1552.2,21.5066,55284.6,1188980.0,766.0,352.948,5.35029,3301.83,4.78225
normalized-NG.dot_unif_20null50mast_rapportOE2.0_TMAX300_K192_cod1.opb,331117.0,332434.0,0.0,0.0,1e+20,1e+20,-1e+20,1e+20,0.0,0.0,5.483985,0.0,0.0,-556.1953231290387,450.92459119238475,0.0,0.6829068459308517,0.6829068459308517,0.0,0.0,0.0,0.0,400980.0,399113.0,0.0,0.0609706,0.331051,0.607978,0.104571,0.895429,0.48797,0.0,134218000.0,512922.0,13912.5,6104.4,0.438771,368681.0,161766.0,26.5,0.0,1.0,0.0,4.35867
normalized-BA_RDC4.dot_fibo_50null10mast_rapportOE2.0_TMAX15_K67_cod3.opb,21744.0,22052.0,0.0,0.0,1e+20,1e+20,-1e+20,1e+20,0.0,0.0,5.027697,0.0,0.0,-1158.0682306988701,3071.1574150682873,0.0,0.39647969147857903,0.39647969147857903,0.0,0.0,0.0,0.0,40950.0,40451.0,2.442e-05,0.0951404,0.625348,0.279487,0.0674089,0.932591,0.455087,0.0,102735000.0,596457.0,327.016,4921.91,15.051,39569.0,595551.0,121.0,33.6749,1.58848,40322.5,4.89178
normalized-BA_RDC4.dot_fibo_0null50mast_rapportOE2.0_TMAX120_K67_cod2_pbEq1_newVersion_sequential.opb,72127.0,143758.0,0.0,0.0,1e+20,1e+20,-1e+20,1e+20,0.0,0.0,5.003801,0.0,0.0,-35.135596763483434,605.4487014784295,0.0,0.005976242591180739,0.005976242591180739,0.0,0.0,0.0,0.0,161483.0,81322.0,6.1926e-06,0.770954,0.15858,0.0704594,0.00114631,0.998854,0.504753,0.0,108986000.0,1325370.0,103.449,1734.7,16.7686,78362.9,1314040.0,757.5,153.522,5.30607,-6234.44,4.73044
normalized-BA_RDC4.dot_unif_20null0mast_rapportOE1.0_TMAX180_K67_cod2_pbEq1_newVersion.opb,30824.0,30893.0,0.0,0.0,1e+20,1e+20,-1e+20,1e+20,0.0,0.0,5.017793,0.0,0.0,-4.532134743630457,54.44467992029471,0.0,0.009502406136258152,0.009502406136258152,0.0,0.0,0.0,0.0,40882.0,40937.0,2.44606e-05,0.0952742,0.626388,0.278313,0.00212953,0.99787,0.729932,0.0,0.0,0.0,0.0,0.0,0.0,0.0,0.0,0.0,0.0,0.0,0.0,5.0
Init-x2-i6_pp_88.opb,499235.0,499236.0,0.0,0.0,1e+20,1e+20,-1e+20,1e+20,0.0,0.0,5.139782,0.0,0.0,0.005770771680857143,0.0757460881832492,0.005770771680857143,0.0,0.005770771680857143,0.0,0.0,0.0,0.0,500454.0,500453.0,5.3951e-05,0.948639,0.00373061,0.0475768,0.00099747,0.999003,0.991334,1.0,116322000.0,6808030.0,365.451,51784.0,141.699,49153.2,6964950.0,134.5,22.4444,1.62593,13332.0,4.45631
normalized-BA_RDC4.dot_unif_50null10mast_rapportOE2.0_TMAX300_K67_cod1.opb,21730.0,22042.0,0.0,0.0,1e+20,1e+20,-1e+20,1e+20,0.0,0.0,5.021348,0.0,0.0,-218.56636424315838,340.7467509572663,0.0,0.39647969147857903,0.39647969147857903,0.0,0.0,0.0,0.0,40950.0,40451.0,2.442e-05,0.0951404,0.625348,0.279487,0.0674089,0.932591,0.455087,0.0,92787500.0,-61639.7,73.4876,-88.3401,-1.20211,146020.0,-175532.0,1987.0,934.496,11.1816,203.443,4.73883
normalized-BA_RDC4.dot_fibo_50null20mast_rapportOE1.0_TMAX15_K67_cod2_pbEq1_newVersion_ladder.opb,69135.0,69471.0,0.0,0.0,1e+20,1e+20,-1e+20,1e+20,0.0,0.0,5.006409,0.0,0.0,-14.47350040579425,385.1763548943623,0.0,0.0029881212955903693,0.0029881212955903693,0.0,0.0,0.0,0.0,201868.0,81322.0,4.95373e-06,0.622204,0.324167,0.0536242,0.00048167,0.999518,0.503992,0.0,104070000.0,-540251.0,109.356,-1119.59,-10.238,53256.4,-545238.0,487.0,155.294,3.94154,2673.89,4.78102
normalized-Generated_notes_20140709_1000_0.01-029.opb,134804.0,895.0,0.0,0.0,0.0,0.0,-1e+20,1e+20,0.0,0.0,5.494407,0.0,1.0,-189.87582796990225,168.63614573954797,0.0,0.9608532077383521,0.9608532077383521,0.0,0.0,0.0,0.0,1379.0,213172.0,0.00797679,0.0101523,0.00797679,0.973894,0.255206,0.744794,0.00238052,0.0,99704600.0,2746410.0,42625.0,125544.0,2.94531,724625.0,2134250.0,17.0,1.2,1.0,133061.0,4.25539
normalized-jun5.5.opb,9253.0,26610.0,9253.0,1.0,1e+20,1e+20,0.0,1e+20,0.0,9465.0,5.012279,1.0229114881660002,0.0,0.02262977262977263,0.574017833694481,0.0027885027885027887,0.0,0.0027885027885027887,9.999999999999996e+98,3.642504172923242e+83,1e+99,2.045307199396909,28660.0,9324.0,0.0,0.557851,0.175855,0.266294,0.000258013,0.999742,0.415509,1.0,71154800.0,-43705.5,2.67635,-0.022842,-0.00853475,51648.2,-440.805,19298.0,12296.0,71.2027,4.36914,4.67687
normalized-BA_RDC4.dot_unif_20null0mast_rapportOE2.0_TMAX180_K67_cod2_pbEq1_newVersion_sequential.opb,72824.0,145712.0,0.0,0.0,1e+20,1e+20,-1e+20,1e+20,0.0,0.0,5.049937,0.0,0.0,-2.352524532106933,39.17609453926049,0.0,0.004783453432035611,0.004783453432035611,0.0,0.0,0.0,0.0,161483.0,81322.0,6.1926e-06,0.770954,0.15858,0.0704594,0.000917732,0.999082,0.504753,0.0,86825800.0,-93219.6,84.9653,-135.098,-1.59003,95968.3,-152593.0,1129.5,867.434,7.52434,837.889,4.75131
normalized-matrix_5x3_8.opb,3770.0,4024.0,3770.0,1.0,24.0,24.0,11.59304307061305,1.0702070934970538,0.0,7009.0,5.000566,1.8591511936339522,6.0,0.11347846225104215,0.31717676594634253,0.11347846225104215,0.0,0.11347846225104215,6.4999999999999984e+97,2.4652586071242095e+98,0.0,-0.443791329904482,15120.0,4318.0,0.000330688,0.746495,0.224471,0.0287037,0.012586,0.987414,0.505957,1.0,72685000.0,-432448.0,19.409,-248.284,-12.7922,36547.1,-467519.0,1883.0,1173.22,10.6408,-86.95,4.89288
normalized-BA_RDC4.dot_unif_50null20mast_rapportOE2.0_TMAX15_K67_cod1.opb,21687.0,21995.0,0.0,0.0,1e+20,1e+20,-1e+20,1e+20,0.0,0.0,5.012754,0.0,0.0,-280.52814516328397,404.4111541673395,0.0,0.39647969147857903,0.39647969147857903,0.0,0.0,0.0,0.0,40950.0,40451.0,2.442e-05,0.0951404,0.625348,0.279487,0.0674089,0.932591,0.455087,0.0,106985000.0,581664.0,493.885,5531.2,11.1994,50870.2,569714.0,103.0,23.971,1.51208,57346.4,4.86166
normalized-j6046_9.std.opb,29367.0,71443.0,0.0,0.0,1e+20,1e+20,-1e+20,1e+20,0.0,0.0,5.015118,0.0,0.0,1.2295081967213115,15.646078901885646,0.008169489679211371,0.0,0.008169489679211371,0.0,0.0,0.0,0.0,129163.0,36722.0,0.00333687,0.847774,0.139599,0.00929059,0.000867488,0.999133,0.369807,1.0,109326000.0,97987.3,0.933775,-11.8776,-12.72,8803.17,-111976.0,9427.5,8559.44,39.0768,7.37033,4.65775
normalized-BA_RDC4.dot_fibo_10null0mast_rapportOE1.0_TMAX180_K67_cod2_pbEq1_newVersion.opb,33774.0,33843.0,0.0,0.0,1e+20,1e+20,-1e+20,1e+20,0.0,0.0,5.253506,0.0,0.0,-9.631800083054449,205.60598833075997,0.0,0.010699367320516892,0.010699367320516892,0.0,0.0,0.0,0.0,40882.0,40937.0,2.44606e-05,0.0952742,0.626388,0.278313,0.00239714,0.997603,0.729932,0.0,95619200.0,462134.0,53.8772,409.58,7.60212,57675.5,438456.0,1070.5,427.509,7.22035,2286.73,4.82506
normalized-BA_RDC4.dot_fibo_10null0mast_rapportOE2.0_TMAX180_K67_cod2_pbEq1_newVersion_binary.opb,43616.0,288563.0,0.0,0.0,1e+20,1e+20,-1e+20,1e+20,0.0,0.0,5.04701,0.0,0.0,-7.81267156151666,175.90676221368935,0.0,0.009774822022361579,0.009774822022361579,0.0,0.0,0.0,0.0,297596.0,44809.0,3.36026e-06,0.875714,0.0860495,0.038233,0.000629178,0.999371,0.385501,0.0,106116000.0,-581456.0,525.242,-1612.27,-3.06957,263146.0,-807746.0,501.0,256.861,4.00598,4124.93,4.43309
normalized-NG.dot_unif_0null10mast_rapportOE1.0_TMAX15_K192_cod1.opb,399113.0,400786.0,0.0,0.0,1e+20,1e+20,-1e+20,1e+20,0.0,0.0,5.502365,0.0,0.0,-465.1710668407193,345.8000226285886,0.0,0.8532746365064531,0.8532746365064531,0.0,0.0,0.0,0.0,400980.0,399113.0,0.0,0.0609706,0.331051,0.607978,0.127336,0.872664,0.48797,0.0,134218000.0,485316.0,46075.4,15900.6,0.3451,368603.0,127205.0,8.0,0.0,1.0,0.0,4.33986
normalized-mps-v2-20-10-t1717.opb,16102.0,670.0,16102.0,1.0,391959.0,391959.0,-125794362.0,1e+20,0.0,5606.0,5.012138,0.348155508632468,2.0,2328.957095486229,666.6663819763601,1.0,0.0,1.0,0.0,0.0,0.0,153.13248638838476,551.0,73885.0,0.0,0.0,0.0,1.0,0.184909,0.815091,1.0,1.0,134218000.0,182409.0,600.382,1209.53,2.0146,84954.1,171148.0,141.5,83.3239,1.64789,22746.8,4.88841
normalized-BA_RDC4.dot_fibo_0null0mast_rapportOE2.0_TMAX60_K67_cod2.opb,36668.0,36737.0,0.0,0.0,1e+20,1e+20,-1e+20,1e+20,0.0,0.0,5.043532,0.0,0.0,-10.853482179935023,207.30617310463083,0.0,0.011871900725505044,0.011871900725505044,0.0,0.0,0.0,0.0,41436.0,40937.0,2.41336e-05,0.0940245,0.618013,0.287938,0.0021725,0.997827,0.598238,0.0,102405000.0,620608.0,55.0215,504.327,9.166,64622.7,592332.0,1174.5,133.062,7.77277,314.084,4.86669
normalized-aries-da_network_100_3__3_91__1024.opb,307298.0,385.0,0.0,0.0,1e+20,1e+20,-1e+20,1e+20,0.0,0.0,5.051799,0.0,0.0,36078.180684547246,21008.75254853016,0.9996810913185247,0.0,0.9996810913185247,0.0,0.0,0.0,0.0,400.0,307298.0,0.0,0.0,0.0,1.0,0.24998,0.75002,0.666596,1.0,119305000.0,810218.0,12090.6,8464.56,0.700092,646849.0,452854.0,53.5,32.8889,1.07407,25893.2,4.01094
normalized-BA_RDC4.dot_unif_10null20mast_rapportOE1.0_TMAX15_K67_cod1.opb,33354.0,33861.0,0.0,0.0,1e+20,1e+20,-1e+20,1e+20,0.0,0.0,5.047444,0.0,0.0,-427.253368272725,387.99405704546876,0.0,0.7146424068626239,0.7146424068626239,0.0,0.0,0.0,0.0,40950.0,40451.0,2.442e-05,0.0951404,0.625348,0.279487,0.115267,0.884733,0.455087,0.0,96017300.0,697450.0,417.159,5257.93,12.6041,54022.1,680901.0,129.5,55.4154,1.61538,17979.6,4.87564
normalized-BA_RDC4.dot_unif_10null50mast_rapportOE1.0_TMAX180_K67_cod2.opb,33799.0,33868.0,0.0,0.0,1e+20,1e+20,-1e+20,1e+20,0.0,0.0,5.250126,0.0,0.0,-8.378728289811173,86.43076683403501,0.0,0.010699367320516892,0.010699367320516892,0.0,0.0,0.0,0.0,41436.0,40937.0,2.41336e-05,0.0940245,0.618013,0.287938,0.00195836,0.998042,0.598238,0.0,83528800.0,502981.0,116.429,156.007,1.33993,224069.0,300235.0,1924.5,829.016,10.8769,-191.919,4.63091
normalized-BA_RDC4.dot_unif_0null0mast_rapportOE2.0_TMAX120_K67_cod2_pbEq1_newVersion_product.opb,52558.0,135477.0,0.0,0.0,1e+20,1e+20,-1e+20,1e+20,0.0,0.0,5.038902,0.0,0.0,-4.3297687358720225,54.095853304469884,0.0,0.008450704225352112,0.008450704225352112,0.0,0.0,0.0,0.0,149401.0,57510.0,6.6934e-06,0.752431,0.171404,0.0761575,0.0012156,0.998784,0.589766,0.0,54895600.0,562034.0,34.5961,281.086,8.12478,63380.1,514950.0,1832.0,963.507,10.4347,261.028,4.80674
normalized-BA_RDC4.dot_unif_50null10mast_rapportOE2.0_TMAX15_K67_cod1.opb,21765.0,22073.0,0.0,0.0,1e+20,1e+20,-1e+20,1e+20,0.0,0.0,5.024425,0.0,0.0,-238.70687992880275,356.87225130234776,0.0,0.39647969147857903,0.39647969147857903,0.0,0.0,0.0,0.0,40950.0,40451.0,2.442e-05,0.0951404,0.625348,0.279487,0.0674089,0.932591,0.455087,0.0,111688000.0,804189.0,319.256,5722.31,17.9239,44536.2,798262.0,139.5,26.8536,1.64286,70132.6,4.89101
normalized-50-250-false-45-90-4-4000opt.opb,1826.0,62341.0,1826.0,1.0,-146.0,-146.0,-301.0,1.0616438356164384,0.0,4178.0,5.00195,2.288061336254107,5.0,-0.15604938271604937,0.6579760943767059,0.0,0.06666666666666667,0.06666666666666667,0.0,0.0,0.0,2.007142857142857,63250.0,2025.0,0.0,0.018498,0.981502,0.0,0.000715364,0.999285,0.330152,0.0,50717400.0,34750.0,2.85503,-1.11911,-0.391979,36631.4,-14358.7,12830.5,9559.41,49.6861,-2.18115,4.8273
normalized-j9022_10.std.opb,42517.0,95414.0,0.0,0.0,1e+20,1e+20,-1e+20,1e+20,0.0,0.0,5.025123,0.0,0.0,0.8241758241758241,12.823050507610667,0.0054762513234274035,0.0,0.0054762513234274035,0.0,0.0,0.0,0.0,184328.0,54782.0,0.00320624,0.844478,0.145805,0.00651013,0.000670929,0.999329,0.409269,1.0,132300000.0,117855.0,89.7516,4829.81,53.8132,3096.43,166629.0,34.5,26.3429,1.0,95.5282,0.498386
normalized-OGR_5.opb,75.0,81.0,0.0,0.0,11.0,11.0,11.0,0.0,0.0,1436.0,0.38159699999999996,19.14666666666667,2.0,0.41333333333333333,2.091846605806033,0.06666666666666667,0.0,0.06666666666666667,0.0,0.0,0.0,0.0,104.0,75.0,0.0,0.0,0.0,1.0,0.00303951,0.99696,0.5,1.0,124854000.0,1365.4,1.44104,31.0588,21.5531,61.2442,1320.0,42.5,24.1512,1.0,16.0525,0.003157
normalized-BA_RDC4.dot_fibo_10null10mast_rapportOE2.0_TMAX15_K67_cod2_pbEq1_newVersion_binary.opb,43616.0,288563.0,0.0,0.0,1e+20,1e+20,-1e+20,1e+20,0.0,0.0,5.056038,0.0,0.0,-19.385525229306612,400.90512361729395,0.0,0.009774822022361579,0.009774822022361579,0.0,0.0,0.0,0.0,297596.0,44809.0,3.36026e-06,0.875714,0.0860495,0.038233,0.000629178,0.999371,0.385501,0.0,102108000.0,-1679610.0,101.9,-2721.28,-26.7054,63840.5,-1704880.0,626.5,153.924,4.56699,5117.83,4.7287
normalized-NG.dot_fibo_0null0mast_rapportOE1.0_TMAX300_K192_cod2.opb,400896.0,400786.0,0.0,0.0,1e+20,1e+20,-1e+20,1e+20,0.0,0.0,5.37798,0.0,0.0,-3.7256071400063857,124.50185651991417,0.0,0.00444753751596424,0.00444753751596424,0.0,0.0,0.0,0.0,402763.0,400896.0,0.0,0.0607007,0.329586,0.609713,0.000761731,0.999238,0.63328,0.0,127275000.0,6432080.0,14388.2,219959.0,15.2875,410062.0,6268840.0,28.5,3.31034,1.0,292179.0,4.36383
normalized-faclay30.lin.opb,8639.0,12275.0,8639.0,1.0,10448.0,10448.0,-30796.0,1e+20,0.0,6878.0,5.001844,0.7961569626114133,4.0,1.3194444444444444,123.79488819872894,0.3730324074074074,0.6263888888888889,0.9994212962962963,1e+99,0.0,1e+99,0.6780828610513973,24529.0,8640.0,4.07681e-05,0.0,0.999959,0.0,0.105023,0.894977,0.500007,0.373248,49724700.0,77007.5,3.31143,243.687,73.5896,1142.44,84071.9,345.0,174.454,3.11433,10409.2,4.95638
normalized-ns894786.opb,21948.0,13743.0,0.0,0.0,1e+20,1e+20,-1e+20,1e+20,0.0,0.0,5.006603,0.0,0.0,0.0005132341080724393,0.022648856457286107,0.0005132341080724393,0.0,0.0005132341080724393,0.0,0.0,0.0,0.0,16794.0,27278.0,0.0255448,0.320888,0.0600214,0.593545,0.000123251,0.999877,0.147867,1.0,79989400.0,-130080.0,27.4541,-86.0714,-3.1351,52409.9,-164310.0,1909.0,693.742,10.7942,-157.389,4.89034
normalized-mult_diagcomm_opt_greater_teq_nbits_08.opb,303.0,229.0,0.0,0.0,0.0,0.0,0.0,0.0,0.0,196.0,0.027905,0.6468646864686468,1.0,0.0,2623.5396716371274,0.038461538461538464,0.038461538461538464,0.07692307692307693,9.999999999999997e+98,2.4283361152821613e+83,1e+99,0.0,608.0,416.0,0.0,0.605263,0.210526,0.184211,0.0188679,0.981132,0.432692,0.5,81170500.0,-38767.4,2.87443,-10.3957,-3.61662,16940.5,-61267.2,5893.5,2966.02,26.6664,45.1496,4.93178
normalized-BA_RDC4.dot_fibo_0null10mast_rapportOE2.0_TMAX60_K67_cod1.opb,36184.0,36738.0,0.0,0.0,1e+20,1e+20,-1e+20,1e+20,0.0,0.0,5.067434,0.0,0.0,-1418.4493337618353,3110.886609146496,0.0,0.7929593829571581,0.7929593829571581,0.0,0.0,0.0,0.0,40950.0,40451.0,2.442e-05,0.0951404,0.625348,0.279487,0.126304,0.873696,0.455087,0.0,110818000.0,246631.0,238.919,1652.98,6.91858,36196.3,250427.0,151.5,32.3257,1.67763,76725.5,4.87986
normalized-BA_RDC4.dot_unif_50null0mast_rapportOE1.0_TMAX180_K67_cod2_pbEq1_newVersion_sequential.opb,72824.0,145712.0,0.0,0.0,1e+20,1e+20,-1e+20,1e+20,0.0,0.0,5.030287,0.0,0.0,-1.6787216251444874,34.33279439197909,0.0,0.0029881212955903693,0.0029881212955903693,0.0,0.0,0.0,0.0,161483.0,81322.0,6.1926e-06,0.770954,0.15858,0.0704594,0.000573485,0.999427,0.504753,0.0,82022000.0,696755.0,146.005,849.542,5.81859,106365.0,618892.0,728.5,383.916,5.15089,2305.68,4.75098
normalized-matrix_5x3_10.opb,37704.0,37630.0,37704.0,1.0,1e+20,1e+20,5.0,1e+20,0.0,0.0,5.058549,0.0,0.0,0.04836112281049476,0.21452814410002946,0.04836112281049476,0.0,0.04836112281049476,0.0,0.0,0.0,-0.5324040007630884,154319.0,40363.0,3.24004e-05,0.751165,0.236666,0.0121372,0.00499182,0.995008,0.504529,1.0,85398300.0,2251160.0,25.5484,4942.16,193.443,11752.3,2273390.0,460.0,224.344,3.75136,3330.41,4.83009
normalized-frb45-21-5.opb,945.0,58579.0,945.0,1.0,-32.0,-32.0,-441.5,12.796875,0.0,1450.0,5.007801,1.5343915343915344,7.0,-1.0,0.0,0.0,1.0,1.0,0.0,0.0,0.0,2.002099226870104,58579.0,945.0,0.0,1.0,0.0,0.0,0.00800149,0.991999,0.0,0.0,54001900.0,-106756.0,-3.91692,-8.38378,2.1404,-36738.7,-78635.6,9379.5,5358.1,38.8774,19.2215,4.73381
normalized-NG.dot_luby_10null10mast_rapportOE1.0_TMAX180_K192_cod2.opb,400896.0,400786.0,0.0,0.0,1e+20,1e+20,-1e+20,1e+20,0.0,0.0,5.347979,0.0,0.0,-0.4715886414431673,21.605691166708628,0.0,0.004003532088122605,0.004003532088122605,0.0,0.0,0.0,0.0,402763.0,400896.0,0.0,0.0607007,0.329586,0.609713,0.000685739,0.999314,0.63328,0.0,134218000.0,1751150.0,27937.6,128965.0,4.61616,377158.0,1741020.0,13.5,10.1071,1.0,10431.5,4.41947
normalized-injcomp_opt_4layers_maxfirst_lastlayerdiv2_size_45.opb,6120.0,5262.0,6120.0,1.0,-7.0,-7.0,-45.0,5.428571428571429,0.0,9113.0,5.000845,1.4890522875816994,4.0,-0.24861878453038674,0.4322123141570818,0.0,0.24861878453038674,0.24861878453038674,0.0,0.0,0.0,1.4075892014347744,3307.0,8145.0,0.0,0.0,0.911702,0.0882976,0.0867052,0.913295,0.28692,0.0,102253000.0,-8722.99,84.8059,-87.6609,-1.03367,165541.0,-171114.0,1952.0,281.179,11.0292,-1237.05,4.68406
normalized-j12054_5.std.opb,53245.0,126770.0,0.0,0.0,1e+20,1e+20,-1e+20,1e+20,0.0,0.0,5.028287,0.0,0.0,0.6198347107438017,11.126066629782756,0.004118503061420609,0.0,0.004118503061420609,0.0,0.0,0.0,0.0,256272.0,72842.0,0.00336752,0.852391,0.139559,0.00468252,0.000459175,0.999541,0.39002,1.0,115899000.0,-244635.0,41.9893,40.7942,0.971538,173185.0,168256.0,4124.5,3711.44,19.9589,-19.9385,4.63967
normalized-BA_RDC4.dot_unif_20null50mast_rapportOE2.0_TMAX15_K67_cod1.opb,30409.0,30864.0,0.0,0.0,1e+20,1e+20,-1e+20,1e+20,0.0,0.0,5.023114,0.0,0.0,-517.8057402783614,458.0563437927982,0.0,0.6346938270994537,0.6346938270994537,0.0,0.0,0.0,0.0,40950.0,40451.0,2.442e-05,0.0951404,0.625348,0.279487,0.103709,0.896291,0.455087,0.0,104472000.0,285549.0,429.524,3098.96,7.21487,39516.2,285104.0,92.0,23.3027,1.45405,72693.5,4.89475
normalized-lo_16x16_001.opb.metafix.opb,228.0,91.0,0.0,0.0,125.0,125.0,125.0,0.0,0.0,979.0,0.025265,4.293859649122807,1.0,1.0,0.0,1.0,0.0,1.0,9.999999999999997e+98,2.4283361152821613e+83,1e+99,0.0,94.0,256.0,0.0425532,0.0425532,0.0425532,0.87234,0.2,0.8,1.0,1.0,104793000.0,8543.72,5.11334,61.4332,12.0143,662.177,7955.6,129.5,18.5,1.61538,603.853,0.019484
normalized-BA_RDC4.dot_fibo_50null10mast_rapportOE2.0_TMAX60_K67_cod3.opb,21666.0,21974.0,0.0,0.0,1e+20,1e+20,-1e+20,1e+20,0.0,0.0,5.12428,0.0,0.0,-1122.28716224568,3039.322040351367,0.0,0.39647969147857903,0.39647969147857903,0.0,0.0,0.0,0.0,40950.0,40451.0,2.442e-05,0.0951404,0.625348,0.279487,0.0674089,0.932591,0.455087,0.0,106256000.0,410816.0,186.829,2166.51,11.5962,35777.8,414886.0,191.5,37.6745,1.95573,59651.8,4.8935
normalized-BA_RDC4.dot_unif_50null10mast_rapportOE1.0_TMAX120_K67_cod2.opb,22032.0,22101.0,0.0,0.0,1e+20,1e+20,-1e+20,1e+20,0.0,0.0,5.013943,0.0,0.0,-3.5125192368761757,51.777446541346706,0.0,0.005935950362752522,0.005935950362752522,0.0,0.0,0.0,0.0,41436.0,40937.0,2.41336e-05,0.0940245,0.618013,0.287938,0.00108743,0.998913,0.598238,0.0,88957000.0,-828896.0,175.676,-1503.61,-8.55901,105406.0,-902169.0,600.0,162.326,4.41049,-10829.2,4.81166
normalized-NG.dot_unif_10null10mast_rapportOE1.0_TMAX180_K192_cod2.opb,400896.0,400786.0,0.0,0.0,1e+20,1e+20,-1e+20,1e+20,0.0,0.0,5.2676359999999995,0.0,0.0,-2.219672932630907,40.25750938012748,0.0,0.004003532088122605,0.004003532088122605,0.0,0.0,0.0,0.0,402763.0,400896.0,0.0,0.0607007,0.329586,0.609713,0.000685739,0.999314,0.63328,0.0,134218000.0,800064.0,738636.0,1661550.0,2.24949,369318.0,830776.0,0.5,0.0,1.0,0.0,4.41906
normalized-BA_RDC4.dot_fibo_20null20mast_rapportOE1.0_TMAX180_K67_cod2.opb,30803.0,30872.0,0.0,0.0,1e+20,1e+20,-1e+20,1e+20,0.0,0.0,5.028743,0.0,0.0,-33.460927767056695,561.9571818996868,0.0,0.009502406136258152,0.009502406136258152,0.0,0.0,0.0,0.0,41436.0,40937.0,2.41336e-05,0.0940245,0.618013,0.287938,0.00173965,0.99826,0.598238,0.0,93062300.0,224722.0,69.0639,100.753,1.45883,105150.0,153396.0,1522.5,665.569,9.17925,-595.184,4.76292
normalized-BA_RDC4.dot_fibo_0null20mast_rapportOE1.0_TMAX120_K67_cod3.opb,36184.0,36738.0,0.0,0.0,1e+20,1e+20,-1e+20,1e+20,0.0,0.0,5.015709,0.0,0.0,-2333.707201305283,4025.892544002454,0.0,0.7929593829571581,0.7929593829571581,0.0,0.0,0.0,0.0,40950.0,40451.0,2.442e-05,0.0951404,0.625348,0.279487,0.126304,0.873696,0.455087,0.0,109859000.0,-727492.0,187.894,-922.4,-4.90914,178500.0,-876280.0,950.0,272.212,6.49132,-1160.2,4.70559
normalized-BA_RDC4.dot_unif_0null10mast_rapportOE1.0_TMAX60_K67_cod2.opb,36668.0,36737.0,0.0,0.0,1e+20,1e+20,-1e+20,1e+20,0.0,0.0,5.022985,0.0,0.0,-6.527566748906857,68.96344248844063,0.0,0.011871900725505044,0.011871900725505044,0.0,0.0,0.0,0.0,41436.0,40937.0,2.41336e-05,0.0940245,0.618013,0.287938,0.0021725,0.997827,0.598238,0.0,94433300.0,-411518.0,72.0816,-479.113,-6.64681,66351.1,-441024.0,920.5,255.479,6.35396,163.192,4.82794
normalized-NG.dot_luby_20null50mast_rapportOE2.0_TMAX300_K192_cod1.opb,331117.0,332434.0,0.0,0.0,1e+20,1e+20,-1e+20,1e+20,0.0,0.0,5.34825,0.0,0.0,-437.77822320996813,505.5728824510838,0.0,0.6829068459308517,0.6829068459308517,0.0,0.0,0.0,0.0,400980.0,399113.0,0.0,0.0609706,0.331051,0.607978,0.104571,0.895429,0.48797,0.0,134218000.0,489015.0,17146.1,6061.76,0.353536,368641.0,130328.0,21.5,0.0,1.0,0.0,4.40679
normalized-minisat50_4_16_6_mh_ic.opb,359025.0,840604.0,0.0,0.0,1e+20,1e+20,-1e+20,1e+20,0.0,0.0,5.151606,0.0,0.0,145753.9240021604,1810609.7288190373,0.3572778827977316,0.00013502565487442613,0.357412908452606,0.0,0.0,0.0,0.0,847958.0,370300.0,0.0,0.430564,0.556189,0.0132471,0.045532,0.954468,0.393202,0.999622,94059000.0,261117.0,3024.44,6762.17,2.23584,190540.0,426017.0,63.0,30.5906,1.20472,8301.22,4.19504
normalized-domset_opt_hexgrid_nrowsdiv30add5_ncols_340.opb,5440.0,5440.0,0.0,0.0,1360.0,1360.0,1360.0,0.0,0.0,5408.0,1.347439,0.9941176470588236,2.0,1.0,0.0,1.0,0.0,1.0,0.0,0.0,0.0,0.0,5440.0,5440.0,0.0,0.0,0.0,1.0,0.2,0.8,1.0,1.0,104850000.0,660317.0,59.6577,355.677,5.96197,95124.1,567128.0,1594.5,208.755,8.6511,1822.82,4.75414
normalized-BA_RDC4.dot_fibo_0null10mast_rapportOE2.0_TMAX15_K67_cod2_pbEq1_newVersion_ladder.opb,40728.0,40894.0,0.0,0.0,1e+20,1e+20,-1e+20,1e+20,0.0,0.0,5.108766,0.0,0.0,-11.437065000860775,301.59703020487314,0.0,0.005976242591180739,0.005976242591180739,0.0,0.0,0.0,0.0,201868.0,81322.0,4.95373e-06,0.622204,0.324167,0.0536242,0.000962876,0.999037,0.503992,0.0,103730000.0,1887400.0,159.144,3372.43,21.1911,87847.5,1861580.0,552.0,90.2706,4.19186,12646.1,4.76063
normalized-NG.dot_fibo_20null50mast_rapportOE1.0_TMAX180_K192_cod2.opb,400896.0,400786.0,0.0,0.0,1e+20,1e+20,-1e+20,1e+20,0.0,0.0,5.237338,0.0,0.0,-25.572265625,520.3334141398107,0.0,0.0035595266602809704,0.0035595266602809704,0.0,0.0,0.0,0.0,402763.0,400896.0,0.0,0.0607007,0.329586,0.609713,0.000609734,0.99939,0.63328,0.0,126761000.0,1782840.0,44504.1,197891.0,4.44659,378285.0,1682080.0,8.5,3.88889,1.0,14469.1,4.40697
normalized-NG.dot_fibo_20null50mast_rapportOE2.0_TMAX120_K192_cod1.opb,331117.0,332434.0,0.0,0.0,1e+20,1e+20,-1e+20,1e+20,0.0,0.0,5.132141,0.0,0.0,-4894.51731213967,5302.82788578926,0.0,0.6829068459308517,0.6829068459308517,0.0,0.0,0.0,0.0,400980.0,399113.0,0.0,0.0609706,0.331051,0.607978,0.104571,0.895429,0.48797,0.0,134218000.0,512922.0,13912.5,6104.4,0.438771,368681.0,161766.0,26.5,0.0,1.0,0.0,4.41344
normalized-j609_8.std.opb,29834.0,62678.0,0.0,0.0,1e+20,1e+20,-1e+20,1e+20,0.0,0.0,5.011495,0.0,0.0,1.2295081967213115,15.646078901885646,0.008169489679211371,0.0,0.008169489679211371,0.0,0.0,0.0,0.0,117897.0,36722.0,0.0030111,0.833974,0.152837,0.0101784,0.000981489,0.999019,0.381683,1.0,111313000.0,-174029.0,29.6958,11.9823,0.403503,167648.0,67646.2,5645.5,5220.59,25.6477,-7.14796,4.72053
normalized-evencolouring_opt_linear_random6regular_nvert_901.opb,3328.0,918.0,3328.0,1.0,626.0,626.0,0.0,1e+20,0.0,21626.0,5.001034,6.498197115384615,2.0,112.75,234.6277637024229,0.25,0.0,0.25,1.0000000000000001e+99,1.2141680576410807e+83,1e+99,0.031833150384193196,901.0,3604.0,0.0,0.0,0.0,1.0,0.125,0.875,1.0,1.0,106161000.0,-100714.0,13.5335,-33.5085,-2.47597,69623.0,-172384.0,5144.5,1904.68,23.761,-25.3987,4.84795
normalized-NG.dot_unif_0null50mast_rapportOE1.0_TMAX180_K192_cod2.opb,400896.0,400786.0,0.0,0.0,1e+20,1e+20,-1e+20,1e+20,0.0,0.0,5.237442,0.0,0.0,-3.3188956736909323,54.18555726035087,0.0,0.00444753751596424,0.00444753751596424,0.0,0.0,0.0,0.0,402763.0,400896.0,0.0,0.0607007,0.329586,0.609713,0.000761731,0.999238,0.63328,0.0,131586000.0,1894900.0,15476.8,69868.5,4.51439,386920.0,1746710.0,25.0,11.9608,1.0,5327.81,4.36559
normalized-BA_RDC4.dot_unif_50null20mast_rapportOE1.0_TMAX300_K67_cod2_pbEq1_newVersion.opb,21914.0,21983.0,0.0,0.0,1e+20,1e+20,-1e+20,1e+20,0.0,0.0,5.016645,0.0,0.0,-4.278476683684686,60.52088701431949,0.0,0.005935950362752522,0.005935950362752522,0.0,0.0,0.0,0.0,40882.0,40937.0,2.44606e-05,0.0952742,0.626388,0.278313,0.00133134,0.998669,0.729932,0.0,76992200.0,-207637.0,162.851,-324.556,-1.99296,189559.0,-377783.0,1164.0,565.921,7.71447,-1472.1,4.76652
normalized-BA_RDC4.dot_fibo_20null10mast_rapportOE2.0_TMAX300_K67_cod3.opb,30428.0,30885.0,0.0,0.0,1e+20,1e+20,-1e+20,1e+20,0.0,0.0,5.0312,0.0,0.0,-1333.3236755580826,3077.985413056598,0.0,0.6346938270994537,0.6346938270994537,0.0,0.0,0.0,0.0,40950.0,40451.0,2.442e-05,0.0951404,0.625348,0.279487,0.103709,0.896291,0.455087,0.0,94803800.0,72401.9,39.5732,10.0894,0.254954,83261.9,21228.0,2104.0,984.286,11.7227,-254.164,4.83114
normalized-vertexcover_opt_grid_oddrowevencolsquare_dim_076.opb,5852.0,11704.0,5852.0,1.0,2964.0,2964.0,2944.972222222222,0.00646110602816478,0.0,8969.0,5.002733,1.5326384142173617,4.0,1.0,0.0,1.0,0.0,1.0,0.0,0.0,0.0,1.9854113655640373,11704.0,5852.0,0.0,1.0,0.0,0.0,0.2,0.8,1.0,1.0,123960000.0,239542.0,25.0359,218.868,8.74217,25048.4,218978.0,1000.5,88.0255,6.1044,-1590.45,4.85324
normalized-single-obj-f11-DCTotalLoss.seq-A-2-combined-irEDCBA.opb,4567.0,10131.0,4567.0,1.0,104986749818.0,104986749818.0,33354401154.522423,2.1476130940448663,0.0,9309.0,5.002738,2.0383183709218304,1.0,14836522.156301787,70138369.40595917,0.04308765808983864,0.01569995638901003,0.05878761447884867,1.0000000000000001e+99,1.2141680576410807e+83,1e+99,0.13435148295706065,33051.0,11465.0,0.00275332,0.692929,0.249493,0.0548244,0.00828998,0.99171,0.52372,0.732938,86730300.0,-218939.0,22.6,73.4747,3.25109,84241.5,273877.0,3727.5,1249.12,18.7758,-202.56,4.83688
normalized-NG.dot_luby_20null0mast_rapportOE2.0_TMAX300_K192_cod1.opb,331117.0,332434.0,0.0,0.0,1e+20,1e+20,-1e+20,1e+20,0.0,0.0,5.28673,0.0,0.0,-2.955594029760995,15.607268138692893,0.0,0.6829068459308517,0.6829068459308517,0.0,0.0,0.0,0.0,400980.0,399113.0,0.0,0.0609706,0.331051,0.607978,0.104571,0.895429,0.48797,0.0,134218000.0,399700.0,0.0,0.0,1.15915,369968.0,428847.0,0.0,0.0,1.0,0.0,4.39134
normalized-BA_RDC4.dot_unif_0null20mast_rapportOE1.0_TMAX300_K67_cod1.opb,36184.0,36738.0,0.0,0.0,1e+20,1e+20,-1e+20,1e+20,0.0,0.0,5.030397,0.0,0.0,-481.47808459617806,377.7426671896616,0.0,0.7929593829571581,0.7929593829571581,0.0,0.0,0.0,0.0,40950.0,40451.0,2.442e-05,0.0951404,0.625348,0.279487,0.126304,0.873696,0.455087,0.0,97947000.0,-445205.0,109.875,175.829,1.60027,230683.0,369154.0,2099.5,653.394,11.6495,-689.325,4.69374
normalized-rand88811a.cudf.paranoid.opb,55.0,5.0,0.0,0.0,2256.0,2256.0,2256.0,0.0,0.0,0.0,0.36846399999999996,0.0,3.0,339.02023031434794,727.3109765920933,0.4737005913476502,0.0,0.4737005913476502,0.0,0.0,0.0,0.0,20291.0,6426.0,0.000443546,0.817111,0.17732,0.00512543,0.0622648,0.937735,0.483422,1.0,113569000.0,77015.7,72.2883,626.303,8.66396,8421.59,72964.3,116.5,108.906,1.57265,65.1462,0.08731
normalized-BA_RDC4.dot_fibo_50null10mast_rapportOE1.0_TMAX60_K67_cod2_pbEq1_newVersion_binary.opb,43616.0,288563.0,0.0,0.0,1e+20,1e+20,-1e+20,1e+20,0.0,0.0,5.065514,0.0,0.0,-14.373831149992188,372.3113766531333,0.0,0.005423017697337588,0.005423017697337588,0.0,0.0,0.0,0.0,297596.0,44809.0,3.36026e-06,0.875714,0.0860495,0.038233,0.000349163,0.999651,0.385501,0.0,91140800.0,762399.0,118.689,1143.41,9.63366,75011.4,722634.0,632.0,253.557,4.59368,5306.99,4.68737
normalized-minisat25_6_4_1_mh.opb,28850.0,57429.0,0.0,0.0,1e+20,1e+20,-1e+20,1e+20,0.0,0.0,5.001236,0.0,0.0,389217.55059011164,3456716.0946742385,0.5358851674641149,0.0007974481658692185,0.5366826156299841,0.0,0.0,0.0,0.0,73332.0,31350.0,0.0,0.597625,0.380461,0.021914,0.070486,0.929514,0.342085,0.998514,98260700.0,1267370.0,145.015,3059.99,21.1012,58658.4,1237760.0,404.5,118.248,3.51975,19541.6,4.82991
SMTI_50000_5_0.75_10.opb,327990.0,327181.0,0.0,0.0,1e+20,1e+20,-1e+20,1e+20,0.0,0.0,5.034865,0.0,0.0,0.2857142857142857,0.4517539514526256,0.2857142857142857,0.0,0.2857142857142857,0.0,0.0,0.0,0.0,350001.0,350000.0,0.00286856,0.0118885,0.0285599,0.956683,0.0358693,0.964131,0.981398,1.0,134218000.0,1705850.0,8466.81,9369.53,1.10662,825514.0,913529.0,97.5,0.841837,1.4898,375.091,3.43459
normalized-mps-v2-20-10-fast0507.opb,20676.0,440.0,20676.0,1.0,223.0,223.0,16.0,12.9375,0.0,4507.0,5.00122,0.21798220158638035,4.0,1.9429764001967973,0.23188770745489484,1.0,0.0,1.0,0.0,0.0,0.0,0.0,507.0,63009.0,0.0157791,0.00591716,0.00591716,0.972387,0.133392,0.866608,1.0,1.0,131596000.0,707815.0,909.788,5097.45,5.6029,115998.0,649925.0,127.5,0.0,1.59766,0.0,4.73986
normalized-BA_RDC4.dot_luby_20null50mast_rapportOE1.0_TMAX120_K67_cod3.opb,30414.0,30871.0,0.0,0.0,1e+20,1e+20,-1e+20,1e+20,0.0,0.0,5.017817,0.0,0.0,-102.29502360881067,124.6487861868617,0.0,0.6346938270994537,0.6346938270994537,0.0,0.0,0.0,0.0,40950.0,40451.0,2.442e-05,0.0951404,0.625348,0.279487,0.103709,0.896291,0.455087,0.0,109177000.0,-94088.2,299.213,-402.361,-1.34473,200323.0,-269381.0,669.5,187.738,4.81194,-2339.89,4.66302
normalized-BA_RDC4.dot_fibo_20null50mast_rapportOE2.0_TMAX180_K67_cod2_pbEq1_newVersion_ladder.opb,75028.0,75264.0,0.0,0.0,1e+20,1e+20,-1e+20,1e+20,0.0,0.0,5.018214,0.0,0.0,-34.558458965593566,604.1305348702087,0.0,0.004783453432035611,0.004783453432035611,0.0,0.0,0.0,0.0,201868.0,81322.0,4.95373e-06,0.622204,0.324167,0.0536242,0.000770845,0.999229,0.503992,0.0,118563000.0,680019.0,54.3687,575.083,10.5775,63366.7,670259.0,1165.5,1107.64,7.69983,235.344,4.74243
normalized-BA_RDC4.dot_unif_0null0mast_rapportOE2.0_TMAX180_K67_cod2_pbEq1_newVersion.opb,36668.0,36737.0,0.0,0.0,1e+20,1e+20,-1e+20,1e+20,0.0,0.0,5.020404,0.0,0.0,-5.639714683538119,60.57842873572002,0.0,0.011871900725505044,0.011871900725505044,0.0,0.0,0.0,0.0,40882.0,40937.0,2.44606e-05,0.0952742,0.626388,0.278313,0.00265914,0.997341,0.729932,0.0,72570000.0,119903.0,76.5157,14.956,0.195463,118905.0,23241.6,1554.0,903.671,9.29624,-489.808,4.80901
normalized-BA_RDC4.dot_unif_50null0mast_rapportOE1.0_TMAX120_K67_cod2.opb,21987.0,22056.0,0.0,0.0,1e+20,1e+20,-1e+20,1e+20,0.0,0.0,5.01418,0.0,0.0,-2.8630334416298213,43.90474264436569,0.0,0.005935950362752522,0.005935950362752522,0.0,0.0,0.0,0.0,41436.0,40937.0,2.41336e-05,0.0940245,0.618013,0.287938,0.00108743,0.998913,0.598238,0.0,67484100.0,996673.0,91.4498,854.097,9.33952,98079.9,916019.0,1072.5,431.271,7.24557,372.011,4.81555
SMTI_25000_3_0.85_7.opb,105521.0,89238.0,0.0,0.0,1e+20,1e+20,-1e+20,1e+20,0.0,0.0,5.253747,0.0,0.0,0.4,0.4898979485566357,0.4,0.0,0.4,0.0,0.0,0.0,0.0,125001.0,125000.0,0.0128879,0.0404797,0.107319,0.839313,0.0708629,0.929137,0.961866,1.0,134218000.0,3813450.0,7855.4,18816.2,2.39532,1139030.0,2728350.0,145.0,14.8832,1.65636,26.6202,3.27309
normalized-minisat50_6_9_9_ic.opb,121375.0,475554.0,0.0,0.0,1e+20,1e+20,-1e+20,1e+20,0.0,0.0,5.371853,0.0,0.0,387820.4050638978,4177817.906676579,0.058706070287539935,0.00039936102236421724,0.05910543130990415,0.0,0.0,0.0,0.0,250157.0,125200.0,0.0,0.0295814,0.945106,0.0253121,0.00746947,0.992531,0.503865,0.993243,77575500.0,1853180.0,228.765,5819.2,25.4374,74691.8,1899970.0,326.5,124.304,2.99847,5412.23,4.68075
normalized-j12029_3.std.opb,54257.0,121832.0,0.0,0.0,1e+20,1e+20,-1e+20,1e+20,0.0,0.0,5.023882,0.0,0.0,0.6198347107438017,11.126066629782756,0.004118503061420609,0.0,0.004118503061420609,0.0,0.0,0.0,0.0,245197.0,72842.0,0.00321782,0.846148,0.14574,0.00489402,0.000503745,0.999496,0.409353,1.0,112231000.0,-211508.0,61.502,36.2802,0.589902,245885.0,145048.0,3998.0,3691.08,19.5593,-56.1847,4.56968
normalized-ped3.G.recomb10-0.01-1.opb,27997.0,131400.0,0.0,0.0,1e+20,1e+20,-1e+20,1e+20,0.0,0.0,5.157766,0.0,0.0,43.08796724013084,113.29157372001359,0.1305900272166596,0.0,0.1305900272166596,0.0,0.0,0.0,0.0,528830.0,80098.0,0.0403646,0.597489,0.361526,0.000620237,0.00808963,0.99191,0.686773,1.0,92233400.0,337771.0,1442.13,-952.5,-0.660481,1170290.0,-772953.0,811.5,522.235,5.63855,1117.93,3.56579
normalized-j6013_5.std.opb,30527.0,66251.0,0.0,0.0,1e+20,1e+20,-1e+20,1e+20,0.0,0.0,5.006873,0.0,0.0,1.2295081967213115,15.646078901885646,0.008169489679211371,0.0,0.008169489679211371,0.0,0.0,0.0,0.0,117944.0,36722.0,0.0030099,0.833947,0.152869,0.0101743,0.000927463,0.999073,0.360799,1.0,113347000.0,37339.5,-7.42098,15.3806,-2.07258,-60199.0,124767.0,8112.0,7485.43,35.3545,-6.06073,4.71649
normalized-opm2-z11-s8.opb,7658.0,205569.0,0.0,0.0,0.0,0.0,-1e+20,1e+20,0.0,0.0,5.170361,0.0,1.0,-34.283202394313506,165.72247622304363,0.43608928794113977,0.5564284823544082,0.9925177702955481,0.0,0.0,0.0,0.0,223082.0,8019.0,0.0,0.999964,0.0,3.58613e-05,0.0153577,0.984642,0.437157,0.439377,124854000.0,341674.0,3024.06,13497.1,4.46325,63505.2,283439.0,21.0,3.30233,1.0,46353.8,4.7384
normalized-BA_RDC4.dot_unif_20null0mast_rapportOE1.0_TMAX60_K67_cod2_pbEq1_newVersion_binary.opb,43616.0,288563.0,0.0,0.0,1e+20,1e+20,-1e+20,1e+20,0.0,0.0,5.04231,0.0,0.0,-4.190318909147716,52.01085326311118,0.0,0.008681291704791448,0.008681291704791448,0.0,0.0,0.0,0.0,297596.0,44809.0,3.36026e-06,0.875714,0.0860495,0.038233,0.00055883,0.999441,0.385501,0.0,99002700.0,1019420.0,104.099,1556.35,14.9506,66207.1,989837.0,636.0,224.662,4.61587,6287.53,4.68736
normalized-BA_RDC4.dot_fibo_50null20mast_rapportOE2.0_TMAX15_K67_cod2_pbEq1_newVersion_ladder.opb,67333.0,67634.0,0.0,0.0,1e+20,1e+20,-1e+20,1e+20,0.0,0.0,5.001302,0.0,0.0,-14.85333612060697,387.6761435202575,0.0,0.0029881212955903693,0.0029881212955903693,0.0,0.0,0.0,0.0,201868.0,81322.0,4.95373e-06,0.622204,0.324167,0.0536242,0.00048167,0.999518,0.503992,0.0,105975000.0,-1385550.0,135.14,-2611.91,-19.3274,72502.9,-1401290.0,536.5,84.0996,4.13222,9636.16,4.74665
normalized-NG.dot_fibo_0null10mast_rapportOE1.0_TMAX300_K192_cod2.opb,400896.0,400786.0,0.0,0.0,1e+20,1e+20,-1e+20,1e+20,0.0,0.0,5.265357,0.0,0.0,-8.61066710568327,261.8551963454748,0.0,0.00444753751596424,0.00444753751596424,0.0,0.0,0.0,0.0,402763.0,400896.0,0.0,0.0607007,0.329586,0.609713,0.000761731,0.999238,0.63328,0.0,134218000.0,1794510.0,50458.0,219234.0,4.34488,378435.0,1644260.0,7.5,3.375,1.0,16522.5,4.42155
normalized-BA_RDC4.dot_unif_10null0mast_rapportOE2.0_TMAX15_K67_cod2.opb,33759.0,33828.0,0.0,0.0,1e+20,1e+20,-1e+20,1e+20,0.0,0.0,5.245533,0.0,0.0,-5.371253389354374,59.7716076515139,0.0,0.010699367320516892,0.010699367320516892,0.0,0.0,0.0,0.0,41436.0,40937.0,2.41336e-05,0.0940245,0.618013,0.287938,0.00195836,0.998042,0.598238,0.0,93695600.0,1411380.0,153.239,1892.07,12.3471,108034.0,1333910.0,705.0,148.064,5.0163,6902.5,4.81903
normalized-BA_RDC4.dot_fibo_20null10mast_rapportOE2.0_TMAX180_K67_cod1.opb,30394.0,30851.0,0.0,0.0,1e+20,1e+20,-1e+20,1e+20,0.0,0.0,5.028224,0.0,0.0,-1306.9357494252306,3088.263604315298,0.0,0.6346938270994537,0.6346938270994537,0.0,0.0,0.0,0.0,40950.0,40451.0,2.442e-05,0.0951404,0.625348,0.279487,0.103709,0.896291,0.455087,0.0,101200000.0,1698140.0,114.421,2965.88,25.9206,64362.0,1668310.0,562.5,231.161,4.2389,4384.37,4.81254
normalized-BA_RDC4.dot_luby_0null0mast_rapportOE2.0_TMAX300_K67_cod3.opb,36184.0,36738.0,0.0,0.0,1e+20,1e+20,-1e+20,1e+20,0.0,0.0,5.026785,0.0,0.0,-2.8716224567995847,7.900953472139268,0.0,0.7929593829571581,0.7929593829571581,0.0,0.0,0.0,0.0,40950.0,40451.0,2.442e-05,0.0951404,0.625348,0.279487,0.126304,0.873696,0.455087,0.0,92107100.0,226966.0,50.5522,72.63,1.43673,106235.0,152632.0,2101.5,1020.01,11.7017,265.888,4.80611
normalized-composed_pebbling_php_opt_pyramid_height40_pigeons39_holes38.opb,1277724.0,71217.0,0.0,0.0,1e+20,1e+20,-1e+20,1e+20,0.0,0.0,5.8924900000000004,0.0,0.0,0.0013477088948787063,0.03668640859519177,0.0013477088948787063,0.0,0.0013477088948787063,0.0,0.0,0.0,0.0,71217.0,1277724.0,0.0,0.0,0.0,1.0,0.000621762,0.999378,0.499585,1.0,134218000.0,192301.0,37.0443,39.8048,1.07452,111892.0,120230.0,3020.5,69.8868,14.9434,1344.53,3.46979
normalized-injcomp_opt_4layers_maxall_lastlayerdiv2_size_19.opb,1102.0,1103.0,1102.0,1.0,-36.00000000000001,-36.00000000000001,-47.0,0.3055555555555553,0.0,19044.0,5.000642,17.281306715063522,8.0,-0.6103896103896104,0.48766190533814513,0.0,0.6103896103896104,0.6103896103896104,0.0,0.0,0.0,2.0141557128412537,655.0,1463.0,0.0,0.0,0.812214,0.187786,0.189516,0.810484,0.288557,0.0,68389900.0,-66798.9,13.3939,20.3644,1.52042,93322.1,141889.0,6967.5,2940.18,31.2161,16.0974,4.80875
normalized-BA_RDC4.dot_fibo_0null10mast_rapportOE1.0_TMAX15_K67_cod1.opb,36184.0,36738.0,0.0,0.0,1e+20,1e+20,-1e+20,1e+20,0.0,0.0,5.065914,0.0,0.0,-1600.2295616919237,3187.313492295727,0.0,0.7929593829571581,0.7929593829571581,0.0,0.0,0.0,0.0,40950.0,40451.0,2.442e-05,0.0951404,0.625348,0.279487,0.126304,0.873696,0.455087,0.0,107969000.0,910874.0,388.443,6642.73,17.1009,52439.8,896769.0,135.0,47.9114,1.62731,27337.3,4.86618
normalized-single-obj-f4-DataDisplay_2_order9.seq-A-3-combined-irabcde.opb,1572.0,3240.0,1572.0,1.0,144730368.0,144730368.0,88692323.14943667,0.6318252004307687,0.0,28412.0,5.000904,18.07379134860051,3.0,107096.89856081709,738025.5551010291,0.038532961931290625,0.0,0.038532961931290625,5.560538116591929e+98,4.9684803531711356e+98,0.0,0.041985481655876004,15405.0,4308.0,0.00227199,0.71704,0.125024,0.155664,0.00417306,0.995827,0.473405,1.0,61384900.0,-26920.5,3.70673,-7.68257,-2.0726,31744.5,-65793.6,8564.0,4825.38,36.77,2.11272,4.90071
Init-x2-i3_pp_82.opb,603628.0,603629.0,0.0,0.0,1e+20,1e+20,-1e+20,1e+20,0.0,0.0,5.073083,0.0,0.0,0.004779099053778103,0.06896563829917261,0.004779099053778103,0.0,0.004779099053778103,0.0,0.0,0.0,0.0,604299.0,604298.0,6.61924e-06,0.937117,0.00534669,0.0575295,0.000832472,0.999168,0.989221,1.0,134218000.0,5928900.0,495.121,89717.3,181.203,34658.5,6280210.0,70.0,24.9433,1.29078,323.779,4.40041
normalized-j12048_6.std.opb,53123.0,125359.0,0.0,0.0,1e+20,1e+20,-1e+20,1e+20,0.0,0.0,5.026204,0.0,0.0,0.6198347107438017,11.126066629782756,0.004118503061420609,0.0,0.004118503061420609,0.0,0.0,0.0,0.0,256260.0,72842.0,0.00336767,0.852396,0.139554,0.00468274,0.000485736,0.999514,0.412573,1.0,117544000.0,-28456.1,40.7098,-31.3307,-0.769611,162025.0,-124696.0,3980.0,3579.34,19.4728,-58.1047,4.61306
normalized-NG.dot_luby_0null0mast_rapportOE1.0_TMAX15_K192_cod1.opb,399113.0,400786.0,0.0,0.0,1e+20,1e+20,-1e+20,1e+20,0.0,0.0,5.417088,0.0,0.0,-3.9222876729146883,17.408229654693958,0.0,0.8532746365064531,0.8532746365064531,0.0,0.0,0.0,0.0,400980.0,399113.0,0.0,0.0609706,0.331051,0.607978,0.127336,0.872664,0.48797,0.0,134218000.0,399896.0,0.0,0.0,1.15964,369975.0,429037.0,0.0,0.0,1.0,0.0,4.38525
normalized-BA_RDC4.dot_luby_50null0mast_rapportOE2.0_TMAX120_K67_cod1.opb,21785.0,22097.0,0.0,0.0,1e+20,1e+20,-1e+20,1e+20,0.0,0.0,5.023084,0.0,0.0,-1.1780178487552841,3.3204690420176535,0.0,0.39647969147857903,0.39647969147857903,0.0,0.0,0.0,0.0,40950.0,40451.0,2.442e-05,0.0951404,0.625348,0.279487,0.0674089,0.932591,0.455087,0.0,112234000.0,1473230.0,103.746,2791.0,26.9023,54103.4,1455500.0,521.5,240.703,4.07759,4407.22,4.8681
normalized-BA_RDC4.dot_luby_20null50mast_rapportOE1.0_TMAX60_K67_cod2_pbEq1_newVersion_sequential.opb,72824.0,145712.0,0.0,0.0,1e+20,1e+20,-1e+20,1e+20,0.0,0.0,5.045091,0.0,0.0,-0.7709967782395908,13.977173590603863,0.0,0.004783453432035611,0.004783453432035611,0.0,0.0,0.0,0.0,161483.0,81322.0,6.1926e-06,0.770954,0.15858,0.0704594,0.000917732,0.999082,0.504753,0.0,99577800.0,673733.0,84.3732,968.785,11.4821,58639.4,673305.0,695.0,215.48,4.95615,-7106.43,4.78631
normalized-autocorr_bern35-09.lin.opb,1381.0,1395.0,1381.0,1.0,-1168.0,-1168.0,-10176.38777173378,7.712660763470702,0.0,17111.0,5.000778,12.390296886314266,6.0,0.0,76.70464905139083,0.4272266473569877,0.5727733526430123,1.0,0.0,0.0,0.0,90.19538453111855,2692.0,1381.0,0.0,0.0,0.181278,0.818722,0.111795,0.888205,0.5,0.427227,78267200.0,241237.0,1.25696,125.627,99.945,2384.46,238315.0,1897.0,1692.26,10.752,27.1665,4.966
normalized-BA_RDC4.dot_unif_50null20mast_rapportOE1.0_TMAX15_K67_cod2_pbEq1_newVersion_binary.opb,43616.0,288563.0,0.0,0.0,1e+20,1e+20,-1e+20,1e+20,0.0,0.0,5.044808,0.0,0.0,-3.809167801111384,57.106054861052634,0.0,0.005423017697337588,0.005423017697337588,0.0,0.0,0.0,0.0,297596.0,44809.0,3.36026e-06,0.875714,0.0860495,0.038233,0.000349163,0.999651,0.385501,0.0,104315000.0,1448670.0,163.313,2378.44,14.5637,95211.6,1386630.0,583.0,165.517,4.34019,4512.11,4.68081
normalized-BA_RDC4.dot_fibo_0null20mast_rapportOE1.0_TMAX300_K67_cod2_pbEq1_newVersion.opb,36668.0,36737.0,0.0,0.0,1e+20,1e+20,-1e+20,1e+20,0.0,0.0,5.042327,0.0,0.0,-34.50023206390307,566.1926582434785,0.0,0.011871900725505044,0.011871900725505044,0.0,0.0,0.0,0.0,40882.0,40937.0,2.44606e-05,0.0952742,0.626388,0.278313,0.00265914,0.997341,0.729932,0.0,91596300.0,343726.0,74.8029,162.045,2.16629,119273.0,258381.0,1594.5,654.664,9.44545,-641.437,4.77997
normalized-mult_diagcomm_opt_greater_teq_nbits_10.opb,479.0,350.0,0.0,0.0,0.0,0.0,0.0,0.0,0.0,351.0,0.050115,0.732776617954071,1.0,0.0,33842.64487692451,0.03125,0.03125,0.0625,-0.002793296089385475,0.037267218056218805,-0.5,0.0,940.0,640.0,0.0,0.595745,0.212766,0.191489,0.0151515,0.984848,0.430769,0.5,74341600.0,192855.0,5.37403,39.3164,7.316,22734.8,166328.0,4230.5,1739.97,20.3043,-39.2544,4.9363
normalized-NG.dot_luby_50null50mast_rapportOE1.0_TMAX60_K192_cod2.opb,400896.0,400786.0,0.0,0.0,1e+20,1e+20,-1e+20,1e+20,0.0,0.0,5.302862,0.0,0.0,-2.275864563378033,48.22139775664185,0.0,0.002225015964240102,0.002225015964240102,0.0,0.0,0.0,0.0,402763.0,400896.0,0.0,0.0607007,0.329586,0.609713,0.000381224,0.999619,0.63328,0.0,104392000.0,1534960.0,45145.0,179774.0,3.98214,383733.0,1528080.0,8.5,2.11111,1.0,27031.6,4.39078
normalized-BA_RDC4.dot_luby_50null0mast_rapportOE2.0_TMAX15_K67_cod2_pbEq1_newVersion_ladder.opb,72679.0,73000.0,0.0,0.0,1e+20,1e+20,-1e+20,1e+20,0.0,0.0,5.006324,0.0,0.0,-0.010439979341383635,0.42342526580952805,0.0,0.0029881212955903693,0.0029881212955903693,0.0,0.0,0.0,0.0,201868.0,81322.0,4.95373e-06,0.622204,0.324167,0.0536242,0.00048167,0.999518,0.503992,0.0,108033000.0,1624280.0,143.787,3790.04,26.3588,61468.8,1620240.0,427.5,67.9299,3.66355,16342.1,4.71009
normalized-NG.dot_fibo_50null20mast_rapportOE2.0_TMAX180_K192_cod2.opb,400896.0,400786.0,0.0,0.0,1e+20,1e+20,-1e+20,1e+20,0.0,0.0,5.3133610000000004,0.0,0.0,-10.865304218550447,332.78711463680423,0.0,0.002225015964240102,0.002225015964240102,0.0,0.0,0.0,0.0,402763.0,400896.0,0.0,0.0607007,0.329586,0.609713,0.000381224,0.999619,0.63328,0.0,125559000.0,2178230.0,25907.8,137483.0,5.30664,388617.0,2062250.0,15.0,7.09677,1.0,8815.93,4.4315
normalized-opm2-z7-s8.opb,1884.0,26269.0,1884.0,1.0,0.0,0.0,-111718.0,1e+20,0.0,0.0,5.017678,0.0,1.0,-25.394957983193276,109.65077226321591,0.4226396440929313,0.5669797330696985,0.9896193771626297,0.0,0.0,0.0,718.5196238912787,31798.0,2023.0,0.0,0.999748,0.0,0.000251588,0.0244869,0.975513,0.398591,0.427073,97101200.0,-823259.0,41.9172,-761.137,-18.1581,47953.2,-870741.0,1144.0,724.92,7.59895,1071.13,4.90098
normalized-BA_RDC4.dot_unif_0null10mast_rapportOE2.0_TMAX60_K67_cod2_pbEq1_newVersion_sequential.opb,72824.0,145712.0,0.0,0.0,1e+20,1e+20,-1e+20,1e+20,0.0,0.0,5.057349,0.0,0.0,-3.3686210373576646,49.765390021703205,0.0,0.005976242591180739,0.005976242591180739,0.0,0.0,0.0,0.0,161483.0,81322.0,6.1926e-06,0.770954,0.15858,0.0704594,0.00114631,0.998854,0.504753,0.0,98946300.0,1812430.0,94.717,3160.93,33.3723,54557.0,1820690.0,576.0,105.978,4.31136,9452.94,4.76026
normalized-NG.dot_fibo_20null10mast_rapportOE1.0_TMAX15_K192_cod1.opb,331117.0,332434.0,0.0,0.0,1e+20,1e+20,-1e+20,1e+20,0.0,0.0,5.349737,0.0,0.0,-1480.2884045370608,3214.614615240197,0.0,0.6829068459308517,0.6829068459308517,0.0,0.0,0.0,0.0,400980.0,399113.0,0.0,0.0609706,0.331051,0.607978,0.104571,0.895429,0.48797,0.0,134218000.0,531947.0,30717.8,14464.2,0.470872,368614.0,173570.0,12.0,0.0,1.0,0.0,4.41062
normalized-BA_RDC4.dot_fibo_50null0mast_rapportOE1.0_TMAX180_K67_cod3.opb,21762.0,22074.0,0.0,0.0,1e+20,1e+20,-1e+20,1e+20,0.0,0.0,5.019664,0.0,0.0,-402.358359496675,1303.2656050968706,0.0,0.39647969147857903,0.39647969147857903,0.0,0.0,0.0,0.0,40950.0,40451.0,2.442e-05,0.0951404,0.625348,0.279487,0.0674089,0.932591,0.455087,0.0,98093700.0,-1259980.0,73.577,-1898.05,-25.7968,49443.8,-1275490.0,672.0,294.223,4.8171,1646.66,4.85576
normalized-mps-v2-20-10-neos13.opb,1927.0,19275.0,0.0,0.0,1e+20,1e+20,-1e+20,1e+20,0.0,0.0,5.144703,0.0,0.0,-1179619.449612403,8594129.751316952,0.0,0.06201550387596899,0.06201550387596899,0.0,0.0,0.0,0.0,19275.0,1935.0,0.0,0.0,0.0,1.0,5.18986e-05,0.999948,0.652432,0.0,0.0,0.0,0.0,0.0,0.0,0.0,0.0,0.0,0.0,0.0,0.0,5.0
normalized-BA_RDC4.dot_luby_10null20mast_rapportOE1.0_TMAX60_K67_cod1.opb,33316.0,33823.0,0.0,0.0,1e+20,1e+20,-1e+20,1e+20,0.0,0.0,5.034126,0.0,0.0,-42.570171318385206,92.82791694482412,0.0,0.7146424068626239,0.7146424068626239,0.0,0.0,0.0,0.0,40950.0,40451.0,2.442e-05,0.0951404,0.625348,0.279487,0.115267,0.884733,0.455087,0.0,108886000.0,320501.0,218.592,1817.83,8.31606,38690.8,321755.0,177.0,60.9127,1.87324,38849.6,4.89291
normalized-hw64-vm75p-opt.opb.negationfix.opb,35840.0,689.0,0.0,0.0,1e+20,1e+20,-1e+20,1e+20,0.0,0.0,12.514892,0.0,0.0,0.0017857142857142857,0.04221996577691746,0.0017857142857142857,0.0,0.0017857142857142857,0.0,0.0,0.0,0.0,1248.0,35840.0,0.0,0.0,0.0,1.0,0.000446229,0.999554,0.251339,1.0,108283000.0,669079.0,149.388,358.431,2.39933,202869.0,486749.0,1358.0,16.4891,8.61686,26691.7,4.73865
normalized-BA_RDC4.dot_luby_10null50mast_rapportOE1.0_TMAX15_K67_cod2_pbEq1_newVersion_ladder.opb,44596.0,44769.0,0.0,0.0,1e+20,1e+20,-1e+20,1e+20,0.0,0.0,5.19828,0.0,0.0,-0.7743292098079241,13.984101092600572,0.0,0.005385996409335727,0.005385996409335727,0.0,0.0,0.0,0.0,201868.0,81322.0,4.95373e-06,0.622204,0.324167,0.0536242,0.000867859,0.999132,0.503992,0.0,109585000.0,1328000.0,117.649,2365.7,20.1081,65648.2,1320060.0,558.0,163.521,4.21665,4556.01,4.73327
normalized-NG.dot_fibo_0null0mast_rapportOE1.0_TMAX120_K192_cod2.opb,400896.0,400786.0,0.0,0.0,1e+20,1e+20,-1e+20,1e+20,0.0,0.0,5.295667,0.0,0.0,-4.087556373722861,132.275789952992,0.0,0.00444753751596424,0.00444753751596424,0.0,0.0,0.0,0.0,402763.0,400896.0,0.0,0.0607007,0.329586,0.609713,0.000761731,0.999238,0.63328,0.0,134218000.0,483181.0,0.0,0.0,1.38914,370040.0,514037.0,0.0,0.0,1.0,0.0,4.40923
normalized-BA_RDC4.dot_fibo_20null50mast_rapportOE1.0_TMAX300_K67_cod2_pbEq1_newVersion.opb,30794.0,30863.0,0.0,0.0,1e+20,1e+20,-1e+20,1e+20,0.0,0.0,5.018284,0.0,0.0,-68.29088599555415,848.7383254856256,0.0,0.009502406136258152,0.009502406136258152,0.0,0.0,0.0,0.0,40882.0,40937.0,2.44606e-05,0.0952742,0.626388,0.278313,0.00212953,0.99787,0.729932,0.0,89372600.0,492053.0,61.5656,185.719,3.01661,130057.0,392332.0,2112.5,925.462,11.7366,263.573,4.79204
normalized-NG.dot_fibo_0null20mast_rapportOE1.0_TMAX300_K192_cod1.opb,399113.0,400786.0,0.0,0.0,1e+20,1e+20,-1e+20,1e+20,0.0,0.0,5.438596,0.0,0.0,-2466.838987955792,4103.927232536694,0.0,0.8532746365064531,0.8532746365064531,0.0,0.0,0.0,0.0,400980.0,399113.0,0.0,0.0609706,0.331051,0.607978,0.127336,0.872664,0.48797,0.0,134218000.0,493588.0,20479.5,7557.79,0.369042,368631.0,136040.0,18.0,0.0,1.0,0.0,4.32803
normalized-BA_RDC4.dot_fibo_20null50mast_rapportOE1.0_TMAX300_K67_cod2_pbEq1_newVersion_sequential.opb,72824.0,145712.0,0.0,0.0,1e+20,1e+20,-1e+20,1e+20,0.0,0.0,5.05026,0.0,0.0,-34.377216497380786,603.1492850765668,0.0,0.004783453432035611,0.004783453432035611,0.0,0.0,0.0,0.0,161483.0,81322.0,6.1926e-06,0.770954,0.15858,0.0704594,0.000917732,0.999082,0.504753,0.0,116467000.0,156870.0,70.7519,80.4551,1.13714,91446.8,103988.0,1292.5,1202.03,8.31671,339.82,4.75537
normalized-BA_RDC4.dot_unif_50null10mast_rapportOE1.0_TMAX60_K67_cod2_pbEq1_newVersion_ladder.opb,67525.0,67847.0,0.0,0.0,1e+20,1e+20,-1e+20,1e+20,0.0,0.0,5.008535,0.0,0.0,-1.7739111187624506,37.02928388655721,0.0,0.0029881212955903693,0.0029881212955903693,0.0,0.0,0.0,0.0,201868.0,81322.0,4.95373e-06,0.622204,0.324167,0.0536242,0.00048167,0.999518,0.503992,0.0,107164000.0,267749.0,92.6167,455.875,4.92216,53254.6,262128.0,575.0,220.886,4.30148,4759.25,4.70017
normalized-faclay70.lin.opb,108767.0,373796.0,0.0,0.0,2605924.0,2605924.0,-1e+20,1e+20,0.0,0.0,5.034091,0.0,1.0,23.958553986466608,7918.461625710312,0.3534955133862901,0.6464860988526037,0.9999816122388938,0.0,0.0,0.0,0.0,322185.0,108768.0,3.10381e-06,0.0,0.999997,0.0,0.101148,0.898852,0.500001,0.353502,134218000.0,787286.0,7046.67,351442.0,49.8735,17616.7,878606.0,2.5,0.0,1.0,0.0,4.68608
normalized-minisat50_6_9_3_ic.opb,121375.0,475554.0,0.0,0.0,1e+20,1e+20,-1e+20,1e+20,0.0,0.0,5.38261,0.0,0.0,363924.29661341856,3763922.5046290676,0.058706070287539935,0.00039936102236421724,0.05910543130990415,0.0,0.0,0.0,0.0,250157.0,125200.0,0.0,0.0295814,0.945106,0.0253121,0.00746947,0.992531,0.503865,0.993243,73189400.0,1252870.0,218.158,4404.95,20.1916,64901.9,1310470.0,297.5,119.629,2.80201,4869.79,4.73178
normalized-BA_RDC4.dot_luby_0null10mast_rapportOE1.0_TMAX120_K67_cod2_pbEq1_newVersion_binary.opb,43616.0,288563.0,0.0,0.0,1e+20,1e+20,-1e+20,1e+20,0.0,0.0,5.049047,0.0,0.0,-0.30904505791247294,8.426379323850025,0.0,0.010846035394675177,0.010846035394675177,0.0,0.0,0.0,0.0,297596.0,44809.0,3.36026e-06,0.875714,0.0860495,0.038233,0.000698081,0.999302,0.385501,0.0,98194500.0,-330333.0,304.465,-908.181,-2.98288,146752.0,-437743.0,482.0,188.269,3.91606,5237.94,4.56019
normalized-NG.dot_unif_50null10mast_rapportOE1.0_TMAX180_K192_cod1.opb,228932.0,229714.0,0.0,0.0,1e+20,1e+20,-1e+20,1e+20,0.0,0.0,5.391957,0.0,0.0,-259.2715421447059,369.39655949963,0.0,0.4268765988579675,0.4268765988579675,0.0,0.0,0.0,0.0,400980.0,399113.0,0.0,0.0609706,0.331051,0.607978,0.068033,0.931967,0.48797,0.0,134218000.0,455602.0,67102.7,23722.0,0.353517,369065.0,130471.0,5.5,0.0,1.0,0.0,4.35407
normalized-j12012_10.std.opb,56380.0,118664.0,0.0,0.0,1e+20,1e+20,-1e+20,1e+20,0.0,0.0,5.019233,0.0,0.0,0.6198347107438017,11.126066629782756,0.004118503061420609,0.0,0.004118503061420609,0.0,0.0,0.0,0.0,234107.0,72842.0,0.00305416,0.839257,0.152563,0.00512586,0.000492518,0.999507,0.38207,1.0,113812000.0,-185993.0,36.3406,-76.3386,-2.10064,110893.0,-232947.0,3051.5,2782.91,16.2959,72.7613,4.70349
normalized-aim-50-2_0-yes1-4.opb,100.0,171.0,0.0,0.0,50.0,50.0,50.0,0.0,0.0,683.0,0.039175999999999996,6.83,1.0,1.0,0.0,1.0,0.0,1.0,0.0,0.0,0.0,0.0,150.0,100.0,0.0,0.34,0.66,0.0,0.200401,0.799599,0.749373,1.0,129424000.0,855.161,2.27922,29.6935,13.0279,62.6786,816.571,27.5,27.5,1.0,4.96299,0.0
normalized-BA_RDC4.dot_luby_0null0mast_rapportOE2.0_TMAX180_K67_cod2_pbEq1_newVersion_sequential.opb,72127.0,143758.0,0.0,0.0,1e+20,1e+20,-1e+20,1e+20,0.0,0.0,5.006583,0.0,0.0,-0.021642360000983744,0.7294895520814397,0.0,0.005976242591180739,0.005976242591180739,0.0,0.0,0.0,0.0,161483.0,81322.0,6.1926e-06,0.770954,0.15858,0.0704594,0.00114631,0.998854,0.504753,0.0,95980000.0,-553964.0,114.867,-938.772,-8.17267,69896.7,-571243.0,608.5,309.236,4.45484,3885.67,4.75254
normalized-libpango-perl.cudf.paranoid.opb,10462.0,64670.0,0.0,0.0,1e+20,1e+20,-1e+20,1e+20,0.0,0.0,5.001043,0.0,0.0,643.3373634156212,1532.4224248948753,0.36690611088628083,0.0,0.36690611088628083,0.0,0.0,0.0,0.0,96403.0,19768.0,0.000197089,0.376638,0.226891,0.396274,0.0219232,0.978077,0.641038,1.0,134218000.0,2632640.0,7531.34,14335.1,1.9034,911293.0,1734550.0,121.0,119.749,1.58848,235.057,1.49127
normalized-NG.dot_luby_50null10mast_rapportOE2.0_TMAX60_K192_cod1.opb,228932.0,229714.0,0.0,0.0,1e+20,1e+20,-1e+20,1e+20,0.0,0.0,5.386076,0.0,0.0,-88.88939473282002,285.5345496996734,0.0,0.4268765988579675,0.4268765988579675,0.0,0.0,0.0,0.0,400980.0,399113.0,0.0,0.0609706,0.331051,0.607978,0.068033,0.931967,0.48797,0.0,134218000.0,447268.0,40959.8,9859.19,0.240704,368638.0,88732.7,9.0,0.0,1.0,0.0,4.36396
normalized-single-obj-f10-DCTotalLoss.seq-A-3-1-irEDCBA.opb,4724.0,10966.0,4724.0,1.0,1e+20,1e+20,178634627183.49524,1e+20,0.0,8934.0,5.043117,1.8911939034716343,0.0,12571313.96301256,82503462.62120236,0.02294975988178796,0.008311784263021796,0.03126154414480975,1.0000000000000001e+99,1.2141680576410807e+83,1e+99,0.10289805659734061,79163.0,21656.0,0.0160428,0.65782,0.177709,0.148428,0.00344812,0.996552,0.454099,0.734121,67250900.0,95353.5,5.9121,5.38624,0.911054,53087.7,48365.7,8979.5,6707.81,37.943,9.73341,4.83985
normalized-BA_RDC4.dot_fibo_10null0mast_rapportOE2.0_TMAX180_K67_cod2_pbEq1_newVersion.opb,33748.0,33817.0,0.0,0.0,1e+20,1e+20,-1e+20,1e+20,0.0,0.0,5.2532820000000005,0.0,0.0,-8.551628111488384,184.0206822056795,0.0,0.010699367320516892,0.010699367320516892,0.0,0.0,0.0,0.0,40882.0,40937.0,2.44606e-05,0.0952742,0.626388,0.278313,0.00239714,0.997603,0.729932,0.0,108198000.0,-329695.0,237.169,-594.411,-2.50627,196850.0,-493361.0,830.0,116.768,5.76219,-5407.08,4.70637
normalized-KE_400_008.opb,7000.0,221.0,0.0,0.0,-12612.0,-12612.0,-12612.0,0.0,0.0,1059.0,0.6436999999999999,0.15128571428571427,13.0,-113.48975265017668,47.37372994321174,0.0,1.0,1.0,0.0,0.0,0.0,0.0,313.0,9905.0,0.0,0.0798722,0.0607029,0.859425,0.253896,0.746104,0.0,0.0,64004400.0,246103.0,93.0369,445.017,4.78323,44146.0,211160.0,474.5,13.8937,3.88947,-17364.2,4.89416
normalized-BA_RDC4.dot_fibo_20null20mast_rapportOE2.0_TMAX60_K67_cod3.opb,30412.0,30869.0,0.0,0.0,1e+20,1e+20,-1e+20,1e+20,0.0,0.0,5.024473,0.0,0.0,-2262.1401695878963,4023.3520166871035,0.0,0.6346938270994537,0.6346938270994537,0.0,0.0,0.0,0.0,40950.0,40451.0,2.442e-05,0.0951404,0.625348,0.279487,0.103709,0.896291,0.455087,0.0,114538000.0,370334.0,210.444,2201.53,10.4614,35775.5,374260.0,170.0,30.393,1.82405,90873.6,4.894
normalized-mps-v2-20-10-set1cl.opb,9066.0,1076.0,9066.0,1.0,1e+20,1e+20,19504877.25719374,1e+20,0.0,20532.0,5.009791,2.2647253474520186,0.0,112222780.19770834,562674417.9241848,0.5,0.0,0.5,9.958506224066391e+98,6.4281881264853394e+97,0.0,126005.0362594484,492.0,14400.0,0.0,0.0,0.0,1.0,0.169014,0.830986,0.40678,1.0,39741000.0,268466.0,92.0841,96.1716,1.04439,134305.0,140266.0,1458.5,151.074,8.98835,633.539,4.79247
Init-x2-i2_pp_97-checkpoint-checkpoint.opb,28960.0,25648.0,0.0,0.0,1e+20,1e+20,-1e+20,1e+20,0.0,0.0,5.012696,0.0,0.0,0.09180494627757645,0.28875040799373386,0.09180494627757645,0.0,0.09180494627757645,0.0,0.0,0.0,0.0,31459.0,31458.0,0.0334086,0.78642,0.0244763,0.155695,0.0181372,0.981863,0.962557,1.0,75260400.0,-401300.0,180.991,361.318,1.99633,300897.0,600691.0,1662.5,458.381,9.71888,-908.427,4.68619
normalized-frb30-15-1.opb,450.0,17827.0,450.0,1.0,-23.0,-23.0,-30.333333333333332,0.3188405797101449,0.0,7117.0,5.000532,15.815555555555555,35.0,-1.0,0.0,0.0,1.0,1.0,0.0,0.0,0.0,2.043747213553277,17827.0,450.0,0.0,1.0,0.0,0.0,0.012464,0.987536,0.0,0.0,55885200.0,40986.7,6.98975,-4.33716,-0.620503,79424.6,-49283.2,11363.0,6423.26,44.732,-4.59923,4.85069
normalized-NG.dot_luby_0null20mast_rapportOE1.0_TMAX180_K192_cod1.opb,399113.0,400786.0,0.0,0.0,1e+20,1e+20,-1e+20,1e+20,0.0,0.0,5.186798,0.0,0.0,-177.5304161979189,383.7992725566487,0.0,0.8532746365064531,0.8532746365064531,0.0,0.0,0.0,0.0,400980.0,399113.0,0.0,0.0609706,0.331051,0.607978,0.127336,0.872664,0.48797,0.0,134218000.0,489784.0,21064.6,7551.45,0.358491,368630.0,132150.0,17.5,0.0,1.0,0.0,4.30965
normalized-BA_RDC4.dot_unif_10null10mast_rapportOE2.0_TMAX300_K67_cod1.opb,33349.0,33856.0,0.0,0.0,1e+20,1e+20,-1e+20,1e+20,0.0,0.0,5.03642,0.0,0.0,-416.71320857333563,366.1395786367435,0.0,0.7146424068626239,0.7146424068626239,0.0,0.0,0.0,0.0,40950.0,40451.0,2.442e-05,0.0951404,0.625348,0.279487,0.115267,0.884733,0.455087,0.0,94338600.0,-17424.4,59.0327,-49.6688,-0.841377,91264.6,-76787.9,1546.0,718.235,9.2205,-397.703,4.79083
normalized-frb53-24-1.opb,1272.0,94227.0,1272.0,1.0,-39.0,-39.0,-636.0,15.307692307692308,0.0,1696.0,5.008081,1.3333333333333333,5.0,-1.0,0.0,0.0,1.0,1.0,0.0,0.0,0.0,2.0000318369945878,94227.0,1272.0,0.0,1.0,0.0,0.0,0.00670441,0.993296,0.0,0.0,62809200.0,87715.8,10.7378,-1.70401,-0.158693,94852.6,-15052.4,8833.5,5179.9,37.5112,13.1167,4.60723
normalized-stp3d.opb,136068.0,96860.0,0.0,0.0,1e+20,1e+20,-1e+20,1e+20,0.0,0.0,5.051965,0.0,0.0,2440.4520890277236,3189.751215707382,0.36923076923076925,0.0,0.36923076923076925,0.0,0.0,0.0,0.0,159488.0,204880.0,0.0,0.810293,0.00107845,0.188629,0.102535,0.897465,0.405755,1.0,107090000.0,412885.0,109.214,99.4074,0.910208,253103.0,230377.0,2317.5,758.297,12.7379,597.138,4.59516
normalized-BA_RDC4.dot_fibo_50null50mast_rapportOE1.0_TMAX180_K67_cod2_pbEq1_newVersion.opb,21959.0,22028.0,0.0,0.0,1e+20,1e+20,-1e+20,1e+20,0.0,0.0,5.013338,0.0,0.0,-0.005935950362752522,0.0768161106542336,0.0,0.005935950362752522,0.005935950362752522,0.0,0.0,0.0,0.0,40882.0,40937.0,2.44606e-05,0.0952742,0.626388,0.278313,0.00133134,0.998669,0.729932,0.0,103951000.0,2636070.0,205.565,6976.11,33.9362,76470.3,2595110.0,372.0,86.6148,3.28993,13135.4,4.84874
normalized-maincont.r.opb,64.0,221.0,0.0,0.0,7.0,7.0,7.0,0.0,0.0,114.0,0.07224,1.78125,24.0,1.0,0.0,1.0,0.0,1.0,0.0,0.0,0.0,0.0,105.0,67.0,0.0,0.0,0.00952381,0.990476,0.0268537,0.973146,1.0,1.0,134218000.0,618.135,17.3498,19.1967,1.10645,312.297,345.541,18.0,3.08108,1.0,176.211,0.002866
normalized-BA_RDC4.dot_luby_50null10mast_rapportOE1.0_TMAX60_K67_cod2_pbEq1_newVersion.opb,22041.0,22110.0,0.0,0.0,1e+20,1e+20,-1e+20,1e+20,0.0,0.0,5.019468,0.0,0.0,-0.315826758189413,8.775154624696562,0.0,0.005935950362752522,0.005935950362752522,0.0,0.0,0.0,0.0,40882.0,40937.0,2.44606e-05,0.0952742,0.626388,0.278313,0.00133134,0.998669,0.729932,0.0,99700300.0,1195100.0,59.3056,1327.08,22.3769,52663.4,1178440.0,888.0,217.653,6.14744,-3700.76,4.87028
normalized-BA_RDC4.dot_luby_20null50mast_rapportOE1.0_TMAX120_K67_cod2_pbEq1_newVersion_ladder.opb,54675.0,54848.0,0.0,0.0,1e+20,1e+20,-1e+20,1e+20,0.0,0.0,5.333061,0.0,0.0,-0.7728044071714911,13.983379066542751,0.0,0.004783453432035611,0.004783453432035611,0.0,0.0,0.0,0.0,201868.0,81322.0,4.95373e-06,0.622204,0.324167,0.0536242,0.000770845,0.999229,0.503992,0.0,106678000.0,1253160.0,164.943,5528.86,33.5199,38101.7,1277170.0,231.0,97.0151,2.25918,3434.85,4.79681
normalized-NG.dot_fibo_50null10mast_rapportOE1.0_TMAX120_K192_cod1.opb,228932.0,229714.0,0.0,0.0,1e+20,1e+20,-1e+20,1e+20,0.0,0.0,5.397467,0.0,0.0,-1228.5202235958238,3144.665399824751,0.0,0.4268765988579675,0.4268765988579675,0.0,0.0,0.0,0.0,400980.0,399113.0,0.0,0.0609706,0.331051,0.607978,0.068033,0.931967,0.48797,0.0,134218000.0,469373.0,43380.9,15749.8,0.36306,368737.0,133874.0,8.5,0.0,1.0,0.0,4.38515
normalized-BA_RDC4.dot_luby_20null10mast_rapportOE1.0_TMAX180_K67_cod1.opb,30415.0,30872.0,0.0,0.0,1e+20,1e+20,-1e+20,1e+20,0.0,0.0,5.031578,0.0,0.0,-21.899384440434105,68.52834920128211,0.0,0.6346938270994537,0.6346938270994537,0.0,0.0,0.0,0.0,40950.0,40451.0,2.442e-05,0.0951404,0.625348,0.279487,0.103709,0.896291,0.455087,0.0,94702100.0,673690.0,78.2431,431.007,5.50857,108523.0,597807.0,1387.0,654.835,8.72324,796.279,4.74981
normalized-NG.dot_fibo_50null20mast_rapportOE1.0_TMAX60_K192_cod2.opb,400896.0,400786.0,0.0,0.0,1e+20,1e+20,-1e+20,1e+20,0.0,0.0,5.426686,0.0,0.0,-10.851143438697317,332.9445058318442,0.0,0.002225015964240102,0.002225015964240102,0.0,0.0,0.0,0.0,402763.0,400896.0,0.0,0.0607007,0.329586,0.609713,0.000381224,0.999619,0.63328,0.0,134218000.0,1849480.0,13752.6,58493.5,4.25326,371322.0,1579330.0,27.0,8.8,1.0,7696.07,4.47113
SMTI_25000_10_0.95_3.opb,299551.0,299506.0,0.0,0.0,1e+20,1e+20,-1e+20,1e+20,0.0,0.0,5.007266,0.0,0.0,0.16666666666666666,0.3726779962499649,0.16666666666666666,0.0,0.16666666666666666,0.0,0.0,0.0,0.0,300001.0,300000.0,2.66666e-05,0.000133333,0.000389999,0.99945,0.00957218,0.990428,0.995168,1.0,134218000.0,2067620.0,13877.0,8175.8,0.589162,1332190.0,784876.0,96.0,54.399,1.48187,678.279,3.40744
SMTI_25000_5_0.75_8.opb,164189.0,131640.0,0.0,0.0,1e+20,1e+20,-1e+20,1e+20,0.0,0.0,5.206797,0.0,0.0,0.2857142857142857,0.45175395145262576,0.2857142857142857,0.0,0.2857142857142857,0.0,0.0,0.0,0.0,175001.0,175000.0,0.00281713,0.0121142,0.0284341,0.956635,0.0359067,0.964093,0.981378,1.0,134218000.0,1977530.0,5852.02,9830.93,1.67992,749058.0,1258360.0,128.0,1.63035,1.61089,240.072,3.54194
normalized-BA_RDC4.dot_fibo_0null10mast_rapportOE2.0_TMAX180_K67_cod2_pbEq1_newVersion_ladder.opb,42287.0,42447.0,0.0,0.0,1e+20,1e+20,-1e+20,1e+20,0.0,0.0,5.137942,0.0,0.0,-11.910122722018642,306.8387894646583,0.0,0.005976242591180739,0.005976242591180739,0.0,0.0,0.0,0.0,201868.0,81322.0,4.95373e-06,0.622204,0.324167,0.0536242,0.000962876,0.999037,0.503992,0.0,104328000.0,1455180.0,110.855,3137.17,28.2997,51714.0,1463490.0,466.5,132.987,3.85118,8843.2,4.74841
normalized-vertexcover_opt_grid_evenrowoddcolsquare_dim_130.opb,17030.0,34060.0,17030.0,1.0,8580.0,8580.0,0.0,1e+20,0.0,8865.0,5.002568,0.5205519671168526,2.0,1.0,0.0,1.0,0.0,1.0,0.0,0.0,0.0,2.0,34060.0,17030.0,0.0,1.0,0.0,0.0,0.2,0.8,1.0,1.0,134218000.0,36990.0,0.0,0.0,1.24417,24966.0,31062.0,0.0,0.0,1.0,0.0,4.89281
normalized-domset_opt_hexgrid_nrowsdiv30add5_ncols_360.opb,6120.0,6120.0,6120.0,1.0,1581.0,1581.0,0.0,1e+20,0.0,10371.0,5.000768,1.6946078431372549,2.0,1.0,0.0,1.0,0.0,1.0,0.0,0.0,0.0,0.0,6120.0,6120.0,0.0,0.0,0.0,1.0,0.2,0.8,1.0,1.0,84298600.0,-607755.0,95.5017,260.007,2.72254,166985.0,454623.0,1748.5,298.496,9.32504,1189.01,4.7289
normalized-NG.dot_luby_0null10mast_rapportOE1.0_TMAX300_K192_cod1.opb,399113.0,400786.0,0.0,0.0,1e+20,1e+20,-1e+20,1e+20,0.0,0.0,5.439665,0.0,0.0,-90.65097854492336,285.2752079010893,0.0,0.8532746365064531,0.8532746365064531,0.0,0.0,0.0,0.0,400980.0,399113.0,0.0,0.0609706,0.331051,0.607978,0.127336,0.872664,0.48797,0.0,134218000.0,459280.0,38800.7,10706.5,0.275935,368607.0,101711.0,9.5,0.0,1.0,0.0,4.38483
normalized-BA_RDC4.dot_unif_10null10mast_rapportOE2.0_TMAX60_K67_cod2_pbEq1_newVersion_ladder.opb,55396.0,55646.0,0.0,0.0,1e+20,1e+20,-1e+20,1e+20,0.0,0.0,5.009191,0.0,0.0,-3.0248026364329457,47.16661183448143,0.0,0.005385996409335727,0.005385996409335727,0.0,0.0,0.0,0.0,201868.0,81322.0,4.95373e-06,0.622204,0.324167,0.0536242,0.000867859,0.999132,0.503992,0.0,103150000.0,560835.0,107.728,1034.71,9.60485,58819.3,564950.0,546.0,132.255,4.16834,5433.5,4.75634
normalized-g9x9.opb,81.0,82.0,0.0,0.0,20.0,20.0,20.0,0.0,1.0,1304.0,0.504182,16.098765432098766,373.0,1.0,0.0,1.0,0.0,1.0,0.0,0.0,0.0,0.0,81.0,81.0,0.0,0.0,0.0493827,0.950617,0.18,0.82,1.0,1.0,76454200.0,18604.0,2.6008,18.8214,7.23679,2165.17,15668.9,832.5,264.487,5.76351,91.8001,0.069204
normalized-injcomp_opt_4layers_maxall_lastlayerdiv2_size_20.opb,1240.0,1140.0,1240.0,1.0,-38.99999999999998,-38.99999999999998,-50.0,0.28205128205128277,0.0,18394.0,5.000655,14.833870967741936,12.0,-0.6097560975609756,0.4878048780487805,0.0,0.6097560975609756,0.6097560975609756,0.0,0.0,0.0,1.7391696750902528,730.0,1640.0,0.0,0.0,0.821918,0.178082,0.189394,0.810606,0.28972,0.0,73954700.0,101710.0,12.2989,2.61625,0.212722,79266.7,16861.8,6445.0,2532.94,28.9708,58.4143,4.82336
normalized-BA_RDC4.dot_unif_50null10mast_rapportOE2.0_TMAX120_K67_cod2_pbEq1_newVersion_binary.opb,43616.0,288563.0,0.0,0.0,1e+20,1e+20,-1e+20,1e+20,0.0,0.0,5.042212,0.0,0.0,-3.3237072909460155,51.009263453423486,0.0,0.005423017697337588,0.005423017697337588,0.0,0.0,0.0,0.0,297596.0,44809.0,3.36026e-06,0.875714,0.0860495,0.038233,0.000349163,0.999651,0.385501,0.0,87427700.0,968364.0,106.094,1094.66,10.3178,87899.2,906929.0,828.5,247.456,5.73221,-3378.51,4.57634
normalized-NG.dot_unif_50null20mast_rapportOE1.0_TMAX120_K192_cod2.opb,400896.0,400786.0,0.0,0.0,1e+20,1e+20,-1e+20,1e+20,0.0,0.0,5.444327,0.0,0.0,-1.570532008301405,36.783082862617746,0.0,0.002225015964240102,0.002225015964240102,0.0,0.0,0.0,0.0,402763.0,400896.0,0.0,0.0607007,0.329586,0.609713,0.000381224,0.999619,0.63328,0.0,134218000.0,1630940.0,94986.4,398524.0,4.19559,379946.0,1594090.0,4.0,1.33333,1.0,48210.8,4.43478
normalized-BA_RDC4.dot_unif_50null0mast_rapportOE2.0_TMAX15_K67_cod2.opb,21941.0,22006.0,0.0,0.0,1e+20,1e+20,-1e+20,1e+20,0.0,0.0,5.067166,0.0,0.0,-3.129858074602438,46.51793531052595,0.0,0.005935950362752522,0.005935950362752522,0.0,0.0,0.0,0.0,41436.0,40937.0,2.41336e-05,0.0940245,0.618013,0.287938,0.00108743,0.998913,0.598238,0.0,77339100.0,-1045590.0,86.6344,991.466,11.4443,87760.6,1004360.0,1013.0,311.661,6.91169,-2814.77,4.87052
Init-x2-i9_pp_87.opb,520756.0,520757.0,0.0,0.0,1e+20,1e+20,-1e+20,1e+20,0.0,0.0,5.178323,0.0,0.0,0.005532090145485543,0.07417200364091403,0.005532090145485543,0.0,0.005532090145485543,0.0,0.0,0.0,0.0,522046.0,522045.0,4.5973e-05,0.946101,0.00388855,0.0499649,0.000957924,0.999042,0.990846,1.0,134218000.0,8327640.0,844.833,306399.0,362.674,24077.7,8732360.0,28.5,20.6724,1.0,29.7214,4.52246
normalized-BA_RDC4.dot_fibo_0null0mast_rapportOE2.0_TMAX300_K67_cod2_pbEq1_newVersion_product.opb,52558.0,135477.0,0.0,0.0,1e+20,1e+20,-1e+20,1e+20,0.0,0.0,5.046288,0.0,0.0,-8.679325334724396,195.47463283870334,0.0,0.008450704225352112,0.008450704225352112,0.0,0.0,0.0,0.0,149401.0,57510.0,6.6934e-06,0.752431,0.171404,0.0761575,0.0012156,0.998784,0.589766,0.0,83182200.0,964871.0,181.645,1577.03,8.68195,103810.0,901273.0,571.5,116.811,4.29021,-10721.6,4.75138
normalized-BA_RDC4.dot_fibo_10null10mast_rapportOE1.0_TMAX120_K67_cod2_pbEq1_newVersion_sequential.opb,72824.0,145712.0,0.0,0.0,1e+20,1e+20,-1e+20,1e+20,0.0,0.0,5.047245,0.0,0.0,-11.213029684464228,300.8749615272735,0.0,0.005385996409335727,0.005385996409335727,0.0,0.0,0.0,0.0,161483.0,81322.0,6.1926e-06,0.770954,0.15858,0.0704594,0.00103321,0.998967,0.504753,0.0,106216000.0,-652878.0,110.897,-967.939,-8.72826,78348.9,-683849.0,706.5,323.511,5.03748,3340.94,4.77336
normalized-BA_RDC4.dot_luby_0null50mast_rapportOE2.0_TMAX60_K67_cod1.opb,36184.0,36738.0,0.0,0.0,1e+20,1e+20,-1e+20,1e+20,0.0,0.0,5.038255,0.0,0.0,-102.92971743591012,124.2183148345862,0.0,0.7929593829571581,0.7929593829571581,0.0,0.0,0.0,0.0,40950.0,40451.0,2.442e-05,0.0951404,0.625348,0.279487,0.126304,0.873696,0.455087,0.0,106069000.0,276436.0,221.707,1707.26,7.70052,36359.9,279990.0,164.0,21.4742,1.78116,172858.0,4.85811
normalized-BA_RDC4.dot_fibo_0null50mast_rapportOE1.0_TMAX300_K67_cod2_pbEq1_newVersion_ladder.opb,41220.0,41386.0,0.0,0.0,1e+20,1e+20,-1e+20,1e+20,0.0,0.0,5.029619,0.0,0.0,-35.485551265340256,607.6639840343273,0.0,0.005976242591180739,0.005976242591180739,0.0,0.0,0.0,0.0,201868.0,81322.0,4.95373e-06,0.622204,0.324167,0.0536242,0.000962876,0.999037,0.503992,0.0,118602000.0,338067.0,49.4417,127.255,2.57384,107486.0,276652.0,2174.0,2147.36,12.0343,107.174,4.70678
normalized-ii32e4.opb,774.0,7684.0,774.0,1.0,365.0,365.0,268.95998560366604,0.35707919221060846,0.0,11645.0,5.002614,15.045219638242894,2.0,1.0,0.0,1.0,0.0,1.0,0.0,0.0,0.0,1.6722500659456607,7493.0,774.0,0.0,0.897237,0.00867476,0.0940878,0.0209331,0.979067,0.978619,1.0,75730400.0,100027.0,8.0129,2.34724,0.292933,70974.3,20790.7,8857.5,6783.31,37.5931,-12.1248,4.88
normalized-8_16.opb,136.0,136.0,0.0,0.0,5852.0,5852.0,5852.0,0.0,0.0,120.0,0.063917,0.8823529411764706,5.0,431.3897058823529,182.35800974336323,1.0,0.0,1.0,0.0,0.0,0.0,0.0,144.0,136.0,0.0,0.888889,0.0,0.111111,0.261538,0.738462,0.666667,1.0,98217100.0,15686.4,7.56256,35.0229,4.6311,2745.21,12713.3,363.0,75.2902,3.23796,198.273,0.040735
SMTI_10000_10_0.75_9.opb,116233.0,90587.0,0.0,0.0,1e+20,1e+20,-1e+20,1e+20,0.0,0.0,5.394962,0.0,0.0,0.16666666666666666,0.3726779962499649,0.16666666666666666,0.0,0.16666666666666666,0.0,0.0,0.0,0.0,120001.0,120000.0,0.000566662,0.00187498,0.00437496,0.993183,0.0118562,0.988144,0.994001,1.0,134218000.0,-2603770.0,4464.73,8477.32,1.89873,1426480.0,2708500.0,319.5,15.4297,2.96875,190.577,2.96049
normalized-comppebvc_opt_170.opb,57799.0,115093.0,57799.0,1.0,29071.0,29071.0,0.0,1e+20,0.0,0.0,5.005901,0.0,2.0,0.5000343997248022,0.499999998816659,0.5000343997248022,0.0,0.5000343997248022,0.0,0.0,0.0,1.9970632445066163,115770.0,58140.0,0.0,0.503671,0.0,0.496329,0.0774155,0.922584,0.668302,1.0,0.0,0.0,0.0,0.0,0.0,0.0,0.0,0.0,0.0,0.0,0.0,4.82783
normalized-NG.dot_unif_20null10mast_rapportOE2.0_TMAX15_K192_cod1.opb,331117.0,332434.0,0.0,0.0,1e+20,1e+20,-1e+20,1e+20,0.0,0.0,5.43728,0.0,0.0,-386.36017117959074,368.52825704883537,0.0,0.6829068459308517,0.6829068459308517,0.0,0.0,0.0,0.0,400980.0,399113.0,0.0,0.0609706,0.331051,0.607978,0.104571,0.895429,0.48797,0.0,134218000.0,702236.0,369031.0,567945.0,1.53902,369031.0,567945.0,1.0,0.0,1.0,0.0,4.43403
normalized-BA_RDC4.dot_unif_10null50mast_rapportOE1.0_TMAX15_K67_cod3.opb,33340.0,33847.0,0.0,0.0,1e+20,1e+20,-1e+20,1e+20,0.0,0.0,5.028276,0.0,0.0,-563.0680576499963,439.1482285482875,0.0,0.7146424068626239,0.7146424068626239,0.0,0.0,0.0,0.0,40950.0,40451.0,2.442e-05,0.0951404,0.625348,0.279487,0.115267,0.884733,0.455087,0.0,112583000.0,964988.0,286.697,5717.62,19.943,47878.5,954842.0,167.0,52.3552,1.80597,44063.4,4.86425
normalized-neos-1109824.opb,1520.0,9993.0,1520.0,1.0,1e+20,1e+20,347.8333333333333,1e+20,0.0,2044.0,5.001937,1.3447368421052632,0.0,35.578947368421055,17.70850461597681,0.9947368421052631,0.0,0.9947368421052631,0.013157894736842105,0.11395071102426826,0.0,2.7051611627447105,28979.0,1520.0,0.0,0.0524518,0.944132,0.00341627,0.0166081,0.983392,0.033107,1.0,74401800.0,-212791.0,8.05525,-62.964,-7.81651,31572.6,-246787.0,3919.5,977.963,19.339,-43.5551,4.88295
normalized-BA_RDC4.dot_fibo_10null0mast_rapportOE2.0_TMAX180_K67_cod2_pbEq1_newVersion_product.opb,52417.0,135057.0,0.0,0.0,1e+20,1e+20,-1e+20,1e+20,0.0,0.0,5.199122,0.0,0.0,-6.087254390540775,155.30593576498302,0.0,0.007616066770996349,0.007616066770996349,0.0,0.0,0.0,0.0,149401.0,57510.0,6.6934e-06,0.752431,0.171404,0.0761575,0.00109567,0.998904,0.589766,0.0,108944000.0,-205259.0,303.936,-525.927,-1.73039,223393.0,-386557.0,735.0,429.9,5.18559,2564.32,4.65382
normalized-BA_RDC4.dot_unif_0null10mast_rapportOE2.0_TMAX15_K67_cod2.opb,36668.0,36737.0,0.0,0.0,1e+20,1e+20,-1e+20,1e+20,0.0,0.0,5.03851,0.0,0.0,-6.504897769743753,68.87285349224456,0.0,0.011871900725505044,0.011871900725505044,0.0,0.0,0.0,0.0,41436.0,40937.0,2.41336e-05,0.0940245,0.618013,0.287938,0.0021725,0.997827,0.598238,0.0,95457500.0,-163258.0,138.226,-333.596,-2.41342,89915.8,-217004.0,650.5,103.806,4.69585,12838.1,4.85539
normalized-ivu52.opb,155481.0,2116.0,0.0,0.0,1e+20,1e+20,-1e+20,1e+20,0.0,0.0,14.054498,0.0,0.0,3172.7787437099832,1021.6625835440377,1.0,0.0,1.0,0.0,0.0,0.0,0.0,2116.0,157591.0,0.0,0.0,0.0,1.0,0.0674311,0.932569,0.80366,1.0,119765000.0,971443.0,9408.4,7720.78,0.820626,606842.0,497990.0,64.5,0.246154,1.23077,1180900.0,4.41758
normalized-BA_RDC4.dot_unif_50null10mast_rapportOE2.0_TMAX15_K67_cod3.opb,21764.0,22076.0,0.0,0.0,1e+20,1e+20,-1e+20,1e+20,0.0,0.0,5.01151,0.0,0.0,-249.19482831079577,367.2528560734902,0.0,0.39647969147857903,0.39647969147857903,0.0,0.0,0.0,0.0,40950.0,40451.0,2.442e-05,0.0951404,0.625348,0.279487,0.0674089,0.932591,0.455087,0.0,115720000.0,1369260.0,313.261,8739.72,27.8992,48712.1,1359030.0,155.5,27.5673,1.71474,80638.8,4.8829
normalized-BA_RDC4.dot_fibo_10null50mast_rapportOE1.0_TMAX60_K67_cod2_pbEq1_newVersion_sequential.opb,72518.0,145100.0,0.0,0.0,1e+20,1e+20,-1e+20,1e+20,0.0,0.0,5.126182,0.0,0.0,-34.97244288138511,605.9078296982349,0.0,0.005385996409335727,0.005385996409335727,0.0,0.0,0.0,0.0,161483.0,81322.0,6.1926e-06,0.770954,0.15858,0.0704594,0.00103321,0.998967,0.504753,0.0,101291000.0,957843.0,104.43,1900.02,18.1942,52945.9,963308.0,507.0,169.424,4.02956,6196.94,4.80796
normalized-sorrell7.opb,2048.0,39424.0,2048.0,1.0,-154.0,-154.0,-891.0,4.785714285714286,0.0,5085.0,5.008376,2.48291015625,8.0,-1.0,0.0,0.0,1.0,1.0,0.0,0.0,0.0,2.0093248317749945,78848.0,2048.0,0.0,1.0,0.0,0.0,0.0128205,0.987179,0.0,0.0,55315300.0,-142681.0,-13.223,-6.73902,0.509644,-98861.6,-50384.3,7476.5,3906.85,33.0923,12.2502,4.51102
normalized-aim-200-3_4-yes1-2.opb,400.0,904.0,0.0,0.0,200.0,200.0,200.0,0.0,0.0,12163.0,0.8336359999999999,30.4075,1.0,1.0,0.0,1.0,0.0,1.0,0.0,0.0,0.0,0.0,880.0,400.0,0.0,0.227273,0.772727,0.0,0.140845,0.859155,0.836066,1.0,129706000.0,8562.74,5.98965,66.4909,11.101,709.773,7879.17,118.5,117.059,1.57143,7.63772,0.01184
normalized-BA_RDC4.dot_unif_20null10mast_rapportOE1.0_TMAX60_K67_cod2_pbEq1_newVersion_sequential.opb,72824.0,145712.0,0.0,0.0,1e+20,1e+20,-1e+20,1e+20,0.0,0.0,5.052632,0.0,0.0,-2.6094783699367943,43.37408533668273,0.0,0.004783453432035611,0.004783453432035611,0.0,0.0,0.0,0.0,161483.0,81322.0,6.1926e-06,0.770954,0.15858,0.0704594,0.000917732,0.999082,0.504753,0.0,88885500.0,-150873.0,66.6554,-184.846,-2.77316,67855.1,-188173.0,1018.0,393.962,6.95434,-2455.14,4.7883
SMTI_50000_3_0.85_2.opb,228207.0,224378.0,0.0,0.0,1e+20,1e+20,-1e+20,1e+20,0.0,0.0,9.403447,0.0,0.0,0.4,0.48989794855663565,0.4,0.0,0.4,0.0,0.0,0.0,0.0,250001.0,250000.0,0.012452,0.0406278,0.109628,0.837293,0.0708705,0.929129,0.961862,1.0,134218000.0,1774240.0,9504.4,14276.6,1.50211,727086.0,1092160.0,76.5,1.35714,1.35065,168.359,3.5777
normalized-BA_RDC4.dot_luby_0null50mast_rapportOE1.0_TMAX15_K67_cod2_pbEq1_newVersion_product.opb,52558.0,135477.0,0.0,0.0,1e+20,1e+20,-1e+20,1e+20,0.0,0.0,5.044996,0.0,0.0,-1.0978786298035124,16.618965667073894,0.0,0.008450704225352112,0.008450704225352112,0.0,0.0,0.0,0.0,149401.0,57510.0,6.6934e-06,0.752431,0.171404,0.0761575,0.0012156,0.998784,0.589766,0.0,105472000.0,534638.0,113.152,822.937,7.27282,70211.0,510632.0,620.5,192.395,4.53301,6446.04,4.78985
normalized-10:20:4.5:0.5:100.opb,771.0,881.0,0.0,0.0,0.0,0.0,0.0,0.0,0.0,3869.0,2.950647,5.018158236057069,6.0,1.5193298969072164,17.114446106443037,0.9987113402061856,0.001288659793814433,1.0,0.0,0.0,0.0,0.0,867.0,776.0,0.0011534,0.803922,0.0138408,0.181084,0.203621,0.796379,0.771664,0.998711,98844700.0,46302.0,8.61947,-2.20661,-0.256003,54384.5,-13922.6,6309.5,1550.14,28.3899,14.184,4.87412
normalized-BA_RDC4.dot_fibo_10null10mast_rapportOE1.0_TMAX120_K67_cod2_pbEq1_newVersion_product.opb,52558.0,135477.0,0.0,0.0,1e+20,1e+20,-1e+20,1e+20,0.0,0.0,5.05022,0.0,0.0,-15.855781603199443,357.679028301359,0.0,0.007616066770996349,0.007616066770996349,0.0,0.0,0.0,0.0,149401.0,57510.0,6.6934e-06,0.752431,0.171404,0.0761575,0.00109567,0.998904,0.589766,0.0,101909000.0,-1307580.0,80.3168,-1763.82,-21.9608,60518.7,-1329040.0,753.5,284.305,5.28382,4506.53,4.77276
normalized-BA_RDC4.dot_luby_10null0mast_rapportOE1.0_TMAX120_K67_cod2_pbEq1_newVersion_product.opb,52558.0,135477.0,0.0,0.0,1e+20,1e+20,-1e+20,1e+20,0.0,0.0,5.054375,0.0,0.0,-0.027925578160319944,0.8503290506471293,0.0,0.007616066770996349,0.007616066770996349,0.0,0.0,0.0,0.0,149401.0,57510.0,6.6934e-06,0.752431,0.171404,0.0761575,0.00109567,0.998904,0.589766,0.0,104315000.0,-385809.0,49.1347,-323.03,-6.57437,61836.0,-406533.0,1258.5,966.744,8.17554,-749.414,4.74929
normalized-BA_RDC4.dot_fibo_50null20mast_rapportOE2.0_TMAX120_K67_cod3.opb,21754.0,22081.0,0.0,0.0,1e+20,1e+20,-1e+20,1e+20,0.0,0.0,5.007245,0.0,0.0,-1961.9446738028726,4022.4163954771934,0.0,0.39647969147857903,0.39647969147857903,0.0,0.0,0.0,0.0,40950.0,40451.0,2.442e-05,0.0951404,0.625348,0.279487,0.0674089,0.932591,0.455087,0.0,118291000.0,636728.0,253.897,586.946,2.31175,197785.0,457231.0,779.0,269.234,5.40411,-3105.37,4.60938
normalized-BA_RDC4.dot_luby_10null50mast_rapportOE1.0_TMAX120_K67_cod2_pbEq1_newVersion_binary.opb,43616.0,288563.0,0.0,0.0,1e+20,1e+20,-1e+20,1e+20,0.0,0.0,5.054135,0.0,0.0,-1.40491865473454,18.816687684305688,0.0,0.009774822022361579,0.009774822022361579,0.0,0.0,0.0,0.0,297596.0,44809.0,3.36026e-06,0.875714,0.0860495,0.038233,0.000629178,0.999371,0.385501,0.0,106662000.0,724272.0,135.417,2579.3,19.0472,38187.5,727363.0,282.0,116.078,2.66018,2874.28,4.7462
normalized-KE_300_003.opb,1931.0,145.0,0.0,0.0,-7399.0,-7399.0,-7399.0,0.0,0.0,257.0,0.117033,0.13309166235111342,5.0,-105.60052973753913,46.04904335741466,0.0,0.9997592102094871,0.9997592102094871,0.0,0.0,0.0,0.0,178.0,4153.0,0.0,0.0505618,0.0449438,0.904494,0.255241,0.744759,0.0,0.0,72157300.0,652991.0,34.1831,485.116,14.1917,43156.2,612459.0,1262.5,21.8614,8.21971,22547.8,4.91209
normalized-BA_RDC4.dot_unif_0null0mast_rapportOE1.0_TMAX300_K67_cod1.opb,36184.0,36738.0,0.0,0.0,1e+20,1e+20,-1e+20,1e+20,0.0,0.0,5.045558,0.0,0.0,-383.6536550394304,328.33033445988633,0.0,0.7929593829571581,0.7929593829571581,0.0,0.0,0.0,0.0,40950.0,40451.0,2.442e-05,0.0951404,0.625348,0.279487,0.126304,0.873696,0.455087,0.0,105166000.0,194335.0,233.26,1.57493,0.00675183,226729.0,1530.84,972.0,412.06,6.65861,-936.457,4.66112
normalized-BA_RDC4.dot_luby_0null50mast_rapportOE2.0_TMAX300_K67_cod2_pbEq1_newVersion_product.opb,52558.0,135477.0,0.0,0.0,1e+20,1e+20,-1e+20,1e+20,0.0,0.0,5.047798,0.0,0.0,-1.0945226917057902,16.608761263203913,0.0,0.008450704225352112,0.008450704225352112,0.0,0.0,0.0,0.0,149401.0,57510.0,6.6934e-06,0.752431,0.171404,0.0761575,0.0012156,0.998784,0.589766,0.0,118042000.0,1428920.0,362.907,3833.54,10.5634,126292.0,1334070.0,348.0,134.311,3.12912,11258.1,4.61494
normalized-BA_RDC4.dot_unif_20null0mast_rapportOE2.0_TMAX15_K67_cod2_pbEq1_newVersion.opb,30790.0,30859.0,0.0,0.0,1e+20,1e+20,-1e+20,1e+20,0.0,0.0,5.021198,0.0,0.0,-4.772064391626158,55.946164552272755,0.0,0.009502406136258152,0.009502406136258152,0.0,0.0,0.0,0.0,40882.0,40937.0,2.44606e-05,0.0952742,0.626388,0.278313,0.00212953,0.99787,0.729932,0.0,92742700.0,1214290.0,77.4258,1448.0,18.7018,63102.0,1180120.0,815.0,198.638,5.65113,5650.49,4.88419
normalized-mps-v2-20-10-n3703.opb,96940.0,11027.0,96940.0,1.0,1e+20,1e+20,0.0,1e+20,0.0,0.0,5.034018,0.0,0.0,191338193.7224774,612947012.051211,0.9999935483870968,0.0,0.9999935483870968,9.999999999999997e+98,2.4283361152821613e+83,1e+99,30325.26144917022,5150.0,155000.0,0.0,0.0,0.0,1.0,0.254097,0.745903,0.67033,1.0,111322000.0,1698310.0,2662.39,18953.4,7.11894,224972.0,1601560.0,84.5,17.3294,1.41176,15914.3,4.43935
normalized-BA_RDC4.dot_unif_0null0mast_rapportOE2.0_TMAX60_K67_cod3.opb,36184.0,36738.0,0.0,0.0,1e+20,1e+20,-1e+20,1e+20,0.0,0.0,5.058309,0.0,0.0,-402.0336703666164,329.39757003380197,0.0,0.7929593829571581,0.7929593829571581,0.0,0.0,0.0,0.0,40950.0,40451.0,2.442e-05,0.0951404,0.625348,0.279487,0.126304,0.873696,0.455087,0.0,108738000.0,355833.0,210.266,1910.6,9.08656,39214.6,356326.0,186.5,37.8797,1.93048,80773.7,4.8741
normalized-NG.dot_fibo_20null50mast_rapportOE1.0_TMAX300_K192_cod2.opb,400896.0,400786.0,0.0,0.0,1e+20,1e+20,-1e+20,1e+20,0.0,0.0,5.275298,0.0,0.0,-25.517742756226053,520.2151079796619,0.0,0.0035595266602809704,0.0035595266602809704,0.0,0.0,0.0,0.0,402763.0,400896.0,0.0,0.0607007,0.329586,0.609713,0.000609734,0.99939,0.63328,0.0,119454000.0,3162560.0,3803.4,30637.6,8.05533,378438.0,3048440.0,99.5,36.1,1.495,2675.58,4.35293
normalized-knapPI_1_50_1000_4_-4888.opb,0.0,0.0,0.0,0.0,-12104.0,-12104.0,-12104.0,0.0,0.0,0.0,0.003083,0.0,2.0,-530.82,279.0985625186916,0.0,1.0,1.0,0.0,0.0,0.0,0.0,1.0,200.0,0.0,0.0,0.0,1.0,0.5,0.5,0.0,0.0,45984200.0,77270.8,19.4343,69.6601,3.58439,16752.4,60047.0,862.0,53.3878,5.96754,497.79,0.147258
normalized-BA_RDC4.dot_unif_10null50mast_rapportOE1.0_TMAX15_K67_cod1.opb,33361.0,33868.0,0.0,0.0,1e+20,1e+20,-1e+20,1e+20,0.0,0.0,5.037987,0.0,0.0,-559.7020592816,437.471246284557,0.0,0.7146424068626239,0.7146424068626239,0.0,0.0,0.0,0.0,40950.0,40451.0,2.442e-05,0.0951404,0.625348,0.279487,0.115267,0.884733,0.455087,0.0,107081000.0,342136.0,496.348,3686.79,7.42784,45167.6,335498.0,91.0,31.9563,1.44809,40549.8,4.88304
normalized-BA_RDC4.dot_fibo_20null0mast_rapportOE2.0_TMAX180_K67_cod1.opb,30455.0,30912.0,0.0,0.0,1e+20,1e+20,-1e+20,1e+20,0.0,0.0,5.038006,0.0,0.0,-596.1912437269783,1419.6126399402574,0.0,0.6346938270994537,0.6346938270994537,0.0,0.0,0.0,0.0,40950.0,40451.0,2.442e-05,0.0951404,0.625348,0.279487,0.103709,0.896291,0.455087,0.0,98767000.0,-326300.0,47.41,-281.953,-5.94713,59120.3,-351596.0,1247.0,602.881,8.10782,867.303,4.85295
normalized-KE_740_009.opb,84103.0,623.0,84103.0,1.0,-1145.0,-1145.0,-9499120.0,8295.174672489084,0.0,0.0,5.099113,0.0,2.0,-115.96983528655137,48.1219752212434,0.0,0.9998660140060026,0.9998660140060026,0.0,0.0,0.0,400.6243980738363,664.0,111952.0,0.0,0.0316265,0.0165663,0.951807,0.25158,0.74842,0.0,0.0,64246100.0,41306.6,5201.04,1479.35,0.284433,117023.0,33285.4,22.5,1.17391,1.0,1852270.0,4.72621
normalized-BA_RDC4.dot_luby_50null50mast_rapportOE1.0_TMAX180_K67_cod2_pbEq1_newVersion_binary.opb,43616.0,288563.0,0.0,0.0,1e+20,1e+20,-1e+20,1e+20,0.0,0.0,5.057209,0.0,0.0,-0.005423017697337588,0.07344119127840963,0.0,0.005423017697337588,0.005423017697337588,0.0,0.0,0.0,0.0,297596.0,44809.0,3.36026e-06,0.875714,0.0860495,0.038233,0.000349163,0.999651,0.385501,0.0,91910000.0,913833.0,1126.76,19690.6,17.4754,51267.6,895921.0,45.5,21.2065,1.0,13394.9,4.72013
normalized-j12046_7.std.opb,51843.0,121164.0,0.0,0.0,1e+20,1e+20,-1e+20,1e+20,0.0,0.0,5.031096,0.0,0.0,0.6198347107438017,11.126066629782756,0.004118503061420609,0.0,0.004118503061420609,0.0,0.0,0.0,0.0,256332.0,72842.0,0.00336673,0.852371,0.139581,0.00468143,0.00048561,0.999514,0.412582,1.0,114619000.0,233708.0,28.0994,52.4022,1.86489,103420.0,192866.0,3680.5,3432.08,18.6244,54.8457,4.75467
normalized-BA_RDC4.dot_luby_10null20mast_rapportOE2.0_TMAX15_K67_cod2_pbEq1_newVersion_product.opb,52558.0,135477.0,0.0,0.0,1e+20,1e+20,-1e+20,1e+20,0.0,0.0,5.047183,0.0,0.0,-0.45247782994261865,10.530080140106836,0.0,0.007616066770996349,0.007616066770996349,0.0,0.0,0.0,0.0,149401.0,57510.0,6.6934e-06,0.752431,0.171404,0.0761575,0.00109567,0.998904,0.589766,0.0,107130000.0,1053490.0,96.0896,1437.52,14.9602,68752.1,1028540.0,715.5,193.414,5.07821,3259.72,4.77624
normalized-BA_RDC4.dot_luby_10null10mast_rapportOE2.0_TMAX120_K67_cod2.opb,33770.0,33839.0,0.0,0.0,1e+20,1e+20,-1e+20,1e+20,0.0,0.0,5.23296,0.0,0.0,-0.33404988152527054,8.809288185919375,0.0,0.010699367320516892,0.010699367320516892,0.0,0.0,0.0,0.0,41436.0,40937.0,2.41336e-05,0.0940245,0.618013,0.287938,0.00195836,0.998042,0.598238,0.0,99833000.0,2278740.0,383.389,6354.91,16.5756,131503.0,2179730.0,343.0,32.7715,3.10189,41256.1,4.75875
normalized-BA_RDC4.dot_fibo_20null20mast_rapportOE1.0_TMAX180_K67_cod2_pbEq1_newVersion_product.opb,52559.0,135477.0,0.0,0.0,1e+20,1e+20,-1e+20,1e+20,0.0,0.0,5.049821,0.0,0.0,-23.81829247087463,474.36353484614386,0.0,0.0067640410363415055,0.0067640410363415055,0.0,0.0,0.0,0.0,149401.0,57510.0,6.6934e-06,0.752431,0.171404,0.0761575,0.000973213,0.999027,0.589766,0.0,103230000.0,-553603.0,54.7159,296.316,5.41553,100814.0,545962.0,1842.5,1733.26,10.4845,-286.166,4.73284
normalized-NG.dot_fibo_0null10mast_rapportOE1.0_TMAX15_K192_cod2.opb,400896.0,400786.0,0.0,0.0,1e+20,1e+20,-1e+20,1e+20,0.0,0.0,5.290478,0.0,0.0,-8.306194125159642,259.573954839382,0.0,0.00444753751596424,0.00444753751596424,0.0,0.0,0.0,0.0,402763.0,400896.0,0.0,0.0607007,0.329586,0.609713,0.000761731,0.999238,0.63328,0.0,134218000.0,973323.0,369049.0,872114.0,2.36314,369049.0,872114.0,1.0,0.0,1.0,0.0,4.43587
normalized-BA_RDC4.dot_luby_20null20mast_rapportOE2.0_TMAX15_K67_cod2_pbEq1_newVersion_product.opb,52559.0,135477.0,0.0,0.0,1e+20,1e+20,-1e+20,1e+20,0.0,0.0,5.039304,0.0,0.0,-0.44934793948878454,10.518344715857245,0.0,0.0067640410363415055,0.0067640410363415055,0.0,0.0,0.0,0.0,149401.0,57510.0,6.6934e-06,0.752431,0.171404,0.0761575,0.000973213,0.999027,0.589766,0.0,111625000.0,1481080.0,180.185,2863.77,15.8935,90362.8,1436180.0,501.5,132.119,4.001,6979.61,4.71942
normalized-BA_RDC4.dot_fibo_0null50mast_rapportOE2.0_TMAX180_K67_cod2_pbEq1_newVersion.opb,36668.0,36737.0,0.0,0.0,1e+20,1e+20,-1e+20,1e+20,0.0,0.0,5.026212,0.0,0.0,-71.47656154578988,857.1003986875825,0.0,0.011871900725505044,0.011871900725505044,0.0,0.0,0.0,0.0,40882.0,40937.0,2.44606e-05,0.0952742,0.626388,0.278313,0.00265914,0.997341,0.729932,0.0,93496200.0,-961211.0,114.182,-1054.88,-9.23851,112470.0,-1039050.0,985.0,310.663,6.74074,-3351.91,4.77679
Init-x2-i7_pp_94.opb,96084.0,92546.0,0.0,0.0,1e+20,1e+20,-1e+20,1e+20,0.0,0.0,5.067669,0.0,0.0,0.02934959349593496,0.16878446272556707,0.02934959349593496,0.0,0.02934959349593496,0.0,0.0,0.0,0.0,98401.0,98400.0,0.00514222,0.870581,0.0118291,0.112448,0.00539424,0.994606,0.977292,1.0,110996000.0,-1429440.0,360.682,-2444.93,-6.77865,236427.0,-1602650.0,655.5,155.087,4.71799,3667.6,4.63459
normalized-injcomp_opt_4layers_maxall_lastlayerdiv2_size_26.opb,2080.0,1861.0,2080.0,1.0,-47.99999999999987,-47.99999999999987,-65.0,0.3541666666666703,0.0,23262.0,5.001117,11.183653846153845,10.0,-0.6132075471698113,0.48701545279774744,0.0,0.6132075471698113,0.6132075471698113,0.0,0.0,0.0,2.8446655610834717,1183.0,2756.0,0.0,0.0,0.857143,0.142857,0.190058,0.809942,0.288809,0.0,75084700.0,-123617.0,22.7244,-50.8182,-2.23628,102476.0,-229165.0,4509.5,1756.78,21.3048,46.1263,4.83654
normalized-j12026_10.std.opb,50108.0,107451.0,0.0,0.0,1e+20,1e+20,-1e+20,1e+20,0.0,0.0,5.004733,0.0,0.0,0.6198347107438017,11.126066629782756,0.004118503061420609,0.0,0.004118503061420609,0.0,0.0,0.0,0.0,245225.0,72842.0,0.00321745,0.846133,0.145756,0.00489347,0.00050369,0.999496,0.409356,1.0,113218000.0,-273964.0,42.6022,-125.336,-2.94201,109573.0,-322364.0,2572.0,2470.53,14.0068,50.4452,4.69532
normalized-hw32-vm95p-opt.opb.negationfix.opb,11155.0,571.0,11155.0,1.0,1e+20,1e+20,31.000000000000004,1e+20,0.0,10487.0,5.003091,0.9401165396683102,0.0,0.0028653295128939827,0.05345202895752901,0.0028653295128939827,0.0,0.0028653295128939827,0.0,0.0,0.0,372.1301460823373,762.0,11168.0,0.0,0.0,0.0,1.0,0.00071582,0.999284,0.252149,1.0,101067000.0,-78640.0,40.4804,-63.4632,-1.56775,127817.0,-200385.0,3157.5,114.362,16.7791,1565.42,4.78601
normalized-NG.dot_fibo_50null10mast_rapportOE1.0_TMAX120_K192_cod2.opb,400896.0,400786.0,0.0,0.0,1e+20,1e+20,-1e+20,1e+20,0.0,0.0,5.278924,0.0,0.0,-6.572163354086846,245.57138437322416,0.0,0.002225015964240102,0.002225015964240102,0.0,0.0,0.0,0.0,402763.0,400896.0,0.0,0.0607007,0.329586,0.609713,0.000381224,0.999619,0.63328,0.0,134218000.0,1781490.0,47926.8,199661.0,4.16596,383414.0,1597290.0,8.0,2.35294,1.0,24226.0,4.37999
normalized-j609_2.std.opb,29969.0,62627.0,0.0,0.0,1e+20,1e+20,-1e+20,1e+20,0.0,0.0,5.006097,0.0,0.0,1.2295081967213115,15.646078901885646,0.008169489679211371,0.0,0.008169489679211371,0.0,0.0,0.0,0.0,118022.0,36722.0,0.00300791,0.833667,0.153158,0.0101676,0.000980504,0.999019,0.381709,1.0,104862000.0,140066.0,21.8987,10.6139,0.484684,114432.0,55463.2,5225.5,4747.26,24.0712,18.3124,4.78594
normalized-fir05_trarea_ac.opb,624.0,565.0,0.0,0.0,47342.0,47342.0,47342.0,0.0,0.0,73.0,0.057633,0.11698717948717949,3.0,910.8767361111111,796.7809565948002,0.5737847222222222,0.0,0.5737847222222222,0.0,0.0,0.0,0.0,1774.0,1152.0,0.00281849,0.71195,0.210823,0.0744081,0.127804,0.872196,0.514077,1.0,106990000.0,29781.2,-8.03128,-7.81751,0.973383,-88677.3,-86317.0,11041.5,5634.47,43.7314,-14.7107,4.81206
normalized-NG.dot_fibo_10null50mast_rapportOE2.0_TMAX300_K192_cod2.opb,400896.0,400786.0,0.0,0.0,1e+20,1e+20,-1e+20,1e+20,0.0,0.0,5.492023,0.0,0.0,-25.916389786877396,522.2660510375005,0.0,0.004003532088122605,0.004003532088122605,0.0,0.0,0.0,0.0,402763.0,400896.0,0.0,0.0607007,0.329586,0.609713,0.000685739,0.999314,0.63328,0.0,97913000.0,2326330.0,6363.16,36246.9,5.69637,384971.0,2192940.0,60.5,23.7623,1.14754,3339.31,4.44866
normalized-glass-sc.opb,214.0,6119.0,214.0,1.0,25.0,25.0,14.190398566679972,0.7617546034754592,0.0,1931.0,5.014814,9.023364485981308,24.0,1.0,0.0,1.0,0.0,1.0,0.0,0.0,0.0,1.4728824551160375,6119.0,214.0,0.0,0.0,0.0,1.0,0.00333687,0.996663,1.0,1.0,83596700.0,48395.1,12.5203,-7.7208,-0.616664,104895.0,-64684.9,8378.0,1294.36,36.2785,58.2191,4.80456
normalized-BA_RDC4.dot_unif_20null10mast_rapportOE2.0_TMAX15_K67_cod1.opb,30440.0,30894.0,0.0,0.0,1e+20,1e+20,-1e+20,1e+20,0.0,0.0,5.024368,0.0,0.0,-374.4709895923463,378.39903173211087,0.0,0.6346938270994537,0.6346938270994537,0.0,0.0,0.0,0.0,40950.0,40451.0,2.442e-05,0.0951404,0.625348,0.279487,0.103709,0.896291,0.455087,0.0,109332000.0,815368.0,301.798,4896.15,16.2233,49494.8,802969.0,164.0,33.8359,1.77508,80806.8,4.87803
normalized-BA_RDC4.dot_unif_50null10mast_rapportOE2.0_TMAX15_K67_cod2_pbEq1_newVersion.opb,21973.0,22038.0,0.0,0.0,1e+20,1e+20,-1e+20,1e+20,0.0,0.0,5.001248,0.0,0.0,-3.7107262378777146,54.14200476771671,0.0,0.005935950362752522,0.005935950362752522,0.0,0.0,0.0,0.0,40882.0,40937.0,2.44606e-05,0.0952742,0.626388,0.278313,0.00133134,0.998669,0.729932,0.0,96905200.0,-158894.0,132.812,-299.119,-2.2522,99542.7,-224190.0,749.5,123.729,5.264,9597.62,4.82212
normalized-BA_RDC4.dot_unif_0null50mast_rapportOE1.0_TMAX120_K67_cod2.opb,36668.0,36737.0,0.0,0.0,1e+20,1e+20,-1e+20,1e+20,0.0,0.0,5.01837,0.0,0.0,-8.853579891052105,88.19559520106542,0.0,0.011871900725505044,0.011871900725505044,0.0,0.0,0.0,0.0,41436.0,40937.0,2.41336e-05,0.0940245,0.618013,0.287938,0.0021725,0.997827,0.598238,0.0,61172700.0,-578966.0,100.438,-519.78,-5.17514,133934.0,-693126.0,1333.5,569.323,8.52624,366.455,4.80491
normalized-BA_RDC4.dot_unif_0null20mast_rapportOE2.0_TMAX300_K67_cod2_pbEq1_newVersion_product.opb,52558.0,135477.0,0.0,0.0,1e+20,1e+20,-1e+20,1e+20,0.0,0.0,5.046633,0.0,0.0,-4.955486002434359,61.695923080712475,0.0,0.008450704225352112,0.008450704225352112,0.0,0.0,0.0,0.0,149401.0,57510.0,6.6934e-06,0.752431,0.171404,0.0761575,0.0012156,0.998784,0.589766,0.0,91915700.0,-1006220.0,617.51,-4384.19,-7.09979,158391.0,-1124550.0,256.5,77.6965,2.47082,14726.8,4.65787
normalized-BA_RDC4.dot_unif_50null20mast_rapportOE1.0_TMAX180_K67_cod2_pbEq1_newVersion_product.opb,52341.0,134829.0,0.0,0.0,1e+20,1e+20,-1e+20,1e+20,0.0,0.0,5.050286,0.0,0.0,-2.8323595896365847,49.085522685177345,0.0,0.004225352112676056,0.004225352112676056,0.0,0.0,0.0,0.0,149401.0,57510.0,6.6934e-06,0.752431,0.171404,0.0761575,0.000608167,0.999392,0.589766,0.0,88257300.0,512781.0,241.864,284.846,1.17771,243558.0,286840.0,1007.0,402.172,6.87444,-2205.79,4.63541
normalized-BA_RDC4.dot_luby_10null10mast_rapportOE1.0_TMAX180_K67_cod2_pbEq1_newVersion_ladder.opb,44996.0,45169.0,0.0,0.0,1e+20,1e+20,-1e+20,1e+20,0.0,0.0,5.204384,0.0,0.0,-0.16703966946213816,6.247707760099019,0.0,0.005385996409335727,0.005385996409335727,0.0,0.0,0.0,0.0,201868.0,81322.0,4.95373e-06,0.622204,0.324167,0.0536242,0.000867859,0.999132,0.503992,0.0,115319000.0,-5118860.0,768.031,-30005.7,-39.0683,133253.0,-5205990.0,173.5,34.2845,1.85057,29091.7,4.64543
normalized-BA_RDC4.dot_fibo_50null20mast_rapportOE2.0_TMAX300_K67_cod2_pbEq1_newVersion_binary.opb,43616.0,288563.0,0.0,0.0,1e+20,1e+20,-1e+20,1e+20,0.0,0.0,5.061147,0.0,0.0,-27.094088241201543,522.7922138288346,0.0,0.005423017697337588,0.005423017697337588,0.0,0.0,0.0,0.0,297596.0,44809.0,3.36026e-06,0.875714,0.0860495,0.038233,0.000349163,0.999651,0.385501,0.0,103888000.0,-169821.0,63.4424,-129.885,-2.04729,133324.0,-272953.0,2101.5,1905.93,11.7322,-95.5397,4.71546
normalized-vtxcov_v2000_e4000_11.opb.PB06.opb,1517.0,2928.0,1517.0,1.0,1067.0,1067.0,997.224778761062,0.06996940180891388,0.0,10085.0,5.002093,6.647989452867502,17.0,1.0,0.0,1.0,0.0,1.0,0.0,0.0,0.0,1.9308983218163869,4000.0,1964.0,0.0,1.0,0.0,0.0,0.19711,0.80289,1.0,1.0,113678000.0,227059.0,31.434,17.9629,0.571447,142742.0,81569.4,4541.0,604.82,20.566,-183.352,4.7842
normalized-BA_RDC4.dot_unif_0null10mast_rapportOE2.0_TMAX300_K67_cod1.opb,36184.0,36738.0,0.0,0.0,1e+20,1e+20,-1e+20,1e+20,0.0,0.0,5.067729,0.0,0.0,-447.7773108204989,359.54138649589913,0.0,0.7929593829571581,0.7929593829571581,0.0,0.0,0.0,0.0,40950.0,40451.0,2.442e-05,0.0951404,0.625348,0.279487,0.126304,0.873696,0.455087,0.0,87972600.0,52998.7,90.4806,-52.0581,-0.575351,193493.0,-111326.0,2138.5,963.573,11.8789,12.4091,4.65176
normalized-BA_RDC4.dot_unif_0null20mast_rapportOE2.0_TMAX15_K67_cod3.opb,36158.0,36709.0,0.0,0.0,1e+20,1e+20,-1e+20,1e+20,0.0,0.0,5.038684,0.0,0.0,-469.9344886405775,379.27561117383976,0.0,0.7929593829571581,0.7929593829571581,0.0,0.0,0.0,0.0,40950.0,40451.0,2.442e-05,0.0951404,0.625348,0.279487,0.126304,0.873696,0.455087,0.0,96748600.0,427733.0,400.178,3499.77,8.74554,47821.2,418222.0,119.5,30.3625,1.58333,70669.6,4.87585
normalized-BA_RDC4.dot_unif_50null0mast_rapportOE1.0_TMAX300_K67_cod2_pbEq1_newVersion_binary.opb,43616.0,288563.0,0.0,0.0,1e+20,1e+20,-1e+20,1e+20,0.0,0.0,5.04559,0.0,0.0,-2.6868263072150684,42.294356713670815,0.0,0.005423017697337588,0.005423017697337588,0.0,0.0,0.0,0.0,297596.0,44809.0,3.36026e-06,0.875714,0.0860495,0.038233,0.000349163,0.999651,0.385501,0.0,87008000.0,225114.0,129.683,13.2402,0.102097,225389.0,23011.5,1738.0,1358.78,10.0152,-177.657,4.59343
normalized-BA_RDC4.dot_unif_0null0mast_rapportOE1.0_TMAX15_K67_cod2_pbEq1_newVersion_product.opb,52558.0,135477.0,0.0,0.0,1e+20,1e+20,-1e+20,1e+20,0.0,0.0,5.044254,0.0,0.0,-4.308659363588941,53.133707974342535,0.0,0.008450704225352112,0.008450704225352112,0.0,0.0,0.0,0.0,149401.0,57510.0,6.6934e-06,0.752431,0.171404,0.0761575,0.0012156,0.998784,0.589766,0.0,97948700.0,598196.0,111.403,942.032,8.45609,66730.3,564277.0,599.0,237.526,4.41451,4570.95,4.77852
normalized-Generated_notes_20140709_1000_0.05-000.opb,102706.0,888.0,0.0,0.0,0.0,0.0,-1e+20,1e+20,0.0,0.0,5.019082,0.0,1.0,-166.7584503329363,251.86795046436896,0.0,0.9281306750502821,0.9281306750502821,0.0,0.0,0.0,0.0,1675.0,204844.0,0.0322388,0.00656716,0.0101493,0.951045,0.256409,0.743591,0.0136046,0.0,94984900.0,3069130.0,14060.2,86088.6,6.12283,449928.0,2754830.0,32.0,2.46154,1.0,135312.0,4.42887
normalized-BA_RDC4.dot_luby_10null10mast_rapportOE1.0_TMAX60_K67_cod1.opb,33352.0,33859.0,0.0,0.0,1e+20,1e+20,-1e+20,1e+20,0.0,0.0,5.019252,0.0,0.0,-22.421497614397666,68.49419020440564,0.0,0.7146424068626239,0.7146424068626239,0.0,0.0,0.0,0.0,40950.0,40451.0,2.442e-05,0.0951404,0.625348,0.279487,0.115267,0.884733,0.455087,0.0,105766000.0,473622.0,190.654,2180.33,11.4361,41276.5,472040.0,216.5,78.7488,2.15668,28985.7,4.88153
normalized-BA_RDC4.dot_luby_10null50mast_rapportOE2.0_TMAX15_K67_cod2_pbEq1_newVersion.opb,33713.0,33779.0,0.0,0.0,1e+20,1e+20,-1e+20,1e+20,0.0,0.0,5.2587589999999995,0.0,0.0,-1.5325500158780565,19.66682626732559,0.0,0.010699367320516892,0.010699367320516892,0.0,0.0,0.0,0.0,40882.0,40937.0,2.44606e-05,0.0952742,0.626388,0.278313,0.00239714,0.997603,0.729932,0.0,107763000.0,1480810.0,111.783,2330.52,20.8487,69417.1,1447250.0,621.0,105.238,4.535,7417.94,4.83265
normalized-BA_RDC4.dot_unif_10null50mast_rapportOE2.0_TMAX15_K67_cod2_pbEq1_newVersion_binary.opb,43616.0,288563.0,0.0,0.0,1e+20,1e+20,-1e+20,1e+20,0.0,0.0,5.035737,0.0,0.0,-7.548238077171996,82.44561038239013,0.0,0.009774822022361579,0.009774822022361579,0.0,0.0,0.0,0.0,297596.0,44809.0,3.36026e-06,0.875714,0.0860495,0.038233,0.000629178,0.999371,0.385501,0.0,107520000.0,960028.0,128.645,1686.86,13.1124,70755.0,927771.0,550.0,131.103,4.17984,6874.98,4.6846
normalized-frb30-15-4.opb,450.0,17831.0,450.0,1.0,-20.0,-20.0,-59.0,1.95,0.0,4495.0,5.005524,9.988888888888889,12.0,-1.0,0.0,0.0,1.0,1.0,0.0,0.0,0.0,2.0312326639298792,17831.0,450.0,0.0,1.0,0.0,0.0,0.0124612,0.987539,0.0,0.0,62180000.0,11157.6,7.05186,-6.92458,-0.981951,73494.5,-72168.0,10422.0,6000.55,41.7875,8.13929,4.85925
normalized-BA_RDC4.dot_unif_0null10mast_rapportOE1.0_TMAX300_K67_cod1.opb,36184.0,36738.0,0.0,0.0,1e+20,1e+20,-1e+20,1e+20,0.0,0.0,5.023914,0.0,0.0,-420.09715458208694,357.4210948853728,0.0,0.7929593829571581,0.7929593829571581,0.0,0.0,0.0,0.0,40950.0,40451.0,2.442e-05,0.0951404,0.625348,0.279487,0.126304,0.873696,0.455087,0.0,101078000.0,457902.0,65.7292,302.638,4.60432,87682.7,403719.0,1334.0,598.507,8.4897,-583.21,4.74495
normalized-BA_RDC4.dot_fibo_0null0mast_rapportOE1.0_TMAX60_K67_cod2_pbEq1_newVersion_binary.opb,43616.0,288563.0,0.0,0.0,1e+20,1e+20,-1e+20,1e+20,0.0,0.0,5.036089,0.0,0.0,-8.22917271083934,176.43122799068826,0.0,0.010846035394675177,0.010846035394675177,0.0,0.0,0.0,0.0,297596.0,44809.0,3.36026e-06,0.875714,0.0860495,0.038233,0.000698081,0.999302,0.385501,0.0,95940100.0,1177950.0,120.094,1661.02,13.831,81843.7,1131980.0,681.5,286.087,4.87023,3906.0,4.63303
normalized-NG.dot_luby_50null0mast_rapportOE2.0_TMAX15_K192_cod2.opb,400896.0,400786.0,0.0,0.0,1e+20,1e+20,-1e+20,1e+20,0.0,0.0,5.352929,0.0,0.0,-0.010035021551724138,0.7606841777202286,0.0,0.002225015964240102,0.002225015964240102,0.0,0.0,0.0,0.0,402763.0,400896.0,0.0,0.0607007,0.329586,0.609713,0.000381224,0.999619,0.63328,0.0,130383000.0,3491080.0,10994.0,101570.0,9.2386,379294.0,3504150.0,34.5,8.17143,1.0,130564.0,4.41319
normalized-BA_RDC4.dot_fibo_10null50mast_rapportOE1.0_TMAX180_K67_cod2_pbEq1_newVersion_sequential.opb,72651.0,145234.0,0.0,0.0,1e+20,1e+20,-1e+20,1e+20,0.0,0.0,5.005771,0.0,0.0,-34.959998524384545,604.6358613969068,0.0,0.005385996409335727,0.005385996409335727,0.0,0.0,0.0,0.0,161483.0,81322.0,6.1926e-06,0.770954,0.15858,0.0704594,0.00103321,0.998967,0.504753,0.0,115858000.0,542753.0,67.2993,357.986,5.31932,92704.8,493126.0,1377.5,1307.63,8.69086,359.976,4.75045
normalized-mps-v2-20-10-sctap3.opb,37478.0,2034.0,37478.0,1.0,1e+20,1e+20,1458176.0,1e+20,0.0,10981.0,5.015421,0.2929985591547041,0.0,421703441.775,2104223617.225155,0.75,0.0,0.75,1e+99,0.0,1e+99,521122410.4709073,1408.0,74400.0,0.0,0.0,0.0,1.0,0.177905,0.822095,0.616754,1.0,134218000.0,2375640.0,7212.86,14428.9,2.00044,811447.0,1623260.0,112.5,4.21681,1.55752,49813.5,3.63299
normalized-BA_RDC4.dot_fibo_10null10mast_rapportOE2.0_TMAX120_K67_cod2_pbEq1_newVersion.opb,33800.0,33869.0,0.0,0.0,1e+20,1e+20,-1e+20,1e+20,0.0,0.0,5.211114,0.0,0.0,-21.711165937904585,420.31115213864183,0.0,0.010699367320516892,0.010699367320516892,0.0,0.0,0.0,0.0,40882.0,40937.0,2.44606e-05,0.0952742,0.626388,0.278313,0.00239714,0.997603,0.729932,0.0,95809100.0,12493.9,90.8516,-48.0152,-0.528501,100436.0,-53080.8,1105.5,209.91,7.42315,-366.521,4.8394
normalized-BA_RDC4.dot_fibo_0null20mast_rapportOE1.0_TMAX60_K67_cod2_pbEq1_newVersion_sequential.opb,71568.0,143199.0,0.0,0.0,1e+20,1e+20,-1e+20,1e+20,0.0,0.0,5.12804,0.0,0.0,-17.238238115147194,398.09568364934205,0.0,0.005976242591180739,0.005976242591180739,0.0,0.0,0.0,0.0,161483.0,81322.0,6.1926e-06,0.770954,0.15858,0.0704594,0.00114631,0.998854,0.504753,0.0,96134800.0,1614100.0,84.1547,2637.04,31.3356,51713.1,1620460.0,614.5,212.728,4.4935,5386.23,4.80062
normalized-BA_RDC4.dot_luby_10null50mast_rapportOE1.0_TMAX300_K67_cod2_pbEq1_newVersion_ladder.opb,44599.0,44772.0,0.0,0.0,1e+20,1e+20,-1e+20,1e+20,0.0,0.0,5.202778,0.0,0.0,-0.7733208725806054,13.976932144270037,0.0,0.005385996409335727,0.005385996409335727,0.0,0.0,0.0,0.0,201868.0,81322.0,4.95373e-06,0.622204,0.324167,0.0536242,0.000867859,0.999132,0.503992,0.0,119505000.0,-782331.0,376.608,-3171.7,-8.42175,97729.7,-823055.0,259.5,119.523,2.48846,7222.72,4.70455
normalized-BA_RDC4.dot_luby_50null0mast_rapportOE2.0_TMAX300_K67_cod1.opb,21740.0,22048.0,0.0,0.0,1e+20,1e+20,-1e+20,1e+20,0.0,0.0,5.015902,0.0,0.0,-1.0915428543175694,3.0460687679082827,0.0,0.39647969147857903,0.39647969147857903,0.0,0.0,0.0,0.0,40950.0,40451.0,2.442e-05,0.0951404,0.625348,0.279487,0.0674089,0.932591,0.455087,0.0,96779900.0,-240838.0,45.4323,-142.921,-3.14581,97134.3,-305566.0,2138.0,917.649,11.8653,123.018,4.81762
normalized-BA_RDC4.dot_unif_20null10mast_rapportOE1.0_TMAX120_K67_cod2_pbEq1_newVersion.opb,30824.0,30893.0,0.0,0.0,1e+20,1e+20,-1e+20,1e+20,0.0,0.0,5.01875,0.0,0.0,-5.421452475755429,62.88813208860832,0.0,0.009502406136258152,0.009502406136258152,0.0,0.0,0.0,0.0,40882.0,40937.0,2.44606e-05,0.0952742,0.626388,0.278313,0.00212953,0.99787,0.729932,0.0,78674800.0,-38297.2,80.4767,-80.3392,-0.998292,81442.4,-81303.2,1012.0,213.817,6.90963,-1500.48,4.85065
normalized-BA_RDC4.dot_luby_20null0mast_rapportOE1.0_TMAX120_K67_cod2_pbEq1_newVersion_ladder.opb,75464.0,75692.0,0.0,0.0,1e+20,1e+20,-1e+20,1e+20,0.0,0.0,5.011225,0.0,0.0,-0.017584417500799292,0.6785840460509144,0.0,0.004783453432035611,0.004783453432035611,0.0,0.0,0.0,0.0,201868.0,81322.0,4.95373e-06,0.622204,0.324167,0.0536242,0.000770845,0.999229,0.503992,0.0,115856000.0,222402.0,39.5015,178.096,4.5086,50364.4,227073.0,1275.0,1047.68,8.25402,-704.647,4.75708
normalized-comppebvc_opt_175.opb,61249.0,121978.0,61249.0,1.0,30801.0,30801.0,0.0,1e+20,0.0,0.0,5.004085,0.0,2.0,0.5000324675324676,0.4999999989458592,0.5000324675324676,0.0,0.5000324675324676,0.0,0.0,0.0,1.9971470265129778,122675.0,61600.0,0.0,0.503566,0.0,0.496434,0.0774013,0.922599,0.668255,1.0,0.0,0.0,0.0,0.0,0.0,0.0,0.0,0.0,0.0,0.0,0.0,4.84432
normalized-j12036_3.std.opb,54799.0,120649.0,0.0,0.0,1e+20,1e+20,-1e+20,1e+20,0.0,0.0,5.017563,0.0,0.0,0.6198347107438017,11.126066629782756,0.004118503061420609,0.0,0.004118503061420609,0.0,0.0,0.0,0.0,245245.0,72842.0,0.00321719,0.846076,0.145813,0.00489307,0.000449532,0.99955,0.36535,1.0,116461000.0,148024.0,15.7009,41.6522,2.65285,57787.3,153301.0,3680.5,3339.17,18.6373,63.7388,4.76441
normalized-j9021_5.std.opb,41746.0,95046.0,0.0,0.0,1e+20,1e+20,-1e+20,1e+20,0.0,0.0,5.028971,0.0,0.0,0.8241758241758241,12.823050507610667,0.0054762513234274035,0.0,0.0054762513234274035,0.0,0.0,0.0,0.0,184309.0,54782.0,0.00320657,0.844468,0.145815,0.00651081,0.000670988,0.999329,0.409262,1.0,109687000.0,122339.0,53.7284,-5.84867,-0.108856,190172.0,-20701.4,3539.5,3276.33,18.1828,79.5954,4.66467
normalized-BA_RDC4.dot_fibo_20null0mast_rapportOE1.0_TMAX120_K67_cod2_pbEq1_newVersion_binary.opb,43616.0,288563.0,0.0,0.0,1e+20,1e+20,-1e+20,1e+20,0.0,0.0,5.058538,0.0,0.0,-7.141846504050526,168.4472215075386,0.0,0.008681291704791448,0.008681291704791448,0.0,0.0,0.0,0.0,297596.0,44809.0,3.36026e-06,0.875714,0.0860495,0.038233,0.00055883,0.999441,0.385501,0.0,96074000.0,1146600.0,107.063,1825.02,17.0462,65308.3,1113260.0,610.0,274.405,4.46519,4231.55,4.68658
normalized-BA_RDC4.dot_fibo_50null10mast_rapportOE2.0_TMAX60_K67_cod2.opb,22028.0,22097.0,0.0,0.0,1e+20,1e+20,-1e+20,1e+20,0.0,0.0,5.016703,0.0,0.0,-18.308840413318027,406.9395540831566,0.0,0.005935950362752522,0.005935950362752522,0.0,0.0,0.0,0.0,41436.0,40937.0,2.41336e-05,0.0940245,0.618013,0.287938,0.00108743,0.998913,0.598238,0.0,93972500.0,811789.0,64.4271,784.249,12.1727,64427.1,784249.0,1000.0,140.507,6.83808,-4010.37,4.87483
normalized-g7x7.opb,49.0,49.0,0.0,0.0,12.0,12.0,12.0,0.0,0.0,333.0,0.11680399999999999,6.795918367346939,39.0,1.0,0.0,1.0,0.0,1.0,0.0,0.0,0.0,0.0,49.0,49.0,0.0,0.0,0.0816327,0.918367,0.184211,0.815789,1.0,1.0,91368900.0,2184.5,2.69568,17.2521,6.39993,285.742,1828.73,106.0,23.5587,1.53052,80.0913,0.004891
normalized-eilB101.opb,2715.0,100.0,2715.0,1.0,3275237.0,3275237.0,1581992.168740185,1.0703244078687355,0.0,20292.0,5.000221,7.47403314917127,62.0,177430.80056777855,80514.24782605693,1.0,0.0,1.0,0.0,0.0,0.0,211.3953488372093,100.0,2818.0,0.0,0.0,0.0,1.0,0.104611,0.895389,1.0,1.0,76323100.0,477589.0,265.463,107.392,0.404545,341120.0,137998.0,1285.0,272.913,8.31155,-658.255,4.12074
normalized-5_10.opb,55.0,62.0,0.0,0.0,3951.0,3951.0,3951.0,0.0,0.0,30.0,0.004083,0.5454545454545454,4.0,466.7090909090909,320.64529667686026,1.0,0.0,1.0,0.0,0.0,0.0,0.0,60.0,55.0,0.0,0.833333,0.0,0.166667,0.268293,0.731707,0.666667,1.0,120601000.0,965.29,5.55115,23.3321,4.2031,188.739,793.29,34.0,3.05797,1.0,231.275,0.001787
normalized-BA_RDC4.dot_luby_0null20mast_rapportOE2.0_TMAX60_K67_cod2_pbEq1_newVersion_product.opb,52558.0,135477.0,0.0,0.0,1e+20,1e+20,-1e+20,1e+20,0.0,0.0,5.048213,0.0,0.0,-0.4542340462528256,10.522429731590698,0.0,0.008450704225352112,0.008450704225352112,0.0,0.0,0.0,0.0,149401.0,57510.0,6.6934e-06,0.752431,0.171404,0.0761575,0.0012156,0.998784,0.589766,0.0,96231600.0,-1235830.0,123.27,-1994.59,-16.1807,78337.9,-1267560.0,635.5,113.602,4.61792,10916.5,4.72174
normalized-injcomp_opt_4layers_maxfirst_lastlayerdecr1_size_45.opb,8100.0,6274.0,8100.0,1.0,-5.0,-5.0,-45.0,8.0,0.0,7080.0,5.000555,0.8740740740740741,6.0,-0.2,0.4000000000000001,0.0,0.2,0.2,0.0,0.0,0.0,1.438184415172195,4319.0,10125.0,0.0,0.0,0.927298,0.072702,0.0715421,0.928458,0.308219,0.0,128404000.0,-41855.4,122.042,-139.998,-1.14713,256349.0,-294066.0,2100.5,53.019,11.7425,9100.35,4.58123
normalized-NG.dot_luby_10null0mast_rapportOE1.0_TMAX120_K192_cod2.opb,400896.0,400786.0,0.0,0.0,1e+20,1e+20,-1e+20,1e+20,0.0,0.0,5.406731,0.0,0.0,-0.018615800606641125,1.2624638727634576,0.0,0.004003532088122605,0.004003532088122605,0.0,0.0,0.0,0.0,402763.0,400896.0,0.0,0.0607007,0.329586,0.609713,0.000685739,0.999314,0.63328,0.0,134218000.0,772182.0,152332.0,265899.0,1.74553,380829.0,664747.0,2.5,1.16667,1.0,589.0,4.35655
normalized-BA_RDC4.dot_fibo_20null0mast_rapportOE1.0_TMAX60_K67_cod2_pbEq1_newVersion_binary.opb,43616.0,288563.0,0.0,0.0,1e+20,1e+20,-1e+20,1e+20,0.0,0.0,5.049653,0.0,0.0,-9.473119239438505,207.74620588644663,0.0,0.008681291704791448,0.008681291704791448,0.0,0.0,0.0,0.0,297596.0,44809.0,3.36026e-06,0.875714,0.0860495,0.038233,0.00055883,0.999441,0.385501,0.0,96391600.0,-619133.0,127.034,-1258.33,-9.90548,65295.6,-646784.0,514.0,184.76,4.05151,6073.98,4.67992
normalized-BA_RDC4.dot_unif_0null50mast_rapportOE1.0_TMAX120_K67_cod2_pbEq1_newVersion_sequential.opb,72824.0,145712.0,0.0,0.0,1e+20,1e+20,-1e+20,1e+20,0.0,0.0,5.053616,0.0,0.0,-4.456838247952583,62.73138384649865,0.0,0.005976242591180739,0.005976242591180739,0.0,0.0,0.0,0.0,161483.0,81322.0,6.1926e-06,0.770954,0.15858,0.0704594,0.00114631,0.998854,0.504753,0.0,104176000.0,-2463980.0,114.064,-5897.38,-51.7023,47336.6,-2447410.0,415.0,194.436,3.58724,3381.39,4.78744
normalized-minisat70_4_22_7.opb,4970.0,5188.0,4970.0,1.0,93486521.0,93486521.0,1989207.5569577925,45.99686599973218,0.0,9835.0,5.02327,1.9788732394366197,1.0,9579696.231187122,18669977.45871075,0.971830985915493,0.007042253521126761,0.9788732394366197,9.999999999999998e+98,1.2141680576410807e+83,1e+99,3.9356266344799837,14846.0,9940.0,0.0,0.655395,0.16267,0.181935,0.132129,0.867871,0.615553,0.992806,86688700.0,625110.0,87.0622,1327.16,15.2438,39047.4,595230.0,448.5,151.029,3.76726,11317.9,4.88142
normalized-BA_RDC4.dot_luby_20null20mast_rapportOE1.0_TMAX300_K67_cod2_pbEq1_newVersion_product.opb,52559.0,135477.0,0.0,0.0,1e+20,1e+20,-1e+20,1e+20,0.0,0.0,5.041502,0.0,0.0,-0.4501651886628412,10.51919995119035,0.0,0.0067640410363415055,0.0067640410363415055,0.0,0.0,0.0,0.0,149401.0,57510.0,6.6934e-06,0.752431,0.171404,0.0761575,0.000973213,0.999027,0.589766,0.0,101092000.0,2919290.0,690.433,24619.0,35.6573,80780.7,2880420.0,117.0,73.434,1.57447,5204.61,4.78125
normalized-hw128-vm25p-opt.opb.negationfix.opb,47036.0,626.0,0.0,0.0,1e+20,1e+20,-1e+20,1e+20,0.0,0.0,11.705218,0.0,0.0,0.0027100271002710027,0.05198733358604573,0.0027100271002710027,0.0,0.0027100271002710027,0.0,0.0,0.0,0.0,994.0,47232.0,0.0,0.0,0.0,1.0,0.000677048,0.999323,0.252033,1.0,97773500.0,291840.0,90.9283,282.9,3.11124,76470.7,237919.0,841.0,2.5104,5.81759,88963.7,4.854
normalized-minisat15_5_3_3_ic.opb,1710.0,1848.0,1710.0,1.0,1e+20,1e+20,5158288.4,1e+20,0.0,5665.0,5.000232,3.3128654970760234,0.0,951452.5406113537,5609825.7087506885,0.18340611353711792,0.004366812227074236,0.18777292576419213,0.0625,0.6218671481916375,-0.75,0.7299006323396567,6802.0,3435.0,0.0,0.0948251,0.818142,0.0870332,0.0245154,0.975485,0.513735,0.976744,75301800.0,-124388.0,4.75416,-34.348,-7.22482,20169.5,-145721.0,4242.5,883.118,20.3341,-45.1215,4.91613
Init-x2-i7_pp_81.opb,608802.0,608803.0,0.0,0.0,1e+20,1e+20,-1e+20,1e+20,0.0,0.0,5.192232,0.0,0.0,0.004734519367594117,0.06864476450503715,0.004734519367594117,0.0,0.004734519367594117,0.0,0.0,0.0,0.0,609989.0,609988.0,6.5575e-06,0.936222,0.00597552,0.0577961,0.000825233,0.999175,0.989049,1.0,128399000.0,-1159840.0,290.381,-5619.96,-19.3537,50090.8,-969442.0,172.5,28.1532,1.84104,5553.96,4.43548
normalized-minisat15_4_4_3_mh_ic.opb,7380.0,13298.0,7380.0,1.0,1e+20,1e+20,2864089.3026505383,1e+20,0.0,7143.0,5.001885,0.9678861788617886,0.0,512104.02078853047,4459684.540701338,0.40860215053763443,0.0015360983102918587,0.41013824884792627,-0.3333333333333333,0.4714045207910317,-1.0,-0.010094708784665117,21293.0,9765.0,0.0,0.43465,0.517776,0.0475743,0.0548818,0.945118,0.398652,0.996255,86797200.0,280512.0,32.038,148.596,4.63812,51036.6,236714.0,1593.0,494.494,9.42611,643.961,4.8495
normalized-j9029_10.std.opb,41382.0,91831.0,0.0,0.0,1e+20,1e+20,-1e+20,1e+20,0.0,0.0,5.019198,0.0,0.0,0.8241758241758241,12.823050507610667,0.0054762513234274035,0.0,0.0054762513234274035,0.0,0.0,0.0,0.0,184394.0,54782.0,0.00320509,0.84442,0.145867,0.0065078,0.00059881,0.999401,0.365381,1.0,116151000.0,19496.4,21.9172,-8.71022,-0.397414,110956.0,-44095.5,5062.5,4392.21,23.4506,-8.69308,4.75476
normalized-BA_RDC4.dot_unif_10null0mast_rapportOE2.0_TMAX60_K67_cod2_pbEq1_newVersion.opb,33759.0,33828.0,0.0,0.0,1e+20,1e+20,-1e+20,1e+20,0.0,0.0,5.23964,0.0,0.0,-5.198719984366221,58.72795896298012,0.0,0.010699367320516892,0.010699367320516892,0.0,0.0,0.0,0.0,40882.0,40937.0,2.44606e-05,0.0952742,0.626388,0.278313,0.00239714,0.997603,0.729932,0.0,87034600.0,-732112.0,51.3527,-667.975,-13.0076,58259.6,-757817.0,1134.5,186.454,7.57181,-1012.61,4.88104
normalized-frb30-15-5.opb,450.0,17794.0,450.0,1.0,-23.0,-23.0,-30.999999999999996,0.34782608695652156,0.0,7002.0,5.01023,15.56,36.0,-1.0,0.0,0.0,1.0,1.0,0.0,0.0,0.0,0.14341945950195742,17794.0,450.0,0.0,1.0,0.0,0.0,0.0124868,0.987513,0.0,0.0,60374400.0,-75670.2,5.9894,2.07911,0.347131,70633.0,24518.9,11793.0,6976.49,46.1009,2.61844,4.85341
normalized-single-obj-f4-DataDisplay_2_order9.seq-A-3-1-abcdeir.opb,1470.0,3061.0,1470.0,1.0,87859373.0,87859373.0,87859287.21784416,9.763584312822273e-07,0.0,24499.0,5.003131,16.665986394557823,2.0,129453.82687991021,1869911.394128594,0.04657687991021325,0.0,0.04657687991021325,8.762886597938144e+98,3.2925194685920224e+98,0.0,0.2020289229440967,11685.0,3564.0,0.00299529,0.690629,0.164827,0.141549,0.00551367,0.994486,0.477239,1.0,65802900.0,-166340.0,7.71988,-50.1356,-6.49435,30740.6,-199640.0,3982.0,1643.34,19.5235,-49.9271,4.87545
normalized-BA_RDC4.dot_unif_0null50mast_rapportOE2.0_TMAX60_K67_cod1.opb,36184.0,36738.0,0.0,0.0,1e+20,1e+20,-1e+20,1e+20,0.0,0.0,5.034984,0.0,0.0,-596.9515710365628,416.10119228755616,0.0,0.7929593829571581,0.7929593829571581,0.0,0.0,0.0,0.0,40950.0,40451.0,2.442e-05,0.0951404,0.625348,0.279487,0.126304,0.873696,0.455087,0.0,101604000.0,169279.0,216.305,1091.63,5.0467,34608.8,174660.0,160.0,32.838,1.75389,86938.4,4.89437
normalized-BA_RDC4.dot_unif_0null20mast_rapportOE2.0_TMAX60_K67_cod1.opb,36184.0,36738.0,0.0,0.0,1e+20,1e+20,-1e+20,1e+20,0.0,0.0,5.041785,0.0,0.0,-477.78087068304865,385.0786908822131,0.0,0.7929593829571581,0.7929593829571581,0.0,0.0,0.0,0.0,40950.0,40451.0,2.442e-05,0.0951404,0.625348,0.279487,0.126304,0.873696,0.455087,0.0,111783000.0,166887.0,225.101,991.53,4.40482,38267.2,168560.0,170.0,38.5308,1.82111,73463.0,4.88174
normalized-mps-v2-20-10-dc1l.opb,48686.0,3145.0,48686.0,1.0,1e+20,1e+20,2053095424000.0,1e+20,0.0,0.0,5.008684,0.0,0.0,7.977262695605374e+16,4.809809526705959e+18,1.0,0.0,1.0,1e+99,0.0,1e+99,1256.9704292527822,1652.0,85198.0,0.0,0.0,0.0,1.0,0.146471,0.853529,0.754477,1.0,113424000.0,1328350.0,19348.7,20628.6,1.06615,677204.0,722000.0,35.0,3.52113,1.0,206840.0,4.12717
normalized-BA_RDC4.dot_unif_20null0mast_rapportOE1.0_TMAX60_K67_cod3.opb,30420.0,30877.0,0.0,0.0,1e+20,1e+20,-1e+20,1e+20,0.0,0.0,5.032896,0.0,0.0,-315.83768015623843,331.3432306703061,0.0,0.6346938270994537,0.6346938270994537,0.0,0.0,0.0,0.0,40950.0,40451.0,2.442e-05,0.0951404,0.625348,0.279487,0.103709,0.896291,0.455087,0.0,105300000.0,474726.0,173.497,2239.2,12.9063,36954.8,476950.0,213.0,116.185,2.12412,10691.7,4.88992
normalized-BA_RDC4.dot_luby_50null0mast_rapportOE1.0_TMAX180_K67_cod2_pbEq1_newVersion_binary.opb,43616.0,288563.0,0.0,0.0,1e+20,1e+20,-1e+20,1e+20,0.0,0.0,5.035125,0.0,0.0,-0.018322212055613827,0.5775362452075052,0.0,0.005423017697337588,0.005423017697337588,0.0,0.0,0.0,0.0,297596.0,44809.0,3.36026e-06,0.875714,0.0860495,0.038233,0.000349163,0.999651,0.385501,0.0,107454000.0,103928.0,58.2589,43.6878,0.749891,78125.2,58585.4,1341.0,1234.87,8.53448,388.342,4.68215
normalized-BA_RDC4.dot_fibo_0null50mast_rapportOE2.0_TMAX60_K67_cod2_pbEq1_newVersion.opb,36668.0,36737.0,0.0,0.0,1e+20,1e+20,-1e+20,1e+20,0.0,0.0,5.019766,0.0,0.0,-69.8441996238122,852.3620114804929,0.0,0.011871900725505044,0.011871900725505044,0.0,0.0,0.0,0.0,40882.0,40937.0,2.44606e-05,0.0952742,0.626388,0.278313,0.00265914,0.997341,0.729932,0.0,102199000.0,223285.0,50.7728,144.56,2.84719,67654.7,192626.0,1332.5,144.21,8.52026,-5136.49,4.82835
normalized-BA_RDC4.dot_unif_20null50mast_rapportOE1.0_TMAX300_K67_cod2_pbEq1_newVersion.opb,30822.0,30891.0,0.0,0.0,1e+20,1e+20,-1e+20,1e+20,0.0,0.0,5.021778,0.0,0.0,-7.734201333756748,84.09727541246737,0.0,0.009502406136258152,0.009502406136258152,0.0,0.0,0.0,0.0,40882.0,40937.0,2.44606e-05,0.0952742,0.626388,0.278313,0.00212953,0.99787,0.729932,0.0,73449400.0,381557.0,111.951,136.042,1.21519,179458.0,218075.0,1603.0,941.448,9.46991,643.487,4.77717
normalized-NG.dot_unif_0null10mast_rapportOE1.0_TMAX60_K192_cod2.opb,400896.0,400786.0,0.0,0.0,1e+20,1e+20,-1e+20,1e+20,0.0,0.0,5.482913,0.0,0.0,-2.4611694803639845,42.3222114727623,0.0,0.00444753751596424,0.00444753751596424,0.0,0.0,0.0,0.0,402763.0,400896.0,0.0,0.0607007,0.329586,0.609713,0.000761731,0.999238,0.63328,0.0,134218000.0,799758.0,738564.0,1660710.0,2.24856,369282.0,830354.0,0.5,0.0,1.0,0.0,4.43977
normalized-BA_RDC4.dot_unif_50null0mast_rapportOE1.0_TMAX300_K67_cod1.opb,21760.0,22087.0,0.0,0.0,1e+20,1e+20,-1e+20,1e+20,0.0,0.0,5.007473,0.0,0.0,-198.96754097550124,306.13866912586343,0.0,0.39647969147857903,0.39647969147857903,0.0,0.0,0.0,0.0,40950.0,40451.0,2.442e-05,0.0951404,0.625348,0.279487,0.0674089,0.932591,0.455087,0.0,100771000.0,-847525.0,226.939,496.828,2.18925,283561.0,620786.0,1249.5,538.779,8.1364,-1556.3,4.69171
normalized-BA_RDC4.dot_luby_20null50mast_rapportOE1.0_TMAX300_K67_cod2_pbEq1_newVersion_binary.opb,43616.0,288563.0,0.0,0.0,1e+20,1e+20,-1e+20,1e+20,0.0,0.0,5.114911,0.0,0.0,-1.3992055167488675,18.803507499948466,0.0,0.008681291704791448,0.008681291704791448,0.0,0.0,0.0,0.0,297596.0,44809.0,3.36026e-06,0.875714,0.0860495,0.038233,0.00055883,0.999441,0.385501,0.0,119305000.0,815067.0,1445.52,19735.4,13.6528,57820.9,789417.0,40.0,29.2099,1.0,2963.96,4.69909
normalized-NG.dot_fibo_50null50mast_rapportOE1.0_TMAX15_K192_cod2.opb,400896.0,400786.0,0.0,0.0,1e+20,1e+20,-1e+20,1e+20,0.0,0.0,5.2561350000000004,0.0,0.0,-12.163862946998723,257.7301858488942,0.0,0.002225015964240102,0.002225015964240102,0.0,0.0,0.0,0.0,402763.0,400896.0,0.0,0.0607007,0.329586,0.609713,0.000381224,0.999619,0.63328,0.0,134218000.0,1413610.0,123474.0,417843.0,3.38405,370423.0,1253530.0,3.0,1.14286,1.0,43481.4,4.40369
normalized-BA_RDC4.dot_luby_50null20mast_rapportOE2.0_TMAX180_K67_cod2_pbEq1_newVersion_product.opb,52341.0,134829.0,0.0,0.0,1e+20,1e+20,-1e+20,1e+20,0.0,0.0,5.047113,0.0,0.0,-0.4433315945053034,10.51798834864428,0.0,0.004225352112676056,0.004225352112676056,0.0,0.0,0.0,0.0,149401.0,57510.0,6.6934e-06,0.752431,0.171404,0.0761575,0.000608167,0.999392,0.589766,0.0,107165000.0,1104280.0,215.938,1408.74,6.52385,152560.0,995278.0,706.5,330.383,5.0396,-1948.65,4.66324
normalized-minisat25_6_4_3_mh.opb,28850.0,57429.0,0.0,0.0,1e+20,1e+20,-1e+20,1e+20,0.0,0.0,5.004025,0.0,0.0,434689.3301116427,3966106.799050876,0.5358851674641149,0.0007974481658692185,0.5366826156299841,0.0,0.0,0.0,0.0,73332.0,31350.0,0.0,0.597625,0.380461,0.021914,0.070486,0.929514,0.342085,0.998514,98264200.0,1491940.0,121.002,2945.33,24.3411,60017.1,1460880.0,496.0,128.388,3.93152,-16519.6,4.80974
normalized-NG.dot_fibo_20null0mast_rapportOE1.0_TMAX60_K192_cod1.opb,331117.0,332434.0,0.0,0.0,1e+20,1e+20,-1e+20,1e+20,0.0,0.0,5.512859,0.0,0.0,-570.0008569001761,1392.5248482995144,0.0,0.6829068459308517,0.6829068459308517,0.0,0.0,0.0,0.0,400980.0,399113.0,0.0,0.0609706,0.331051,0.607978,0.104571,0.895429,0.48797,0.0,134218000.0,434517.0,73728.7,15338.4,0.208039,368644.0,76692.1,5.0,0.0,1.0,0.0,4.36408
Init-x2-i10_pp_86.opb,539225.0,539226.0,0.0,0.0,1e+20,1e+20,-1e+20,1e+20,0.0,0.0,5.177237,0.0,0.0,0.005345010429062939,0.07291393071681265,0.005345010429062939,0.0,0.005345010429062939,0.0,0.0,0.0,0.0,540318.0,540317.0,3.51645e-05,0.945155,0.00379036,0.05102,0.000926021,0.999074,0.990689,1.0,134218000.0,4193170.0,1437.04,153784.0,107.014,43111.3,4613520.0,30.0,18.4754,1.0,69.7764,4.34779
normalized-BA_RDC4.dot_unif_0null0mast_rapportOE2.0_TMAX120_K67_cod2_pbEq1_newVersion_sequential.opb,71568.0,143199.0,0.0,0.0,1e+20,1e+20,-1e+20,1e+20,0.0,0.0,5.125758,0.0,0.0,-3.061963552298271,45.53429111956174,0.0,0.005976242591180739,0.005976242591180739,0.0,0.0,0.0,0.0,161483.0,81322.0,6.1926e-06,0.770954,0.15858,0.0704594,0.00114631,0.998854,0.504753,0.0,66764400.0,-825989.0,56.6965,-743.981,-13.1222,66249.8,-869342.0,1168.5,557.002,7.73909,-1206.15,4.7719
normalized-mps-v2-20-10-fit2p.opb,293543.0,22967.0,0.0,0.0,1e+20,1e+20,-1e+20,1e+20,0.0,0.0,5.256405,0.0,0.0,148115725.21226695,892638338.9941903,0.838424125176259,0.0,0.838424125176259,0.0,0.0,0.0,0.0,10500.0,293602.0,0.0,0.0,0.0,1.0,0.140233,0.859767,0.461789,1.0,131311000.0,-1010650.0,656.523,773.378,1.17799,605971.0,713828.0,923.0,341.819,6.36329,1081.58,4.53145
normalized-j6030_2.std.opb,29467.0,66981.0,0.0,0.0,1e+20,1e+20,-1e+20,1e+20,0.0,0.0,5.007853,0.0,0.0,1.2295081967213115,15.646078901885646,0.008169489679211371,0.0,0.008169489679211371,0.0,0.0,0.0,0.0,123527.0,36722.0,0.00318149,0.841128,0.145976,0.00971448,0.000896612,0.999103,0.365431,1.0,111093000.0,-67683.8,-11.1409,5.92231,-0.531584,-83472.9,44372.9,7492.5,6250.8,33.2444,17.2843,4.71644
normalized-BA_RDC4.dot_unif_20null10mast_rapportOE2.0_TMAX300_K67_cod1.opb,30452.0,30909.0,0.0,0.0,1e+20,1e+20,-1e+20,1e+20,0.0,0.0,5.023969,0.0,0.0,-353.37924896788707,371.5818591754976,0.0,0.6346938270994537,0.6346938270994537,0.0,0.0,0.0,0.0,40950.0,40451.0,2.442e-05,0.0951404,0.625348,0.279487,0.103709,0.896291,0.455087,0.0,94082300.0,385097.0,41.4783,155.694,3.75363,87851.0,329760.0,2118.0,1024.71,11.7616,475.852,4.81226
normalized-wnq_n100_mw99_8.opb.PB06.opb,10000.0,656900.0,0.0,0.0,1e+20,1e+20,-1e+20,1e+20,0.0,0.0,5.199974,0.0,0.0,49.5981,28.751681279361733,1.0,0.0,1.0,0.0,0.0,0.0,0.0,656900.0,10000.0,0.0,0.999696,0.0,0.00030446,0.0074438,0.992556,0.0149993,1.0,124333000.0,679737.0,386.501,452.267,1.17016,317318.0,371311.0,821.0,750.796,5.67377,1197.07,4.10727
normalized-BA_RDC4.dot_unif_0null0mast_rapportOE1.0_TMAX15_K67_cod2.opb,36622.0,36687.0,0.0,0.0,1e+20,1e+20,-1e+20,1e+20,0.0,0.0,5.094199,0.0,0.0,-6.052983853237902,62.89338316231941,0.0,0.011871900725505044,0.011871900725505044,0.0,0.0,0.0,0.0,41436.0,40937.0,2.41336e-05,0.0940245,0.618013,0.287938,0.0021725,0.997827,0.598238,0.0,98165100.0,-1382160.0,178.66,-4113.69,-23.0252,61101.7,-1406880.0,342.0,124.498,3.09781,5935.5,4.87423
normalized-BA_RDC4.dot_luby_20null50mast_rapportOE1.0_TMAX120_K67_cod2.opb,30824.0,30893.0,0.0,0.0,1e+20,1e+20,-1e+20,1e+20,0.0,0.0,5.021201,0.0,0.0,-1.5351882160392798,19.67899283263689,0.0,0.009502406136258152,0.009502406136258152,0.0,0.0,0.0,0.0,41436.0,40937.0,2.41336e-05,0.0940245,0.618013,0.287938,0.00173965,0.99826,0.598238,0.0,87594700.0,1095990.0,1113.33,22872.8,20.5445,52326.5,1075020.0,47.0,14.7474,1.0,19601.8,4.91104
normalized-BA_RDC4.dot_luby_20null20mast_rapportOE1.0_TMAX120_K67_cod2_pbEq1_newVersion_binary.opb,43616.0,288563.0,0.0,0.0,1e+20,1e+20,-1e+20,1e+20,0.0,0.0,5.047557,0.0,0.0,-0.5777187618558771,11.917165201939076,0.0,0.008681291704791448,0.008681291704791448,0.0,0.0,0.0,0.0,297596.0,44809.0,3.36026e-06,0.875714,0.0860495,0.038233,0.00055883,0.999441,0.385501,0.0,103926000.0,-2468440.0,136.955,5750.1,41.9854,59096.0,2481170.0,431.5,234.891,3.67824,3359.45,4.68834
normalized-minisat50_6_9_0_ic.opb,121375.0,475554.0,0.0,0.0,1e+20,1e+20,-1e+20,1e+20,0.0,0.0,5.080708,0.0,0.0,301420.0669488818,3291051.0778061408,0.058706070287539935,0.00039936102236421724,0.05910543130990415,0.0,0.0,0.0,0.0,250157.0,125200.0,0.0,0.0295814,0.945106,0.0253121,0.00746947,0.992531,0.503865,0.993243,71303300.0,1499470.0,183.584,4229.83,23.0403,67467.1,1554460.0,367.5,128.622,3.26902,6387.48,4.73114
normalized-jul6.5.opb,9561.0,27498.0,9561.0,1.0,1e+20,1e+20,0.0,1e+20,0.0,6334.0,5.014099,0.6624830038698881,0.0,0.021906146179401995,0.564779692292501,0.0026993355481727574,0.0,0.0026993355481727574,9.999999999999996e+98,3.642504172923242e+83,1e+99,2.042780553630694,29620.0,9632.0,0.0,0.557731,0.175827,0.266442,0.000249554,0.99975,0.415323,1.0,52363500.0,-52947.3,2.8141,-0.197693,-0.0702507,51619.0,-3626.27,18343.0,12338.7,68.4469,3.06838,4.63397
normalized-wnq_n100_mw99_11.opb.PB06.opb,10000.0,656900.0,0.0,0.0,1e+20,1e+20,-1e+20,1e+20,0.0,0.0,5.18854,0.0,0.0,49.2823,28.831084036331344,1.0,0.0,1.0,0.0,0.0,0.0,0.0,656900.0,10000.0,0.0,0.999696,0.0,0.00030446,0.0074438,0.992556,0.0149993,1.0,120682000.0,362015.0,126.992,444.727,3.50202,82417.5,288628.0,649.0,577.671,4.66744,1221.13,4.23274
normalized-BA_RDC4.dot_fibo_0null10mast_rapportOE1.0_TMAX60_K67_cod2_pbEq1_newVersion.opb,36668.0,36737.0,0.0,0.0,1e+20,1e+20,-1e+20,1e+20,0.0,0.0,5.030536,0.0,0.0,-22.397879668759312,424.75471979091446,0.0,0.011871900725505044,0.011871900725505044,0.0,0.0,0.0,0.0,40882.0,40937.0,2.44606e-05,0.0952742,0.626388,0.278313,0.00265914,0.997341,0.729932,0.0,90249900.0,589133.0,145.022,654.773,4.51501,113479.0,512360.0,782.5,169.978,5.43103,-4208.96,4.78797
normalized-BA_RDC4.dot_luby_20null0mast_rapportOE1.0_TMAX60_K67_cod2_pbEq1_newVersion.opb,30850.0,30919.0,0.0,0.0,1e+20,1e+20,-1e+20,1e+20,0.0,0.0,5.026131,0.0,0.0,-0.03727679116691501,1.0131065224698512,0.0,0.009502406136258152,0.009502406136258152,0.0,0.0,0.0,0.0,40882.0,40937.0,2.44606e-05,0.0952742,0.626388,0.278313,0.00212953,0.99787,0.729932,0.0,102104000.0,-703411.0,70.9893,-836.983,-11.7903,61973.7,-730686.0,873.0,302.998,6.02232,-3575.13,4.85552
normalized-single-obj-f11-DCTotalLoss.seq-A-3-combined-abcdeir.opb,5050.0,11280.0,5050.0,1.0,1e+20,1e+20,53172050230.6,1e+20,0.0,8446.0,5.005967,1.6724752475247524,0.0,10138201.626344586,269383734.038624,0.025198198533516954,0.0,0.025198198533516954,1.0000000000000001e+99,1.2141680576410807e+83,1e+99,0.006606488749345892,105218.0,26867.0,0.0120702,0.693028,0.133703,0.161199,0.0025636,0.997436,0.456013,1.0,74588200.0,5248.68,5.1048,-3.89534,-0.763074,58350.4,-44525.7,11430.5,9299.74,44.8889,8.57263,4.83379
normalized-NG.dot_fibo_10null0mast_rapportOE2.0_TMAX120_K192_cod1.opb,365115.0,366610.0,0.0,0.0,1e+20,1e+20,-1e+20,1e+20,0.0,0.0,5.512931,0.0,0.0,-667.5349813210795,1519.4049692308356,0.0,0.7680907412186524,0.7680907412186524,0.0,0.0,0.0,0.0,400980.0,399113.0,0.0,0.0609706,0.331051,0.607978,0.1161,0.8839,0.48797,0.0,134218000.0,449447.0,46078.8,11430.9,0.248074,368630.0,91447.5,8.0,0.0,1.0,0.0,4.36782
normalized-BA_RDC4.dot_unif_10null10mast_rapportOE1.0_TMAX180_K67_cod2.opb,33765.0,33834.0,0.0,0.0,1e+20,1e+20,-1e+20,1e+20,0.0,0.0,5.235859,0.0,0.0,-5.991889977282165,66.26275869015053,0.0,0.010699367320516892,0.010699367320516892,0.0,0.0,0.0,0.0,41436.0,40937.0,2.41336e-05,0.0940245,0.618013,0.287938,0.00195836,0.998042,0.598238,0.0,74708200.0,376635.0,90.2879,97.3827,1.07858,188521.0,203335.0,2088.0,1133.35,11.6359,-211.007,4.70832
normalized-BA_RDC4.dot_unif_0null50mast_rapportOE2.0_TMAX60_K67_cod2_pbEq1_newVersion_binary.opb,43616.0,288563.0,0.0,0.0,1e+20,1e+20,-1e+20,1e+20,0.0,0.0,5.055144,0.0,0.0,-8.299917427302551,85.45660826170501,0.0,0.010846035394675177,0.010846035394675177,0.0,0.0,0.0,0.0,297596.0,44809.0,3.36026e-06,0.875714,0.0860495,0.038233,0.000698081,0.999302,0.385501,0.0,99518000.0,681924.0,74.7672,840.381,11.24,59103.5,664321.0,790.5,139.161,5.49431,9624.89,4.69746
normalized-NG.dot_fibo_20null20mast_rapportOE1.0_TMAX300_K192_cod2.opb,400896.0,400786.0,0.0,0.0,1e+20,1e+20,-1e+20,1e+20,0.0,0.0,5.286193,0.0,0.0,-11.993990960249041,339.80661254646986,0.0,0.0035595266602809704,0.0035595266602809704,0.0,0.0,0.0,0.0,402763.0,400896.0,0.0,0.0607007,0.329586,0.609713,0.000609734,0.99939,0.63328,0.0,100555000.0,3271980.0,2479.68,20138.6,8.12145,384350.0,3121480.0,155.0,69.2508,1.70096,1793.64,4.35527
normalized-50-250-false-45-90-4-1000opt.opb,1824.0,62078.0,1824.0,1.0,-33.0,-33.0,-299.0,8.06060606060606,0.0,3807.0,5.002392,2.0871710526315788,6.0,-0.16148148148148148,0.6696951786993198,0.0,0.06666666666666667,0.06666666666666667,0.0,0.0,0.0,2.0064478689793024,62994.0,2025.0,0.0,0.0185732,0.981427,0.0,0.000718288,0.999282,0.330139,0.0,42051700.0,68852.3,4.45765,-0.173797,-0.0389884,58323.9,-2273.96,13084.0,9693.03,50.4961,8.45208,4.83515
normalized-single-obj-f58-fob_fxl_loss.seq-B-3-2-irabcde.opb,27712.0,53493.0,0.0,0.0,1e+20,1e+20,-1e+20,1e+20,0.0,0.0,8.444347,0.0,0.0,2506736.3147092243,31391909.757672448,0.00828703365890778,0.0,0.00828703365890778,0.0,0.0,0.0,0.0,291294.0,95933.0,0.000267771,0.743119,0.132258,0.124355,0.00101607,0.998984,0.521437,1.0,53408100.0,978900.0,30.4904,946.96,31.0576,32243.6,1001410.0,1057.5,477.989,7.12807,-2030.96,4.72124
normalized-lo_14x14_000.opb.metafix.opb,185.0,74.0,0.0,0.0,95.0,95.0,95.0,0.0,0.0,544.0,0.013031,2.9405405405405407,1.0,1.0,0.0,1.0,0.0,1.0,1.0000000000000002e+99,2.4283361152821613e+83,1e+99,0.0,82.0,196.0,0.0487805,0.0487805,0.0487805,0.853659,0.2,0.8,1.0,1.0,100547000.0,48649.1,3.13609,44.3975,14.1569,3154.91,44663.9,1006.0,369.492,6.88077,191.486,0.208251
normalized-BA_RDC4.dot_luby_0null50mast_rapportOE1.0_TMAX15_K67_cod2_pbEq1_newVersion.opb,36668.0,36737.0,0.0,0.0,1e+20,1e+20,-1e+20,1e+20,0.0,0.0,5.023885,0.0,0.0,-1.5423455553655616,19.68038881440012,0.0,0.011871900725505044,0.011871900725505044,0.0,0.0,0.0,0.0,40882.0,40937.0,2.44606e-05,0.0952742,0.626388,0.278313,0.00265914,0.997341,0.729932,0.0,103692000.0,132385.0,174.414,63.9142,0.366451,120695.0,44228.6,692.0,284.589,4.95523,3294.56,4.77852
normalized-aries-da_network_3000_5__126_2812.opb,17998.0,3006.0,0.0,0.0,60720.0,60720.0,60720.0,0.0,0.0,49.0,0.8801519999999999,0.002722524724969441,3.0,28224.0609512168,22776.08317784248,0.833425936215135,0.0,0.833425936215135,0.0,0.0,0.0,0.0,3000.0,17998.0,0.0,0.0,0.0,1.0,0.312513,0.687487,0.909146,1.0,124328000.0,261714.0,506.418,5409.41,10.6817,23801.7,254242.0,47.0,8.97895,1.0,18140.8,0.448083
normalized-BA_RDC4.dot_unif_0null50mast_rapportOE1.0_TMAX60_K67_cod2_pbEq1_newVersion_product.opb,52558.0,135477.0,0.0,0.0,1e+20,1e+20,-1e+20,1e+20,0.0,0.0,5.034666,0.0,0.0,-6.182820379064511,73.94536839438963,0.0,0.008450704225352112,0.008450704225352112,0.0,0.0,0.0,0.0,149401.0,57510.0,6.6934e-06,0.752431,0.171404,0.0761575,0.0012156,0.998784,0.589766,0.0,91562000.0,828333.0,83.0094,1023.22,12.3266,65909.4,812438.0,794.0,247.03,5.52423,-4186.83,4.76493
normalized-minisat25_6_3_5_ic.opb,7850.0,7976.0,0.0,0.0,1e+20,1e+20,-1e+20,0.0,0.0,739.0,1.841032,0.09414012738853503,0.0,716444.0419077901,5383530.079469743,0.11446740858505565,0.001589825119236884,0.11605723370429252,0.0,0.8164965809277263,-1.0000000000000002,0.0,31332.0,15725.0,0.0,0.0582472,0.890463,0.0512894,0.0148555,0.985144,0.507953,0.986301,102576000.0,74880.8,5.31024,14.368,2.70572,22544.6,60999.5,4245.5,1095.58,20.328,-93.1473,4.88779
normalized-mul_8_9_shg.opb,7840.0,65280.0,0.0,0.0,7840.0,7840.0,-1e+20,1e+20,0.0,0.0,10.301375,0.0,1.0,1.0,0.0,1.0,0.0,1.0,0.0,0.0,0.0,0.0,65280.0,7840.0,0.0,0.0,0.0,1.0,0.00219022,0.99781,1.0,1.0,80900100.0,1102110.0,767.412,1268.37,1.65279,417856.0,690626.0,544.5,32.3284,4.16514,31814.3,4.42854
normalized-rail01.opb,86772.0,24478.0,0.0,0.0,1e+20,1e+20,-1e+20,1e+20,0.0,0.0,5.030591,0.0,0.0,-3959.4204480672524,79389.68894731897,0.03692768470223864,0.005224331430224544,0.04215201613246318,0.0,0.0,0.0,0.0,46841.0,117527.0,2.13488e-05,0.443885,0.0665229,0.489571,0.0124786,0.987521,0.332124,0.87606,0.0,0.0,0.0,0.0,0.0,0.0,0.0,0.0,0.0,0.0,0.0,5.0
normalized-mult_diagcomm_opt_less_teq_nbits_46.opb,10488.0,6268.0,10488.0,1.0,0.0,0.0,-1e+20,1e+20,0.0,21475.0,5.002018,2.0475781845919148,1.0,0.0,3.5625095731122853e+25,0.007142857142857143,0.007142857142857143,0.014285714285714285,1.0000000000000001e+99,1.2141680576410807e+83,1e+99,0.0,19228.0,12880.0,0.0,0.564593,0.220096,0.215311,0.00333333,0.996667,0.424749,0.5,111216000.0,-221549.0,8.68256,-99.7956,-11.4938,20412.7,-234619.0,2351.0,1471.28,12.8871,219.216,4.9058
normalized-30:70:4.5:0.95:100.opb,10960.0,12531.0,10960.0,1.0,591.0,591.0,-6132.0,1e+20,0.0,6251.0,5.001409,0.5703467153284671,5.0,1.786716472303207,58.751593942199214,0.9999088921282799,9.110787172011662e-05,1.0,1e+99,0.0,1e+99,2.8854949624180395,12527.0,10976.0,7.98276e-05,0.834358,0.000718448,0.164844,0.190499,0.809501,0.776013,0.999909,104682000.0,-831538.0,92.725,-1373.32,-14.8107,59575.8,-882357.0,642.5,284.088,4.63841,421.213,4.8206
normalized-NG.dot_unif_0null50mast_rapportOE1.0_TMAX300_K192_cod1.opb,399113.0,400786.0,0.0,0.0,1e+20,1e+20,-1e+20,1e+20,0.0,0.0,5.577584,0.0,0.0,-643.3350980799923,397.4745808568947,0.0,0.8532746365064531,0.8532746365064531,0.0,0.0,0.0,0.0,400980.0,399113.0,0.0,0.0609706,0.331051,0.607978,0.127336,0.872664,0.48797,0.0,134218000.0,497348.0,16028.1,6040.11,0.376846,368646.0,138923.0,23.0,0.0,1.0,0.0,4.40692
normalized-mps-v2-20-10-grow22.opb,25034.0,3136.0,25034.0,1.0,0.0,0.0,-234612588283.0,1e+20,0.0,10001.0,5.001258,0.39949668450906767,1.0,-9338186.128124502,129068006.28220744,0.0,0.07793345008756568,0.07793345008756568,1.0000000000000001e+99,1.2141680576410807e+83,1e+99,-12854651552518.812,1320.0,25124.0,0.0,0.0,0.0,1.0,0.012499,0.987501,0.150542,0.0,121767000.0,215475.0,104.674,-25.1587,-0.240353,292197.0,-70230.4,2791.5,829.352,15.1653,-62.0221,4.43008
normalized-BA_RDC4.dot_luby_50null10mast_rapportOE2.0_TMAX15_K67_cod3.opb,21833.0,22142.0,0.0,0.0,1e+20,1e+20,-1e+20,1e+20,0.0,0.0,5.061737,0.0,0.0,-21.356060418778274,68.73381276112669,0.0,0.39647969147857903,0.39647969147857903,0.0,0.0,0.0,0.0,40950.0,40451.0,2.442e-05,0.0951404,0.625348,0.279487,0.0674089,0.932591,0.455087,0.0,111588000.0,383597.0,540.371,4405.4,8.15256,46201.7,376662.0,85.5,22.7907,1.41279,48924.9,4.88533
normalized-j909_10.std.opb,43345.0,91757.0,0.0,0.0,1e+20,1e+20,-1e+20,1e+20,0.0,0.0,5.015906,0.0,0.0,0.8241758241758241,12.823050507610667,0.0054762513234274035,0.0,0.0054762513234274035,0.0,0.0,0.0,0.0,176054.0,54782.0,0.00303884,0.837414,0.152732,0.00681609,0.000655506,0.999344,0.381824,1.0,114827000.0,62953.3,33.9549,-8.22893,-0.242349,145582.0,-35281.6,4287.5,3983.65,20.4958,-48.7434,4.67661
normalized-BA_RDC4.dot_fibo_50null0mast_rapportOE2.0_TMAX300_K67_cod3.opb,21789.0,22101.0,0.0,0.0,1e+20,1e+20,-1e+20,1e+20,0.0,0.0,5.024714,0.0,0.0,-342.4556624063682,1083.2462633969687,0.0,0.39647969147857903,0.39647969147857903,0.0,0.0,0.0,0.0,40950.0,40451.0,2.442e-05,0.0951404,0.625348,0.279487,0.0674089,0.932591,0.455087,0.0,103255000.0,3685.5,76.7276,-50.4435,-0.657436,110219.0,-72462.1,1436.5,650.134,8.88518,-115.452,4.80033
normalized-BA_RDC4.dot_unif_50null10mast_rapportOE2.0_TMAX60_K67_cod2_pbEq1_newVersion_ladder.opb,69258.0,69535.0,0.0,0.0,1e+20,1e+20,-1e+20,1e+20,0.0,0.0,5.016706,0.0,0.0,-1.863726912766533,38.340050117017604,0.0,0.0029881212955903693,0.0029881212955903693,0.0,0.0,0.0,0.0,201868.0,81322.0,4.95373e-06,0.622204,0.324167,0.0536242,0.00048167,0.999518,0.503992,0.0,101680000.0,-1049080.0,111.723,-2263.34,-20.2584,51560.3,-1044530.0,461.5,90.2662,3.83442,10341.2,4.7517
normalized-sep5.5.opb,9253.0,26604.0,9253.0,1.0,1e+20,1e+20,0.0,1e+20,0.0,7820.0,5.013674,0.845131308764725,0.0,0.02262977262977263,0.574017833694481,0.0027885027885027887,0.0,0.0027885027885027887,9.999999999999996e+98,3.642504172923242e+83,1e+99,2.0421409724839803,28660.0,9324.0,0.0,0.557851,0.175855,0.266294,0.000258013,0.999742,0.415509,1.0,83445900.0,-41625.1,-0.321289,-2.48429,7.73227,-6569.07,-50793.8,20446.0,12414.5,74.2687,-1.43889,4.46259
normalized-j9013_7.std.opb,42492.0,89097.0,0.0,0.0,1e+20,1e+20,-1e+20,1e+20,0.0,0.0,5.017634,0.0,0.0,0.8241758241758241,12.823050507610667,0.0054762513234274035,0.0,0.0054762513234274035,0.0,0.0,0.0,0.0,176058.0,54782.0,0.00303877,0.837406,0.152739,0.00681594,0.000619359,0.999381,0.360765,1.0,114335000.0,-55949.4,37.7762,-39.9186,-1.05671,144570.0,-152768.0,3827.0,3490.56,19.0758,-70.2078,4.70738
normalized-bench1.r.opb,912.0,370.0,912.0,1.0,122.0,122.0,120.27664881516175,0.014328227480686255,0.0,6936.0,5.001962,7.605263157894737,69.0,1.0,0.0,1.0,0.0,1.0,1.0000000000000001e+99,1.2141680576410807e+83,1e+99,6.163978494623656,403.0,4688.0,0.0,0.00248139,0.00744417,0.990074,0.325895,0.674105,1.0,1.0,88047000.0,233779.0,147.095,-56.0285,-0.3809,379211.0,-144441.0,2578.0,211.716,13.9802,-627.037,4.60208
normalized-BA_RDC4.dot_luby_0null10mast_rapportOE1.0_TMAX180_K67_cod2_pbEq1_newVersion_binary.opb,43616.0,288563.0,0.0,0.0,1e+20,1e+20,-1e+20,1e+20,0.0,0.0,5.057857,0.0,0.0,-0.3101609051752996,8.427426778034269,0.0,0.010846035394675177,0.010846035394675177,0.0,0.0,0.0,0.0,297596.0,44809.0,3.36026e-06,0.875714,0.0860495,0.038233,0.000698081,0.999302,0.385501,0.0,93702000.0,-86938.0,213.943,-315.269,-1.47362,97343.9,-143448.0,455.0,180.824,3.79912,10150.3,4.67686
normalized-BA_RDC4.dot_fibo_50null20mast_rapportOE1.0_TMAX180_K67_cod3.opb,21722.0,22051.0,0.0,0.0,1e+20,1e+20,-1e+20,1e+20,0.0,0.0,5.005929,0.0,0.0,-1916.0786630738423,4009.0843570583784,0.0,0.39647969147857903,0.39647969147857903,0.0,0.0,0.0,0.0,40950.0,40451.0,2.442e-05,0.0951404,0.625348,0.279487,0.0674089,0.932591,0.455087,0.0,103653000.0,-818628.0,89.9964,-806.272,-8.95893,98951.1,-886496.0,1099.5,497.405,7.38773,-1888.77,4.7686
normalized-BA_RDC4.dot_unif_20null20mast_rapportOE2.0_TMAX300_K67_cod3.opb,30426.0,30883.0,0.0,0.0,1e+20,1e+20,-1e+20,1e+20,0.0,0.0,5.047873,0.0,0.0,-393.4546982769276,401.34304132896517,0.0,0.6346938270994537,0.6346938270994537,0.0,0.0,0.0,0.0,40950.0,40451.0,2.442e-05,0.0951404,0.625348,0.279487,0.103709,0.896291,0.455087,0.0,89057900.0,66026.5,51.8659,-2.02294,-0.0390033,93773.6,-3657.48,1808.0,703.291,10.3022,-370.737,4.79996
Init-x1-i3_pp_87_merged.opb,98147.0,96702.0,0.0,0.0,1e+20,1e+20,-1e+20,1e+20,0.0,0.0,5.013028,0.0,0.0,0.014506148035039782,0.11956470927587831,0.014506148035039782,0.0,0.014506148035039782,0.0,0.0,0.0,0.0,99545.0,99544.0,0.00014064,0.885419,0.015159,0.0992817,0.00263295,0.997367,0.97931,1.0,128799000.0,1045810.0,224.091,1645.0,7.34076,133110.0,977130.0,594.0,166.248,4.38856,393.942,2.69486
normalized-ii16d1.opb,2460.0,17277.0,2460.0,1.0,1e+20,1e+20,488.5131540432133,1e+20,0.0,13226.0,5.00085,5.376422764227642,0.0,1.0,0.0,1.0,0.0,1.0,0.0,0.0,0.0,1.7149094719683298,17131.0,2460.0,0.0,0.931061,0.0,0.0689393,0.0466705,0.95333,0.951045,1.0,94869700.0,120162.0,-1.39597,16.0676,-11.51,-10865.6,125062.0,7783.5,4981.78,33.8999,7.16331,4.64883
normalized-BA_RDC4.dot_fibo_50null20mast_rapportOE2.0_TMAX15_K67_cod2_pbEq1_newVersion_product.opb,52341.0,134829.0,0.0,0.0,1e+20,1e+20,-1e+20,1e+20,0.0,0.0,5.033114,0.0,0.0,-21.003355938097723,460.860403295723,0.0,0.004225352112676056,0.004225352112676056,0.0,0.0,0.0,0.0,149401.0,57510.0,6.6934e-06,0.752431,0.171404,0.0761575,0.000608167,0.999392,0.589766,0.0,103759000.0,104714.0,101.687,139.049,1.36742,62232.6,85098.1,612.0,123.785,4.47918,6162.13,4.75738
normalized-j12026_4.std.opb,51428.0,110435.0,0.0,0.0,1e+20,1e+20,-1e+20,1e+20,0.0,0.0,5.014258,0.0,0.0,0.6198347107438017,11.126066629782756,0.004118503061420609,0.0,0.004118503061420609,0.0,0.0,0.0,0.0,245266.0,72842.0,0.00321692,0.846081,0.145809,0.00489265,0.000503605,0.999496,0.409355,1.0,109443000.0,-198344.0,40.2191,-81.8552,-2.03523,131476.0,-267585.0,3269.0,3144.05,17.1982,48.3055,4.71071
normalized-j9013_1.std.opb,43567.0,89853.0,0.0,0.0,1e+20,1e+20,-1e+20,1e+20,0.0,0.0,5.013419,0.0,0.0,0.8241758241758241,12.823050507610667,0.0054762513234274035,0.0,0.0054762513234274035,0.0,0.0,0.0,0.0,176232.0,54782.0,0.00303577,0.837317,0.152838,0.00680921,0.000618858,0.999381,0.360832,1.0,111384000.0,126944.0,39.5661,-1.19839,-0.0302883,179175.0,-5426.91,4528.5,4109.11,21.3529,-40.4626,4.70377
normalized-NG.dot_unif_10null0mast_rapportOE2.0_TMAX300_K192_cod1.opb,365115.0,366610.0,0.0,0.0,1e+20,1e+20,-1e+20,1e+20,0.0,0.0,5.505169,0.0,0.0,-384.0424992420693,330.8364255183625,0.0,0.7680907412186524,0.7680907412186524,0.0,0.0,0.0,0.0,400980.0,399113.0,0.0,0.0609706,0.331051,0.607978,0.1161,0.8839,0.48797,0.0,134218000.0,399504.0,0.0,0.0,1.15865,369961.0,428657.0,0.0,0.0,1.0,0.0,4.4218
normalized-lo_10x10_006.opb.metafix.opb,85.0,55.0,0.0,0.0,40.0,40.0,40.0,0.0,0.0,137.0,0.006144999999999999,1.611764705882353,1.0,1.0,0.0,1.0,0.0,1.0,1e+99,0.0,1e+99,0.0,58.0,100.0,0.0689655,0.0689655,0.0689655,0.793103,0.2,0.8,1.0,1.0,94934500.0,36218.0,1.67605,32.766,19.5495,1717.11,33568.7,1024.5,590.514,6.97561,44.1789,0.115569
normalized-NG.dot_fibo_20null0mast_rapportOE2.0_TMAX120_K192_cod1.opb,331117.0,332434.0,0.0,0.0,1e+20,1e+20,-1e+20,1e+20,0.0,0.0,5.379709,0.0,0.0,-557.6869984189941,1412.6106895103205,0.0,0.6829068459308517,0.6829068459308517,0.0,0.0,0.0,0.0,400980.0,399113.0,0.0,0.0609706,0.331051,0.607978,0.104571,0.895429,0.48797,0.0,134218000.0,443606.0,56717.6,13307.6,0.234629,368665.0,86499.4,6.5,0.0,1.0,0.0,4.34729
normalized-mult_diagcomm_opt_less_teq_nbits_43.opb,9159.0,5473.0,9159.0,1.0,0.0,0.0,-1e+20,1e+20,0.0,15927.0,5.001135,1.738945299705208,1.0,0.0,5.951810895941342e+23,0.007633587786259542,0.007633587786259542,0.015267175572519083,1.0000000000000001e+99,1.2141680576410807e+83,1e+99,0.0,16813.0,11266.0,0.0,0.565217,0.219949,0.214834,0.00356506,0.996435,0.424866,0.5,109936000.0,-344911.0,8.02848,-212.766,-26.5014,13287.1,-352128.0,1655.0,884.874,9.66838,317.919,4.90956
normalized-NG.dot_fibo_0null50mast_rapportOE1.0_TMAX300_K192_cod1.opb,399113.0,400786.0,0.0,0.0,1e+20,1e+20,-1e+20,1e+20,0.0,0.0,5.6077259999999995,0.0,0.0,-5070.93746633159,5213.816089878316,0.0,0.8532746365064531,0.8532746365064531,0.0,0.0,0.0,0.0,400980.0,399113.0,0.0,0.0609706,0.331051,0.607978,0.127336,0.872664,0.48797,0.0,134218000.0,491143.0,16384.2,5876.26,0.358655,368644.0,132216.0,22.5,0.0,1.0,0.0,4.42997
normalized-NG.dot_luby_20null0mast_rapportOE1.0_TMAX180_K192_cod2.opb,400896.0,400786.0,0.0,0.0,1e+20,1e+20,-1e+20,1e+20,0.0,0.0,5.339065,0.0,0.0,-0.015774664750957856,0.9511986636971108,0.0,0.0035595266602809704,0.0035595266602809704,0.0,0.0,0.0,0.0,402763.0,400896.0,0.0,0.0607007,0.329586,0.609713,0.000609734,0.99939,0.63328,0.0,64694900.0,1656610.0,5607.97,23783.0,4.24092,386950.0,1641030.0,69.0,22.3453,1.28058,38684.0,4.41147
normalized-simp-nonunif-100_100.14.opb,12382.0,540084.0,0.0,0.0,1e+20,1e+20,-1e+20,1e+20,0.0,0.0,5.9094999999999995,0.0,0.0,0.007380073800738007,0.08558976756268045,0.007380073800738007,0.0,0.007380073800738007,0.0,0.0,0.0,0.0,1451912.0,23848.0,6.88747e-07,0.00284935,0.997031,0.000119153,4.03039e-05,0.99996,0.66496,1.0,66809900.0,-389740.0,23.0104,133.174,5.78756,61978.5,358704.0,2693.5,2630.42,14.6516,64.1108,4.20101
normalized-graph20-20-1rand.opb,335.0,1107.0,0.0,0.0,-9.0,-9.0,-9.0,0.0,0.0,27471.0,4.975628,82.00298507462686,7.0,-0.01694915254237288,0.1290809000993883,0.0,0.01694915254237288,0.01694915254237288,0.0,0.0,0.0,0.0,5587.0,2183.0,0.00662252,0.0,0.980132,0.013245,0.00191571,0.998084,0.571977,0.0,0.0,0.0,0.0,0.0,0.0,0.0,0.0,0.0,0.0,0.0,0.0,5.0
normalized-BA_RDC4.dot_fibo_0null20mast_rapportOE1.0_TMAX300_K67_cod1.opb,36184.0,36738.0,0.0,0.0,1e+20,1e+20,-1e+20,1e+20,0.0,0.0,5.049762,0.0,0.0,-2240.568737484858,3991.4069586822943,0.0,0.7929593829571581,0.7929593829571581,0.0,0.0,0.0,0.0,40950.0,40451.0,2.442e-05,0.0951404,0.625348,0.279487,0.126304,0.873696,0.455087,0.0,110742000.0,-696693.0,151.962,-833.922,-5.4877,148923.0,-817244.0,980.0,286.209,6.69709,3124.94,4.76719
normalized-BA_RDC4.dot_unif_0null20mast_rapportOE1.0_TMAX60_K67_cod3.opb,36184.0,36738.0,0.0,0.0,1e+20,1e+20,-1e+20,1e+20,0.0,0.0,5.055431,0.0,0.0,-462.7538008949099,377.9421148758217,0.0,0.7929593829571581,0.7929593829571581,0.0,0.0,0.0,0.0,40950.0,40451.0,2.442e-05,0.0951404,0.625348,0.279487,0.126304,0.873696,0.455087,0.0,100162000.0,402313.0,209.345,2437.47,11.6433,34960.7,407057.0,167.0,67.8627,1.80597,27493.3,4.90173
normalized-BA_RDC4.dot_unif_0null50mast_rapportOE2.0_TMAX180_K67_cod2_pbEq1_newVersion_product.opb,52558.0,135477.0,0.0,0.0,1e+20,1e+20,-1e+20,1e+20,0.0,0.0,5.040223,0.0,0.0,-6.346635367762128,74.85086300301428,0.0,0.008450704225352112,0.008450704225352112,0.0,0.0,0.0,0.0,149401.0,57510.0,6.6934e-06,0.752431,0.171404,0.0761575,0.0012156,0.998784,0.589766,0.0,79486900.0,-41012.3,157.1,-173.366,-1.10353,165584.0,-182728.0,1054.0,393.98,7.14841,242.918,4.68103
normalized-BA_RDC4.dot_luby_0null50mast_rapportOE1.0_TMAX180_K67_cod2_pbEq1_newVersion_sequential.opb,71568.0,143199.0,0.0,0.0,1e+20,1e+20,-1e+20,1e+20,0.0,0.0,5.123141,0.0,0.0,-0.774316913012469,13.977261024898725,0.0,0.005976242591180739,0.005976242591180739,0.0,0.0,0.0,0.0,161483.0,81322.0,6.1926e-06,0.770954,0.15858,0.0704594,0.00114631,0.998854,0.504753,0.0,112179000.0,-2174030.0,333.896,-7301.07,-21.8663,101504.0,-2219520.0,304.0,168.58,2.86043,3937.98,4.72027
normalized-minisat100_4_32_8.opb,10100.0,10404.0,10100.0,1.0,29955399.0,29955399.0,-3.0,1e+20,0.0,6939.0,5.001029,0.6870297029702971,1.0,7462532.200594059,14840353.656409517,0.9801980198019802,0.0049504950495049506,0.9851485148514851,9.999999999999998e+98,1.2141680576410807e+83,1e+99,3.686082276047674,30206.0,20200.0,0.0,0.65881,0.163875,0.177316,0.13249,0.86751,0.615503,0.994975,72949000.0,414589.0,126.743,1201.13,9.47689,41445.0,392770.0,327.0,30.9878,3.01527,98889.0,4.84833
normalized-NG.dot_fibo_10null50mast_rapportOE1.0_TMAX180_K192_cod1.opb,365115.0,366610.0,0.0,0.0,1e+20,1e+20,-1e+20,1e+20,0.0,0.0,5.383501,0.0,0.0,-4951.27227877819,5263.342372633992,0.0,0.7680907412186524,0.7680907412186524,0.0,0.0,0.0,0.0,400980.0,399113.0,0.0,0.0609706,0.331051,0.607978,0.1161,0.8839,0.48797,0.0,134218000.0,481655.0,18431.8,6133.36,0.332759,368637.0,122667.0,20.0,0.0,1.0,0.0,4.30939
normalized-minisat35_4_11_5_mh_ic.opb,120855.0,381667.0,0.0,0.0,1e+20,1e+20,-1e+20,1e+20,0.0,0.0,5.188068,0.0,0.0,271874.3049808126,3076632.548846566,0.3672112988091941,0.00027693159789531985,0.36748823040708944,0.0,0.0,0.0,0.0,286973.0,126385.0,0.0,0.431382,0.549442,0.019176,0.0472158,0.952784,0.394092,0.999246,103143000.0,-2635290.0,211.743,-6422.83,-30.3332,85861.7,-2604460.0,405.5,179.745,3.5234,5311.45,4.6683
normalized-NG.dot_fibo_50null50mast_rapportOE2.0_TMAX60_K192_cod1.opb,228926.0,229709.0,0.0,0.0,1e+20,1e+20,-1e+20,1e+20,0.0,0.0,6.41008,0.0,0.0,-4667.354355783951,5413.376800599584,0.0,0.4268765988579675,0.4268765988579675,0.0,0.0,0.0,0.0,400980.0,399113.0,0.0,0.0609706,0.331051,0.607978,0.068033,0.931967,0.48797,0.0,134218000.0,510316.0,17147.5,7514.18,0.438208,368672.0,161555.0,21.5,0.0,1.0,0.0,4.47292
normalized-mps-v2-20-10-agg.opb,2967.0,307.0,2967.0,1.0,1e+20,1e+20,-22739343048191.0,1e+20,0.0,70418.0,5.000083,23.733737782271653,0.0,44493094448.39816,570972923997.0854,0.22085889570552147,0.5828220858895705,0.803680981595092,1.0000000000000001e+99,1.2141680576410807e+83,1e+99,-9481504835398.059,363.0,4890.0,0.0,0.0,0.0,1.0,0.075898,0.924102,0.170533,0.274809,129700000.0,-74057.9,1.35726,-9.37206,-6.90516,13930.9,-96194.9,10264.0,8876.27,41.3989,-4.89785,4.63076
normalized-market-split_8_70_4.opb,70.0,18.0,70.0,1.0,1e+20,1e+20,0.0,1e+20,0.0,42276.0,5.000172,603.9428571428572,0.0,0.014084507042253521,0.11783944035691203,0.014084507042253521,0.0,0.014084507042253521,0.007150493985479698,0.06601633253989114,-0.13876195754968276,700.3333333333334,17.0,71.0,0.0588235,0.0,0.0,0.941176,0.000897666,0.999102,0.499551,1.0,75641800.0,-67981.6,2.5605,-10.3736,-4.0514,25523.0,-103404.0,9968.0,4183.58,40.4976,-23.814,4.90824
normalized-j9025_9.std.opb,42236.0,94903.0,0.0,0.0,1e+20,1e+20,-1e+20,1e+20,0.0,0.0,5.02988,0.0,0.0,0.8241758241758241,12.823050507610667,0.0054762513234274035,0.0,0.0054762513234274035,0.0,0.0,0.0,0.0,184467.0,54782.0,0.00320383,0.84439,0.145901,0.00650523,0.000632302,0.999368,0.385984,1.0,111738000.0,114012.0,50.1879,-10.3382,-0.205989,203888.0,-41998.8,4062.5,3717.7,19.7429,-47.7015,4.63689
normalized-Generated_notes_20140709_1000_0.01-008.opb,115462.0,884.0,0.0,0.0,0.0,0.0,-1e+20,1e+20,0.0,0.0,5.040463,0.0,1.0,-181.62649617820057,177.24665219288133,0.0,0.9508548890650538,0.9508548890650538,0.0,0.0,0.0,0.0,1431.0,204354.0,0.00768693,0.0160727,0.00838574,0.967855,0.255914,0.744086,0.00298777,0.0,121735000.0,2169310.0,24525.0,84344.3,3.43911,515025.0,1771230.0,21.0,0.0,1.0,0.0,4.25642
normalized-NG.dot_luby_10null20mast_rapportOE2.0_TMAX60_K192_cod2.opb,400896.0,400786.0,0.0,0.0,1e+20,1e+20,-1e+20,1e+20,0.0,0.0,5.2780380000000005,0.0,0.0,-0.922920158844189,30.52120401566338,0.0,0.004003532088122605,0.004003532088122605,0.0,0.0,0.0,0.0,402763.0,400896.0,0.0,0.0607007,0.329586,0.609713,0.000685739,0.999314,0.63328,0.0,134218000.0,1664600.0,53722.5,231683.0,4.31258,376057.0,1621780.0,7.0,3.86667,1.0,14358.6,4.39728
normalized-BA_RDC4.dot_unif_50null10mast_rapportOE2.0_TMAX300_K67_cod2_pbEq1_newVersion_product.opb,52342.0,134829.0,0.0,0.0,1e+20,1e+20,-1e+20,1e+20,0.0,0.0,5.053835,0.0,0.0,-2.538601982263954,44.2706315283699,0.0,0.004225352112676056,0.004225352112676056,0.0,0.0,0.0,0.0,149401.0,57510.0,6.6934e-06,0.752431,0.171404,0.0761575,0.000608167,0.999392,0.589766,0.0,60561700.0,-109788.0,83.4616,-143.972,-1.72501,136835.0,-236042.0,1639.5,860.781,9.60915,-94.2548,4.69218
normalized-BA_RDC4.dot_fibo_20null50mast_rapportOE2.0_TMAX300_K67_cod2_pbEq1_newVersion_product.opb,52559.0,135477.0,0.0,0.0,1e+20,1e+20,-1e+20,1e+20,0.0,0.0,5.049105,0.0,0.0,-49.068196835332984,718.0282957267787,0.0,0.0067640410363415055,0.0067640410363415055,0.0,0.0,0.0,0.0,149401.0,57510.0,6.6934e-06,0.752431,0.171404,0.0761575,0.000973213,0.999027,0.589766,0.0,95981000.0,232331.0,69.4795,126.287,1.81762,95812.2,174150.0,1379.0,1322.18,8.67887,315.204,4.77826
normalized-ped3.G.recomb10-0.10-9.opb,38287.0,298964.0,0.0,0.0,1e+20,1e+20,-1e+20,1e+20,0.0,0.0,5.201676,0.0,0.0,42.052637991958086,112.11653151744099,0.12745217497258438,0.0,0.12745217497258438,0.0,0.0,0.0,0.0,905415.0,82070.0,0.0210058,0.591203,0.38742,0.000371101,0.00473264,0.995267,0.692499,1.0,112733000.0,-25339.3,2763.38,-2703.35,-0.978275,1535060.0,-1501710.0,555.5,433.693,4.20683,245.483,3.40145
normalized-BA_RDC4.dot_fibo_0null20mast_rapportOE2.0_TMAX180_K67_cod2_pbEq1_newVersion_ladder.opb,41220.0,41386.0,0.0,0.0,1e+20,1e+20,-1e+20,1e+20,0.0,0.0,5.097384,0.0,0.0,-16.732384840510562,396.7089256978351,0.0,0.005976242591180739,0.005976242591180739,0.0,0.0,0.0,0.0,201868.0,81322.0,4.95373e-06,0.622204,0.324167,0.0536242,0.000962876,0.999037,0.503992,0.0,112378000.0,-664973.0,66.3411,-592.337,-8.92866,77022.1,-687703.0,1161.0,930.454,7.678,880.998,4.71637
normalized-j12060_7.std.opb,54233.0,129686.0,0.0,0.0,1e+20,1e+20,-1e+20,1e+20,0.0,0.0,5.018111,0.0,0.0,0.6198347107438017,11.126066629782756,0.004118503061420609,0.0,0.004118503061420609,0.0,0.0,0.0,0.0,256364.0,72842.0,0.00336631,0.852319,0.139633,0.00468084,0.000435059,0.999565,0.369661,1.0,117158000.0,-183008.0,-50.7752,24.61,-0.484685,-227879.0,110450.0,4488.0,3836.93,21.2249,-26.2146,4.46393
normalized-ped3.G.recomb10-0.01-5.opb,30402.0,159518.0,0.0,0.0,1e+20,1e+20,-1e+20,1e+20,0.0,0.0,5.097067,0.0,0.0,43.15423569865583,113.36604810437224,0.13079087214754612,0.0,0.13079087214754612,0.0,0.0,0.0,0.0,631714.0,79975.0,0.0338603,0.572354,0.393267,0.000519222,0.00671717,0.993283,0.684795,1.0,93514800.0,252463.0,1163.05,-821.735,-0.706535,1069420.0,-755586.0,919.5,717.532,6.32935,878.403,3.73784
normalized-sep6.5.opb,9253.0,26601.0,9253.0,1.0,1e+20,1e+20,0.0,1e+20,0.0,10453.0,5.013164,1.1296876688641522,0.0,0.02262977262977263,0.574017833694481,0.0027885027885027887,0.0,0.0027885027885027887,9.999999999999996e+98,3.642504172923242e+83,1e+99,2.040030154542028,28660.0,9324.0,0.0,0.557851,0.175855,0.266294,0.000258013,0.999742,0.415509,1.0,77837800.0,25575.6,0.371266,-0.379936,-1.02335,11348.7,-11613.7,30567.5,19878.8,101.088,0.199268,4.52999
normalized-1037.cudf.trendy.opb,10.0,11.0,0.0,0.0,51573.0,51573.0,51573.0,0.0,0.0,0.0,0.016287,0.0,1.0,5412.953545232273,7974.096650038174,0.6308068459657702,0.0,0.6308068459657702,0.0,0.0,0.0,0.0,2213.0,409.0,0.0515138,0.850429,0.0957976,0.00225938,0.0538173,0.946183,0.483907,1.0,127154000.0,368.105,12.386,61.3567,4.95373,111.474,552.211,9.0,7.94737,1.0,1.50331,0.006722
normalized-BA_RDC4.dot_unif_20null20mast_rapportOE1.0_TMAX300_K67_cod2_pbEq1_newVersion_binary.opb,43616.0,288563.0,0.0,0.0,1e+20,1e+20,-1e+20,1e+20,0.0,0.0,5.061028,0.0,0.0,-5.528978553415609,66.30552168437379,0.0,0.008681291704791448,0.008681291704791448,0.0,0.0,0.0,0.0,297596.0,44809.0,3.36026e-06,0.875714,0.0860495,0.038233,0.00055883,0.999441,0.385501,0.0,89360400.0,617578.0,196.361,476.74,2.42788,185855.0,451235.0,946.5,453.812,6.50422,-1311.43,4.60606
normalized-BA_RDC4.dot_unif_10null20mast_rapportOE1.0_TMAX120_K67_cod2.opb,33774.0,33843.0,0.0,0.0,1e+20,1e+20,-1e+20,1e+20,0.0,0.0,5.262907,0.0,0.0,-6.667806629699294,72.10843087407206,0.0,0.010699367320516892,0.010699367320516892,0.0,0.0,0.0,0.0,41436.0,40937.0,2.41336e-05,0.0940245,0.618013,0.287938,0.00195836,0.998042,0.598238,0.0,86904200.0,-1320150.0,218.028,1825.28,8.37178,164720.0,1379000.0,755.5,250.046,5.30093,4785.83,4.7565
normalized-NG.dot_luby_0null0mast_rapportOE2.0_TMAX15_K192_cod1.opb,399113.0,400786.0,0.0,0.0,1e+20,1e+20,-1e+20,1e+20,0.0,0.0,5.299827,0.0,0.0,-3.9222876729146883,17.408229654693958,0.0,0.8532746365064531,0.8532746365064531,0.0,0.0,0.0,0.0,400980.0,399113.0,0.0,0.0609706,0.331051,0.607978,0.127336,0.872664,0.48797,0.0,134218000.0,439242.0,0.0,0.0,1.26599,369975.0,468383.0,0.0,0.0,1.0,0.0,4.44195
normalized-BA_RDC4.dot_unif_20null50mast_rapportOE2.0_TMAX120_K67_cod2_pbEq1_newVersion_binary.opb,43616.0,288563.0,0.0,0.0,1e+20,1e+20,-1e+20,1e+20,0.0,0.0,5.078806,0.0,0.0,-7.028922761052467,80.22563787132268,0.0,0.008681291704791448,0.008681291704791448,0.0,0.0,0.0,0.0,297596.0,44809.0,3.36026e-06,0.875714,0.0860495,0.038233,0.00055883,0.999441,0.385501,0.0,105401000.0,95172.3,228.074,-7.0646,-0.0309751,136388.0,-4224.63,598.0,158.013,4.41019,8744.22,4.53544
normalized-aug6.5.opb,9561.0,27494.0,9561.0,1.0,1e+20,1e+20,0.0,1e+20,0.0,4589.0,5.013499,0.47997071436042255,0.0,0.021906146179401995,0.564779692292501,0.0026993355481727574,0.0,0.0026993355481727574,9.999999999999996e+98,3.642504172923242e+83,1e+99,2.043801743316678,29620.0,9632.0,0.0,0.557731,0.175827,0.266442,0.000249554,0.99975,0.415323,1.0,83420400.0,11264.0,0.214029,-0.659056,-3.07928,6427.51,-19792.1,30031.0,19782.1,99.5278,0.945887,4.48339
normalized-NG.dot_unif_10null20mast_rapportOE2.0_TMAX60_K192_cod2.opb,400896.0,400786.0,0.0,0.0,1e+20,1e+20,-1e+20,1e+20,0.0,0.0,5.363736,0.0,0.0,-2.4775652538314175,44.265619825480954,0.0,0.004003532088122605,0.004003532088122605,0.0,0.0,0.0,0.0,402763.0,400896.0,0.0,0.0607007,0.329586,0.609713,0.000685739,0.999314,0.63328,0.0,134218000.0,2004390.0,40750.8,206986.0,5.07931,387133.0,1966370.0,9.5,3.9,1.0,28913.3,4.39761
normalized-comppebvc_opt_180.opb,64799.0,129063.0,64799.0,1.0,32581.0,32581.0,0.0,1e+20,0.0,0.0,5.001282,0.0,2.0,0.5000306936771025,0.49999999905789827,0.5000306936771025,0.0,0.5000306936771025,0.0,0.0,0.0,1.9972261608671733,129780.0,65160.0,0.0,0.503467,0.0,0.496533,0.0773879,0.922612,0.668211,1.0,0.0,0.0,0.0,0.0,0.0,0.0,0.0,0.0,0.0,0.0,0.0,4.80326
normalized-BA_RDC4.dot_fibo_0null20mast_rapportOE1.0_TMAX15_K67_cod1.opb,36184.0,36738.0,0.0,0.0,1e+20,1e+20,-1e+20,1e+20,0.0,0.0,5.05418,0.0,0.0,-2291.099503102519,4027.811518240893,0.0,0.7929593829571581,0.7929593829571581,0.0,0.0,0.0,0.0,40950.0,40451.0,2.442e-05,0.0951404,0.625348,0.279487,0.126304,0.873696,0.455087,0.0,89159000.0,777590.0,365.877,5478.5,14.9736,51039.8,764251.0,139.5,59.0929,1.63929,23586.8,4.89327
normalized-NG.dot_luby_50null0mast_rapportOE2.0_TMAX180_K192_cod2.opb,400896.0,400786.0,0.0,0.0,1e+20,1e+20,-1e+20,1e+20,0.0,0.0,5.323757,0.0,0.0,-0.01028945162835249,1.0208926550664306,0.0,0.002225015964240102,0.002225015964240102,0.0,0.0,0.0,0.0,402763.0,400896.0,0.0,0.0607007,0.329586,0.609713,0.000381224,0.999619,0.63328,0.0,124492000.0,2222000.0,11177.7,63312.9,5.66419,380043.0,2152640.0,34.0,13.2174,1.0,32402.4,4.4717
normalized-NG.dot_fibo_0null10mast_rapportOE2.0_TMAX120_K192_cod2.opb,400896.0,400786.0,0.0,0.0,1e+20,1e+20,-1e+20,1e+20,0.0,0.0,5.100476,0.0,0.0,-8.421725335249041,261.54974879952584,0.0,0.00444753751596424,0.00444753751596424,0.0,0.0,0.0,0.0,402763.0,400896.0,0.0,0.0607007,0.329586,0.609713,0.000761731,0.999238,0.63328,0.0,89970100.0,7359560.0,9380.04,158398.0,16.8867,422102.0,7127920.0,45.0,17.6703,1.0,8494.98,4.35407
normalized-BA_RDC4.dot_unif_50null10mast_rapportOE1.0_TMAX15_K67_cod2_pbEq1_newVersion_product.opb,52342.0,134829.0,0.0,0.0,1e+20,1e+20,-1e+20,1e+20,0.0,0.0,5.057326,0.0,0.0,-2.4372283081203268,43.137383878933704,0.0,0.004225352112676056,0.004225352112676056,0.0,0.0,0.0,0.0,149401.0,57510.0,6.6934e-06,0.752431,0.171404,0.0761575,0.000608167,0.999392,0.589766,0.0,96122500.0,1168310.0,98.6342,2022.84,20.5085,56073.5,1149980.0,568.5,190.038,4.2522,4546.13,4.78881
normalized-BA_RDC4.dot_unif_0null50mast_rapportOE1.0_TMAX60_K67_cod2_pbEq1_newVersion_sequential.opb,72824.0,145712.0,0.0,0.0,1e+20,1e+20,-1e+20,1e+20,0.0,0.0,5.038337,0.0,0.0,-4.372420747153292,62.247613115647724,0.0,0.005976242591180739,0.005976242591180739,0.0,0.0,0.0,0.0,161483.0,81322.0,6.1926e-06,0.770954,0.15858,0.0704594,0.00114631,0.998854,0.504753,0.0,101200000.0,-382108.0,104.635,-734.709,-7.02167,52264.9,-366987.0,499.5,133.572,4.0,8534.98,4.76834
Init-x2-i2_pp_97.opb,28868.0,24765.0,0.0,0.0,1e+20,1e+20,-1e+20,1e+20,0.0,0.0,5.026201,0.0,0.0,0.09180494627757645,0.28875040799373386,0.09180494627757645,0.0,0.09180494627757645,0.0,0.0,0.0,0.0,31459.0,31458.0,0.0334086,0.78642,0.0244763,0.155695,0.0181372,0.981863,0.962557,1.0,73219800.0,-462532.0,172.123,239.556,1.39178,309907.0,431321.0,1800.5,501.959,10.3046,-451.958,4.70997
normalized-BA_RDC4.dot_fibo_0null50mast_rapportOE1.0_TMAX15_K67_cod2.opb,36668.0,36737.0,0.0,0.0,1e+20,1e+20,-1e+20,1e+20,0.0,0.0,5.056654,0.0,0.0,-69.15203849818013,849.1759244315654,0.0,0.011871900725505044,0.011871900725505044,0.0,0.0,0.0,0.0,41436.0,40937.0,2.41336e-05,0.0940245,0.618013,0.287938,0.0021725,0.997827,0.598238,0.0,99140300.0,1481070.0,124.226,2098.64,16.8937,84784.2,1432320.0,682.5,195.153,4.87042,4584.06,4.8246
normalized-sep4.5.opb,9253.0,26596.0,9253.0,1.0,1e+20,1e+20,0.0,1e+20,0.0,5763.0,5.013284,0.6228250297200908,0.0,0.02262977262977263,0.574017833694481,0.0027885027885027887,0.0,0.0027885027885027887,9.999999999999996e+98,3.642504172923242e+83,1e+99,2.0431963814549565,28660.0,9324.0,0.0,0.557851,0.175855,0.266294,0.000258013,0.999742,0.415509,1.0,94221700.0,17733.9,-1.19402,0.992595,-0.831303,-32789.7,27258.1,27461.5,16427.6,91.91,0.685839,4.53806
normalized-NG.dot_unif_20null20mast_rapportOE1.0_TMAX60_K192_cod1.opb,331117.0,332434.0,0.0,0.0,1e+20,1e+20,-1e+20,1e+20,0.0,0.0,5.486223,0.0,0.0,-425.4686717796714,398.25213680727404,0.0,0.6829068459308517,0.6829068459308517,0.0,0.0,0.0,0.0,400980.0,399113.0,0.0,0.0609706,0.331051,0.607978,0.104571,0.895429,0.48797,0.0,134218000.0,455957.0,49147.2,13163.6,0.267841,368604.0,98727.2,7.5,0.0,1.0,0.0,4.42348
normalized-minisat15_4_4_7_mh_ic.opb,7380.0,13300.0,7380.0,1.0,1e+20,1e+20,5660179.438053098,1e+20,0.0,7201.0,5.001581,0.9757452574525746,0.0,745796.1438812084,6656888.19907873,0.40860215053763443,0.0015360983102918587,0.41013824884792627,-0.3333333333333333,0.4714045207910317,-1.0,-0.012642440047621746,21293.0,9765.0,0.0,0.43465,0.517776,0.0475743,0.0548818,0.945118,0.398652,0.996255,88758900.0,417187.0,25.1928,242.633,9.63105,39930.6,384573.0,1585.0,492.681,9.3983,805.231,4.90143
normalized-10:20:4.5:0.95:98.opb,897.0,1051.0,0.0,0.0,2.0,2.0,2.0,0.0,0.0,4816.0,4.092932,5.369007803790413,6.0,1.5673289183222958,18.465778650399326,0.9988962472406181,0.0011037527593818985,1.0,0.0,0.0,0.0,0.0,1039.0,906.0,0.000962464,0.820019,0.000962464,0.178056,0.199384,0.800616,0.766355,0.998896,103979000.0,140725.0,8.83499,20.2911,2.29668,41484.7,95276.9,4695.5,519.616,22.0029,20.558,4.87234
normalized-ped2.G.recomb1-0.01-5.opb,169208.0,1698519.0,0.0,0.0,1e+20,1e+20,-1e+20,1e+20,0.0,0.0,5.277978,0.0,0.0,51.24078565197803,164.753349035451,0.0909692200036426,0.0,0.0909692200036426,0.0,0.0,0.0,0.0,2008694.0,208642.0,0.0269265,0.572307,0.400491,0.000275303,0.00383749,0.996163,0.688118,1.0,128296000.0,712775.0,12611.0,13379.0,1.06089,422469.0,448195.0,33.5,34.3382,1.0,1253.15,4.19086
normalized-BA_RDC4.dot_luby_20null20mast_rapportOE1.0_TMAX180_K67_cod3.opb,30430.0,30887.0,0.0,0.0,1e+20,1e+20,-1e+20,1e+20,0.0,0.0,5.033223,0.0,0.0,-42.26995624335616,92.91583398874967,0.0,0.6346938270994537,0.6346938270994537,0.0,0.0,0.0,0.0,40950.0,40451.0,2.442e-05,0.0951404,0.625348,0.279487,0.103709,0.896291,0.455087,0.0,94976700.0,714200.0,81.5879,654.761,8.02522,82281.4,660327.0,1008.5,416.667,6.86868,604.991,4.85807
normalized-BA_RDC4.dot_fibo_10null50mast_rapportOE2.0_TMAX120_K67_cod2_pbEq1_newVersion_binary.opb,43616.0,288563.0,0.0,0.0,1e+20,1e+20,-1e+20,1e+20,0.0,0.0,5.069259,0.0,0.0,-62.90185007476177,813.1197013045045,0.0,0.009774822022361579,0.009774822022361579,0.0,0.0,0.0,0.0,297596.0,44809.0,3.36026e-06,0.875714,0.0860495,0.038233,0.000629178,0.999371,0.385501,0.0,99516700.0,234950.0,104.633,248.571,2.37566,81090.3,192643.0,775.0,282.835,5.40103,-4414.67,4.65057
normalized-BA_RDC4.dot_fibo_50null10mast_rapportOE1.0_TMAX300_K67_cod2_pbEq1_newVersion_ladder.opb,71464.0,71715.0,0.0,0.0,1e+20,1e+20,-1e+20,1e+20,0.0,0.0,5.015817,0.0,0.0,-8.324155824992006,279.5661459282817,0.0,0.0029881212955903693,0.0029881212955903693,0.0,0.0,0.0,0.0,201868.0,81322.0,4.95373e-06,0.622204,0.324167,0.0536242,0.00048167,0.999518,0.503992,0.0,96364600.0,604319.0,94.4137,1094.31,11.5906,51172.2,593118.0,542.0,271.571,4.15207,3514.44,4.77841
normalized-BA_RDC4.dot_fibo_20null0mast_rapportOE2.0_TMAX120_K67_cod2_pbEq1_newVersion_sequential.opb,72824.0,145712.0,0.0,0.0,1e+20,1e+20,-1e+20,1e+20,0.0,0.0,5.040164,0.0,0.0,-4.08891812793586,125.87747381138392,0.0,0.004783453432035611,0.004783453432035611,0.0,0.0,0.0,0.0,161483.0,81322.0,6.1926e-06,0.770954,0.15858,0.0704594,0.000917732,0.999082,0.504753,0.0,120574000.0,-456228.0,188.464,-709.388,-3.76404,148227.0,-557934.0,786.5,60.2726,5.48348,-4244.5,4.6533
normalized-BA_RDC4.dot_luby_20null20mast_rapportOE1.0_TMAX120_K67_cod2.opb,30832.0,30901.0,0.0,0.0,1e+20,1e+20,-1e+20,1e+20,0.0,0.0,5.033897,0.0,0.0,-0.632361921977673,12.466636763538098,0.0,0.009502406136258152,0.009502406136258152,0.0,0.0,0.0,0.0,41436.0,40937.0,2.41336e-05,0.0940245,0.618013,0.287938,0.00173965,0.99826,0.598238,0.0,106248000.0,1178890.0,161.666,1566.18,9.68777,113570.0,1100240.0,702.5,134.776,4.98578,-5460.59,4.76903
normalized-data6_3.opb,540.0,4810.0,540.0,1.0,29350.0,29350.0,17422.0,0.6846515899437493,0.0,17014.0,5.000819,31.507407407407406,1.0,216.48888888888888,369.3185690323447,0.3333333333333333,0.0,0.3333333333333333,0.0,0.0,0.0,1.009864094695309,4476.0,540.0,0.0,0.140751,0.41555,0.4437,0.00852757,0.991472,0.143349,1.0,75812900.0,8947.28,2.08335,-2.53459,-1.21659,35377.4,-43039.9,16981.0,14443.2,63.8602,0.955447,4.85908
normalized-BA_RDC4.dot_unif_0null10mast_rapportOE2.0_TMAX60_K67_cod1.opb,36184.0,36738.0,0.0,0.0,1e+20,1e+20,-1e+20,1e+20,0.0,0.0,5.070005,0.0,0.0,-440.0141405651282,354.7036318305035,0.0,0.7929593829571581,0.7929593829571581,0.0,0.0,0.0,0.0,40950.0,40451.0,2.442e-05,0.0951404,0.625348,0.279487,0.126304,0.873696,0.455087,0.0,103714000.0,361025.0,234.652,2201.89,9.38364,38600.2,362211.0,164.5,24.2455,1.78788,116227.0,4.87335
normalized-BA_RDC4.dot_unif_0null0mast_rapportOE1.0_TMAX180_K67_cod3.opb,36184.0,36738.0,0.0,0.0,1e+20,1e+20,-1e+20,1e+20,0.0,0.0,5.025244,0.0,0.0,-395.36367456923193,324.69745395044123,0.0,0.7929593829571581,0.7929593829571581,0.0,0.0,0.0,0.0,40950.0,40451.0,2.442e-05,0.0951404,0.625348,0.279487,0.126304,0.873696,0.455087,0.0,103001000.0,-971129.0,157.825,-1236.62,-7.83537,136992.0,-1073380.0,868.0,415.443,5.981,-2814.23,4.79937
normalized-BA_RDC4.dot_luby_20null10mast_rapportOE1.0_TMAX120_K67_cod3.opb,30403.0,30860.0,0.0,0.0,1e+20,1e+20,-1e+20,1e+20,0.0,0.0,5.021481,0.0,0.0,-21.860225952386838,68.43564773443728,0.0,0.6346938270994537,0.6346938270994537,0.0,0.0,0.0,0.0,40950.0,40451.0,2.442e-05,0.0951404,0.625348,0.279487,0.103709,0.896291,0.455087,0.0,94090500.0,-444371.0,47.5993,209.923,4.41021,104100.0,459101.0,2187.0,817.772,12.0919,590.631,4.78409
normalized-clique-coloring-max-clique-n=11-t=5.opb,242.0,6717.0,0.0,0.0,5.999999999999999,6.0,0.0,1e+20,0.0,3575.0,5.000039,14.772727272727273,19.0,0.045454545454545456,0.20829889522526548,0.045454545454545456,0.0,0.045454545454545456,0.0,0.0,0.0,0.0,6358.0,242.0,0.0,0.0,0.99481,0.00519031,0.000570125,0.99943,0.323446,1.0,50496400.0,-14272.7,0.967839,-0.126124,-0.130315,13533.0,-1763.56,13982.7,10440.7,161.738,0.438463,4.66072
normalized-minisat50_4_16_2_mh_ic.opb,359025.0,840604.0,0.0,0.0,1e+20,1e+20,-1e+20,1e+20,0.0,0.0,5.012122,0.0,0.0,214184.67072643802,2685528.123162898,0.3572778827977316,0.00013502565487442613,0.357412908452606,0.0,0.0,0.0,0.0,847958.0,370300.0,0.0,0.430564,0.556189,0.0132471,0.045532,0.954468,0.393202,0.999622,94805500.0,193899.0,3024.71,5763.17,1.90536,189044.0,360198.0,62.5,30.3889,1.19841,8256.02,4.07713
normalized-BA_RDC4.dot_unif_10null20mast_rapportOE2.0_TMAX120_K67_cod2_pbEq1_newVersion_product.opb,52558.0,135477.0,0.0,0.0,1e+20,1e+20,-1e+20,1e+20,0.0,0.0,5.0504809999999996,0.0,0.0,-4.779047122239611,61.30506897787399,0.0,0.007616066770996349,0.007616066770996349,0.0,0.0,0.0,0.0,149401.0,57510.0,6.6934e-06,0.752431,0.171404,0.0761575,0.00109567,0.998904,0.589766,0.0,97970400.0,-2663650.0,128.077,-6795.84,-53.0605,50206.2,-2663970.0,392.0,69.8433,3.43567,10932.6,4.77802
normalized-BA_RDC4.dot_fibo_0null10mast_rapportOE2.0_TMAX300_K67_cod2.opb,36668.0,36737.0,0.0,0.0,1e+20,1e+20,-1e+20,1e+20,0.0,0.0,5.022747,0.0,0.0,-22.25026259862716,422.2432399881632,0.0,0.011871900725505044,0.011871900725505044,0.0,0.0,0.0,0.0,41436.0,40937.0,2.41336e-05,0.0940245,0.618013,0.287938,0.0021725,0.997827,0.598238,0.0,93497100.0,451945.0,63.3031,200.759,3.17139,116604.0,369798.0,1842.0,762.443,10.4684,95.7362,4.80411
normalized-BA_RDC4.dot_luby_20null20mast_rapportOE1.0_TMAX120_K67_cod2_pbEq1_newVersion_sequential.opb,72824.0,145712.0,0.0,0.0,1e+20,1e+20,-1e+20,1e+20,0.0,0.0,5.041261,0.0,0.0,-0.3183271439462876,8.85076009010559,0.0,0.004783453432035611,0.004783453432035611,0.0,0.0,0.0,0.0,161483.0,81322.0,6.1926e-06,0.770954,0.15858,0.0704594,0.000917732,0.999082,0.504753,0.0,111595000.0,-884447.0,181.543,-2286.68,-12.5958,72072.5,-907811.0,397.0,169.228,3.47799,5154.5,4.72134
normalized-BA_RDC4.dot_fibo_0null10mast_rapportOE2.0_TMAX15_K67_cod2_pbEq1_newVersion_binary.opb,43616.0,288563.0,0.0,0.0,1e+20,1e+20,-1e+20,1e+20,0.0,0.0,5.034616,0.0,0.0,-20.756656028922762,406.06340844442684,0.0,0.010846035394675177,0.010846035394675177,0.0,0.0,0.0,0.0,297596.0,44809.0,3.36026e-06,0.875714,0.0860495,0.038233,0.000698081,0.999302,0.385501,0.0,105954000.0,-317787.0,134.0,-715.437,-5.33907,64521.2,-344483.0,481.5,119.254,3.91183,5413.76,4.67619
normalized-BA_RDC4.dot_fibo_50null20mast_rapportOE2.0_TMAX180_K67_cod2.opb,22038.0,22107.0,0.0,0.0,1e+20,1e+20,-1e+20,1e+20,0.0,0.0,5.029114,0.0,0.0,-28.071329115470114,538.4924757257472,0.0,0.005935950362752522,0.005935950362752522,0.0,0.0,0.0,0.0,41436.0,40937.0,2.41336e-05,0.0940245,0.618013,0.287938,0.00108743,0.998913,0.598238,0.0,0.0,0.0,0.0,0.0,0.0,0.0,0.0,0.0,0.0,0.0,0.0,5.0
normalized-OGR_14.opb,3297.0,4697.0,3297.0,1.0,1e+20,1e+20,14.0,1e+20,0.0,21120.0,5.003502,6.40582347588717,0.0,0.07734303912647862,2.5728852298798106,0.002426448286320898,0.0,0.002426448286320898,0.0,0.05750812293645034,-2.6122448979591835,10.55694591728526,6383.0,3297.0,0.0,0.0,0.0,1.0,4.2096e-05,0.999958,0.5,1.0,118871000.0,32157.4,5.88759,-0.576348,-0.0978921,31586.9,-3092.11,5365.0,1596.72,24.6453,-111.816,4.89627
normalized-data8_3.opb,1344.0,16178.0,1344.0,1.0,1e+20,1e+20,31916.0,1e+20,0.0,10120.0,5.0037,7.529761904761905,0.0,207.98809523809524,345.81960939083405,0.3333333333333333,0.0,0.3333333333333333,0.0,0.0,0.0,0.9333996023856859,16096.0,1344.0,0.0,0.100895,0.403579,0.495527,0.00467212,0.995328,0.0974015,1.0,79456200.0,53319.8,4.11244,-1.18191,-0.287399,56558.4,-16254.8,13753.0,10856.4,52.5957,-2.92588,4.84404
normalized-minisat35_4_11_4_mh_ic.opb,120855.0,437504.0,0.0,0.0,1e+20,1e+20,-1e+20,1e+20,0.0,0.0,5.143892,0.0,0.0,334442.02790679276,3618246.172326585,0.3672112988091941,0.00027693159789531985,0.36748823040708944,0.0,0.0,0.0,0.0,286973.0,126385.0,0.0,0.431382,0.549442,0.019176,0.0472158,0.952784,0.394092,0.999246,102442000.0,1008860.0,311.699,3688.68,11.8341,88055.0,1042050.0,282.5,113.608,2.68905,14913.8,4.68225
normalized-BA_RDC4.dot_unif_10null10mast_rapportOE1.0_TMAX120_K67_cod1.opb,33327.0,33834.0,0.0,0.0,1e+20,1e+20,-1e+20,1e+20,0.0,0.0,5.023167,0.0,0.0,-386.7781760648686,361.2865269105025,0.0,0.7146424068626239,0.7146424068626239,0.0,0.0,0.0,0.0,40950.0,40451.0,2.442e-05,0.0951404,0.625348,0.279487,0.115267,0.884733,0.455087,0.0,94124900.0,311511.0,190.689,46.0095,0.24128,274402.0,66207.6,1439.0,578.422,8.89441,315.875,4.63617
Init-x2-i10_pp_100.opb,4548.0,2972.0,0.0,0.0,2232.0,2232.0,2232.0,0.0,0.0,2295.0,2.765672,0.5046174142480211,2.0,0.36584747909804916,0.4816670023321627,0.36584747909804916,0.0,0.36584747909804916,1e+99,0.0,1e+99,0.0,7895.0,7894.0,0.231666,0.561495,0.0379987,0.168841,0.0864541,0.913546,0.929253,1.0,112063000.0,219472.0,190.878,527.384,2.76294,59458.4,164280.0,311.5,44.3333,2.91026,4514.87,0.245283
normalized-BA_RDC4.dot_unif_20null10mast_rapportOE1.0_TMAX15_K67_cod2_pbEq1_newVersion_ladder.opb,75413.0,75584.0,0.0,0.0,1e+20,1e+20,-1e+20,1e+20,0.0,0.0,5.003947,0.0,0.0,-2.7550970217161406,45.51346502724349,0.0,0.004783453432035611,0.004783453432035611,0.0,0.0,0.0,0.0,201868.0,81322.0,4.95373e-06,0.622204,0.324167,0.0536242,0.000770845,0.999229,0.503992,0.0,111894000.0,803512.0,185.341,1546.45,8.34378,90724.6,756986.0,489.5,162.232,3.94694,3594.46,4.72923
normalized-NG.dot_fibo_10null10mast_rapportOE2.0_TMAX180_K192_cod1.opb,365115.0,366610.0,0.0,0.0,1e+20,1e+20,-1e+20,1e+20,0.0,0.0,5.644696,0.0,0.0,-1556.6725163049061,3227.0021283223937,0.0,0.7680907412186524,0.7680907412186524,0.0,0.0,0.0,0.0,400980.0,399113.0,0.0,0.0609706,0.331051,0.607978,0.1161,0.8839,0.48797,0.0,134218000.0,428594.0,81909.6,15493.2,0.18915,368593.0,69719.3,4.5,0.0,1.0,0.0,4.41176
normalized-BA_RDC4.dot_fibo_10null20mast_rapportOE1.0_TMAX180_K67_cod2_pbEq1_newVersion.opb,33778.0,33847.0,0.0,0.0,1e+20,1e+20,-1e+20,1e+20,0.0,0.0,5.211351,0.0,0.0,-32.47262867332731,556.4228110141252,0.0,0.010699367320516892,0.010699367320516892,0.0,0.0,0.0,0.0,40882.0,40937.0,2.44606e-05,0.0952742,0.626388,0.278313,0.00239714,0.997603,0.729932,0.0,92580600.0,-49593.1,48.5877,-55.9052,-1.1506,107889.0,-124138.0,2220.5,1017.28,12.2501,101.432,4.82571
normalized-BA_RDC4.dot_luby_50null20mast_rapportOE1.0_TMAX300_K67_cod3.opb,21788.0,22114.0,0.0,0.0,1e+20,1e+20,-1e+20,1e+20,0.0,0.0,5.006644,0.0,0.0,-41.2828360238313,93.17135351992636,0.0,0.39647969147857903,0.39647969147857903,0.0,0.0,0.0,0.0,40950.0,40451.0,2.442e-05,0.0951404,0.625348,0.279487,0.0674089,0.932591,0.455087,0.0,95628600.0,-238.3,121.964,-106.808,-0.875732,256795.0,-224884.0,2105.5,1010.99,11.7198,-456.2,4.60752
normalized-BA_RDC4.dot_fibo_10null20mast_rapportOE1.0_TMAX300_K67_cod2.opb,33778.0,33847.0,0.0,0.0,1e+20,1e+20,-1e+20,1e+20,0.0,0.0,5.240108,0.0,0.0,-32.83525905659916,558.9375186386858,0.0,0.010699367320516892,0.010699367320516892,0.0,0.0,0.0,0.0,41436.0,40937.0,2.41336e-05,0.0940245,0.618013,0.287938,0.00195836,0.998042,0.598238,0.0,93126500.0,-201436.0,61.1437,-135.087,-2.20933,139071.0,-307255.0,2274.5,1006.69,12.5182,132.086,4.79511
normalized-BA_RDC4.dot_luby_10null0mast_rapportOE1.0_TMAX300_K67_cod2_pbEq1_newVersion_product.opb,52558.0,135477.0,0.0,0.0,1e+20,1e+20,-1e+20,1e+20,0.0,0.0,5.046179,0.0,0.0,-0.026151973569813945,0.6644285256695183,0.0,0.007616066770996349,0.007616066770996349,0.0,0.0,0.0,0.0,149401.0,57510.0,6.6934e-06,0.752431,0.171404,0.0761575,0.00109567,0.998904,0.589766,0.0,103836000.0,582446.0,46.4631,325.678,7.00941,77361.0,542255.0,1665.0,1573.2,9.68718,277.681,4.77732
normalized-BA_RDC4.dot_luby_10null0mast_rapportOE1.0_TMAX180_K67_cod2_pbEq1_newVersion_ladder.opb,45075.0,45248.0,0.0,0.0,1e+20,1e+20,-1e+20,1e+20,0.0,0.0,5.2029630000000004,0.0,0.0,-0.019551904773615996,0.7072625156170961,0.0,0.005385996409335727,0.005385996409335727,0.0,0.0,0.0,0.0,201868.0,81322.0,4.95373e-06,0.622204,0.324167,0.0536242,0.000867859,0.999132,0.503992,0.0,113557000.0,-393298.0,42.1308,-312.383,-7.41461,53485.1,-396571.0,1269.5,1227.36,8.22047,232.4,4.73522
normalized-neos-859770.opb,1283.0,1550.0,0.0,0.0,1e+20,1e+20,-1e+20,1e+20,0.0,0.0,5.002113,0.0,0.0,6.578274760383387,1.6808755785153235,1.0,0.0,1.0,0.0,0.0,0.0,0.0,2065.0,2504.0,0.0,0.0,0.0,1.0,0.00283502,0.997165,0.998256,1.0,45684100.0,-423019.0,20.5284,-221.168,-10.7738,43263.5,-466112.0,2107.5,844.442,11.7438,188.725,4.89285
normalized-minisat25_6_4_8_mh.opb,28850.0,57429.0,0.0,0.0,1e+20,1e+20,-1e+20,1e+20,0.0,0.0,5.000215,0.0,0.0,547633.0855183413,4580708.73937444,0.5358851674641149,0.0007974481658692185,0.5366826156299841,0.0,0.0,0.0,0.0,73332.0,31350.0,0.0,0.597625,0.380461,0.021914,0.070486,0.929514,0.342085,0.998514,92985100.0,1752660.0,110.662,3100.53,28.0181,61361.8,1719240.0,554.5,229.558,4.19459,6965.2,4.77098
normalized-frb59-26-2.opb,1534.0,126163.0,1534.0,1.0,-38.0,-38.0,-1534.0,39.36842105263158,0.0,512.0,5.006455,0.33376792698826596,5.0,-1.0,0.0,0.0,1.0,1.0,0.0,0.0,0.0,2.0,126163.0,1534.0,0.0,1.0,0.0,0.0,0.0060427,0.993957,0.0,0.0,61197200.0,2458.9,17.8008,-18.211,-1.02304,110321.0,-112863.0,6197.5,4024.84,27.7769,-37.4312,4.50399
normalized-clique-coloring-max-clique-n=11-t=4.opb,231.0,6425.0,231.0,1.0,7.0,7.0,0.0,1e+20,0.0,2898.0,5.000081,12.545454545454545,26.0,0.047619047619047616,0.21295885499997996,0.047619047619047616,0.0,0.047619047619047616,0.0,0.0,0.0,2.12517803449913,6303.0,231.0,0.0,0.0,0.994764,0.0052356,0.000575374,0.999425,0.325849,1.0,59670200.0,7032.66,-3.296,-0.382985,0.116197,8820.13,1024.87,-2676.01,-6763.27,142.7,-0.584587,4.66925
normalized-BA_RDC4.dot_luby_10null20mast_rapportOE2.0_TMAX120_K67_cod1.opb,33348.0,33855.0,0.0,0.0,1e+20,1e+20,-1e+20,1e+20,0.0,0.0,5.049765,0.0,0.0,-42.41516896986477,92.87115076966819,0.0,0.7146424068626239,0.7146424068626239,0.0,0.0,0.0,0.0,40950.0,40451.0,2.442e-05,0.0951404,0.625348,0.279487,0.115267,0.884733,0.455087,0.0,110773000.0,457198.0,274.915,50.6074,0.184084,400413.0,73709.6,1456.5,501.45,8.94441,-74.4449,4.46064
normalized-domset_opt_hexgrid_nrowsdiv30add5_ncols_380.opb,6460.0,6460.0,6460.0,1.0,1666.0,1666.0,0.0,1e+20,0.0,10013.0,5.000764,1.55,2.0,1.0,0.0,1.0,0.0,1.0,0.0,0.0,0.0,0.0,6460.0,6460.0,0.0,0.0,0.0,1.0,0.2,0.8,1.0,1.0,104468000.0,460639.0,80.4508,285.868,3.55332,101770.0,361623.0,1265.0,141.611,7.25642,-1845.45,4.74216
normalized-BA_RDC4.dot_fibo_20null10mast_rapportOE2.0_TMAX300_K67_cod2_pbEq1_newVersion_product.opb,52559.0,135477.0,0.0,0.0,1e+20,1e+20,-1e+20,1e+20,0.0,0.0,5.04368,0.0,0.0,-14.555068683707182,350.3875926046064,0.0,0.0067640410363415055,0.0067640410363415055,0.0,0.0,0.0,0.0,149401.0,57510.0,6.6934e-06,0.752431,0.171404,0.0761575,0.000973213,0.999027,0.589766,0.0,100041000.0,867654.0,121.33,1003.01,8.26686,98094.9,810937.0,808.5,544.113,5.61743,1673.97,4.71134
normalized-minisat85_4_27_8.opb,7310.0,7569.0,7310.0,1.0,260632493.0,260632493.0,-3.0,1e+20,0.0,9779.0,5.000927,1.3377564979480163,1.0,6983272.146032832,13742265.219490837,0.9767441860465116,0.005813953488372093,0.9825581395348837,9.999999999999998e+98,1.2141680576410807e+83,1e+99,3.6609855991544458,21851.0,14620.0,0.0,0.657407,0.163379,0.179214,0.132341,0.867659,0.615523,0.994083,86282900.0,267817.0,171.869,1750.05,10.1824,25178.9,256382.0,146.5,0.0680272,1.65986,2911950.0,4.91749
normalized-50-750-false-45-90-4-7000opt.opb,1402.0,23527.0,1402.0,1.0,-26.0,-26.0,-248.0,8.538461538461538,0.0,7790.0,5.001022,5.556348074179743,4.0,-0.17135802469135802,0.7004544434678646,0.0,0.06666666666666667,0.06666666666666667,0.0,0.0,0.0,2.1427416265906287,29069.0,2025.0,0.0,0.0402491,0.959751,0.0,0.00156663,0.998433,0.32636,0.0,56567500.0,-39889.9,3.05009,1.27195,0.41702,50950.3,21247.3,16704.5,14014.7,62.8945,2.2952,4.83901
normalized-j12027_9.std.opb,53894.0,118345.0,0.0,0.0,1e+20,1e+20,-1e+20,1e+20,0.0,0.0,5.014255,0.0,0.0,0.6198347107438017,11.126066629782756,0.004118503061420609,0.0,0.004118503061420609,0.0,0.0,0.0,0.0,245198.0,72842.0,0.00321781,0.84612,0.145768,0.004894,0.000503737,0.999496,0.409348,1.0,112411000.0,-179165.0,79.156,-133.697,-1.68903,166821.0,-281766.0,2107.5,1984.64,11.7234,83.9106,4.638
normalized-BA_RDC4.dot_unif_50null20mast_rapportOE2.0_TMAX120_K67_cod2_pbEq1_newVersion_ladder.opb,67245.0,67561.0,0.0,0.0,1e+20,1e+20,-1e+20,1e+20,0.0,0.0,5.00819,0.0,0.0,-2.062615282457392,41.866961530036775,0.0,0.0029881212955903693,0.0029881212955903693,0.0,0.0,0.0,0.0,201868.0,81322.0,4.95373e-06,0.622204,0.324167,0.0536242,0.00048167,0.999518,0.503992,0.0,118401000.0,1314550.0,188.91,2894.05,15.3197,84064.9,1287850.0,445.0,90.5791,3.7486,14016.1,4.64366
normalized-evencolouring_opt_unit_random6regular_nvert_751.opb,3004.0,751.0,3004.0,1.0,1.0,1.0,0.0,1e+20,0.0,17720.0,5.000605,5.898801597869507,3.0,0.25,0.4330127018922193,0.25,0.0,0.25,1e+99,0.0,1e+99,0.030223390275952694,751.0,3004.0,0.0,0.0,0.0,1.0,0.125,0.875,1.0,1.0,93604000.0,60960.0,6.73881,1.21035,0.179609,48010.7,8623.16,7124.5,3038.0,31.8402,-35.9605,4.88524
normalized-BA_RDC4.dot_luby_20null50mast_rapportOE2.0_TMAX120_K67_cod2_pbEq1_newVersion_sequential.opb,72824.0,145712.0,0.0,0.0,1e+20,1e+20,-1e+20,1e+20,0.0,0.0,5.053533,0.0,0.0,-0.7701114089668233,13.97423436890114,0.0,0.004783453432035611,0.004783453432035611,0.0,0.0,0.0,0.0,161483.0,81322.0,6.1926e-06,0.770954,0.15858,0.0704594,0.000917732,0.999082,0.504753,0.0,105457000.0,-1709010.0,165.153,-2933.33,-17.7613,98183.3,-1743860.0,594.5,130.892,4.39496,12397.5,4.69547
normalized-cardqp_inlp.lin.opb,1275.0,1229.0,1275.0,1.0,893716128672.0,893716128672.0,100559031741.5,7.887477466662696,0.0,2056.0,5.000367,1.6125490196078431,36.0,20075853805.826668,7785609997.654883,1.0,0.0,1.0,1e+99,0.0,1e+99,-0.14125650260104042,2451.0,1275.0,0.0,0.0,0.999592,0.000407997,0.146974,0.853026,0.503378,1.0,122388000.0,75934.8,9.60974,8.68397,0.903663,38645.6,34922.6,4021.5,3820.92,19.6489,-61.8888,4.51744
normalized-BA_RDC4.dot_unif_10null20mast_rapportOE2.0_TMAX180_K67_cod2_pbEq1_newVersion_binary.opb,43616.0,288563.0,0.0,0.0,1e+20,1e+20,-1e+20,1e+20,0.0,0.0,5.036108,0.0,0.0,-5.945613604409829,68.35834099345384,0.0,0.009774822022361579,0.009774822022361579,0.0,0.0,0.0,0.0,297596.0,44809.0,3.36026e-06,0.875714,0.0860495,0.038233,0.000629178,0.999371,0.385501,0.0,100426000.0,-1330350.0,273.905,-2903.8,-10.6015,135309.0,-1434480.0,494.0,196.07,3.97776,9112.51,4.61477
normalized-BA_RDC4.dot_fibo_0null50mast_rapportOE1.0_TMAX180_K67_cod2_pbEq1_newVersion.opb,36668.0,36737.0,0.0,0.0,1e+20,1e+20,-1e+20,1e+20,0.0,0.0,5.033913,0.0,0.0,-69.9102279111806,852.9973486523642,0.0,0.011871900725505044,0.011871900725505044,0.0,0.0,0.0,0.0,40882.0,40937.0,2.44606e-05,0.0952742,0.626388,0.278313,0.00265914,0.997341,0.729932,0.0,94237000.0,-680828.0,68.1238,-534.474,-7.84563,94760.2,-743453.0,1391.0,649.93,8.73662,1064.29,4.80008
normalized-j9025_10.std.opb,40926.0,90090.0,0.0,0.0,1e+20,1e+20,-1e+20,1e+20,0.0,0.0,5.013276,0.0,0.0,0.8241758241758241,12.823050507610667,0.0054762513234274035,0.0,0.0054762513234274035,0.0,0.0,0.0,0.0,184407.0,54782.0,0.00320487,0.84442,0.145868,0.00650735,0.000632482,0.999368,0.385967,1.0,110813000.0,-175472.0,43.7603,27.856,0.636558,203376.0,129461.0,4647.5,4276.02,21.7758,-39.9398,4.68
normalized-matrix_5x3_7.opb,11740.0,11759.0,11740.0,1.0,26.0,26.0,9.5,1.736842105263158,0.0,1219.0,5.003825,0.10383304940374787,3.0,0.07367607267104755,0.2612430075366957,0.07367607267104755,0.0,0.07367607267104755,0.0,0.0,0.0,-0.5278208135983357,47889.0,12935.0,0.000104408,0.749922,0.231494,0.0184802,0.00780597,0.992194,0.50537,1.0,87081800.0,387181.0,18.011,318.4,17.678,21172.0,374279.0,1175.5,614.635,7.72832,-1249.21,4.87881
normalized-NG.dot_fibo_0null0mast_rapportOE2.0_TMAX120_K192_cod1.opb,399113.0,400786.0,0.0,0.0,1e+20,1e+20,-1e+20,1e+20,0.0,0.0,5.177937,0.0,0.0,-737.189086799979,1618.8771951487033,0.0,0.8532746365064531,0.8532746365064531,0.0,0.0,0.0,0.0,400980.0,399113.0,0.0,0.0609706,0.331051,0.607978,0.127336,0.872664,0.48797,0.0,134218000.0,446683.0,61439.7,14894.4,0.242422,368638.0,89366.2,6.0,0.0,1.0,0.0,4.31377
normalized-BA_RDC4.dot_fibo_50null0mast_rapportOE2.0_TMAX120_K67_cod1.opb,21739.0,22047.0,0.0,0.0,1e+20,1e+20,-1e+20,1e+20,0.0,0.0,5.012458,0.0,0.0,-345.52307730340414,1180.9800162362126,0.0,0.39647969147857903,0.39647969147857903,0.0,0.0,0.0,0.0,40950.0,40451.0,2.442e-05,0.0951404,0.625348,0.279487,0.0674089,0.932591,0.455087,0.0,105173000.0,-167172.0,49.9447,-156.053,-3.1245,62406.0,-194988.0,1249.5,601.932,8.1096,-1380.34,4.86744
normalized-BA_RDC4.dot_luby_0null20mast_rapportOE2.0_TMAX180_K67_cod2_pbEq1_newVersion_ladder.opb,40856.0,41022.0,0.0,0.0,1e+20,1e+20,-1e+20,1e+20,0.0,0.0,5.034695,0.0,0.0,-0.3233319396965151,8.863349645926117,0.0,0.005976242591180739,0.005976242591180739,0.0,0.0,0.0,0.0,201868.0,81322.0,4.95373e-06,0.622204,0.324167,0.0536242,0.000962876,0.999037,0.503992,0.0,122080000.0,853548.0,255.148,1692.64,6.63395,121195.0,804005.0,475.0,238.835,3.8959,7212.16,4.69604
normalized-BA_RDC4.dot_unif_10null0mast_rapportOE2.0_TMAX120_K67_cod2.opb,33805.0,33874.0,0.0,0.0,1e+20,1e+20,-1e+20,1e+20,0.0,0.0,5.229744,0.0,0.0,-5.361042577619268,59.52458149046278,0.0,0.010699367320516892,0.010699367320516892,0.0,0.0,0.0,0.0,41436.0,40937.0,2.41336e-05,0.0940245,0.618013,0.287938,0.00195836,0.998042,0.598238,0.0,71282100.0,189432.0,45.497,66.5389,1.46249,85943.9,125692.0,1889.0,925.991,10.7184,76.503,4.85392
normalized-fir02_trarea_ac.opb,363.0,333.0,0.0,0.0,24890.0,24890.0,24890.0,0.0,0.0,82.0,0.031928,0.22589531680440772,5.0,871.5947204968944,801.9113301361307,0.5481366459627329,0.0,0.5481366459627329,0.0,0.0,0.0,0.0,1034.0,644.0,0.00386847,0.713733,0.203095,0.0793037,0.11962,0.88038,0.506543,1.0,84686400.0,-40246.2,-3.79775,-0.139766,0.0368023,-51427.3,-1892.64,13541.5,8449.05,51.9779,-0.999684,4.7854
normalized-BA_RDC4.dot_fibo_0null20mast_rapportOE2.0_TMAX120_K67_cod3.opb,36184.0,36738.0,0.0,0.0,1e+20,1e+20,-1e+20,1e+20,0.0,0.0,5.045687,0.0,0.0,-2266.1881782897826,3988.993223697649,0.0,0.7929593829571581,0.7929593829571581,0.0,0.0,0.0,0.0,40950.0,40451.0,2.442e-05,0.0951404,0.625348,0.279487,0.126304,0.873696,0.455087,0.0,103924000.0,-1329810.0,248.679,-2301.44,-9.25465,158533.0,-1467170.0,637.5,258.94,4.62461,-6487.19,4.70953
normalized-BA_RDC4.dot_fibo_10null10mast_rapportOE2.0_TMAX60_K67_cod2_pbEq1_newVersion_ladder.opb,56272.0,56525.0,0.0,0.0,1e+20,1e+20,-1e+20,1e+20,0.0,0.0,5.003941,0.0,0.0,-10.643183886279235,297.6572465420776,0.0,0.005385996409335727,0.005385996409335727,0.0,0.0,0.0,0.0,201868.0,81322.0,4.95373e-06,0.622204,0.324167,0.0536242,0.000867859,0.999132,0.503992,0.0,99749400.0,1661650.0,79.6041,-2600.7,-32.6704,51105.9,-1669650.0,642.0,137.114,4.64669,6113.5,4.76421
normalized-single-obj-f27-DC2Loss.seq-B-2-combined-irabcde.opb,32.0,5.0,0.0,0.0,721792.0,721792.0,721792.0,0.0,0.0,0.0,0.011306,0.0,1.0,3882.4597156398104,22687.6531996611,0.2037914691943128,0.0,0.2037914691943128,0.0,0.0,0.0,0.0,476.0,211.0,0.0504202,0.659664,0.205882,0.0840336,0.0355666,0.964433,0.488851,1.0,83087200.0,611.381,1.50871,36.2695,24.04,30.9286,743.524,20.5,19.3095,1.0,7.69051,0.000513
normalized-j12056_4.std.opb,54070.0,125534.0,0.0,0.0,1e+20,1e+20,-1e+20,1e+20,0.0,0.0,5.009796,0.0,0.0,0.6198347107438017,11.126066629782756,0.004118503061420609,0.0,0.004118503061420609,0.0,0.0,0.0,0.0,256534.0,72842.0,0.00336408,0.852238,0.13972,0.00467774,0.000434815,0.999565,0.3697,1.0,115615000.0,97230.4,14.8403,34.4078,2.31855,48334.7,112066.0,3257.0,2997.15,17.1734,63.9546,4.75651
normalized-knapPI_4_5000_1000_3_-80877.opb,15000.0,2.0,15000.0,1.0,-80877.0,-80877.0,-80883.95652173914,8.601359767468498e-05,0.0,150.0,5.007904,0.01,96.0,-502.8401333333333,288.59883559937583,0.0,1.0,1.0,0.0,0.0,0.0,3060117.980472765,1.0,15000.0,0.0,0.0,0.0,1.0,0.5,0.5,0.0,0.0,48141700.0,1050870.0,394.134,6101.56,15.4809,64637.9,1000660.0,164.0,7.56839,1.78419,303449.0,4.87641
normalized-maxcut_opt_complete_5-partite_inlv_nvert_72.opb,2556.0,238560.0,0.0,0.0,0.0,0.0,-1e+20,1e+20,0.0,0.0,5.013596,0.0,1.0,-0.8110328638497653,0.39148251251545496,0.0,0.8110328638497653,0.8110328638497653,0.0,0.0,0.0,0.0,238560.0,2556.0,0.0,0.0,1.0,0.0,0.00288818,0.997112,0.5,0.0,74335500.0,-208970.0,38.2985,-128.038,-3.34317,89427.0,-298970.0,2335.0,1507.09,12.8277,-104.525,4.73383
normalized-aries-da_network_500_3__212_366__512.opb,768498.0,2000.0,0.0,0.0,1e+20,1e+20,-1e+20,1e+20,0.0,0.0,5.26632,0.0,0.0,34184.74932660853,20969.404025263026,0.9993519826987188,0.0,0.9993519826987188,0.0,0.0,0.0,0.0,2000.0,768498.0,0.0,0.0,0.0,1.0,0.249959,0.750041,0.666523,1.0,117011000.0,3267990.0,18069.2,33286.3,1.84215,1400360.0,2579690.0,77.5,62.2756,1.35256,6045.0,3.40344
normalized-mps-v2-20-10-pp08a.opb,4600.0,224.0,4600.0,1.0,1e+20,1e+20,4328936.904628991,1e+20,0.0,17064.0,5.014883,3.7095652173913045,0.0,33758805.81287425,137826698.4912074,0.6407185628742516,0.0,0.6407185628742516,1.0000000000000001e+99,1.2141680576410807e+83,1e+99,1936.5272,136.0,5344.0,0.0,0.0,0.0,1.0,0.214429,0.785571,0.42602,1.0,79943600.0,41662.3,-515.351,547.597,-1.06257,-694951.0,738435.0,1348.5,172.462,8.58636,1756.51,3.79865
normalized-BA_RDC4.dot_luby_10null20mast_rapportOE2.0_TMAX300_K67_cod2_pbEq1_newVersion_product.opb,52558.0,135477.0,0.0,0.0,1e+20,1e+20,-1e+20,1e+20,0.0,0.0,5.045681,0.0,0.0,-0.4537471744044514,10.534277596361438,0.0,0.007616066770996349,0.007616066770996349,0.0,0.0,0.0,0.0,149401.0,57510.0,6.6934e-06,0.752431,0.171404,0.0761575,0.00109567,0.998904,0.589766,0.0,105756000.0,-3122270.0,356.249,-13192.7,-37.0323,85499.7,-3166250.0,240.0,53.1102,2.3368,24163.4,4.68921
normalized-m50_100_70_70.r.opb,100.0,50.0,0.0,0.0,2.0,2.0,2.0,0.0,0.0,28.0,0.009054,0.28,2.0,1.0,0.0,1.0,0.0,1.0,0.0,0.0,0.0,0.0,50.0,100.0,0.0,0.0,0.0,1.0,0.0277778,0.972222,1.0,1.0,134218000.0,320.05,31.8842,11.1579,0.34995,302.9,106.0,9.5,1.5,1.0,180.933,0.00138
SMTI_50000_3_0.75_8.opb,214285.0,174471.0,0.0,0.0,1e+20,1e+20,-1e+20,1e+20,0.0,0.0,5.119698,0.0,0.0,0.4,0.48989794855663565,0.4,0.0,0.4,0.0,0.0,0.0,0.0,250001.0,250000.0,0.0155159,0.0508078,0.129619,0.804057,0.073441,0.926559,0.960369,1.0,134218000.0,2730440.0,7781.64,17507.9,2.24989,855980.0,1925860.0,110.0,0.0,1.54751,0.0,3.50774
normalized-BA_RDC4.dot_fibo_10null20mast_rapportOE2.0_TMAX120_K67_cod3.opb,33305.0,33812.0,0.0,0.0,1e+20,1e+20,-1e+20,1e+20,0.0,0.0,5.045487,0.0,0.0,-2128.9703097574843,3975.3926490513763,0.0,0.7146424068626239,0.7146424068626239,0.0,0.0,0.0,0.0,40950.0,40451.0,2.442e-05,0.0951404,0.625348,0.279487,0.115267,0.884733,0.455087,0.0,111765000.0,423103.0,304.453,158.795,0.521575,288317.0,150379.0,947.0,252.917,6.47968,-2762.52,4.57357
normalized-BA_RDC4.dot_unif_0null20mast_rapportOE2.0_TMAX120_K67_cod2_pbEq1_newVersion_product.opb,52558.0,135477.0,0.0,0.0,1e+20,1e+20,-1e+20,1e+20,0.0,0.0,5.041465,0.0,0.0,-5.061484959137541,62.4221807432467,0.0,0.008450704225352112,0.008450704225352112,0.0,0.0,0.0,0.0,149401.0,57510.0,6.6934e-06,0.752431,0.171404,0.0761575,0.0012156,0.998784,0.589766,0.0,99023800.0,374891.0,166.193,522.782,3.14563,101959.0,320727.0,613.5,141.947,4.49267,10791.9,4.65099
normalized-BA_RDC4.dot_luby_20null0mast_rapportOE2.0_TMAX180_K67_cod2_pbEq1_newVersion_ladder-checkpoint.opb,74629.0,74863.0,0.0,0.0,1e+20,1e+20,-1e+20,1e+20,0.0,0.0,5.006269,0.0,0.0,-0.0167728290007624,0.6599185628130954,0.0,0.004783453432035611,0.004783453432035611,0.0,0.0,0.0,0.0,201868.0,81322.0,4.95373e-06,0.622204,0.324167,0.0536242,0.000770845,0.999229,0.503992,0.0,109973000.0,132465.0,52.1017,113.636,2.18105,58093.4,126704.0,1115.0,879.16,7.45226,988.233,4.7737
normalized-BA_RDC4.dot_fibo_0null0mast_rapportOE1.0_TMAX15_K67_cod2_pbEq1_newVersion_sequential.opb,71568.0,143199.0,0.0,0.0,1e+20,1e+20,-1e+20,1e+20,0.0,0.0,5.123787,0.0,0.0,-5.004894124591131,145.15800465455408,0.0,0.005976242591180739,0.005976242591180739,0.0,0.0,0.0,0.0,161483.0,81322.0,6.1926e-06,0.770954,0.15858,0.0704594,0.00114631,0.998854,0.504753,0.0,92104900.0,1213540.0,145.545,2404.75,16.5224,71826.4,1186750.0,493.5,201.921,3.97166,3188.55,4.78409
normalized-hw128-vm90p-opt.opb.negationfix-checkpoint.opb,163002.0,1535.0,0.0,0.0,1e+20,1e+20,-1e+20,1e+20,0.0,0.0,5.029962,0.0,0.0,0.000782472613458529,0.02796176586104169,0.000782472613458529,0.0,0.000782472613458529,0.0,0.0,0.0,0.0,2812.0,163584.0,0.0,0.0,0.0,1.0,0.000196002,0.999804,0.251127,1.0,104252000.0,1178090.0,481.641,894.012,1.85618,434440.0,806398.0,902.0,26.7701,6.23158,20201.0,4.4992
normalized-ped2.G.recomb10-0.01-3.opb,118373.0,878380.0,0.0,0.0,1e+20,1e+20,-1e+20,1e+20,0.0,0.0,5.767863,0.0,0.0,51.20642584130816,164.7034429401724,0.09090822005728463,0.0,0.09090822005728463,0.0,0.0,0.0,0.0,1653993.0,208782.0,0.0419548,0.597804,0.359905,0.000336156,0.00472843,0.995272,0.687016,1.0,129492000.0,1443510.0,10143.7,12726.7,1.25465,715129.0,897235.0,70.5,87.2887,1.29577,1001.81,4.08622
normalized-mps-v2-20-10-testprob.opb,26.0,24.0,0.0,0.0,9663726592.0,9663726592.0,9663726592.0,0.0,0.0,1.0,0.003264,0.038461538461538464,3.0,345131739.1785714,1450646599.2046165,1.0,0.0,1.0,0.0,0.0,0.0,0.0,5.0,56.0,0.0,0.0,0.0,1.0,0.290155,0.709845,0.547445,1.0,134218000.0,32.0,0.0,0.0,8.66667,9.0,78.0,0.0,0.0,1.0,0.0,0.000195
normalized-BA_RDC4.dot_fibo_20null50mast_rapportOE2.0_TMAX180_K67_cod2_pbEq1_newVersion_sequential.opb,72824.0,145712.0,0.0,0.0,1e+20,1e+20,-1e+20,1e+20,0.0,0.0,5.047988,0.0,0.0,-34.558458965593566,604.1305348702087,0.0,0.004783453432035611,0.004783453432035611,0.0,0.0,0.0,0.0,161483.0,81322.0,6.1926e-06,0.770954,0.15858,0.0704594,0.000917732,0.999082,0.504753,0.0,112745000.0,76038.5,57.7519,22.554,0.390533,83538.1,32624.4,1446.5,1293.06,8.95128,-514.576,4.75904
normalized-NG.dot_fibo_0null20mast_rapportOE2.0_TMAX15_K192_cod1.opb,399113.0,400786.0,0.0,0.0,1e+20,1e+20,-1e+20,1e+20,0.0,0.0,5.214926,0.0,0.0,-2448.8388651835444,4101.317646100888,0.0,0.8532746365064531,0.8532746365064531,0.0,0.0,0.0,0.0,400980.0,399113.0,0.0,0.0609706,0.331051,0.607978,0.127336,0.872664,0.48797,0.0,134218000.0,814912.0,369031.0,718146.0,1.94603,369031.0,718146.0,1.0,0.0,1.0,0.0,4.34971
normalized-ped3.F.recomb10-0.20-14.opb,30690.0,276274.0,0.0,0.0,1e+20,1e+20,-1e+20,1e+20,0.0,0.0,5.300419,0.0,0.0,22.458880875687694,84.57203694426902,0.07069353781249109,0.0,0.07069353781249109,0.0,0.0,0.0,0.0,821707.0,70162.0,0.0192137,0.502979,0.477399,0.000408905,0.00238232,0.997618,0.682473,1.0,85531300.0,547452.0,360.794,-5.89333,-0.0163343,605052.0,-9883.11,1677.0,1261.32,9.77317,481.388,4.09527
normalized-BA_RDC4.dot_fibo_10null50mast_rapportOE1.0_TMAX120_K67_cod2_pbEq1_newVersion_product.opb,52558.0,135477.0,0.0,0.0,1e+20,1e+20,-1e+20,1e+20,0.0,0.0,5.055541,0.0,0.0,-49.355712050078246,719.1949633746012,0.0,0.007616066770996349,0.007616066770996349,0.0,0.0,0.0,0.0,149401.0,57510.0,6.6934e-06,0.752431,0.171404,0.0761575,0.00109567,0.998904,0.589766,0.0,100813000.0,605517.0,177.422,984.874,5.55101,99356.6,551530.0,560.0,252.639,4.23461,4431.09,4.74991
normalized-randa13f2d.cudf.paranoid.opb,60.0,106.0,0.0,0.0,2477.0,2477.0,2477.0,0.0,0.0,7.0,0.391575,0.11666666666666667,3.0,347.4517556801416,769.8496579386679,0.47182059604603127,0.0,0.47182059604603127,0.0,0.0,0.0,0.0,21440.0,6778.0,0.000419776,0.817257,0.176353,0.00597015,0.0618497,0.93815,0.486167,1.0,115674000.0,144844.0,173.32,813.655,4.69453,26258.0,123269.0,151.5,140.102,1.68421,70.6549,0.114176
normalized-BA_RDC4.dot_fibo_0null20mast_rapportOE1.0_TMAX15_K67_cod2_pbEq1_newVersion_ladder.opb,40090.0,40261.0,0.0,0.0,1e+20,1e+20,-1e+20,1e+20,0.0,0.0,5.091346,0.0,0.0,-17.445328447406606,401.6427448754462,0.0,0.005976242591180739,0.005976242591180739,0.0,0.0,0.0,0.0,201868.0,81322.0,4.95373e-06,0.622204,0.324167,0.0536242,0.000962876,0.999037,0.503992,0.0,100663000.0,1917760.0,119.624,3967.41,33.1656,57838.2,1918240.0,483.5,140.192,3.93182,7621.74,4.76657
normalized-BA_RDC4.dot_fibo_0null10mast_rapportOE2.0_TMAX300_K67_cod2_pbEq1_newVersion_binary.opb,43616.0,288563.0,0.0,0.0,1e+20,1e+20,-1e+20,1e+20,0.0,0.0,5.058282,0.0,0.0,-20.327590439420653,403.63626925822246,0.0,0.010846035394675177,0.010846035394675177,0.0,0.0,0.0,0.0,297596.0,44809.0,3.36026e-06,0.875714,0.0860495,0.038233,0.000698081,0.999302,0.385501,0.0,104829000.0,331528.0,105.093,206.897,1.96871,123536.0,243208.0,1175.5,1026.72,7.77338,683.046,4.61719
SMTI_25000_3_0.75_8.opb,96028.0,84489.0,0.0,0.0,1e+20,1e+20,-1e+20,1e+20,0.0,0.0,5.003275,0.0,0.0,0.4,0.4898979485566357,0.4,0.0,0.4,0.0,0.0,0.0,0.0,125001.0,125000.0,0.0149599,0.0512476,0.129391,0.804402,0.0735506,0.926449,0.960305,1.0,134218000.0,3900570.0,5827.38,15967.5,2.74008,1054760.0,2890110.0,181.0,3.90083,1.89807,107.165,3.24635
normalized-BA_RDC4.dot_luby_50null10mast_rapportOE2.0_TMAX120_K67_cod1.opb,21735.0,22065.0,0.0,0.0,1e+20,1e+20,-1e+20,1e+20,0.0,0.0,5.00414,0.0,0.0,-21.039529307062868,68.5890810214511,0.0,0.39647969147857903,0.39647969147857903,0.0,0.0,0.0,0.0,40950.0,40451.0,2.442e-05,0.0951404,0.625348,0.279487,0.0674089,0.932591,0.455087,0.0,72509000.0,-170671.0,85.945,133.851,1.55741,238669.0,371705.0,2777.0,1441.63,15.0578,16.6013,4.7312
normalized-m100n500k4r1.opb,500.0,100.0,500.0,1.0,-23.0,-23.0,-24.99999999999998,0.0869565217391295,1.0,6712.0,5.000567,13.424,362.0,-1.0,0.0,0.0,1.0,1.0,0.0,0.0,0.0,10.290279157137304,100.0,500.0,0.0,0.0,0.0,1.0,0.2,0.8,0.0,0.0,57647100.0,-8616.15,4.25796,-6.51582,-1.53027,27721.5,-42421.2,6510.5,2059.17,29.257,17.4986,4.90886
normalized-j6041_8.std.opb,26703.0,63757.0,0.0,0.0,1e+20,1e+20,-1e+20,1e+20,0.0,0.0,5.094401,0.0,0.0,1.2295081967213115,15.646078901885646,0.008169489679211371,0.0,0.008169489679211371,0.0,0.0,0.0,0.0,129077.0,36722.0,0.00333909,0.847851,0.139514,0.00929678,0.000914827,0.999085,0.389743,1.0,103077000.0,-4769.29,19.6432,-14.9239,-0.759747,101585.0,-77178.9,5171.5,4974.75,23.8581,2.0349,4.78187
normalized-injcomp_opt_4layers_maxfirst_lastlayerdiv2_size_23.opb,1610.0,1484.0,1610.0,1.0,-6.0,-6.0,-23.0,2.8333333333333335,0.0,11264.0,5.000264,6.9962732919254655,13.0,-0.24731182795698925,0.43144951930621245,0.0,0.24731182795698925,0.24731182795698925,0.0,0.0,0.0,1.124374553252323,931.0,2139.0,0.0,0.0,0.839957,0.160043,0.0864662,0.913534,0.288066,0.0,61082900.0,-125138.0,16.3244,4.29868,0.263328,122433.0,32240.1,7500.0,3991.86,33.2848,-7.56718,4.76528
normalized-NG.dot_unif_0null50mast_rapportOE1.0_TMAX300_K192_cod2.opb,400896.0,400786.0,0.0,0.0,1e+20,1e+20,-1e+20,1e+20,0.0,0.0,5.279812,0.0,0.0,-3.3100180595466155,54.16656881819262,0.0,0.00444753751596424,0.00444753751596424,0.0,0.0,0.0,0.0,402763.0,400896.0,0.0,0.0607007,0.329586,0.609713,0.000761731,0.999238,0.63328,0.0,134218000.0,799758.0,738708.0,1660560.0,2.24793,369354.0,830282.0,0.5,0.0,1.0,0.0,4.45717
normalized-NG.dot_unif_20null10mast_rapportOE2.0_TMAX300_K192_cod2.opb,400896.0,400786.0,0.0,0.0,1e+20,1e+20,-1e+20,1e+20,0.0,0.0,5.367041,0.0,0.0,-2.011833492975734,38.59728680135813,0.0,0.0035595266602809704,0.0035595266602809704,0.0,0.0,0.0,0.0,402763.0,400896.0,0.0,0.0607007,0.329586,0.609713,0.000609734,0.99939,0.63328,0.0,120452000.0,4167790.0,20439.6,215463.0,10.5415,388352.0,4093800.0,19.0,7.30769,1.0,55978.4,4.41498
normalized-fir08_trarea_ac.opb,12734.0,1634.0,0.0,0.0,70311.0,70311.0,70311.0,0.0,0.0,1100.0,2.9692790000000002,0.08638291188942987,7.0,871.0171546391753,889.6445880611781,0.49703092783505154,0.0,0.49703092783505154,0.0,0.0,0.0,0.0,51198.0,24250.0,5.8596e-05,0.761436,0.122485,0.11602,0.0846995,0.9153,0.479539,1.0,111338000.0,-1280360.0,267.988,-2768.11,-10.3292,135066.0,-1395130.0,504.0,192.168,4.01288,-5996.01,4.73477
normalized-BA_RDC4.dot_luby_50null20mast_rapportOE1.0_TMAX60_K67_cod2_pbEq1_newVersion_ladder.opb,69546.0,69848.0,0.0,0.0,1e+20,1e+20,-1e+20,1e+20,0.0,0.0,5.017602,0.0,0.0,-0.3105924596050269,8.8403551062753,0.0,0.0029881212955903693,0.0029881212955903693,0.0,0.0,0.0,0.0,201868.0,81322.0,4.95373e-06,0.622204,0.324167,0.0536242,0.00048167,0.999518,0.503992,0.0,96754300.0,1476460.0,102.608,2286.49,22.2838,65566.3,1461070.0,639.0,214.131,4.62471,5821.18,4.75234
normalized-BA_RDC4.dot_luby_20null10mast_rapportOE1.0_TMAX60_K67_cod2_pbEq1_newVersion.opb,30793.0,30862.0,0.0,0.0,1e+20,1e+20,-1e+20,1e+20,0.0,0.0,5.020764,0.0,0.0,-0.331362825805506,8.811696440998528,0.0,0.009502406136258152,0.009502406136258152,0.0,0.0,0.0,0.0,40882.0,40937.0,2.44606e-05,0.0952742,0.626388,0.278313,0.00212953,0.99787,0.729932,0.0,93556400.0,-439906.0,69.5198,-495.196,-7.12309,65939.5,-469693.0,948.5,265.956,6.5079,-865.944,4.84404
normalized-BA_RDC4.dot_fibo_10null0mast_rapportOE2.0_TMAX120_K67_cod3.opb,33335.0,33842.0,0.0,0.0,1e+20,1e+20,-1e+20,1e+20,0.0,0.0,5.032891,0.0,0.0,-626.2698573582853,1521.9142812864402,0.0,0.7146424068626239,0.7146424068626239,0.0,0.0,0.0,0.0,40950.0,40451.0,2.442e-05,0.0951404,0.625348,0.279487,0.115267,0.884733,0.455087,0.0,132862000.0,-642757.0,126.545,-1245.23,-9.8402,68840.4,-677403.0,544.0,317.365,4.14601,1971.68,4.84024
normalized-f20c10b_025_area_delay.opb,8274.0,92428.0,8274.0,1.0,28.0,28.0,23.96153846153846,0.1685393258426967,0.0,1678.0,5.014027,0.20280396422528402,2.0,0.49206741156861533,0.4999370700806035,0.49206741156861533,0.0,0.49206741156861533,1.0000000000000001e+99,1.2141680576410807e+83,1e+99,2.257331520683628,117024.0,16199.0,1.70905e-05,0.350338,0.591588,0.0580565,0.024023,0.975977,0.140021,1.0,126473000.0,1416830.0,63.0247,2024.54,32.123,43108.9,1384790.0,684.0,102.099,4.8897,11475.6,4.80774
normalized-NG.dot_luby_10null10mast_rapportOE1.0_TMAX120_K192_cod2.opb,400896.0,400786.0,0.0,0.0,1e+20,1e+20,-1e+20,1e+20,0.0,0.0,5.294395,0.0,0.0,-0.4717058788314176,21.608324381138907,0.0,0.004003532088122605,0.004003532088122605,0.0,0.0,0.0,0.0,402763.0,400896.0,0.0,0.0607007,0.329586,0.609713,0.000685739,0.999314,0.63328,0.0,88634400.0,2215640.0,7209.19,42042.0,5.83173,378482.0,2207210.0,52.5,14.4623,1.0566,5631.03,4.38615
normalized-BA_RDC4.dot_fibo_10null20mast_rapportOE1.0_TMAX60_K67_cod2_pbEq1_newVersion_binary.opb,43616.0,288563.0,0.0,0.0,1e+20,1e+20,-1e+20,1e+20,0.0,0.0,5.04629,0.0,0.0,-30.944988729942647,539.1812809158389,0.0,0.009774822022361579,0.009774822022361579,0.0,0.0,0.0,0.0,297596.0,44809.0,3.36026e-06,0.875714,0.0860495,0.038233,0.000629178,0.999371,0.385501,0.0,99486900.0,34058.3,89.8298,32.4671,0.361429,53763.1,19431.6,598.5,213.184,4.40568,5150.66,4.74394
normalized-BA_RDC4.dot_fibo_20null0mast_rapportOE1.0_TMAX60_K67_cod1.opb,30431.0,30888.0,0.0,0.0,1e+20,1e+20,-1e+20,1e+20,0.0,0.0,5.013617,0.0,0.0,-627.0628167412425,1536.4615132797455,0.0,0.6346938270994537,0.6346938270994537,0.0,0.0,0.0,0.0,40950.0,40451.0,2.442e-05,0.0951404,0.625348,0.279487,0.103709,0.896291,0.455087,0.0,106605000.0,462213.0,181.871,2438.6,13.4084,34828.3,466991.0,191.5,90.6953,1.95833,16702.0,4.89999
normalized-BA_RDC4.dot_luby_10null10mast_rapportOE1.0_TMAX60_K67_cod2_pbEq1_newVersion_binary.opb,43616.0,288563.0,0.0,0.0,1e+20,1e+20,-1e+20,1e+20,0.0,0.0,5.07332,0.0,0.0,-0.30650092615322816,8.422196592350861,0.0,0.009774822022361579,0.009774822022361579,0.0,0.0,0.0,0.0,297596.0,44809.0,3.36026e-06,0.875714,0.0860495,0.038233,0.000629178,0.999371,0.385501,0.0,98235500.0,783973.0,97.3235,1156.43,11.8823,63844.2,758617.0,656.0,186.817,4.73496,7039.31,4.69877
normalized-BA_RDC4.dot_fibo_50null20mast_rapportOE1.0_TMAX120_K67_cod2.opb,22066.0,22135.0,0.0,0.0,1e+20,1e+20,-1e+20,1e+20,0.0,0.0,5.016569,0.0,0.0,-28.71253389354374,542.7895074522628,0.0,0.005935950362752522,0.005935950362752522,0.0,0.0,0.0,0.0,41436.0,40937.0,2.41336e-05,0.0940245,0.618013,0.287938,0.00108743,0.998913,0.598238,0.0,96888200.0,-117135.0,132.6,-216.796,-1.63497,137241.0,-224384.0,1035.0,343.579,7.05746,-2574.31,4.73291
normalized-hw64-vm98p-opt.opb.negationfix.opb,45627.0,841.0,0.0,0.0,1e+20,1e+20,63.0,1e+20,0.0,0.0,23.140144,0.0,0.0,0.001402524544179523,0.03742402262027021,0.001402524544179523,0.0,0.001402524544179523,0.0,0.0,0.0,0.0,1554.0,45632.0,0.0,0.0,0.0,1.0,0.000350508,0.999649,0.251052,1.0,101052000.0,-102396.0,131.693,-176.146,-1.33755,227237.0,-303940.0,1725.5,51.3824,9.98146,529.899,4.7232
normalized-BA_RDC4.dot_fibo_10null50mast_rapportOE2.0_TMAX300_K67_cod2_pbEq1_newVersion_product.opb,52558.0,135477.0,0.0,0.0,1e+20,1e+20,-1e+20,1e+20,0.0,0.0,5.03478,0.0,0.0,-49.14081029386194,717.7107373562146,0.0,0.007616066770996349,0.007616066770996349,0.0,0.0,0.0,0.0,149401.0,57510.0,6.6934e-06,0.752431,0.171404,0.0761575,0.00109567,0.998904,0.589766,0.0,105943000.0,-615049.0,79.4768,-583.923,-7.34708,91636.8,-673263.0,1153.0,1054.91,7.65886,546.865,4.73726
normalized-BA_RDC4.dot_luby_20null10mast_rapportOE1.0_TMAX15_K67_cod2.opb,30798.0,30863.0,0.0,0.0,1e+20,1e+20,-1e+20,1e+20,0.0,0.0,5.06518,0.0,0.0,-0.33011700906270613,8.791714969944548,0.0,0.009502406136258152,0.009502406136258152,0.0,0.0,0.0,0.0,41436.0,40937.0,2.41336e-05,0.0940245,0.618013,0.287938,0.00173965,0.99826,0.598238,0.0,95869800.0,1529890.0,120.239,2393.19,19.9036,74848.9,1489760.0,622.5,158.005,4.54655,5147.37,4.87533
normalized-domset_opt_hexgrid_nrowsdiv30add5_ncols_370.opb,6290.0,6290.0,6290.0,1.0,1624.0,1624.0,0.0,1e+20,0.0,10510.0,5.001348,1.670906200317965,2.0,1.0,0.0,1.0,0.0,1.0,0.0,0.0,0.0,0.0,6290.0,6290.0,0.0,0.0,0.0,1.0,0.2,0.8,1.0,1.0,79008700.0,-317047.0,111.172,-280.098,-2.51949,207781.0,-523503.0,1869.0,331.735,9.7831,-1225.94,4.67778
normalized-BA_RDC4.dot_unif_10null50mast_rapportOE2.0_TMAX180_K67_cod2_pbEq1_newVersion_product.opb,52558.0,135477.0,0.0,0.0,1e+20,1e+20,-1e+20,1e+20,0.0,0.0,5.053721,0.0,0.0,-5.938184663536776,73.09179804543156,0.0,0.007616066770996349,0.007616066770996349,0.0,0.0,0.0,0.0,149401.0,57510.0,6.6934e-06,0.752431,0.171404,0.0761575,0.00109567,0.998904,0.589766,0.0,98678400.0,1449300.0,705.562,3458.02,4.90109,250122.0,1225870.0,354.5,70.5944,3.1831,16623.2,4.48898
normalized-BA_RDC4.dot_fibo_0null20mast_rapportOE2.0_TMAX180_K67_cod2_pbEq1_newVersion.opb,36668.0,36737.0,0.0,0.0,1e+20,1e+20,-1e+20,1e+20,0.0,0.0,5.023407,0.0,0.0,-33.23914795905904,558.6458332708117,0.0,0.011871900725505044,0.011871900725505044,0.0,0.0,0.0,0.0,40882.0,40937.0,2.44606e-05,0.0952742,0.626388,0.278313,0.00265914,0.997341,0.729932,0.0,93153000.0,966508.0,127.061,833.738,6.56172,132207.0,867504.0,1040.5,374.364,7.04995,-2393.52,4.77196
normalized-BA_RDC4.dot_luby_50null20mast_rapportOE1.0_TMAX300_K67_cod2_pbEq1_newVersion_product.opb,52202.0,134415.0,0.0,0.0,1e+20,1e+20,-1e+20,1e+20,0.0,0.0,5.196067,0.0,0.0,-0.4410015649452269,10.511408643608334,0.0,0.004225352112676056,0.004225352112676056,0.0,0.0,0.0,0.0,149401.0,57510.0,6.6934e-06,0.752431,0.171404,0.0761575,0.000608167,0.999392,0.589766,0.0,130437000.0,-101238.0,164.014,-301.755,-1.83981,81433.0,-149821.0,496.5,70.9698,3.98793,23131.8,4.74041
normalized-vertexcover_opt_grid_oddrowoddcolsquare_dim_161.opb,25921.0,51842.0,25921.0,1.0,13120.0,13120.0,0.0,1e+20,0.0,0.0,5.011226,0.0,2.0,1.0,0.0,1.0,0.0,1.0,0.0,0.0,0.0,2.0,51842.0,25921.0,0.0,1.0,0.0,0.0,0.2,0.8,1.0,1.0,0.0,0.0,0.0,0.0,0.0,0.0,0.0,0.0,0.0,0.0,0.0,4.89145
normalized-BA_RDC4.dot_unif_50null20mast_rapportOE1.0_TMAX15_K67_cod2.opb,21976.0,22041.0,0.0,0.0,1e+20,1e+20,-1e+20,1e+20,0.0,0.0,5.05795,0.0,0.0,-4.169455504800059,59.73314407464391,0.0,0.005935950362752522,0.005935950362752522,0.0,0.0,0.0,0.0,41436.0,40937.0,2.41336e-05,0.0940245,0.618013,0.287938,0.00108743,0.998913,0.598238,0.0,91952300.0,550925.0,104.173,677.721,6.50573,77192.1,502191.0,741.0,247.402,5.21443,5107.29,4.85179
normalized-NG.dot_luby_0null20mast_rapportOE1.0_TMAX120_K192_cod1.opb,399113.0,400786.0,0.0,0.0,1e+20,1e+20,-1e+20,1e+20,0.0,0.0,5.174503,0.0,0.0,-177.23322968683055,383.87681549234236,0.0,0.8532746365064531,0.8532746365064531,0.0,0.0,0.0,0.0,400980.0,399113.0,0.0,0.0609706,0.331051,0.607978,0.127336,0.872664,0.48797,0.0,134218000.0,501266.0,21064.6,8235.86,0.390982,368630.0,144128.0,17.5,0.0,1.0,0.0,4.32698
normalized-mps-v2-20-10-nsrand_ipx.opb,3818.0,538.0,3818.0,1.0,1214970880.0,1214970880.0,1124830462.6871796,0.08013689200546562,0.0,675.0,5.01325,0.17679413305395494,3.0,322881.31814764696,15199447.29535488,0.0046609532401142685,0.0,0.0046609532401142685,0.0,0.0,0.0,1597.145728643216,721.0,6651.0,0.0,0.0,0.0,1.0,0.000141681,0.999858,0.93948,1.0,84683300.0,-2057800.0,993.544,4966.24,4.99851,449082.0,2244740.0,452.0,6.24751,3.79006,354320.0,4.46066
normalized-s4-4-3-2pb.opb,540.0,1697.0,0.0,0.0,64.0,64.0,64.0,0.0,0.0,717.0,0.247189,1.3277777777777777,1.0,1.0,0.0,1.0,0.0,1.0,0.0,0.0,0.0,0.0,1952.0,648.0,0.0,0.193648,0.597336,0.209016,0.0914479,0.908552,0.406027,1.0,92057900.0,101893.0,3.86086,96.7792,25.0667,3882.1,97311.5,1005.5,440.92,6.85288,117.429,0.169869
normalized-NG.dot_fibo_10null10mast_rapportOE1.0_TMAX180_K192_cod2.opb,400896.0,400786.0,0.0,0.0,1e+20,1e+20,-1e+20,1e+20,0.0,0.0,5.485815,0.0,0.0,-7.845827845625799,255.45613802972179,0.0,0.004003532088122605,0.004003532088122605,0.0,0.0,0.0,0.0,402763.0,400896.0,0.0,0.0607007,0.329586,0.609713,0.000685739,0.999314,0.63328,0.0,134218000.0,1408740.0,123781.0,431617.0,3.48693,371344.0,1294850.0,3.0,1.42857,1.0,29298.9,4.47187
normalized-BA_RDC4.dot_luby_20null20mast_rapportOE2.0_TMAX300_K67_cod2_pbEq1_newVersion_ladder.opb,55156.0,55351.0,0.0,0.0,1e+20,1e+20,-1e+20,1e+20,0.0,0.0,5.356553,0.0,0.0,-0.3172081355598731,8.844639859836246,0.0,0.004783453432035611,0.004783453432035611,0.0,0.0,0.0,0.0,201868.0,81322.0,4.95373e-06,0.622204,0.324167,0.0536242,0.000770845,0.999229,0.503992,0.0,111558000.0,-4400960.0,416.667,-23080.9,-55.3942,80000.0,-4431540.0,192.0,52.3377,1.96104,18787.3,4.71737
normalized-BA_RDC4.dot_unif_0null20mast_rapportOE2.0_TMAX300_K67_cod2.opb,36668.0,36737.0,0.0,0.0,1e+20,1e+20,-1e+20,1e+20,0.0,0.0,5.018245,0.0,0.0,-6.96167281432445,73.03015971216935,0.0,0.011871900725505044,0.011871900725505044,0.0,0.0,0.0,0.0,41436.0,40937.0,2.41336e-05,0.0940245,0.618013,0.287938,0.0021725,0.997827,0.598238,0.0,81847700.0,865561.0,284.126,1791.01,6.30356,121464.0,765656.0,427.5,93.9544,3.66005,14430.0,4.8311
normalized-toll-like.opb,2866.0,4636.0,2866.0,1.0,690.0,690.0,277.3186519781723,1.4881124838812134,0.0,23141.0,5.001498,8.074319609211445,7.0,0.7644814429413805,0.4243224791825732,0.7644814429413805,0.0,0.7644814429413805,0.0,0.0,0.0,0.8133145473758365,4408.0,2883.0,0.0,0.0,1.0,0.0,0.142857,0.857143,0.666667,1.0,60043600.0,-10645.3,29.0195,-31.542,-1.08692,167022.0,-181540.0,5755.5,3167.22,26.1249,-1.57828,4.60925
normalized-single-obj-f11-DCTotalLoss.seq-B-3-combined-irEDCBA.opb,5050.0,11279.0,5050.0,1.0,1e+20,1e+20,178633389207.16077,1e+20,0.0,7346.0,5.005609,1.4546534653465346,0.0,10133039.609297652,74238188.62650672,0.018498529794915695,0.006699668738601258,0.025198198533516954,1.0000000000000001e+99,1.2141680576410807e+83,1e+99,0.006606488749345892,105218.0,26867.0,0.0120702,0.693028,0.133703,0.161199,0.0025636,0.997436,0.456013,0.734121,75853800.0,158697.0,7.01994,22.0951,3.14748,41396.6,130295.0,5897.0,4386.25,26.6554,14.3208,4.86637
normalized-BA_RDC4.dot_unif_0null20mast_rapportOE1.0_TMAX180_K67_cod2_pbEq1_newVersion_sequential.opb,72824.0,145712.0,0.0,0.0,1e+20,1e+20,-1e+20,1e+20,0.0,0.0,5.043534,0.0,0.0,-3.686960478099407,53.52328867645473,0.0,0.005976242591180739,0.005976242591180739,0.0,0.0,0.0,0.0,161483.0,81322.0,6.1926e-06,0.770954,0.15858,0.0704594,0.00114631,0.998854,0.504753,0.0,86420800.0,33728.9,97.3454,-22.0653,-0.22667,94668.4,-21458.5,972.5,560.633,6.66598,1677.79,4.74543
normalized-clique-coloring-max-clique-n=14-t=13.opb,483.0,17798.0,483.0,1.0,13.0,13.0,0.0,1e+20,0.0,1615.0,5.004611,3.3436853002070395,2.0,0.028985507246376812,0.1677657522143511,0.028985507246376812,0.0,0.028985507246376812,0.0,0.0,0.0,2.0577376276512176,17787.0,483.0,0.0,0.0,0.997639,0.00236128,0.000260044,0.99974,0.314995,1.0,65149300.0,-23350.5,4.68978,8.0762,1.72208,-7829.24,-13482.6,-1669.42,-3094.3,143.875,-1.67739,4.6689
normalized-clique-coloring-max-clique-n=23-t=2.opb,828.0,128584.0,828.0,1.0,21.0,21.0,0.0,1e+20,0.0,1453.0,5.003773,1.7548309178743962,2.0,0.02702702702702703,0.16216216216216223,0.02702702702702703,0.0,0.02702702702702703,0.0,0.0,0.0,1.9992844364937388,128593.0,851.0,0.0,0.000178859,0.999463,0.000357718,5.94742e-05,0.999941,0.3326,1.0,95416700.0,9635.53,-1.19128,0.530188,-0.445059,-35061.0,15604.2,29431.5,28608.1,97.8234,-0.594097,4.35346
normalized-BA_RDC4.dot_unif_20null10mast_rapportOE2.0_TMAX180_K67_cod2_pbEq1_newVersion_binary.opb,43616.0,288563.0,0.0,0.0,1e+20,1e+20,-1e+20,1e+20,0.0,0.0,5.068854,0.0,0.0,-5.169519516168627,62.34369807544343,0.0,0.008681291704791448,0.008681291704791448,0.0,0.0,0.0,0.0,297596.0,44809.0,3.36026e-06,0.875714,0.0860495,0.038233,0.00055883,0.999441,0.385501,0.0,86592100.0,1227360.0,161.765,1420.78,8.78301,127794.0,1122420.0,790.0,371.141,5.4883,-3599.92,4.61367
normalized-single-obj-f58-fob_fxl_loss.seq-B-3-2-irEDCBA.opb,27712.0,53493.0,0.0,0.0,1e+20,1e+20,-1e+20,1e+20,0.0,0.0,8.88796,0.0,0.0,2505084.429184952,31392041.621850383,0.006358604442683957,0.0019284292162238229,0.00828703365890778,0.0,0.0,0.0,0.0,291294.0,95933.0,0.000267771,0.743119,0.132258,0.124355,0.00101607,0.998984,0.521437,0.767296,45370300.0,976282.0,27.8815,907.032,32.5317,29638.0,964175.0,1063.0,248.839,7.19746,2221.24,4.69861
normalized-clique-coloring-max-clique-n=24-t=2.opb,900.0,152968.0,900.0,1.0,22.0,22.0,0.0,1e+20,0.0,1543.0,5.004948,1.7144444444444444,2.0,0.025974025974025976,0.15905777550540118,0.025974025974025976,0.0,0.025974025974025976,0.0,0.0,0.0,1.999372352110466,152976.0,924.0,0.0,0.000156887,0.999529,0.000313775,5.21785e-05,0.999948,0.332655,1.0,105941000.0,25523.2,-1.35888,1.39719,-1.02819,-33880.9,34836.1,24933.0,24241.6,85.0893,0.993964,4.33408
normalized-BA_RDC4.dot_unif_50null10mast_rapportOE2.0_TMAX15_K67_cod2_pbEq1_newVersion_ladder.opb,67459.0,67798.0,0.0,0.0,1e+20,1e+20,-1e+20,1e+20,0.0,0.0,5.014497,0.0,0.0,-1.867957010403089,38.458670424725156,0.0,0.0029881212955903693,0.0029881212955903693,0.0,0.0,0.0,0.0,201868.0,81322.0,4.95373e-06,0.622204,0.324167,0.0536242,0.00048167,0.999518,0.503992,0.0,103599000.0,350467.0,117.472,719.667,6.12629,56327.8,345080.0,479.5,78.7604,3.91667,6766.83,4.76248
normalized-BA_RDC4.dot_fibo_50null20mast_rapportOE2.0_TMAX60_K67_cod2_pbEq1_newVersion_product.opb,52341.0,134829.0,0.0,0.0,1e+20,1e+20,-1e+20,1e+20,0.0,0.0,5.039056,0.0,0.0,-21.10057381324987,461.9260653692534,0.0,0.004225352112676056,0.004225352112676056,0.0,0.0,0.0,0.0,149401.0,57510.0,6.6934e-06,0.752431,0.171404,0.0761575,0.000608167,0.999392,0.589766,0.0,102295000.0,-793030.0,102.604,-1104.85,-10.7681,76953.1,-828639.0,750.0,202.189,5.2545,-5371.61,4.76178
Init-x1-i4_pp_80_merged.opb,112269.0,110989.0,0.0,0.0,1e+20,1e+20,-1e+20,1e+20,0.0,0.0,5.076947,0.0,0.0,0.012709477538374876,0.11201761789592037,0.012709477538374876,0.0,0.012709477538374876,0.0,0.0,0.0,0.0,113617.0,113616.0,1.7603e-05,0.864686,0.0272935,0.108003,0.00234006,0.99766,0.975211,1.0,131673000.0,-593452.0,303.276,-1976.73,-6.51793,95835.1,-624646.0,316.0,86.5371,2.94313,727.757,1.72554
normalized-BA_RDC4.dot_fibo_20null0mast_rapportOE2.0_TMAX120_K67_cod2_pbEq1_newVersion_ladder.opb,54750.0,54925.0,0.0,0.0,1e+20,1e+20,-1e+20,1e+20,0.0,0.0,5.320055,0.0,0.0,-4.08891812793586,125.87747381138392,0.0,0.004783453432035611,0.004783453432035611,0.0,0.0,0.0,0.0,201868.0,81322.0,4.95373e-06,0.622204,0.324167,0.0536242,0.000770845,0.999229,0.503992,0.0,107749000.0,89918.2,102.874,169.779,1.65037,55243.1,91171.4,537.0,145.729,4.13953,6929.84,4.74831
normalized-wnq_n100_mw99_0.opb.PB06.opb,10000.0,656900.0,0.0,0.0,1e+20,1e+20,-1e+20,1e+20,0.0,0.0,5.197715,0.0,0.0,49.5293,28.91796572219422,1.0,0.0,1.0,0.0,0.0,0.0,0.0,656900.0,10000.0,0.0,0.999696,0.0,0.00030446,0.0074438,0.992556,0.0149993,1.0,121980000.0,280842.0,91.2791,342.327,3.75034,61020.1,228846.0,668.5,595.223,4.78849,1237.37,4.33259
normalized-factor-sizeN=20-sizeP=11-sizeQ=20-900543-max.opb,78.0,340.0,0.0,0.0,-1281.0,-1281.0,-1281.0,0.0,0.0,4909.0,1.092826,62.93589743589744,5.0,-8.155378486055778,74.18634178691707,0.0,0.043824701195219126,0.043824701195219126,3.3803197782510226e-05,0.00025295996935901984,0.0,0.0,661.0,251.0,0.0,0.665658,0.332829,0.00151286,0.00621118,0.993789,0.5,0.0,93260600.0,18199.5,6.21376,69.0607,11.1142,1503.73,16712.7,242.0,52.6557,2.35052,310.062,0.083096
normalized-sporttournament08.lin.opb,76.0,48.0,0.0,0.0,-12.0,-12.0,-12.0,0.0,0.0,208.0,0.092669,2.736842105263158,6.0,0.0,0.9733285267845752,0.4342105263157895,0.39473684210526316,0.8289473684210527,0.0,0.0,0.0,0.0,96.0,76.0,0.0,0.0,1.0,0.0,0.179487,0.820513,0.5,0.52381,118879000.0,1498.72,3.29615,25.6903,7.79402,171.4,1335.9,52.0,24.381,1.04762,61.0395,0.003832
normalized-BA_RDC4.dot_fibo_0null10mast_rapportOE1.0_TMAX300_K67_cod2_pbEq1_newVersion_product.opb,52558.0,135477.0,0.0,0.0,1e+20,1e+20,-1e+20,1e+20,0.0,0.0,5.040492,0.0,0.0,-15.076369327073552,350.29519371049105,0.0,0.008450704225352112,0.008450704225352112,0.0,0.0,0.0,0.0,149401.0,57510.0,6.6934e-06,0.752431,0.171404,0.0761575,0.0012156,0.998784,0.589766,0.0,63471200.0,45543.1,102.302,34.0035,0.332382,54680.6,18174.8,534.5,279.455,4.1243,4713.32,4.83042
Init-x1-i4_pp_92_merged.opb,33827.0,31804.0,0.0,0.0,1e+20,1e+20,-1e+20,1e+20,0.0,0.0,5.018524,0.0,0.0,0.040537884955503777,0.19721705007133153,0.040537884955503777,0.0,0.040537884955503777,0.0,0.0,0.0,0.0,35622.0,35621.0,0.00275111,0.809219,0.0312447,0.156785,0.00786612,0.992134,0.963383,1.0,101303000.0,764271.0,200.764,864.51,4.3061,147260.0,634118.0,733.5,276.967,5.17439,523.335,1.28746
normalized-mps-v2-20-10-grow7.opb,7966.0,1000.0,7966.0,1.0,0.0,0.0,-68719476658.0,1e+20,0.0,19998.0,5.000541,2.51041928194828,1.0,-8596381.868651489,121181512.37326853,0.0,0.07793345008756568,0.07793345008756568,1e+99,0.0,1e+99,-12880568188713.152,420.0,7994.0,0.0,0.0,0.0,1.0,0.0125879,0.987412,0.144427,0.0,120710000.0,-148512.0,60.968,-122.15,-2.00352,147177.0,-294871.0,2414.0,690.502,13.2232,-356.871,4.71832
normalized-BA_RDC4.dot_luby_50null0mast_rapportOE2.0_TMAX180_K67_cod2_pbEq1_newVersion_ladder.opb,67425.0,67597.0,0.0,0.0,1e+20,1e+20,-1e+20,1e+20,0.0,0.0,5.001331,0.0,0.0,-0.010673618455030618,0.4839564113239394,0.0,0.0029881212955903693,0.0029881212955903693,0.0,0.0,0.0,0.0,201868.0,81322.0,4.95373e-06,0.622204,0.324167,0.0536242,0.00048167,0.999518,0.503992,0.0,110856000.0,-472870.0,37.9887,-357.941,-9.4223,50505.9,-475882.0,1329.5,1045.74,8.49549,-201.478,4.75067
normalized-opt-market-split_6_50_3.opb,146.0,117.0,146.0,1.0,51.0,51.0,0.0,1e+20,1.0,21296.0,5.000301,145.86301369863014,24.0,20.958904109589042,36.82667227132864,0.6575342465753424,0.0,0.6575342465753424,-0.02077140058104182,0.2076277967856878,-1.1807479224376731,354.6730423384999,12.0,146.0,0.0,0.0,0.0,1.0,0.109091,0.890909,0.5,1.0,41415500.0,39320.7,2.13476,0.677975,0.317588,22082.0,7012.97,10344.0,4963.62,41.5958,-7.13725,4.92641
normalized-j6013_3.std.opb,31070.0,67645.0,0.0,0.0,1e+20,1e+20,-1e+20,1e+20,0.0,0.0,5.011794,0.0,0.0,1.2295081967213115,15.646078901885646,0.008169489679211371,0.0,0.008169489679211371,0.0,0.0,0.0,0.0,117890.0,36722.0,0.00301128,0.833879,0.152931,0.010179,0.000927776,0.999072,0.360754,1.0,113890000.0,87538.8,-22.6254,-14.193,0.627304,-140640.0,-88223.9,6216.0,5661.98,27.9439,18.6238,4.65982
normalized-BA_RDC4.dot_fibo_20null20mast_rapportOE2.0_TMAX300_K67_cod2_pbEq1_newVersion_ladder.opb,76570.0,76808.0,0.0,0.0,1e+20,1e+20,-1e+20,1e+20,0.0,0.0,5.005694,0.0,0.0,-16.39397702958609,395.4582915768693,0.0,0.004783453432035611,0.004783453432035611,0.0,0.0,0.0,0.0,201868.0,81322.0,4.95373e-06,0.622204,0.324167,0.0536242,0.000770845,0.999229,0.503992,0.0,117516000.0,-395177.0,46.8064,-307.958,-6.57941,62041.9,-408199.0,1325.5,1291.63,8.47323,176.084,4.70188
normalized-BA_RDC4.dot_unif_0null10mast_rapportOE1.0_TMAX300_K67_cod2.opb,36668.0,36737.0,0.0,0.0,1e+20,1e+20,-1e+20,1e+20,0.0,0.0,5.057742,0.0,0.0,-6.436793121137358,68.207118216906,0.0,0.011871900725505044,0.011871900725505044,0.0,0.0,0.0,0.0,41436.0,40937.0,2.41336e-05,0.0940245,0.618013,0.287938,0.0021725,0.997827,0.598238,0.0,93838400.0,-980436.0,75.2028,-1020.45,-13.5694,75202.8,-1020450.0,1000.0,311.728,6.82959,-809.09,4.8133
normalized-BA_RDC4.dot_luby_20null20mast_rapportOE2.0_TMAX180_K67_cod2.opb,30834.0,30903.0,0.0,0.0,1e+20,1e+20,-1e+20,1e+20,0.0,0.0,5.033564,0.0,0.0,-0.6331191831350612,12.467130310478723,0.0,0.009502406136258152,0.009502406136258152,0.0,0.0,0.0,0.0,41436.0,40937.0,2.41336e-05,0.0940245,0.618013,0.287938,0.00173965,0.99826,0.598238,0.0,93564800.0,-488589.0,598.378,-1304.25,-2.17964,382962.0,-834718.0,640.0,106.61,4.63544,-6190.13,4.56502
normalized-BA_RDC4.dot_fibo_50null20mast_rapportOE1.0_TMAX300_K67_cod2_pbEq1_newVersion.opb,22002.0,22071.0,0.0,0.0,1e+20,1e+20,-1e+20,1e+20,0.0,0.0,5.018229,0.0,0.0,-28.71595378264162,541.650330171295,0.0,0.005935950362752522,0.005935950362752522,0.0,0.0,0.0,0.0,40882.0,40937.0,2.44606e-05,0.0952742,0.626388,0.278313,0.00133134,0.998669,0.729932,0.0,90855100.0,-359505.0,96.4256,-293.782,-3.04673,159777.0,-486797.0,1657.0,685.834,9.66244,-76.8932,4.77353
normalized-BA_RDC4.dot_luby_10null10mast_rapportOE2.0_TMAX180_K67_cod3.opb,33335.0,33842.0,0.0,0.0,1e+20,1e+20,-1e+20,1e+20,0.0,0.0,5.036236,0.0,0.0,-22.58792118859855,68.49689430830341,0.0,0.7146424068626239,0.7146424068626239,0.0,0.0,0.0,0.0,40950.0,40451.0,2.442e-05,0.0951404,0.625348,0.279487,0.115267,0.884733,0.455087,0.0,107034000.0,-400903.0,84.0911,-513.189,-6.10277,73033.1,-445704.0,868.5,357.314,5.99482,-1957.34,4.78355
normalized-mps-v2-20-10-ran13x13.opb,2421.0,821.0,2421.0,1.0,24915127.0,24915127.0,2885889.307262502,7.633431274477398,0.0,10692.0,5.008605,4.41635687732342,1.0,184872699.47890818,645607470.2407881,1.0,0.0,1.0,0.0,0.00016999771089423618,-0.00048828125,210.62235649546827,195.0,5239.0,0.0,0.0,0.0,1.0,0.254098,0.745902,0.67033,1.0,45652100.0,-394592.0,45.691,-284.221,-6.22051,75001.7,-466549.0,1641.5,555.601,9.63185,-405.454,4.85385
normalized-BA_RDC4.dot_fibo_0null50mast_rapportOE1.0_TMAX60_K67_cod2_pbEq1_newVersion.opb,36668.0,36737.0,0.0,0.0,1e+20,1e+20,-1e+20,1e+20,0.0,0.0,5.026138,0.0,0.0,-70.12245645748345,852.1069726956667,0.0,0.011871900725505044,0.011871900725505044,0.0,0.0,0.0,0.0,40882.0,40937.0,2.44606e-05,0.0952742,0.626388,0.278313,0.00265914,0.997341,0.729932,0.0,96091700.0,851208.0,52.1167,884.187,16.9655,49510.9,839978.0,950.0,226.251,6.52446,-1665.03,4.86003
normalized-vtxcov_v2000_e4000_21.opb.PB06.opb,1425.0,2738.0,1425.0,1.0,1062.0,1062.0,998.7129629629629,0.06336859476548524,0.0,8933.0,5.003744,6.268771929824561,18.0,1.0,0.0,1.0,0.0,1.0,0.0,0.0,0.0,1.9203075847605733,4000.0,1959.0,0.0,1.0,0.0,0.0,0.196706,0.803294,1.0,1.0,97525200.0,-173987.0,37.5079,-88.1791,-2.35095,130321.0,-306378.0,3474.5,432.285,17.7414,-363.573,4.81121
normalized-NG.dot_fibo_20null0mast_rapportOE2.0_TMAX300_K192_cod1.opb,331117.0,332434.0,0.0,0.0,1e+20,1e+20,-1e+20,1e+20,0.0,0.0,5.38165,0.0,0.0,-616.4787215650706,1477.3814335768952,0.0,0.6829068459308517,0.6829068459308517,0.0,0.0,0.0,0.0,400980.0,399113.0,0.0,0.0609706,0.331051,0.607978,0.104571,0.895429,0.48797,0.0,134218000.0,431331.0,61432.4,12047.9,0.196116,368595.0,72287.4,6.0,0.0,1.0,0.0,4.36895
normalized-injcomp_opt_4layers_maxall_lastlayerdiv2_size_29.opb,2552.0,2298.0,2552.0,1.0,-52.00000000000001,-52.00000000000001,-72.0,0.3846153846153844,0.0,26815.0,5.000587,10.507445141065832,6.0,-0.6153846153846154,0.48650425541051995,0.0,0.6153846153846154,0.6153846153846154,0.0,0.0,0.0,2.3726986977997306,1435.0,3393.0,0.0,0.0,0.86899,0.13101,0.190476,0.809524,0.287582,0.0,84515000.0,255580.0,37.6575,31.4776,0.835892,138128.0,115460.0,3668.0,1010.13,18.6298,27.5035,4.76974
normalized-BA_RDC4.dot_unif_50null20mast_rapportOE2.0_TMAX300_K67_cod2_pbEq1_newVersion.opb,22042.0,22111.0,0.0,0.0,1e+20,1e+20,-1e+20,1e+20,0.0,0.0,5.015201,0.0,0.0,-4.072697071109266,58.96534349912387,0.0,0.005935950362752522,0.005935950362752522,0.0,0.0,0.0,0.0,40882.0,40937.0,2.44606e-05,0.0952742,0.626388,0.278313,0.00133134,0.998669,0.729932,0.0,98386700.0,416757.0,382.414,921.225,2.40897,129447.0,311835.0,338.5,60.205,3.0826,24074.3,4.7674
normalized-BA_RDC4.dot_fibo_20null20mast_rapportOE1.0_TMAX300_K67_cod2_pbEq1_newVersion_sequential.opb,72824.0,145712.0,0.0,0.0,1e+20,1e+20,-1e+20,1e+20,0.0,0.0,5.033671,0.0,0.0,-16.28551929367207,395.5589374453402,0.0,0.004783453432035611,0.004783453432035611,0.0,0.0,0.0,0.0,161483.0,81322.0,6.1926e-06,0.770954,0.15858,0.0704594,0.000917732,0.999082,0.504753,0.0,116954000.0,647503.0,74.3537,490.045,6.59073,91008.9,599815.0,1224.0,1197.42,7.9853,237.405,4.71879
normalized-NG.dot_fibo_0null20mast_rapportOE2.0_TMAX120_K192_cod1.opb,399113.0,400786.0,0.0,0.0,1e+20,1e+20,-1e+20,1e+20,0.0,0.0,5.334933,0.0,0.0,-2467.96791384896,4111.71878898065,0.0,0.8532746365064531,0.8532746365064531,0.0,0.0,0.0,0.0,400980.0,399113.0,0.0,0.0609706,0.331051,0.607978,0.127336,0.872664,0.48797,0.0,134218000.0,497698.0,23782.2,9083.26,0.381935,368624.0,140791.0,15.5,0.0,1.0,0.0,4.36509
normalized-BA_RDC4.dot_unif_20null0mast_rapportOE1.0_TMAX300_K67_cod3.opb,30460.0,30917.0,0.0,0.0,1e+20,1e+20,-1e+20,1e+20,0.0,0.0,5.051553,0.0,0.0,-319.314627574102,333.3714492418839,0.0,0.6346938270994537,0.6346938270994537,0.0,0.0,0.0,0.0,40950.0,40451.0,2.442e-05,0.0951404,0.625348,0.279487,0.103709,0.896291,0.455087,0.0,94850900.0,290232.0,141.3,189.298,1.33969,138191.0,185134.0,978.0,443.879,6.68523,925.96,4.57697
normalized-maxcut_opt_complete_5-partite_inlv_nvert_27.opb,351.0,11711.0,351.0,1.0,-164.0,-164.0,-193.1963157709454,0.17802631567649638,0.0,12254.0,5.003644,34.91168091168091,7.0,-0.8290598290598291,0.3764566759922263,0.0,0.8290598290598291,0.8290598290598291,0.0,0.0,0.0,1.687135130570241,11700.0,351.0,0.0,0.0,1.0,0.0,0.00822243,0.991778,0.5,0.0,32144900.0,-87149.4,3.00477,8.92007,2.96864,29933.5,88861.7,9962.0,7964.45,40.4962,-3.88626,4.90842
normalized-BA_RDC4.dot_fibo_10null10mast_rapportOE2.0_TMAX15_K67_cod2.opb,33775.0,33861.0,0.0,0.0,1e+20,1e+20,-1e+20,1e+20,0.0,0.0,5.270546,0.0,0.0,-21.21909275227789,419.39012296012925,0.0,0.010699367320516892,0.010699367320516892,0.0,0.0,0.0,0.0,41436.0,40937.0,2.41336e-05,0.0940245,0.618013,0.287938,0.00195836,0.998042,0.598238,0.0,101161000.0,1277210.0,131.92,1641.03,12.4396,97686.8,1215190.0,740.5,110.302,5.21525,11182.9,4.84778
normalized-matrix_5x3_6.opb,5294.0,5605.0,5294.0,1.0,24.0,24.0,10.166666666666666,1.3606557377049182,0.0,3890.0,5.007153,0.7347941065357008,7.0,0.10784801725568276,0.3101883660450545,0.10784801725568276,0.0,0.10784801725568276,1.5e+97,1.2155245781143214e+98,0.0,-0.4943636188457462,21278.0,6027.0,0.000234984,0.747204,0.22488,0.0276812,0.0118784,0.988122,0.506186,1.0,68786600.0,-142379.0,15.8569,-74.3733,-4.69029,38048.5,-178459.0,2399.5,1536.54,13.0706,-222.245,4.88557
normalized-single-obj-f58-fob_fxl_loss.seq-A-3-2-irabcde.opb,27712.0,53493.0,0.0,0.0,1e+20,1e+20,-1e+20,1e+20,0.0,0.0,8.027802,0.0,0.0,2506736.3147092243,31391909.757672448,0.00828703365890778,0.0,0.00828703365890778,0.0,0.0,0.0,0.0,291294.0,95933.0,0.000267771,0.743119,0.132258,0.124355,0.00101607,0.998984,0.521437,1.0,51812800.0,-1567050.0,37.5817,-2487.17,-66.1804,23394.6,-1548260.0,622.5,235.391,4.51204,2531.72,4.75936
normalized-BA_RDC4.dot_luby_0null20mast_rapportOE1.0_TMAX300_K67_cod2.opb,36668.0,36737.0,0.0,0.0,1e+20,1e+20,-1e+20,1e+20,0.0,0.0,5.024982,0.0,0.0,-0.639690255758849,12.468970629244343,0.0,0.011871900725505044,0.011871900725505044,0.0,0.0,0.0,0.0,41436.0,40937.0,2.41336e-05,0.0940245,0.618013,0.287938,0.0021725,0.997827,0.598238,0.0,71296500.0,295448.0,753.387,296.839,0.394007,235057.0,92613.9,312.0,45.5072,2.9184,22676.3,4.70259
normalized-BA_RDC4.dot_luby_20null0mast_rapportOE2.0_TMAX120_K67_cod3.opb,30477.0,30934.0,0.0,0.0,1e+20,1e+20,-1e+20,1e+20,0.0,0.0,5.024347,0.0,0.0,-2.4212998442560134,7.788520516878542,0.0,0.6346938270994537,0.6346938270994537,0.0,0.0,0.0,0.0,40950.0,40451.0,2.442e-05,0.0951404,0.625348,0.279487,0.103709,0.896291,0.455087,0.0,107894000.0,1368600.0,145.294,3262.33,22.4533,59933.8,1345710.0,412.5,158.906,3.57385,8449.97,4.89228
normalized-BA_RDC4.dot_unif_50null20mast_rapportOE2.0_TMAX300_K67_cod2_pbEq1_newVersion_product.opb,52342.0,134829.0,0.0,0.0,1e+20,1e+20,-1e+20,1e+20,0.0,0.0,5.057502,0.0,0.0,-2.899043644583551,49.78304728553253,0.0,0.004225352112676056,0.004225352112676056,0.0,0.0,0.0,0.0,149401.0,57510.0,6.6934e-06,0.752431,0.171404,0.0761575,0.000608167,0.999392,0.589766,0.0,79018600.0,-190622.0,187.19,-391.755,-2.09282,154432.0,-323198.0,825.0,316.659,5.71351,-437.322,4.67713
normalized-BA_RDC4.dot_unif_50null20mast_rapportOE2.0_TMAX180_K67_cod2_pbEq1_newVersion_ladder.opb,67211.0,67544.0,0.0,0.0,1e+20,1e+20,-1e+20,1e+20,0.0,0.0,5.006125,0.0,0.0,-2.1232138904601463,42.65485640296252,0.0,0.0029881212955903693,0.0029881212955903693,0.0,0.0,0.0,0.0,201868.0,81322.0,4.95373e-06,0.622204,0.324167,0.0536242,0.00048167,0.999518,0.503992,0.0,107932000.0,2314020.0,451.032,7723.2,17.1234,129897.0,2224280.0,288.0,34.2357,2.74697,50078.0,4.70562
normalized-BA_RDC4.dot_fibo_20null50mast_rapportOE1.0_TMAX120_K67_cod3.opb,30454.0,30911.0,0.0,0.0,1e+20,1e+20,-1e+20,1e+20,0.0,0.0,5.046149,0.0,0.0,-4581.378309559715,5244.968077381072,0.0,0.6346938270994537,0.6346938270994537,0.0,0.0,0.0,0.0,40950.0,40451.0,2.442e-05,0.0951404,0.625348,0.279487,0.103709,0.896291,0.455087,0.0,117955000.0,1973010.0,617.224,4961.75,8.03881,221275.0,1778790.0,358.5,58.5599,3.16295,44506.5,4.66256
normalized-NG.dot_unif_20null20mast_rapportOE1.0_TMAX180_K192_cod2.opb,400896.0,400786.0,0.0,0.0,1e+20,1e+20,-1e+20,1e+20,0.0,0.0,5.276483,0.0,0.0,-2.2506036478288634,42.34656336391926,0.0,0.0035595266602809704,0.0035595266602809704,0.0,0.0,0.0,0.0,402763.0,400896.0,0.0,0.0607007,0.329586,0.609713,0.000609734,0.99939,0.63328,0.0,123033000.0,1768110.0,33957.4,152570.0,4.49298,390511.0,1754560.0,11.5,8.0,1.0,8064.35,4.39242
normalized-BA_RDC4.dot_luby_10null10mast_rapportOE1.0_TMAX15_K67_cod2.opb,33759.0,33828.0,0.0,0.0,1e+20,1e+20,-1e+20,1e+20,0.0,0.0,5.233633,0.0,0.0,-0.33456286488995285,8.795461018266224,0.0,0.010699367320516892,0.010699367320516892,0.0,0.0,0.0,0.0,41436.0,40937.0,2.41336e-05,0.0940245,0.618013,0.287938,0.00195836,0.998042,0.598238,0.0,96783300.0,335371.0,87.014,280.456,3.22312,87623.1,282420.0,1007.0,312.963,6.87792,3323.04,4.80349
normalized-BA_RDC4.dot_unif_20null0mast_rapportOE1.0_TMAX300_K67_cod1.opb,30461.0,30918.0,0.0,0.0,1e+20,1e+20,-1e+20,1e+20,0.0,0.0,5.047127,0.0,0.0,-332.12597958023287,342.2564881000595,0.0,0.6346938270994537,0.6346938270994537,0.0,0.0,0.0,0.0,40950.0,40451.0,2.442e-05,0.0951404,0.625348,0.279487,0.103709,0.896291,0.455087,0.0,103110000.0,-1289670.0,441.68,-2368.59,-5.36268,287534.0,-1541950.0,651.0,249.18,4.68995,1801.45,4.70137
SMTI_25000_10_0.85_1.opb,298373.0,298671.0,0.0,0.0,1e+20,1e+20,-1e+20,1e+20,0.0,0.0,5.0789860000000004,0.0,0.0,0.16666666666666666,0.3726779962499649,0.16666666666666666,0.0,0.16666666666666666,0.0,0.0,0.0,0.0,300001.0,300000.0,0.000199999,0.000739998,0.00184666,0.997213,0.0108358,0.989164,0.994523,1.0,134218000.0,1259890.0,16638.1,8026.42,0.482411,873501.0,421387.0,52.5,6.65094,1.0566,65.6582,3.60149
normalized-rand5c0b12.cudf.paranoid.opb,6049.0,24992.0,0.0,0.0,1e+20,1e+20,-1e+20,0.0,0.0,0.0,0.157442,0.0,0.0,161.34280889389248,555.4019319985882,0.3695468618069237,0.0,0.3695468618069237,0.0,0.0,0.0,0.0,32379.0,7106.0,0.000555916,0.462954,0.379814,0.156676,0.0275797,0.97242,0.578136,1.0,134218000.0,1.0,0.0,0.0,0.0,0.0,228.0,0.0,0.0,0.0,0.0,0.06374
normalized-BA_RDC4.dot_fibo_0null20mast_rapportOE2.0_TMAX60_K67_cod2.opb,36668.0,36737.0,0.0,0.0,1e+20,1e+20,-1e+20,1e+20,0.0,0.0,5.047809,0.0,0.0,-34.45218262207783,565.9316804122125,0.0,0.011871900725505044,0.011871900725505044,0.0,0.0,0.0,0.0,41436.0,40937.0,2.41336e-05,0.0940245,0.618013,0.287938,0.0021725,0.997827,0.598238,0.0,100840000.0,1061060.0,49.7486,1106.76,22.2471,47286.0,1051980.0,950.5,116.798,6.53155,-6296.49,4.85802
normalized-g15x15.opb,225.0,225.0,225.0,1.0,60.0,60.0,49.60679361957182,0.2095117547836766,0.0,5355.0,5.000077,23.8,493.0,1.0,0.0,1.0,0.0,1.0,0.0,0.0,0.0,0.013658966090875203,225.0,225.0,0.0,0.0,0.0177778,0.982222,0.174419,0.825581,1.0,1.0,68911100.0,49220.1,6.71185,-2.944,-0.438628,69601.9,-30529.3,10370.0,2557.19,41.643,15.8664,4.8341
normalized-domset_v500_e2000_w30_mw19_11.opb.PB06.opb,473.0,535.0,473.0,1.0,213.0,213.0,163.2724866045248,0.3045676245252768,0.0,16623.0,5.000284,35.143763213530654,59.0,1.0,0.0,1.0,0.0,1.0,0.0,0.0,0.0,37.898472596585805,473.0,473.0,0.0,0.0,0.0,1.0,0.0999155,0.900084,1.0,1.0,66360500.0,-7868.4,12.563,-14.8526,-1.18225,72651.6,-85892.6,5783.0,1345.64,26.2457,-110.596,4.84661
normalized-BA_RDC4.dot_unif_0null0mast_rapportOE1.0_TMAX180_K67_cod2.opb,36668.0,36737.0,0.0,0.0,1e+20,1e+20,-1e+20,1e+20,0.0,0.0,5.020856,0.0,0.0,-5.822434472482106,61.64618995972751,0.0,0.011871900725505044,0.011871900725505044,0.0,0.0,0.0,0.0,41436.0,40937.0,2.41336e-05,0.0940245,0.618013,0.287938,0.0021725,0.997827,0.598238,0.0,71594300.0,442209.0,148.547,244.856,1.64833,173281.0,285624.0,1166.5,534.347,7.72365,-974.791,4.37194
normalized-ss97-4.opb,2280.0,750.0,0.0,0.0,813.0,813.0,813.0,0.0,0.0,1166.0,0.148978,0.5114035087719299,4.0,44.81520314547838,50.447256197923004,0.4504150283966798,0.3350808213193534,0.7854958497160333,0.08333333333333333,0.2763853991962833,0.0,0.0,764.0,2289.0,0.0013089,0.471204,0.0,0.527487,0.191378,0.808622,0.603133,0.573415,120815000.0,475510.0,82.8582,363.925,4.39214,88326.9,387944.0,1066.0,56.0708,7.22363,-9736.08,3.88976
normalized-simp-unif-100_100.08.opb,4050.0,48032.0,4050.0,1.0,97.0,97.0,7.0,12.857142857142858,0.0,0.0,5.035164,0.0,2.0,0.010362694300518135,0.10126849888959619,0.010362694300518135,0.0,0.010362694300518135,1.0000000000000001e+99,1.2141680576410807e+83,1e+99,1.4159726848767489,449183.0,9457.0,2.22626e-06,0.00512931,0.994657,0.000211495,7.25979e-05,0.999927,0.665481,1.0,55091700.0,56815.9,6.97385,0.6123,0.0877994,51773.8,4545.71,7424.0,6906.92,33.0102,-7.75358,2.21319
normalized-j12028_8.std.opb,54483.0,121497.0,0.0,0.0,1e+20,1e+20,-1e+20,1e+20,0.0,0.0,5.013439,0.0,0.0,0.6198347107438017,11.126066629782756,0.004118503061420609,0.0,0.004118503061420609,0.0,0.0,0.0,0.0,245331.0,72842.0,0.00321606,0.846049,0.145844,0.00489135,0.00050348,0.999497,0.409362,1.0,111993000.0,-197853.0,64.8345,89.977,1.3878,215315.0,298814.0,3321.0,2961.97,17.3908,88.5447,4.61493
normalized-mps-v2-20-10-set1al.opb,9096.0,1077.0,9096.0,1.0,1e+20,1e+20,56991424.18425899,1e+20,0.0,15115.0,5.017242,1.6617194371152155,0.0,112222780.19770834,562674417.9241848,0.5,0.0,0.5,1.0000000000000001e+99,1.2141680576410807e+83,1e+99,129865.42074387988,492.0,14400.0,0.0,0.0,0.0,1.0,0.169014,0.830986,0.40678,1.0,89061100.0,-667701.0,615.201,1248.7,2.02975,560140.0,1136940.0,910.5,170.157,6.29199,4226.47,4.26422
normalized-1094.cudf.trendy.opb,1.0,0.0,0.0,0.0,25089.999999999996,25089.999999999996,25089.999999999996,0.0,0.0,0.0,0.013326999999999999,0.0,1.0,7997.002053388091,11648.052243078699,0.6406570841889117,0.0,0.6406570841889117,0.0,0.0,0.0,0.0,2362.0,487.0,0.0592718,0.837426,0.103302,0.0,0.0607004,0.9393,0.478666,1.0,134218000.0,160.579,6.19298,54.386,8.78187,55.7368,489.474,9.0,5.52632,1.0,1.0,0.004961
normalized-BA_RDC4.dot_fibo_0null10mast_rapportOE2.0_TMAX180_K67_cod2_pbEq1_newVersion_sequential.opb,72127.0,144310.0,0.0,0.0,1e+20,1e+20,-1e+20,1e+20,0.0,0.0,5.009933,0.0,0.0,-11.910122722018642,306.8387894646583,0.0,0.005976242591180739,0.005976242591180739,0.0,0.0,0.0,0.0,161483.0,81322.0,6.1926e-06,0.770954,0.15858,0.0704594,0.00114631,0.998854,0.504753,0.0,104303000.0,1368050.0,119.985,2685.54,22.3824,60772.2,1360220.0,506.5,211.764,4.0217,4216.0,4.78611
normalized-harp2.opb,672.0,541.0,672.0,1.0,-8352304.0,-8352304.0,-8381943.181352175,0.0035486233920813755,0.0,13136.0,5.000722,19.547619047619047,13.0,-156782.51252923487,258149.2728237455,0.15636485131974606,0.8192449047778149,0.975609756097561,4.297872340425532e+98,4.9504562163158734e+98,0.0,4495610.0211472325,112.0,2993.0,0.0,0.0,0.0,1.0,0.333333,0.666667,0.575514,0.160274,79937000.0,219534.0,19.6286,165.018,8.40701,23505.2,197609.0,1197.5,0.0,7.90651,0.0,4.91582
normalized-maxcut_opt_complete_6-partite_block_nvert_36.opb,630.0,28570.0,630.0,1.0,-306.0,-306.0,-359.6666666666657,0.17538126361655465,0.0,6590.0,5.003687,10.46031746031746,2.0,-0.8571428571428571,0.34992710611188266,0.0,0.8571428571428571,0.8571428571428571,0.0,0.0,0.0,1.7312875008535258,28560.0,630.0,0.0,0.0,1.0,0.0,0.00626305,0.993737,0.5,0.0,38225700.0,-37671.8,5.98543,-12.4902,-2.08676,40368.7,-84240.0,6744.5,4961.96,30.2589,9.44141,4.88878
normalized-wnq_n100_mw99_2.opb.PB06.opb,10000.0,656900.0,0.0,0.0,1e+20,1e+20,-1e+20,1e+20,0.0,0.0,5.195065,0.0,0.0,49.4314,29.006404362485192,1.0,0.0,1.0,0.0,0.0,0.0,0.0,656900.0,10000.0,0.0,0.999696,0.0,0.00030446,0.0074438,0.992556,0.0149993,1.0,117891000.0,528828.0,224.036,537.201,2.39783,158281.0,379532.0,706.5,621.569,5.01697,1328.92,4.28749
normalized-BA_RDC4.dot_unif_50null50mast_rapportOE2.0_TMAX300_K67_cod3.opb,21707.0,22019.0,0.0,0.0,1e+20,1e+20,-1e+20,1e+20,0.0,0.0,5.018426,0.0,0.0,-0.39647969147857903,0.4891661739364547,0.0,0.39647969147857903,0.39647969147857903,0.0,0.0,0.0,0.0,40950.0,40451.0,2.442e-05,0.0951404,0.625348,0.279487,0.0674089,0.932591,0.455087,0.0,112098000.0,1818750.0,445.646,4136.62,9.28229,179595.0,1667060.0,403.0,74.5762,3.46716,22206.0,4.70576
SMTI_50000_5_0.95_5.opb,346733.0,346342.0,0.0,0.0,1e+20,1e+20,-1e+20,1e+20,0.0,0.0,5.161217,0.0,0.0,0.2857142857142857,0.4517539514526256,0.2857142857142857,0.0,0.2857142857142857,0.0,0.0,0.0,0.0,350001.0,350000.0,0.00104857,0.00552856,0.0136114,0.979811,0.0315134,0.968487,0.983731,1.0,134218000.0,1737340.0,23621.3,18705.8,0.791902,1015720.0,804348.0,43.0,18.5632,1.0,9.67802,3.32311
normalized-mps-v2-20-10-core2586-950.opb,8705.0,2171.0,8705.0,1.0,1152.0,1152.0,107.0,9.766355140186915,0.0,14238.0,5.000756,1.635611717403791,3.0,1.8045402951191827,0.39655416861851434,1.0,0.0,1.0,0.0,0.0,0.0,0.007369875633348687,2587.0,13215.0,0.016235,0.0139157,0.0115964,0.958253,0.126982,0.873018,0.882978,1.0,129336000.0,802718.0,86.5924,745.177,8.60557,84470.9,726921.0,975.5,108.249,6.66752,-8865.36,4.7637
normalized-BA_RDC4.dot_fibo_50null20mast_rapportOE2.0_TMAX300_K67_cod2_pbEq1_newVersion_sequential.opb,71581.0,145712.0,0.0,0.0,1e+20,1e+20,-1e+20,1e+20,0.0,0.0,5.098127,0.0,0.0,-14.929035193428593,388.3018170726302,0.0,0.0029881212955903693,0.0029881212955903693,0.0,0.0,0.0,0.0,161483.0,81322.0,6.1926e-06,0.770954,0.15858,0.0704594,0.000573485,0.999427,0.504753,0.0,115054000.0,-449476.0,47.2583,-264.568,-5.59834,89341.8,-500166.0,1890.5,1768.27,10.7322,-281.624,4.75488
normalized-NG.dot_unif_20null10mast_rapportOE1.0_TMAX300_K192_cod2.opb,400896.0,400786.0,0.0,0.0,1e+20,1e+20,-1e+20,1e+20,0.0,0.0,5.339346,0.0,0.0,-1.9722172333971904,38.024852322474366,0.0,0.0035595266602809704,0.0035595266602809704,0.0,0.0,0.0,0.0,402763.0,400896.0,0.0,0.0607007,0.329586,0.609713,0.000609734,0.99939,0.63328,0.0,134218000.0,800064.0,738708.0,1661480.0,2.24917,369354.0,830740.0,0.5,0.0,1.0,0.0,4.42673
normalized-NG.dot_luby_0null0mast_rapportOE2.0_TMAX180_K192_cod1.opb,399113.0,400786.0,0.0,0.0,1e+20,1e+20,-1e+20,1e+20,0.0,0.0,5.538305,0.0,0.0,-3.9222876729146883,17.408229654693958,0.0,0.8532746365064531,0.8532746365064531,0.0,0.0,0.0,0.0,400980.0,399113.0,0.0,0.0609706,0.331051,0.607978,0.127336,0.872664,0.48797,0.0,134218000.0,399896.0,0.0,0.0,1.15964,369975.0,429037.0,0.0,0.0,1.0,0.0,4.43996
normalized-BA_RDC4.dot_unif_50null10mast_rapportOE1.0_TMAX300_K67_cod2_pbEq1_newVersion_ladder.opb,67205.0,67495.0,0.0,0.0,1e+20,1e+20,-1e+20,1e+20,0.0,0.0,5.01748,0.0,0.0,-1.8331570792651435,37.93396550720717,0.0,0.0029881212955903693,0.0029881212955903693,0.0,0.0,0.0,0.0,201868.0,81322.0,4.95373e-06,0.622204,0.324167,0.0536242,0.00048167,0.999518,0.503992,0.0,105819000.0,-730239.0,71.3246,-1001.16,-14.0366,52887.2,-742359.0,741.5,428.135,5.21496,2274.72,4.76915
normalized-BA_RDC4.dot_luby_20null50mast_rapportOE1.0_TMAX180_K67_cod2_pbEq1_newVersion_binary.opb,43616.0,288563.0,0.0,0.0,1e+20,1e+20,-1e+20,1e+20,0.0,0.0,5.035678,0.0,0.0,-1.3996295387087416,18.80369847629885,0.0,0.008681291704791448,0.008681291704791448,0.0,0.0,0.0,0.0,297596.0,44809.0,3.36026e-06,0.875714,0.0860495,0.038233,0.00055883,0.999441,0.385501,0.0,124687000.0,672342.0,575.555,7829.34,13.6031,48346.6,657665.0,84.0,77.4024,1.40828,702.341,4.72072
normalized-injcomp_opt_4layers_maxall_lastlayerdiv2_size_25.opb,1900.0,1843.0,1900.0,1.0,-43.99999999999996,-43.99999999999996,-62.0,0.40909090909091045,0.0,36767.0,5.000451,19.35105263157895,8.0,-0.6138613861386139,0.4868630040849206,0.0,0.6138613861386139,0.6138613861386139,0.0,0.0,0.0,2.5987951807228917,1087.0,2525.0,0.0,0.0,0.850966,0.149034,0.190184,0.809816,0.287879,0.0,73574300.0,-100450.0,18.9507,-41.3999,-2.18461,87523.7,-191205.0,4618.5,1962.1,21.6694,111.525,4.84705
normalized-Generated_notes_20140709_1000_0.10-026.opb,154910.0,919.0,0.0,0.0,0.0,0.0,-1e+20,1e+20,0.0,0.0,5.210798,0.0,1.0,-169.9472131751982,299.91939603259755,0.0,0.9344247979378175,0.9344247979378175,0.0,0.0,0.0,0.0,1891.0,309187.0,0.0624008,0.00370175,0.00370175,0.930196,0.252154,0.747846,0.021462,0.0,103247000.0,3330250.0,24061.2,162997.0,6.77426,457162.0,3096940.0,19.0,0.692308,1.0,354335.0,4.60676
normalized-market-split_5_40_2.opb,40.0,22.0,40.0,1.0,1e+20,1e+20,0.0,1e+20,0.0,49289.0,5.000084,1232.225,0.0,0.024390243902439025,0.1542574468374819,0.024390243902439025,0.0,0.024390243902439025,-0.02434484521988848,0.19687693163490896,-0.5772799089584701,257.03584649147325,11.0,41.0,0.0909091,0.0,0.0,0.909091,0.00252525,0.997475,0.498734,1.0,106867000.0,-45072.9,1.61375,2.18681,1.35511,27391.0,37117.7,16973.5,10065.7,63.9419,-6.08193,4.88255
normalized-NG.dot_luby_20null10mast_rapportOE2.0_TMAX60_K192_cod2.opb,400896.0,400786.0,0.0,0.0,1e+20,1e+20,-1e+20,1e+20,0.0,0.0,5.361713,0.0,0.0,-0.46784203384418904,21.59714195669388,0.0,0.0035595266602809704,0.0035595266602809704,0.0,0.0,0.0,0.0,402763.0,400896.0,0.0,0.0607007,0.329586,0.609713,0.000609734,0.99939,0.63328,0.0,101296000.0,1914200.0,7200.45,35633.6,4.94881,378024.0,1870770.0,52.5,34.9245,1.0566,1853.65,4.39056
normalized-f20c10b_023_area_delay.opb,9550.0,107432.0,9550.0,1.0,29.0,29.0,20.416666666666668,0.42040816326530606,0.0,1643.0,5.011666,0.17204188481675392,2.0,0.4938536690106823,0.49996222118813105,0.4938536690106823,0.0,0.4938536690106823,1e+99,0.0,1e+99,2.2859675338537073,134119.0,18629.0,1.49121e-05,0.335307,0.61734,0.0473386,0.0241469,0.975853,0.136893,1.0,93693500.0,1756860.0,208.251,3823.56,18.3603,91630.6,1682370.0,440.0,185.875,3.69807,13068.9,4.77104
normalized-BA_RDC4.dot_fibo_20null50mast_rapportOE2.0_TMAX300_K67_cod2_pbEq1_newVersion_binary.opb,43616.0,288563.0,0.0,0.0,1e+20,1e+20,-1e+20,1e+20,0.0,0.0,5.033467,0.0,0.0,-62.97645562275436,812.910978062959,0.0,0.008681291704791448,0.008681291704791448,0.0,0.0,0.0,0.0,297596.0,44809.0,3.36026e-06,0.875714,0.0860495,0.038233,0.00055883,0.999441,0.385501,0.0,99029000.0,489886.0,82.8964,314.002,3.78789,108884.0,412442.0,1313.5,1251.11,8.4296,357.029,4.60444
normalized-Generated_notes_20140709_1000_0.10-005.opb,79815.0,862.0,0.0,0.0,-1829.0,-1829.0,-1e+20,1e+20,0.0,0.0,5.094171,0.0,2.0,-157.5911629170292,331.42373644254883,0.0,0.9150128210440058,0.9150128210440058,0.0,0.0,0.0,0.0,1883.0,217221.0,0.0616038,0.00849708,0.00902815,0.920871,0.253074,0.746926,0.0286623,0.0,105207000.0,1980120.0,4339.88,54516.0,12.5617,158406.0,1989840.0,36.5,0.0945946,1.0,2255210.0,4.78692
normalized-30:30:4.5:0.95:100.opb,4604.0,5281.0,4604.0,1.0,281.0,281.0,-2630.0,1e+20,0.0,10915.0,5.001104,2.3707645525629886,5.0,1.7448559670781894,38.92835491239857,0.9997834091401343,0.00021659085986571366,1.0,0.0,0.0,0.0,2.8505790772735904,5280.0,4617.0,0.000189394,0.83125,0.000378788,0.168182,0.191808,0.808192,0.774442,0.999783,89873300.0,10761.1,380.095,-372.519,-0.980071,624495.0,-612050.0,1643.0,384.532,9.63371,-459.36,4.38678
normalized-BA_RDC4.dot_luby_20null20mast_rapportOE1.0_TMAX180_K67_cod2.opb,30806.0,30875.0,0.0,0.0,1e+20,1e+20,-1e+20,1e+20,0.0,0.0,5.042518,0.0,0.0,-0.6320199330678848,12.46549013865072,0.0,0.009502406136258152,0.009502406136258152,0.0,0.0,0.0,0.0,41436.0,40937.0,2.41336e-05,0.0940245,0.618013,0.287938,0.00173965,0.99826,0.598238,0.0,94016100.0,211706.0,208.416,257.556,1.23578,109835.0,135732.0,527.0,119.313,4.09953,14903.1,4.79541
normalized-fx30.opb,472.0,2088.0,472.0,1.0,1e+20,1e+20,3.0,1e+20,0.0,34217.0,5.00005,72.49364406779661,0.0,0.003875968992248062,0.06213650985225347,0.003875968992248062,0.0,0.003875968992248062,0.0,0.0,0.0,16.22279792746114,994.0,774.0,0.0,0.775654,0.00804829,0.216298,0.000371333,0.999629,0.191308,1.0,81552000.0,48637.5,3.15929,0.937873,0.296863,30428.7,9033.13,9631.5,2541.23,39.6107,-43.4099,4.91078
normalized-BA_RDC4.dot_unif_50null0mast_rapportOE1.0_TMAX300_K67_cod2_pbEq1_newVersion_ladder.opb,50902.0,51075.0,0.0,0.0,1e+20,1e+20,-1e+20,1e+20,0.0,0.0,5.308032,0.0,0.0,-1.480460392021839,31.423469557631755,0.0,0.0029881212955903693,0.0029881212955903693,0.0,0.0,0.0,0.0,201868.0,81322.0,4.95373e-06,0.622204,0.324167,0.0536242,0.00048167,0.999518,0.503992,0.0,90244700.0,-464387.0,157.258,-631.927,-4.01842,142240.0,-571578.0,904.5,586.733,6.25414,1327.69,4.69099
normalized-kjumpingcube.cudf.paranoid.opb,10654.0,67019.0,0.0,0.0,1e+20,1e+20,-1e+20,1e+20,0.0,0.0,5.002108,0.0,0.0,643.3373634156212,1532.4224248948753,0.36690611088628083,0.0,0.36690611088628083,0.0,0.0,0.0,0.0,96403.0,19768.0,0.000197089,0.376627,0.226891,0.396284,0.0219231,0.978077,0.641041,1.0,133266000.0,1685790.0,8116.87,16132.1,1.98747,568181.0,1129240.0,70.0,86.6454,1.29078,194.466,1.17313
normalized-hw128-vm85p-opt.opb.negationfix.opb,147462.0,1413.0,0.0,0.0,1e+20,1e+20,-1e+20,1e+20,0.0,0.0,5.034027,0.0,0.0,0.0008650519031141869,0.029399040602018034,0.0008650519031141869,0.0,0.0008650519031141869,0.0,0.0,0.0,0.0,2568.0,147968.0,0.0,0.0,0.0,1.0,0.000216732,0.999783,0.251246,1.0,97591600.0,558408.0,569.414,647.328,1.13683,307484.0,349557.0,540.0,19.371,4.14986,89278.7,4.62947
normalized-BA_RDC4.dot_fibo_10null0mast_rapportOE1.0_TMAX60_K67_cod2_pbEq1_newVersion_binary.opb,43616.0,288563.0,0.0,0.0,1e+20,1e+20,-1e+20,1e+20,0.0,0.0,5.040414,0.0,0.0,-8.858086545113705,202.21698218487853,0.0,0.009774822022361579,0.009774822022361579,0.0,0.0,0.0,0.0,297596.0,44809.0,3.36026e-06,0.875714,0.0860495,0.038233,0.000629178,0.999371,0.385501,0.0,102136000.0,207251.0,242.978,314.446,1.29414,105088.0,135998.0,432.5,151.685,3.69053,7789.44,4.58401
normalized-10:10:4.5:0.95:100.opb,427.0,498.0,0.0,0.0,0.0,0.0,0.0,0.0,0.0,1728.0,1.171184,4.046838407494145,6.0,1.3885057471264368,13.642508156555786,0.9977011494252873,0.0022988505747126436,1.0,0.0,0.0,0.0,0.0,501.0,435.0,0.00199601,0.802395,0.00598802,0.189621,0.204706,0.795294,0.76213,0.997701,99272800.0,43266.3,4.66032,0.891235,0.191239,31035.4,5935.18,6659.5,648.758,29.9143,230.025,4.87507
normalized-NG.dot_unif_10null20mast_rapportOE1.0_TMAX300_K192_cod2.opb,400896.0,400786.0,0.0,0.0,1e+20,1e+20,-1e+20,1e+20,0.0,0.0,5.399134,0.0,0.0,-2.463998144157088,43.972797176504656,0.0,0.004003532088122605,0.004003532088122605,0.0,0.0,0.0,0.0,402763.0,400896.0,0.0,0.0607007,0.329586,0.609713,0.000685739,0.999314,0.63328,0.0,134218000.0,799758.0,738708.0,1660560.0,2.24793,369354.0,830282.0,0.5,0.0,1.0,0.0,4.401
normalized-BA_RDC4.dot_luby_0null10mast_rapportOE1.0_TMAX180_K67_cod2.opb,36668.0,36737.0,0.0,0.0,1e+20,1e+20,-1e+20,1e+20,0.0,0.0,5.042862,0.0,0.0,-0.33949727630261134,8.816410141881496,0.0,0.011871900725505044,0.011871900725505044,0.0,0.0,0.0,0.0,41436.0,40937.0,2.41336e-05,0.0940245,0.618013,0.287938,0.0021725,0.997827,0.598238,0.0,86437200.0,-2126190.0,530.704,-8032.18,-15.135,148066.0,-2240980.0,279.0,28.1324,2.67442,40906.4,4.72974
normalized-fx57.opb,1946.0,1032.0,1946.0,1.0,1e+20,1e+20,6.0,1e+20,0.0,9175.0,5.009198,4.714799588900308,0.0,0.002105263157894737,0.045834823278057345,0.002105263157894737,0.0,0.002105263157894737,0.0,0.0,0.0,15.854945054945055,3286.0,2850.0,0.0,0.86549,0.0,0.13451,0.000197161,0.999803,0.187143,1.0,80948100.0,337777.0,9.37562,201.088,21.448,15066.6,323149.0,1607.0,281.136,9.47683,1664.19,1.07659
normalized-BA_RDC4.dot_fibo_20null50mast_rapportOE1.0_TMAX15_K67_cod2_pbEq1_newVersion_product.opb,52559.0,135477.0,0.0,0.0,1e+20,1e+20,-1e+20,1e+20,0.0,0.0,5.036808,0.0,0.0,-48.41523213354199,715.2743097383952,0.0,0.0067640410363415055,0.0067640410363415055,0.0,0.0,0.0,0.0,149401.0,57510.0,6.6934e-06,0.752431,0.171404,0.0761575,0.000973213,0.999027,0.589766,0.0,103124000.0,330610.0,111.048,558.941,5.03333,62020.3,312169.0,558.5,195.309,4.2254,3928.83,4.76544
normalized-j9029_5.std.opb,41522.0,92321.0,0.0,0.0,1e+20,1e+20,-1e+20,1e+20,0.0,0.0,5.024992,0.0,0.0,0.8241758241758241,12.823050507610667,0.0054762513234274035,0.0,0.0054762513234274035,0.0,0.0,0.0,0.0,184408.0,54782.0,0.00320485,0.844399,0.145888,0.00650731,0.000598769,0.999401,0.365384,1.0,110914000.0,-105496.0,25.0992,-39.5089,-1.57411,100673.0,-158470.0,4011.0,3712.85,19.5741,-47.5426,4.70549
normalized-aries-da_network_20_2__17_12__64.opb,1069.0,954.0,0.0,0.0,46877.0,46877.0,46877.0,0.0,0.0,5.0,0.553897,0.004677268475210477,3.0,43309.52986811482,25902.010998592716,0.9930178432893716,0.0,0.9930178432893716,0.0,0.0,0.0,0.0,60.0,2578.0,0.0,0.0,0.0,1.0,0.249561,0.750439,0.665108,1.0,82156500.0,-225941.0,30.7868,37.3639,1.21364,128843.0,156368.0,4185.0,867.049,20.1785,262.125,4.8038
normalized-BA_RDC4.dot_unif_10null20mast_rapportOE2.0_TMAX180_K67_cod2_pbEq1_newVersion_sequential.opb,72824.0,145712.0,0.0,0.0,1e+20,1e+20,-1e+20,1e+20,0.0,0.0,5.030621,0.0,0.0,-3.2760753547625487,50.828399686638114,0.0,0.005385996409335727,0.005385996409335727,0.0,0.0,0.0,0.0,161483.0,81322.0,6.1926e-06,0.770954,0.15858,0.0704594,0.00103321,0.998967,0.504753,0.0,89203600.0,382567.0,155.032,276.525,1.78366,151311.0,269889.0,976.0,466.472,6.702,-1375.45,4.72436
normalized-addm4.r.opb,292.0,258.0,0.0,0.0,165.0,165.0,165.0,0.0,1.0,513.0,0.341464,1.7568493150684932,17.0,1.0,0.0,1.0,0.0,1.0,0.0,0.0,0.0,0.0,832.0,1073.0,0.0,0.0877404,0.0528846,0.859375,0.166048,0.833952,1.0,1.0,102251000.0,-78531.5,-8.23249,-1.64204,0.199458,-72186.6,-14398.2,8768.5,2229.12,37.2506,-32.1423,4.76409
SMTI_25000_10_0.95_2.opb,299624.0,299591.0,0.0,0.0,1e+20,1e+20,-1e+20,1e+20,0.0,0.0,5.006288,0.0,0.0,0.16666666666666666,0.3726779962499649,0.16666666666666666,0.0,0.16666666666666666,0.0,0.0,0.0,0.0,300001.0,300000.0,2.99999e-05,9.66663e-05,0.000379999,0.999493,0.00957336,0.990427,0.995167,1.0,134218000.0,1458220.0,7144.84,7665.43,1.07286,714484.0,766543.0,100.0,65.592,1.50249,8.9155,3.74694
normalized-BA_RDC4.dot_fibo_50null20mast_rapportOE2.0_TMAX120_K67_cod2_pbEq1_newVersion_sequential.opb,71579.0,145712.0,0.0,0.0,1e+20,1e+20,-1e+20,1e+20,0.0,0.0,5.173703,0.0,0.0,-15.060143626570916,391.35130489241567,0.0,0.0029881212955903693,0.0029881212955903693,0.0,0.0,0.0,0.0,161483.0,81322.0,6.1926e-06,0.770954,0.15858,0.0704594,0.000573485,0.999427,0.504753,0.0,107401000.0,802065.0,215.867,1507.89,6.98526,107934.0,753945.0,500.0,109.32,3.98701,11817.0,4.69072
normalized-circ10_3.opb,2700.0,42723.0,2700.0,1.0,1e+20,1e+20,0.0,1e+20,0.0,2129.0,5.035765,0.7885185185185185,0.0,0.9259259259259259,1.5135419808668555,0.3333333333333333,0.0,0.3333333333333333,0.0,0.0,0.0,0.8798686062881277,42620.0,2700.0,0.0,0.0781323,0.392773,0.529094,0.00291999,0.99708,0.0726279,1.0,76210900.0,39979.7,-5.32052,-7.69846,1.44694,-62585.3,-90557.0,11763.0,8439.99,46.0287,-7.14878,4.74356
normalized-BA_RDC4.dot_fibo_10null10mast_rapportOE1.0_TMAX180_K67_cod3.opb,33324.0,33831.0,0.0,0.0,1e+20,1e+20,-1e+20,1e+20,0.0,0.0,5.042327,0.0,0.0,-1380.4541791303059,3108.1336871945377,0.0,0.7146424068626239,0.7146424068626239,0.0,0.0,0.0,0.0,40950.0,40451.0,2.442e-05,0.0951404,0.625348,0.279487,0.115267,0.884733,0.455087,0.0,95875900.0,309351.0,78.1906,139.414,1.78301,122994.0,219299.0,1573.0,713.055,9.31999,-435.83,4.73881
normalized-1468.cudf.trendy.opb,2500.0,8221.0,0.0,0.0,5.0,5.0,5.0,0.0,0.0,467.0,3.820153,0.1868,3.0,3139797761.6845083,6437839888.253585,0.5036742800397219,0.0,0.5036742800397219,0.0,0.0,0.0,0.0,50941.0,10070.0,0.0420094,0.790463,0.149428,0.0180994,0.0434124,0.956588,0.483084,1.0,134218000.0,28165.7,164.918,722.893,4.38334,6596.73,28915.7,40.0,39.9259,1.0,1.43259,0.124134
normalized-BA_RDC4.dot_unif_20null20mast_rapportOE2.0_TMAX15_K67_cod3.opb,30413.0,30867.0,0.0,0.0,1e+20,1e+20,-1e+20,1e+20,0.0,0.0,5.027523,0.0,0.0,-399.3447875207041,402.3922194982591,0.0,0.6346938270994537,0.6346938270994537,0.0,0.0,0.0,0.0,40950.0,40451.0,2.442e-05,0.0951404,0.625348,0.279487,0.103709,0.896291,0.455087,0.0,98121300.0,659760.0,371.028,4938.48,13.3103,48790.2,649410.0,131.5,33.9129,1.62121,59329.7,4.87412
normalized-single-obj-f27-DC2Loss.seq-A-2-1-irabcde.opb,32.0,5.0,0.0,0.0,737472.0,737472.0,737472.0,0.0,0.0,0.0,0.005382,0.0,1.0,3957.4830917874397,22899.326841960476,0.20772946859903382,0.0,0.20772946859903382,0.0,0.0,0.0,0.0,460.0,207.0,0.0521739,0.656522,0.213043,0.0782609,0.0367836,0.963216,0.488455,1.0,105457000.0,494.429,7.53846,94.8791,12.586,49.0,616.714,6.5,3.0,1.0,21.2857,0.001481
normalized-30:70:4.5:0.95:98.opb,10908.0,12410.0,10908.0,1.0,692.0,692.0,-5967.0,1e+20,0.0,7870.0,5.001338,0.7214888155482215,5.0,1.8252798252798252,57.1243903432417,0.999908999909,9.1000091000091e-05,1.0,1e+99,0.0,1e+99,2.8851056963046635,12472.0,10989.0,8.01796e-05,0.837877,0.000561257,0.161482,0.191523,0.808477,0.774834,0.999909,107498000.0,-405412.0,65.7235,-675.539,-10.2785,42720.3,-439100.0,650.0,394.538,4.68716,-1214.63,4.87674
normalized-BA_RDC4.dot_fibo_0null10mast_rapportOE1.0_TMAX300_K67_cod2.opb,36668.0,36737.0,0.0,0.0,1e+20,1e+20,-1e+20,1e+20,0.0,0.0,5.030614,0.0,0.0,-21.17991059432787,415.03522080139965,0.0,0.011871900725505044,0.011871900725505044,0.0,0.0,0.0,0.0,41436.0,40937.0,2.41336e-05,0.0940245,0.618013,0.287938,0.0021725,0.997827,0.598238,0.0,92410800.0,-614560.0,124.938,-880.802,-7.04989,96202.5,-678217.0,770.0,280.949,5.37833,4940.21,4.83
normalized-knapPI_14_50_1000_5_-3237.opb,0.0,0.0,0.0,0.0,-5737.0,-5737.0,-5737.0,0.0,0.0,0.0,0.003784,0.0,2.0,-722.124,285.75276835754363,0.0,1.0,1.0,0.0,0.0,0.0,0.0,1.0,250.0,0.0,0.0,0.0,1.0,0.5,0.5,0.0,0.0,50885800.0,45754.9,39.6865,-31.4689,-0.792939,203631.0,-161467.0,5131.0,1649.43,23.7305,-85.5378,4.76978
normalized-wnq_n100_mw99_4.opb.PB06.opb,10000.0,656900.0,0.0,0.0,1e+20,1e+20,-1e+20,1e+20,0.0,0.0,5.196355,0.0,0.0,49.4728,28.815434408663698,1.0,0.0,1.0,0.0,0.0,0.0,0.0,656900.0,10000.0,0.0,0.999696,0.0,0.00030446,0.0074438,0.992556,0.0149993,1.0,109815000.0,322655.0,153.851,370.975,2.41127,97233.6,234456.0,632.0,559.289,4.57866,1420.49,4.3563
normalized-KE_700_004.opb,98941.0,607.0,0.0,0.0,-610.0,-610.0,-1e+20,1e+20,0.0,0.0,5.084429,0.0,2.0,-111.08681885969943,46.665499236912524,0.0,0.9998240985048373,0.9998240985048373,0.0,0.0,0.0,0.0,652.0,130755.0,0.0,0.0199387,0.00766871,0.972393,0.251489,0.748511,0.0,0.0,117093000.0,2897710.0,38024.8,91090.8,2.39556,874570.0,2095090.0,23.0,0.0,1.0,0.0,4.21532
normalized-minisat25_6_4_5_mh.opb,28850.0,57429.0,0.0,0.0,1e+20,1e+20,-1e+20,1e+20,0.0,0.0,5.01313,0.0,0.0,499141.1072727273,4248391.471648173,0.5358851674641149,0.0007974481658692185,0.5366826156299841,0.0,0.0,0.0,0.0,73332.0,31350.0,0.0,0.597625,0.380461,0.021914,0.070486,0.929514,0.342085,0.998514,98784800.0,785595.0,76.1773,708.637,9.30246,78881.6,733793.0,1035.5,376.585,7.01496,766.148,4.80416
normalized-BA_RDC4.dot_unif_20null50mast_rapportOE1.0_TMAX120_K67_cod2_pbEq1_newVersion_sequential.opb,72824.0,145712.0,0.0,0.0,1e+20,1e+20,-1e+20,1e+20,0.0,0.0,5.033666,0.0,0.0,-3.8755687267897985,59.76901031745512,0.0,0.004783453432035611,0.004783453432035611,0.0,0.0,0.0,0.0,161483.0,81322.0,6.1926e-06,0.770954,0.15858,0.0704594,0.000917732,0.999082,0.504753,0.0,92753400.0,569855.0,100.528,610.655,6.07448,87157.8,529438.0,867.0,366.952,6.00576,-2758.15,4.71448
normalized-BA_RDC4.dot_fibo_20null20mast_rapportOE2.0_TMAX180_K67_cod1.opb,30431.0,30888.0,0.0,0.0,1e+20,1e+20,-1e+20,1e+20,0.0,0.0,5.049904,0.0,0.0,-2141.050703320066,3980.426172487415,0.0,0.6346938270994537,0.6346938270994537,0.0,0.0,0.0,0.0,40950.0,40451.0,2.442e-05,0.0951404,0.625348,0.279487,0.103709,0.896291,0.455087,0.0,110088000.0,-985434.0,231.534,-1283.15,-5.54196,211738.0,-1173440.0,914.5,288.307,6.28962,-1698.61,4.59355
normalized-BA_RDC4.dot_luby_50null20mast_rapportOE2.0_TMAX120_K67_cod2_pbEq1_newVersion_ladder.opb,51021.0,51194.0,0.0,0.0,1e+20,1e+20,-1e+20,1e+20,0.0,0.0,5.336711,0.0,0.0,-0.3116868744005312,8.843985954475183,0.0,0.0029881212955903693,0.0029881212955903693,0.0,0.0,0.0,0.0,201868.0,81322.0,4.95373e-06,0.622204,0.324167,0.0536242,0.00048167,0.999518,0.503992,0.0,109764000.0,1643720.0,126.937,3388.9,26.6974,61247.3,1635140.0,482.5,94.8427,3.92133,12248.1,4.74877
normalized-maxcut_opt_complete_6-partite_block_nvert_72.opb,2556.0,238560.0,0.0,0.0,0.0,0.0,-1e+20,1e+20,0.0,0.0,5.540623,0.0,1.0,-0.8450704225352113,0.3618375374271868,0.0,0.8450704225352113,0.8450704225352113,0.0,0.0,0.0,0.0,238560.0,2556.0,0.0,0.0,1.0,0.0,0.00300903,0.996991,0.5,0.0,88667300.0,-168091.0,56.1092,-134.586,-2.39864,120663.0,-289427.0,2150.5,1431.04,11.9221,-239.668,4.70034
normalized-BA_RDC4.dot_luby_0null20mast_rapportOE1.0_TMAX15_K67_cod1.opb,36184.0,36738.0,0.0,0.0,1e+20,1e+20,-1e+20,1e+20,0.0,0.0,5.019049,0.0,0.0,-43.01559911992287,92.6783253369818,0.0,0.7929593829571581,0.7929593829571581,0.0,0.0,0.0,0.0,40950.0,40451.0,2.442e-05,0.0951404,0.625348,0.279487,0.126304,0.873696,0.455087,0.0,112155000.0,639080.0,350.455,4306.71,12.2889,50991.2,626626.0,145.5,54.3836,1.65753,28838.5,4.87776
normalized-BA_RDC4.dot_unif_10null50mast_rapportOE2.0_TMAX120_K67_cod1.opb,33346.0,33853.0,0.0,0.0,1e+20,1e+20,-1e+20,1e+20,0.0,0.0,5.021487,0.0,0.0,-536.8269758473215,444.7464823766593,0.0,0.7146424068626239,0.7146424068626239,0.0,0.0,0.0,0.0,40950.0,40451.0,2.442e-05,0.0951404,0.625348,0.279487,0.115267,0.884733,0.455087,0.0,127826000.0,-2553860.0,353.856,-6699.44,-18.9326,141012.0,-2669730.0,398.5,97.0602,3.43108,-20704.0,4.69459
normalized-neos-3555904-turama.opb,21536.0,60702.0,0.0,0.0,1e+20,1e+20,-1e+20,1e+20,0.0,0.0,6.252546,0.0,0.0,-11.687815149332298,22.12269411911444,0.0,0.3459577769158309,0.3459577769158309,0.0,0.0,0.0,0.0,133438.0,36094.0,0.0,0.286837,0.0371109,0.676052,0.0159978,0.984002,0.600049,0.0,126224000.0,-331846.0,-53.3144,-76.1893,1.42906,-129767.0,-185445.0,2434.0,2374.77,13.3391,-122.462,3.49995
normalized-NG.dot_fibo_0null0mast_rapportOE1.0_TMAX15_K192_cod2.opb,400896.0,400786.0,0.0,0.0,1e+20,1e+20,-1e+20,1e+20,0.0,0.0,5.396772,0.0,0.0,-3.9159333093869733,125.57044474712383,0.0,0.00444753751596424,0.00444753751596424,0.0,0.0,0.0,0.0,402763.0,400896.0,0.0,0.0607007,0.329586,0.609713,0.000761731,0.999238,0.63328,0.0,134218000.0,572752.0,0.0,0.0,1.63174,369964.0,603684.0,0.0,0.0,1.0,0.0,4.4537
normalized-mult_diagcomm_opt_less_teq_nbits_50.opb,12400.0,7412.0,12400.0,1.0,0.0,0.0,-1e+20,1e+20,0.0,17019.0,5.001815,1.3725,1.0,0.0,8.395221187276071e+27,0.006578947368421052,0.006578947368421052,0.013157894736842105,1.0000000000000001e+99,1.2141680576410807e+83,1e+99,0.0,22700.0,15200.0,0.0,0.563877,0.220264,0.215859,0.00306748,0.996933,0.424615,0.5,110750000.0,476114.0,6.66173,217.65,32.6716,14379.3,469797.0,2158.5,1349.32,11.9708,268.33,4.92525
normalized-knapPI_4_50_1000_1_-994.opb,0.0,0.0,0.0,0.0,-994.0,-994.0,-994.0,0.0,0.0,0.0,0.001006,0.0,2.0,-518.68,287.29068484724667,0.0,1.0,1.0,0.0,0.0,0.0,0.0,1.0,50.0,0.0,0.0,0.0,1.0,0.5,0.5,0.0,0.0,57188400.0,5620.03,12.0331,36.7725,3.05594,1377.8,4210.46,114.5,72.6087,1.56522,44.0883,0.009071
normalized-factor-size=9-P=397-Q=449.opb,59.0,66.0,0.0,0.0,397.0,397.0,397.0,0.0,0.0,197.0,0.025783,3.3389830508474576,1.0,5.161616161616162,29.257376543984705,0.09090909090909091,0.0,0.09090909090909091,2.3096821877309682e-05,5.164606378186876e-05,0.0,0.0,244.0,99.0,0.0,0.663934,0.331967,0.00409836,0.0136986,0.986301,0.5,1.0,115044000.0,1964.81,2.87435,45.6147,15.8696,119.286,1893.01,41.5,10.881,1.0,171.249,0.005944
normalized-ss97-6.opb,176.0,48.0,0.0,0.0,304.0,304.0,304.0,0.0,0.0,47.0,0.012509,0.26704545454545453,4.0,32.17898832684825,46.98910240981434,0.32684824902723736,0.3463035019455253,0.6731517509727627,1e+99,0.0,1e+99,0.0,97.0,257.0,0.0103093,0.412371,0.0,0.57732,0.183652,0.816348,0.6671,0.485549,130109000.0,3691.89,4.08587,34.35,8.40701,398.372,3349.12,97.5,0.989796,1.45408,8150.75,0.008145
normalized-BA_RDC4.dot_unif_0null50mast_rapportOE2.0_TMAX120_K67_cod3.opb,36184.0,36738.0,0.0,0.0,1e+20,1e+20,-1e+20,1e+20,0.0,0.0,5.016925,0.0,0.0,-595.0654371956194,419.2383164835412,0.0,0.7929593829571581,0.7929593829571581,0.0,0.0,0.0,0.0,40950.0,40451.0,2.442e-05,0.0951404,0.625348,0.279487,0.126304,0.873696,0.455087,0.0,126656000.0,2406810.0,247.698,6610.63,26.6882,87809.1,2343470.0,354.5,73.607,3.18028,38016.3,4.76185
Init-x2-i2_pp_95.opb,69584.0,66149.0,0.0,0.0,1e+20,1e+20,-1e+20,1e+20,0.0,0.0,5.075776,0.0,0.0,0.03992479539924795,0.1957825480260591,0.03992479539924795,0.0,0.03992479539924795,0.0,0.0,0.0,0.0,72337.0,72336.0,0.00797655,0.847326,0.0156904,0.129007,0.00748487,0.992515,0.972846,1.0,93730600.0,1169710.0,313.132,1119.25,3.57436,265066.0,947441.0,846.5,218.113,5.85242,2557.35,4.71557
normalized-NG.dot_unif_50null20mast_rapportOE1.0_TMAX300_K192_cod2.opb,400896.0,400786.0,0.0,0.0,1e+20,1e+20,-1e+20,1e+20,0.0,0.0,5.217657,0.0,0.0,-1.5453658804278416,36.29491539524079,0.0,0.002225015964240102,0.002225015964240102,0.0,0.0,0.0,0.0,402763.0,400896.0,0.0,0.0607007,0.329586,0.609713,0.000381224,0.999619,0.63328,0.0,134218000.0,1449350.0,108693.0,400311.0,3.68295,380425.0,1401090.0,3.5,1.875,1.0,27124.0,4.38352
normalized-BA_RDC4.dot_fibo_20null20mast_rapportOE2.0_TMAX180_K67_cod2_pbEq1_newVersion_sequential.opb,72824.0,145712.0,0.0,0.0,1e+20,1e+20,-1e+20,1e+20,0.0,0.0,5.042477,0.0,0.0,-15.699122008804505,391.5437205914773,0.0,0.004783453432035611,0.004783453432035611,0.0,0.0,0.0,0.0,161483.0,81322.0,6.1926e-06,0.770954,0.15858,0.0704594,0.000917732,0.999082,0.504753,0.0,108296000.0,168094.0,68.1107,130.355,1.91387,74376.9,142348.0,1092.0,945.781,7.36339,889.02,4.76774
normalized-clique-coloring-max-clique-n=18-t=3.opb,549.0,47338.0,549.0,1.0,17.0,17.0,0.0,1e+20,0.0,947.0,5.003932,1.7249544626593807,2.0,0.03278688524590164,0.17807836870820026,0.03278688524590164,0.0,0.03278688524590164,0.0,0.0,0.0,2.006610348468849,47331.0,549.0,0.0,0.0,0.999239,0.000760601,0.000126255,0.999874,0.331208,1.0,97130900.0,11845.9,-5.02152,-5.44174,1.08368,-17272.9,-18718.4,3439.77,1953.95,149.908,8.7394,4.20989
normalized-BA_RDC4.dot_fibo_50null50mast_rapportOE1.0_TMAX180_K67_cod1.opb,21785.0,22097.0,0.0,0.0,1e+20,1e+20,-1e+20,1e+20,0.0,0.0,5.023616,0.0,0.0,-0.39647969147857903,0.4891661739364547,0.0,0.39647969147857903,0.39647969147857903,0.0,0.0,0.0,0.0,40950.0,40451.0,2.442e-05,0.0951404,0.625348,0.279487,0.0674089,0.932591,0.455087,0.0,117536000.0,2113460.0,489.665,5648.33,11.5351,171138.0,1974090.0,349.5,70.6771,3.13143,41367.4,4.71792
normalized-maxcut_opt_complete_5-partite_block_nvert_87.opb,3741.0,423980.0,0.0,0.0,0.0,0.0,-1e+20,1e+20,0.0,0.0,6.095133,0.0,1.0,-0.8091419406575782,0.3929774300471548,0.0,0.8091419406575782,0.8091419406575782,0.0,0.0,0.0,0.0,423980.0,3741.0,0.0,0.0,1.0,0.0,0.00237418,0.997626,0.5,0.0,102283000.0,906136.0,138.059,919.213,6.65812,118593.0,789604.0,859.0,512.154,5.92903,910.207,4.63193
normalized-clique-coloring-max-clique-n=12-t=4.opb,270.0,9069.0,270.0,1.0,7.999999999999999,8.0,0.0,1e+20,0.0,2765.0,5.000143,10.24074074074074,12.0,0.044444444444444446,0.20608041101101565,0.044444444444444446,0.0,0.044444444444444446,0.0,0.0,0.0,2.0895704162976085,9012.0,270.0,0.0,0.0,0.996005,0.00399467,0.000439754,0.99956,0.326881,1.0,64834700.0,-5537.33,-1.88362,1.50077,-0.79675,16433.7,-13093.5,-8724.51,-11056.8,179.152,0.497557,4.52675
normalized-j1207_6.std.opb,54508.0,112423.0,0.0,0.0,1e+20,1e+20,-1e+20,1e+20,0.0,0.0,5.001579,0.0,0.0,0.6198347107438017,11.126066629782756,0.004118503061420609,0.0,0.004118503061420609,0.0,0.0,0.0,0.0,234141.0,72842.0,0.00305372,0.839204,0.152617,0.00512512,0.000523103,0.999477,0.405868,1.0,110790000.0,-129212.0,65.4507,-87.7894,-1.3413,193080.0,-258979.0,2950.0,2688.06,15.8951,78.5548,4.59505
normalized-vertexcover_opt_grid_oddrowoddcolsquare_dim_091.opb,8281.0,16562.0,8281.0,1.0,4229.0,4229.0,4140.5,0.021374230165438955,0.0,8326.0,5.004181,1.0054341263132471,4.0,1.0,0.0,1.0,0.0,1.0,0.0,0.0,0.0,1.9998792489283341,16562.0,8281.0,0.0,1.0,0.0,0.0,0.2,0.8,1.0,1.0,134218000.0,79027.6,134.73,248.856,1.84707,31594.2,58356.7,234.5,27.5851,2.01915,62120.4,4.84271
normalized-vtxcov_v2000_e4000_1.opb.PB06.opb,1515.0,2929.0,1515.0,1.0,1085.0,1085.0,1003.0329765293674,0.08171917114255789,0.0,8121.0,5.002141,5.360396039603961,17.0,1.0,0.0,1.0,0.0,1.0,0.0,0.0,0.0,1.928102429415627,4000.0,1963.0,0.0,1.0,0.0,0.0,0.197029,0.802971,1.0,1.0,107558000.0,151913.0,31.1893,1.22169,0.0391702,143346.0,5614.89,4596.0,602.732,20.7265,109.756,4.80583
normalized-fir01_trarea_ac.opb,142.0,100.0,0.0,0.0,13949.0,13949.0,13949.0,0.0,0.0,10.0,0.010213,0.07042253521126761,3.0,918.3515625,768.7408697612666,0.59375,0.0,0.59375,0.0,0.0,0.0,0.0,351.0,256.0,0.011396,0.698006,0.225071,0.0655271,0.146435,0.853565,0.527088,1.0,106690000.0,85847.7,6.72993,96.7738,14.3796,5542.09,79693.2,823.5,499.115,5.70146,79.8163,0.100804
normalized-vtxcov_v2000_e4000_6.opb.PB06.opb,1524.0,2954.0,1524.0,1.0,1084.0,1084.0,1002.5,0.08129675810473816,0.0,9776.0,5.002337,6.414698162729659,18.0,1.0,0.0,1.0,0.0,1.0,0.0,0.0,0.0,1.9268054651919324,4000.0,1963.0,0.0,1.0,0.0,0.0,0.197029,0.802971,1.0,1.0,101447000.0,31088.3,30.3,-23.9909,-0.79178,134880.0,-106796.0,4451.5,591.763,19.759,405.409,4.80284
normalized-NG.dot_luby_10null50mast_rapportOE1.0_TMAX120_K192_cod2.opb,400896.0,400786.0,0.0,0.0,1e+20,1e+20,-1e+20,1e+20,0.0,0.0,5.4425989999999995,0.0,0.0,-2.2828090078224776,48.22333987467466,0.0,0.004003532088122605,0.004003532088122605,0.0,0.0,0.0,0.0,402763.0,400896.0,0.0,0.0607007,0.329586,0.609713,0.000685739,0.999314,0.63328,0.0,120796000.0,1624380.0,41009.7,168035.0,4.09745,389592.0,1596340.0,9.5,5.2,1.0,10840.0,4.45449
normalized-BA_RDC4.dot_unif_20null10mast_rapportOE2.0_TMAX120_K67_cod2.opb,30822.0,30891.0,0.0,0.0,1e+20,1e+20,-1e+20,1e+20,0.0,0.0,5.057603,0.0,0.0,-5.428560959523169,63.02414908020982,0.0,0.009502406136258152,0.009502406136258152,0.0,0.0,0.0,0.0,41436.0,40937.0,2.41336e-05,0.0940245,0.618013,0.287938,0.00173965,0.99826,0.598238,0.0,81383600.0,177743.0,210.11,142.565,0.678525,118923.0,80691.8,566.0,98.8614,4.26125,18720.5,4.78012
normalized-j12053_2.std.opb,51345.0,118605.0,0.0,0.0,1e+20,1e+20,-1e+20,1e+20,0.0,0.0,5.024368,0.0,0.0,0.6198347107438017,11.126066629782756,0.004118503061420609,0.0,0.004118503061420609,0.0,0.0,0.0,0.0,256255.0,72842.0,0.00336774,0.852389,0.13956,0.00468284,0.0004592,0.999541,0.390015,1.0,120382000.0,31898.4,42.792,-18.1533,-0.424222,169756.0,-72014.1,3967.0,3284.95,19.4592,-65.8748,4.62147
normalized-BA_RDC4.dot_fibo_20null10mast_rapportOE2.0_TMAX300_K67_cod1.opb,30423.0,30880.0,0.0,0.0,1e+20,1e+20,-1e+20,1e+20,0.0,0.0,5.063722,0.0,0.0,-1327.3976910335962,3107.086591555329,0.0,0.6346938270994537,0.6346938270994537,0.0,0.0,0.0,0.0,40950.0,40451.0,2.442e-05,0.0951404,0.625348,0.279487,0.103709,0.896291,0.455087,0.0,95064300.0,55091.2,153.532,-101.42,-0.660584,257549.0,-170133.0,1677.5,788.136,9.68385,-80.5232,4.54903
normalized-single-obj-f10-DCTotalLoss.seq-B-3-1-irabcde.opb,4724.0,10941.0,4724.0,1.0,1e+20,1e+20,178635408780.5238,1e+20,0.0,8556.0,5.008233,1.811176968670618,0.0,12577718.09637052,82502486.54878832,0.03126154414480975,0.0,0.03126154414480975,0.0,0.0,0.0,0.10289805659734061,79163.0,21656.0,0.0160428,0.65782,0.177709,0.148428,0.00344812,0.996552,0.454099,1.0,68342600.0,-83051.1,5.26124,13.0787,2.48586,46788.2,116309.0,8893.0,6866.56,37.7017,-2.6828,4.85547
normalized-BA_RDC4.dot_luby_0null50mast_rapportOE1.0_TMAX60_K67_cod3.opb,36184.0,36738.0,0.0,0.0,1e+20,1e+20,-1e+20,1e+20,0.0,0.0,5.070316,0.0,0.0,-102.90034856987467,124.1779769776331,0.0,0.7929593829571581,0.7929593829571581,0.0,0.0,0.0,0.0,40950.0,40451.0,2.442e-05,0.0951404,0.625348,0.279487,0.126304,0.873696,0.455087,0.0,105176000.0,242375.0,234.699,1420.94,6.05431,40016.3,242271.0,170.5,73.5,1.82456,31274.8,4.90473
normalized-BA_RDC4.dot_luby_0null0mast_rapportOE2.0_TMAX60_K67_cod2_pbEq1_newVersion_product.opb,52558.0,135477.0,0.0,0.0,1e+20,1e+20,-1e+20,1e+20,0.0,0.0,5.060354,0.0,0.0,-0.03060337332637802,0.867305832111908,0.0,0.008450704225352112,0.008450704225352112,0.0,0.0,0.0,0.0,149401.0,57510.0,6.6934e-06,0.752431,0.171404,0.0761575,0.0012156,0.998784,0.589766,0.0,97141900.0,40977.9,74.456,33.123,0.444867,61686.8,27442.4,828.5,171.281,5.63752,-6264.81,4.78996
normalized-BA_RDC4.dot_fibo_0null50mast_rapportOE2.0_TMAX60_K67_cod2_pbEq1_newVersion_ladder.opb,41220.0,41386.0,0.0,0.0,1e+20,1e+20,-1e+20,1e+20,0.0,0.0,5.095307,0.0,0.0,-35.15914512677996,605.7604700570503,0.0,0.005976242591180739,0.005976242591180739,0.0,0.0,0.0,0.0,201868.0,81322.0,4.95373e-06,0.622204,0.324167,0.0536242,0.000962876,0.999037,0.503992,0.0,96726200.0,1066400.0,115.766,1606.1,13.8737,76405.3,1060020.0,660.0,108.702,4.74868,13811.6,4.71623
normalized-BA_RDC4.dot_unif_20null0mast_rapportOE1.0_TMAX120_K67_cod2.opb,30840.0,30909.0,0.0,0.0,1e+20,1e+20,-1e+20,1e+20,0.0,0.0,5.038451,0.0,0.0,-4.884334465153773,57.519556119142294,0.0,0.009502406136258152,0.009502406136258152,0.0,0.0,0.0,0.0,41436.0,40937.0,2.41336e-05,0.0940245,0.618013,0.287938,0.00173965,0.99826,0.598238,0.0,85600600.0,-651535.0,132.396,-802.707,-6.06294,123658.0,-749729.0,934.0,309.104,6.41359,78.3363,4.6542
normalized-neos-831188.opb,4592.0,2297.0,4592.0,1.0,1e+20,1e+20,4998970.900311527,1e+20,0.0,25395.0,5.002652,5.5302700348432055,0.0,108412.76843018213,109702.80487282654,0.7523850823937555,0.0,0.7523850823937555,0.16176470588235295,0.5316537494860358,0.0,0.9645651173492867,2185.0,4612.0,0.0,0.493364,0.00549199,0.501144,0.235638,0.764362,0.804549,1.0,63278100.0,76819.4,1.6949,6.19637,3.65589,15231.2,55683.7,8986.5,4886.21,37.9012,-0.718146,4.91252
normalized-BA_RDC4.dot_fibo_50null0mast_rapportOE1.0_TMAX60_K67_cod3.opb,21789.0,22101.0,0.0,0.0,1e+20,1e+20,-1e+20,1e+20,0.0,0.0,5.01881,0.0,0.0,-374.47425279968354,1253.3988895973828,0.0,0.39647969147857903,0.39647969147857903,0.0,0.0,0.0,0.0,40950.0,40451.0,2.442e-05,0.0951404,0.625348,0.279487,0.0674089,0.932591,0.455087,0.0,115760000.0,821486.0,162.379,2735.76,16.848,47739.6,804315.0,294.0,134.793,2.78608,10339.0,4.87686
normalized-f20c10b_001_area_delay.opb,4760.0,16764.0,4760.0,1.0,35.0,35.0,26.172006745362566,0.3373067010309277,0.0,1745.0,5.00386,0.36659663865546216,2.0,0.48714777846479995,0.4998347931082931,0.48714777846479995,0.0,0.48714777846479995,0.0,0.0,0.0,0.23567364654818465,36630.0,11321.0,0.0283101,0.81294,0.00925471,0.149495,0.0589159,0.941084,0.364354,1.0,97823800.0,-13947.8,88.7301,-92.4482,-1.0419,123157.0,-128318.0,1388.0,391.58,8.73208,1813.58,4.7641
normalized-knapPI_5_10000_10000_5_-4687981.opb,50000.0,1270.0,50000.0,1.0,-2990260.0,-2990260.0,-299797745.0,99.25808625336927,0.0,1.0,5.478821,2e-05,3.0,-5995.9549,2891.2967043155554,0.0,1.0,1.0,0.0,0.0,0.0,196847.50985027582,1.0,50000.0,0.0,0.0,0.0,1.0,0.5,0.5,0.0,0.0,57546200.0,13072.7,1153.86,246.338,0.21349,51923.8,11085.2,45.0,3.07692,1.0,730198.0,4.92856
normalized-BA_RDC4.dot_unif_0null20mast_rapportOE1.0_TMAX180_K67_cod3.opb,36184.0,36738.0,0.0,0.0,1e+20,1e+20,-1e+20,1e+20,0.0,0.0,5.026365,0.0,0.0,-479.41410595535336,380.5923094370133,0.0,0.7929593829571581,0.7929593829571581,0.0,0.0,0.0,0.0,40950.0,40451.0,2.442e-05,0.0951404,0.625348,0.279487,0.126304,0.873696,0.455087,0.0,102978000.0,-105252.0,299.209,-376.625,-1.25874,301303.0,-379262.0,1007.0,322.965,6.84913,-1024.98,4.52464
normalized-BA_RDC4.dot_unif_10null0mast_rapportOE1.0_TMAX300_K67_cod2_pbEq1_newVersion_ladder.opb,55377.0,55556.0,0.0,0.0,1e+20,1e+20,-1e+20,1e+20,0.0,0.0,5.005743,0.0,0.0,-2.631956912028725,41.48613252324529,0.0,0.005385996409335727,0.005385996409335727,0.0,0.0,0.0,0.0,201868.0,81322.0,4.95373e-06,0.622204,0.324167,0.0536242,0.000867859,0.999132,0.503992,0.0,67241000.0,-60656.3,225.595,-311.916,-1.38264,114489.0,-158297.0,507.5,254.042,4.0315,2329.98,4.69004
normalized-NG.dot_fibo_20null10mast_rapportOE1.0_TMAX300_K192_cod2.opb,400896.0,400786.0,0.0,0.0,1e+20,1e+20,-1e+20,1e+20,0.0,0.0,5.408051,0.0,0.0,-7.430545577905492,251.94908627346058,0.0,0.0035595266602809704,0.0035595266602809704,0.0,0.0,0.0,0.0,402763.0,400896.0,0.0,0.0607007,0.329586,0.609713,0.000609734,0.99939,0.63328,0.0,133352000.0,3186560.0,4886.87,38991.0,7.97874,376289.0,3002310.0,77.0,23.2194,1.32903,3890.64,4.40124
normalized-BA_RDC4.dot_fibo_0null20mast_rapportOE2.0_TMAX15_K67_cod2_pbEq1_newVersion.opb,36668.0,36737.0,0.0,0.0,1e+20,1e+20,-1e+20,1e+20,0.0,0.0,5.040093,0.0,0.0,-34.34961037692064,563.3495182280024,0.0,0.011871900725505044,0.011871900725505044,0.0,0.0,0.0,0.0,40882.0,40937.0,2.44606e-05,0.0952742,0.626388,0.278313,0.00265914,0.997341,0.729932,0.0,93761300.0,-1105380.0,105.111,-1804.93,-17.1717,66377.7,-1139820.0,631.5,161.073,4.58861,5142.93,4.86557
normalized-BA_RDC4.dot_luby_20null20mast_rapportOE1.0_TMAX15_K67_cod1.opb,30463.0,30920.0,0.0,0.0,1e+20,1e+20,-1e+20,1e+20,0.0,0.0,5.024454,0.0,0.0,-42.331957182764334,92.82007488641453,0.0,0.6346938270994537,0.6346938270994537,0.0,0.0,0.0,0.0,40950.0,40451.0,2.442e-05,0.0951404,0.625348,0.279487,0.103709,0.896291,0.455087,0.0,116188000.0,907354.0,302.805,6778.35,22.3852,40424.4,904910.0,133.5,40.7873,1.62687,36555.5,4.91684
normalized-BA_RDC4.dot_fibo_20null20mast_rapportOE1.0_TMAX180_K67_cod2_pbEq1_newVersion_ladder.opb,75808.0,75980.0,0.0,0.0,1e+20,1e+20,-1e+20,1e+20,0.0,0.0,5.004069,0.0,0.0,-16.844027446447456,399.06091915443375,0.0,0.004783453432035611,0.004783453432035611,0.0,0.0,0.0,0.0,201868.0,81322.0,4.95373e-06,0.622204,0.324167,0.0536242,0.000770845,0.999229,0.503992,0.0,116216000.0,-734220.0,45.4328,-626.865,-13.7976,53497.1,-738133.0,1177.5,1164.46,7.7483,116.633,4.70335
normalized-BA_RDC4.dot_fibo_20null0mast_rapportOE1.0_TMAX60_K67_cod2_pbEq1_newVersion.opb,30846.0,30915.0,0.0,0.0,1e+20,1e+20,-1e+20,1e+20,0.0,0.0,5.037871,0.0,0.0,-10.369128172557833,217.32766291699758,0.0,0.009502406136258152,0.009502406136258152,0.0,0.0,0.0,0.0,40882.0,40937.0,2.44606e-05,0.0952742,0.626388,0.278313,0.00212953,0.99787,0.729932,0.0,93804100.0,2569150.0,214.15,6989.48,32.6382,77415.3,2526700.0,361.5,113.742,3.21823,6199.77,4.80842
normalized-BA_RDC4.dot_fibo_20null50mast_rapportOE2.0_TMAX60_K67_cod3.opb,30396.0,30853.0,0.0,0.0,1e+20,1e+20,-1e+20,1e+20,0.0,0.0,5.065111,0.0,0.0,-4543.800845467355,5250.331356211607,0.0,0.6346938270994537,0.6346938270994537,0.0,0.0,0.0,0.0,40950.0,40451.0,2.442e-05,0.0951404,0.625348,0.279487,0.103709,0.896291,0.455087,0.0,113569000.0,253056.0,226.099,1582.55,6.99937,36628.0,256373.0,162.0,25.7662,1.76923,127347.0,4.86054
normalized-domset_v500_e2000_w30_mw19_21.opb.PB06.opb,478.0,567.0,478.0,1.0,213.0,213.0,164.81031514848422,0.29239483468070404,0.0,16176.0,5.000234,33.84100418410042,53.0,1.0,0.0,1.0,0.0,1.0,0.0,0.0,0.0,37.538038496791934,478.0,478.0,0.0,0.0,0.0041841,0.995816,0.0999582,0.900042,1.0,1.0,77635400.0,79733.5,13.7167,-1.09929,-0.0801421,80750.4,-6471.5,5887.0,1573.25,26.6614,-44.6921,4.83985
normalized-BA_RDC4.dot_unif_0null10mast_rapportOE2.0_TMAX300_K67_cod2_pbEq1_newVersion_sequential.opb,71568.0,143199.0,0.0,0.0,1e+20,1e+20,-1e+20,1e+20,0.0,0.0,5.139697,0.0,0.0,-3.229888591033177,48.37948044311331,0.0,0.005976242591180739,0.005976242591180739,0.0,0.0,0.0,0.0,161483.0,81322.0,6.1926e-06,0.770954,0.15858,0.0704594,0.00114631,0.998854,0.504753,0.0,101985000.0,963888.0,182.883,1796.42,9.8228,95098.9,934138.0,520.0,216.025,4.06724,4048.6,4.76496
normalized-ii16a2.opb,3192.0,24922.0,3192.0,1.0,1e+20,1e+20,514.375,1e+20,0.0,7802.0,5.00318,2.444235588972431,0.0,1.0,0.0,1.0,0.0,1.0,0.0,0.0,0.0,1.8218809054722367,24883.0,3204.0,0.0,0.974882,0.0,0.0251176,0.0539666,0.946033,0.942955,1.0,114177000.0,193187.0,8.08134,28.603,3.53938,41994.7,148635.0,5196.5,3480.12,23.4684,-19.339,4.53446
normalized-BA_RDC4.dot_luby_10null0mast_rapportOE2.0_TMAX300_K67_cod2_pbEq1_newVersion_binary.opb,43616.0,288563.0,0.0,0.0,1e+20,1e+20,-1e+20,1e+20,0.0,0.0,5.065605,0.0,0.0,-0.03673369189225379,0.9754460162166381,0.0,0.009774822022361579,0.009774822022361579,0.0,0.0,0.0,0.0,297596.0,44809.0,3.36026e-06,0.875714,0.0860495,0.038233,0.000629178,0.999371,0.385501,0.0,108558000.0,240035.0,77.7887,192.084,2.46931,79305.6,195830.0,1019.5,841.096,6.95637,971.875,4.65252
normalized-j9026_5.std.opb,42035.0,93647.0,0.0,0.0,1e+20,1e+20,-1e+20,1e+20,0.0,0.0,5.011311,0.0,0.0,0.8241758241758241,12.823050507610667,0.0054762513234274035,0.0,0.0054762513234274035,0.0,0.0,0.0,0.0,184424.0,54782.0,0.00320457,0.844391,0.145897,0.00650675,0.000632426,0.999368,0.385969,1.0,110902000.0,-63753.5,-31.8957,29.0761,-0.9116,-184692.0,168365.0,5790.5,5062.91,26.2293,35.9651,4.69548
normalized-BA_RDC4.dot_luby_10null20mast_rapportOE1.0_TMAX120_K67_cod2.opb,33778.0,33847.0,0.0,0.0,1e+20,1e+20,-1e+20,1e+20,0.0,0.0,5.252884,0.0,0.0,-0.6394704057454137,12.48102739139742,0.0,0.010699367320516892,0.010699367320516892,0.0,0.0,0.0,0.0,41436.0,40937.0,2.41336e-05,0.0940245,0.618013,0.287938,0.00195836,0.998042,0.598238,0.0,81763500.0,1301480.0,238.258,2274.79,9.54761,126991.0,1212460.0,533.0,116.123,4.12559,-15683.8,4.81804
normalized-aries-da_network_20_2__17_12__128.opb,3635.0,1158.0,0.0,0.0,46877.0,46877.0,46877.0,0.0,0.0,3.0,0.78974,0.0008253094910591472,2.0,43461.256520046714,25819.9605398511,0.9964966913195796,0.0,0.9964966913195796,0.0,0.0,0.0,0.0,60.0,5138.0,0.0,0.0,0.0,1.0,0.24978,0.75022,0.665886,1.0,95684700.0,-44641.9,78.9037,-93.5604,-1.18575,232884.0,-276143.0,2951.5,570.519,15.9395,-423.856,4.69708
normalized-BA_RDC4.dot_luby_10null10mast_rapportOE1.0_TMAX120_K67_cod3.opb,33346.0,33853.0,0.0,0.0,1e+20,1e+20,-1e+20,1e+20,0.0,0.0,5.028396,0.0,0.0,-22.383970730019037,68.5007826702546,0.0,0.7146424068626239,0.7146424068626239,0.0,0.0,0.0,0.0,40950.0,40451.0,2.442e-05,0.0951404,0.625348,0.279487,0.115267,0.884733,0.455087,0.0,103398000.0,-771252.0,56.649,-721.098,-12.7292,62880.3,-800418.0,1110.0,467.688,7.41918,917.981,4.77177
normalized-minisat50_6_9_8_ic.opb,121375.0,475554.0,0.0,0.0,1e+20,1e+20,-1e+20,1e+20,0.0,0.0,8.418663,0.0,0.0,390424.7420127796,4144497.90305734,0.058706070287539935,0.00039936102236421724,0.05910543130990415,0.0,0.0,0.0,0.0,250157.0,125200.0,0.0,0.0295814,0.945106,0.0253121,0.00746947,0.992531,0.503865,0.993243,72777100.0,1606890.0,236.521,5615.52,23.7422,69892.0,1659390.0,295.5,131.725,2.78547,3634.83,4.72554
normalized-NG.dot_fibo_10null10mast_rapportOE1.0_TMAX120_K192_cod1.opb,365115.0,366610.0,0.0,0.0,1e+20,1e+20,-1e+20,1e+20,0.0,0.0,5.255479,0.0,0.0,-1554.5692397892326,3236.7929152459387,0.0,0.7680907412186524,0.7680907412186524,0.0,0.0,0.0,0.0,400980.0,399113.0,0.0,0.0609706,0.331051,0.607978,0.1161,0.8839,0.48797,0.0,134218000.0,538053.0,22342.9,11766.9,0.526651,368658.0,194154.0,16.5,0.0,1.0,0.0,4.37622
normalized-BA_RDC4.dot_luby_0null10mast_rapportOE2.0_TMAX15_K67_cod1.opb,36169.0,36736.0,0.0,0.0,1e+20,1e+20,-1e+20,1e+20,0.0,0.0,5.070516,0.0,0.0,-22.73966032978171,68.44870755404163,0.0,0.7929593829571581,0.7929593829571581,0.0,0.0,0.0,0.0,40950.0,40451.0,2.442e-05,0.0951404,0.625348,0.279487,0.126304,0.873696,0.455087,0.0,111585000.0,614481.0,424.348,4719.15,11.1209,53892.3,599332.0,127.0,26.3059,1.60392,83528.3,4.87151
normalized-single-obj-f6-ACTotalLoss.seq-A-2-2-irEDCBA.opb,1936.0,4197.0,1936.0,1.0,4408875304.0,4408875304.0,4036689364.1108656,0.09220078790261665,0.0,20379.0,5.009097,10.526342975206612,3.0,8128990.897077838,33094186.343204245,0.05766744246185674,0.038789759503491075,0.09645720196534781,5.369928400954654e+98,4.986296519278325e+98,0.0,0.21076766304347827,10849.0,3867.0,0.00562264,0.672873,0.27173,0.0497742,0.0137142,0.986286,0.498863,0.597855,60577100.0,-214014.0,9.81544,37.6845,3.83931,47241.7,181375.0,4813.0,1351.07,22.4573,108.728,4.42988
normalized-BA_RDC4.dot_unif_10null20mast_rapportOE2.0_TMAX60_K67_cod2.opb,33756.0,33825.0,0.0,0.0,1e+20,1e+20,-1e+20,1e+20,0.0,0.0,5.220553,0.0,0.0,-6.631555805261744,72.09563295094932,0.0,0.010699367320516892,0.010699367320516892,0.0,0.0,0.0,0.0,41436.0,40937.0,2.41336e-05,0.0940245,0.618013,0.287938,0.00195836,0.998042,0.598238,0.0,96617100.0,-290082.0,47.3443,-278.917,-5.89125,51605.3,-304020.0,1090.0,140.392,7.33517,-1689.38,4.8163
normalized-j12058_5.std.opb,50837.0,119281.0,0.0,0.0,1e+20,1e+20,-1e+20,1e+20,0.0,0.0,5.005448,0.0,0.0,0.6198347107438017,11.126066629782756,0.004118503061420609,0.0,0.004118503061420609,0.0,0.0,0.0,0.0,256002.0,72842.0,0.00337107,0.852466,0.139475,0.00468746,0.000435574,0.999564,0.369572,1.0,119205000.0,78950.4,33.225,14.4438,0.434726,101718.0,44219.7,3061.5,2580.76,16.3553,122.827,4.65841
normalized-ped2.G.recomb10-0.10-8.opb,210988.0,2593033.0,0.0,0.0,1e+20,1e+20,-1e+20,1e+20,0.0,0.0,5.002189,0.0,0.0,50.431291894467215,163.57163118560914,0.08953210277794812,0.0,0.08953210277794812,0.0,0.0,0.0,0.0,2595228.0,211991.0,0.0235317,0.612687,0.36356,0.000221946,0.00303246,0.996968,0.69549,1.0,0.0,0.0,0.0,0.0,0.0,0.0,0.0,0.0,0.0,0.0,0.0,4.92712
normalized-BA_RDC4.dot_luby_10null50mast_rapportOE2.0_TMAX15_K67_cod2_pbEq1_newVersion_sequential.opb,72824.0,145712.0,0.0,0.0,1e+20,1e+20,-1e+20,1e+20,0.0,0.0,5.127002,0.0,0.0,-0.7714763532623399,13.974687490849213,0.0,0.005385996409335727,0.005385996409335727,0.0,0.0,0.0,0.0,161483.0,81322.0,6.1926e-06,0.770954,0.15858,0.0704594,0.00103321,0.998967,0.504753,0.0,101991000.0,790601.0,122.498,1414.01,11.5432,68047.4,785482.0,555.5,127.397,4.20324,5500.05,4.7979
normalized-j6029_2.std.opb,27623.0,61703.0,0.0,0.0,1e+20,1e+20,-1e+20,1e+20,0.0,0.0,5.007308,0.0,0.0,1.2295081967213115,15.646078901885646,0.008169489679211371,0.0,0.008169489679211371,0.0,0.0,0.0,0.0,123567.0,36722.0,0.00318046,0.84109,0.146018,0.00971133,0.000896368,0.999104,0.365451,1.0,108610000.0,50441.4,25.7292,-9.45667,-0.367547,126819.0,-46612.0,4929.0,4677.34,22.9,-27.4822,4.74841
normalized-sporttournament50.lin.opb,3625.0,2403.0,3625.0,1.0,-432.0,-432.0,-686.6796875,0.5895363136574074,0.0,13746.0,5.000713,3.792,6.0,0.0,1.0297639501863756,0.46013793103448275,0.4033103448275862,0.863448275862069,0.0,0.0,0.0,0.4397087820415592,4800.0,3625.0,0.0,0.0,1.0,0.0,0.178551,0.821449,0.5,0.532907,90573000.0,278083.0,174.689,-46.3171,-0.265141,378376.0,-100323.0,2166.0,221.668,12.0037,-546.27,4.64372
normalized-BA_RDC4.dot_fibo_50null20mast_rapportOE1.0_TMAX60_K67_cod2_pbEq1_newVersion.opb,21928.0,21993.0,0.0,0.0,1e+20,1e+20,-1e+20,1e+20,0.0,0.0,5.009358,0.0,0.0,-29.647433861787626,547.122569763129,0.0,0.005935950362752522,0.005935950362752522,0.0,0.0,0.0,0.0,40882.0,40937.0,2.44606e-05,0.0952742,0.626388,0.278313,0.00133134,0.998669,0.729932,0.0,99073300.0,511698.0,55.7327,478.431,8.58439,57014.5,489435.0,1023.0,210.13,6.97313,-1472.0,4.87707
normalized-BA_RDC4.dot_luby_50null10mast_rapportOE2.0_TMAX180_K67_cod2_pbEq1_newVersion_ladder.opb,67741.0,67970.0,0.0,0.0,1e+20,1e+20,-1e+20,1e+20,0.0,0.0,5.012124,0.0,0.0,-0.1602149479845552,6.242301334972625,0.0,0.0029881212955903693,0.0029881212955903693,0.0,0.0,0.0,0.0,201868.0,81322.0,4.95373e-06,0.622204,0.324167,0.0536242,0.00048167,0.999518,0.503992,0.0,95165700.0,-4941230.0,495.687,-28239.6,-56.9705,87488.8,-4984280.0,176.5,45.6525,1.87006,19289.0,4.72485
normalized-BA_RDC4.dot_unif_10null50mast_rapportOE1.0_TMAX180_K67_cod3.opb,33336.0,33843.0,0.0,0.0,1e+20,1e+20,-1e+20,1e+20,0.0,0.0,5.054034,0.0,0.0,-552.3484215470569,441.6059765271858,0.0,0.7146424068626239,0.7146424068626239,0.0,0.0,0.0,0.0,40950.0,40451.0,2.442e-05,0.0951404,0.625348,0.279487,0.115267,0.884733,0.455087,0.0,122417000.0,1774090.0,583.558,3644.86,6.24592,248596.0,1552710.0,426.0,104.354,3.63189,13570.7,4.60118
normalized-50-750-false-45-90-4-5000opt.opb,1431.0,25668.0,1431.0,1.0,-36.0,-36.0,-257.0,6.138888888888889,0.0,7912.0,5.001219,5.52900069881202,4.0,-0.15654320987654322,0.6574833434379449,0.0,0.06666666666666667,0.06666666666666667,0.0,0.0,0.0,2.125194946974423,30912.0,2025.0,0.0,0.0378494,0.962151,0.0,0.00147218,0.998528,0.326781,0.0,50705800.0,2974.67,2.59504,-3.41208,-1.31485,45492.4,-59815.5,17530.5,14766.5,65.7396,2.44776,4.84683
normalized-NG.dot_unif_20null0mast_rapportOE1.0_TMAX60_K192_cod2.opb,400896.0,400786.0,0.0,0.0,1e+20,1e+20,-1e+20,1e+20,0.0,0.0,5.254341,0.0,0.0,-1.776433289431673,34.31990873708815,0.0,0.0035595266602809704,0.0035595266602809704,0.0,0.0,0.0,0.0,402763.0,400896.0,0.0,0.0607007,0.329586,0.609713,0.000609734,0.99939,0.63328,0.0,120333000.0,3344980.0,15073.3,114638.0,7.60536,429589.0,3267180.0,28.5,11.6897,1.0,26136.2,4.2485
normalized-NG.dot_fibo_50null0mast_rapportOE2.0_TMAX300_K192_cod1.opb,228932.0,229714.0,0.0,0.0,1e+20,1e+20,-1e+20,1e+20,0.0,0.0,5.293294,0.0,0.0,-350.2043932420142,1140.7533973020331,0.0,0.4268765988579675,0.4268765988579675,0.0,0.0,0.0,0.0,400980.0,399113.0,0.0,0.0609706,0.331051,0.607978,0.068033,0.931967,0.48797,0.0,134218000.0,454827.0,52722.4,17406.8,0.330159,369057.0,121847.0,7.0,0.0,1.0,0.0,4.28442
normalized-BA_RDC4.dot_fibo_10null50mast_rapportOE1.0_TMAX180_K67_cod2.opb,33747.0,33816.0,0.0,0.0,1e+20,1e+20,-1e+20,1e+20,0.0,0.0,5.238331,0.0,0.0,-69.44859173852505,850.7903823887285,0.0,0.010699367320516892,0.010699367320516892,0.0,0.0,0.0,0.0,41436.0,40937.0,2.41336e-05,0.0940245,0.618013,0.287938,0.00195836,0.998042,0.598238,0.0,92332600.0,112298.0,66.3357,2.4765,0.0373329,139305.0,5200.66,2100.0,911.144,11.7001,413.022,4.784
normalized-NG.dot_unif_20null50mast_rapportOE1.0_TMAX300_K192_cod2.opb,400896.0,400786.0,0.0,0.0,1e+20,1e+20,-1e+20,1e+20,0.0,0.0,5.480695,0.0,0.0,-2.8861051245210727,51.513319495336404,0.0,0.0035595266602809704,0.0035595266602809704,0.0,0.0,0.0,0.0,402763.0,400896.0,0.0,0.0607007,0.329586,0.609713,0.000609734,0.99939,0.63328,0.0,134218000.0,1449690.0,108705.0,400498.0,3.68427,380467.0,1401740.0,3.5,1.875,1.0,27088.3,4.45549
normalized-neos-957143.opb,57705.0,1715.0,0.0,0.0,0.0,0.0,-1e+20,1e+20,0.0,0.0,5.028478,0.0,1.0,-8656.89017591246,484.8570132143477,0.0007791398296280906,0.9968834406814876,0.9976625805111158,0.0,0.0,0.0,0.0,2767.0,57756.0,0.0,0.0,0.0,1.0,0.103766,0.896234,0.165833,0.000780965,120185000.0,724622.0,361.527,2134.12,5.90308,107012.0,631701.0,296.0,80.5329,2.80101,7603.17,4.69506
normalized-BA_RDC4.dot_luby_0null10mast_rapportOE2.0_TMAX120_K67_cod3.opb,36184.0,36738.0,0.0,0.0,1e+20,1e+20,-1e+20,1e+20,0.0,0.0,5.038571,0.0,0.0,-22.496551383154927,68.33017370983183,0.0,0.7929593829571581,0.7929593829571581,0.0,0.0,0.0,0.0,40950.0,40451.0,2.442e-05,0.0951404,0.625348,0.279487,0.126304,0.873696,0.455087,0.0,100409000.0,120181.0,533.385,-393.235,-0.737244,528051.0,-389303.0,990.0,405.815,6.75366,-1889.21,4.46586
normalized-BA_RDC4.dot_fibo_0null10mast_rapportOE1.0_TMAX120_K67_cod2.opb,36668.0,36737.0,0.0,0.0,1e+20,1e+20,-1e+20,1e+20,0.0,0.0,5.016883,0.0,0.0,-22.640105528006448,429.59224407466587,0.0,0.011871900725505044,0.011871900725505044,0.0,0.0,0.0,0.0,41436.0,40937.0,2.41336e-05,0.0940245,0.618013,0.287938,0.0021725,0.997827,0.598238,0.0,84025900.0,162800.0,58.6529,78.9408,1.3459,84430.8,113635.0,1439.5,488.704,8.88854,-140.483,4.81739
normalized-fir08_area_delay.opb,63427.0,387918.0,0.0,0.0,1e+20,1e+20,-1e+20,1e+20,0.0,0.0,5.173349,0.0,0.0,0.4930159543794451,0.49995122072735265,0.4930159543794451,0.0,0.4930159543794451,0.0,0.0,0.0,0.0,521620.0,124856.0,0.000151451,0.618952,0.282075,0.098821,0.0424467,0.957553,0.311994,1.0,124088000.0,2146260.0,4094.03,38859.0,9.49162,214937.0,2040100.0,52.5,15.8019,1.0566,159695.0,4.35635
normalized-NG.dot_luby_50null10mast_rapportOE2.0_TMAX15_K192_cod2.opb,400896.0,400786.0,0.0,0.0,1e+20,1e+20,-1e+20,1e+20,0.0,0.0,5.299258,0.0,0.0,-0.462543901660281,21.57825844053356,0.0,0.002225015964240102,0.002225015964240102,0.0,0.0,0.0,0.0,402763.0,400896.0,0.0,0.0607007,0.329586,0.609713,0.000381224,0.999619,0.63328,0.0,134218000.0,492477.0,369046.0,258792.0,0.701246,369046.0,258792.0,1.0,1.0,1.0,2.33333,4.39662
normalized-rand18b530.cudf.paranoid.opb,1582.0,2006.0,0.0,0.0,6563.0,6563.0,6563.0,0.0,0.0,259.0,2.513231,0.16371681415929204,6.0,151.94390243902438,465.3496845478814,0.3709059233449477,0.0,0.3709059233449477,0.0,0.0,0.0,0.0,25674.0,5740.0,0.000506349,0.478305,0.366051,0.155137,0.0281916,0.971808,0.567748,1.0,121229000.0,329176.0,254.036,2440.16,9.60555,31373.5,301359.0,123.5,111.105,1.59677,212.236,0.208566
normalized-autocorr_bern35-04.lin.opb,263.0,749.0,263.0,1.0,-96.0,-96.0,-210.71878070537565,1.1949872990143298,0.0,17483.0,5.000167,66.47528517110266,86.0,0.0,11.421412749809933,0.49809885931558934,0.5019011406844106,1.0,0.0,0.0,0.0,7.799498746867168,456.0,263.0,0.0,0.0,0.434211,0.565789,0.134665,0.865335,0.5,0.498099,72021200.0,-118438.0,3.06219,15.752,5.14401,24032.1,123621.0,7848.0,6063.84,34.5437,-13.5319,4.90699
normalized-BA_RDC4.dot_luby_20null0mast_rapportOE1.0_TMAX180_K67_cod2_pbEq1_newVersion_ladder.opb,75611.0,75841.0,0.0,0.0,1e+20,1e+20,-1e+20,1e+20,0.0,0.0,5.014822,0.0,0.0,-0.017486043137158458,0.665743987408156,0.0,0.004783453432035611,0.004783453432035611,0.0,0.0,0.0,0.0,201868.0,81322.0,4.95373e-06,0.622204,0.324167,0.0536242,0.000770845,0.999229,0.503992,0.0,107718000.0,193667.0,38.1301,149.043,3.9088,49130.6,192042.0,1288.5,1240.1,8.3045,130.399,4.77685
normalized-BA_RDC4.dot_luby_0null20mast_rapportOE2.0_TMAX180_K67_cod2_pbEq1_newVersion_product.opb,52558.0,135477.0,0.0,0.0,1e+20,1e+20,-1e+20,1e+20,0.0,0.0,5.045122,0.0,0.0,-0.457207442183968,10.536843795025076,0.0,0.008450704225352112,0.008450704225352112,0.0,0.0,0.0,0.0,149401.0,57510.0,6.6934e-06,0.752431,0.171404,0.0761575,0.0012156,0.998784,0.589766,0.0,102637000.0,498840.0,361.403,1013.01,2.80299,144200.0,404191.0,399.0,126.914,3.49312,13842.0,4.71825
normalized-BA_RDC4.dot_fibo_10null50mast_rapportOE2.0_TMAX300_K67_cod2_pbEq1_newVersion_ladder.opb,54933.0,55135.0,0.0,0.0,1e+20,1e+20,-1e+20,1e+20,0.0,0.0,5.005812,0.0,0.0,-34.751826074125084,603.9694533499528,0.0,0.005385996409335727,0.005385996409335727,0.0,0.0,0.0,0.0,201868.0,81322.0,4.95373e-06,0.622204,0.324167,0.0536242,0.000867859,0.999132,0.503992,0.0,117004000.0,-804658.0,85.8395,-819.723,-9.54948,88972.7,-849643.0,1036.5,1012.18,7.00723,188.913,4.67796
normalized-factor-size=9-P=41-Q=347.opb,70.0,85.0,0.0,0.0,41.0,41.0,41.0,0.0,0.0,57.0,0.027089,0.8142857142857143,1.0,5.161616161616162,29.257376543984705,0.09090909090909091,0.0,0.09090909090909091,0.0,0.0,0.0,0.0,244.0,99.0,0.0,0.663934,0.331967,0.00409836,0.0136986,0.986301,0.5,1.0,118879000.0,458.086,1.79328,29.0454,16.1968,30.4857,493.771,17.0,9.22857,1.0,50.4118,0.00222
normalized-BA_RDC4.dot_luby_10null10mast_rapportOE1.0_TMAX300_K67_cod2_pbEq1_newVersion_binary.opb,43616.0,288563.0,0.0,0.0,1e+20,1e+20,-1e+20,1e+20,0.0,0.0,5.057984,0.0,0.0,-0.3050056908210404,8.424520088036497,0.0,0.009774822022361579,0.009774822022361579,0.0,0.0,0.0,0.0,297596.0,44809.0,3.36026e-06,0.875714,0.0860495,0.038233,0.000629178,0.999371,0.385501,0.0,101331000.0,-682978.0,83.0596,-890.034,-10.7156,66738.4,-715142.0,803.5,403.395,5.574,-3045.64,4.6799
normalized-NG.dot_luby_50null10mast_rapportOE2.0_TMAX15_K192_cod1.opb,228932.0,229714.0,0.0,0.0,1e+20,1e+20,-1e+20,1e+20,0.0,0.0,5.158966,0.0,0.0,-88.7568332777935,285.5583356069215,0.0,0.4268765988579675,0.4268765988579675,0.0,0.0,0.0,0.0,400980.0,399113.0,0.0,0.0609706,0.331051,0.607978,0.068033,0.931967,0.48797,0.0,134218000.0,712892.0,245945.0,350309.0,1.42434,368918.0,525463.0,1.5,0.0,1.0,0.0,4.4541
normalized-BA_RDC4.dot_fibo_50null10mast_rapportOE2.0_TMAX180_K67_cod3.opb,21757.0,22084.0,0.0,0.0,1e+20,1e+20,-1e+20,1e+20,0.0,0.0,5.003631,0.0,0.0,-1145.2062989790115,3040.60376288534,0.0,0.39647969147857903,0.39647969147857903,0.0,0.0,0.0,0.0,40950.0,40451.0,2.442e-05,0.0951404,0.625348,0.279487,0.0674089,0.932591,0.455087,0.0,115179000.0,14281.1,187.081,-139.746,-0.74698,146297.0,-109281.0,782.0,258.37,5.45112,-3301.48,4.71709
normalized-BA_RDC4.dot_unif_10null20mast_rapportOE2.0_TMAX15_K67_cod2_pbEq1_newVersion_ladder.opb,55493.0,55676.0,0.0,0.0,1e+20,1e+20,-1e+20,1e+20,0.0,0.0,5.005978,0.0,0.0,-3.2768008656944,50.624530449243956,0.0,0.005385996409335727,0.005385996409335727,0.0,0.0,0.0,0.0,201868.0,81322.0,4.95373e-06,0.622204,0.324167,0.0536242,0.000867859,0.999132,0.503992,0.0,99035900.0,-330379.0,120.115,-736.154,-6.12873,51949.8,-318386.0,432.5,66.843,3.69053,10641.7,4.74537
normalized-mps-v2-20-10-ran10x26.opb,3830.0,1303.0,3830.0,1.0,33524784.0,33524784.0,4047088.270240043,7.28367995986694,0.0,9862.0,5.049532,2.5749347258485638,1.0,198501077.1272953,691327632.8647982,1.0,0.0,1.0,-6.781684027777778e-05,0.00023453255840102247,-0.00048828125,276.9054794520548,296.0,8060.0,0.0,0.0,0.0,1.0,0.254098,0.745902,0.67033,1.0,50524500.0,-316388.0,32.2591,-236.159,-7.32069,49130.7,-359670.0,1523.0,687.782,9.18182,154.8,4.83919
normalized-clique-coloring-max-clique-n=19-t=2.opb,570.0,58876.0,570.0,1.0,17.0,17.0,0.0,1e+20,0.0,1541.0,5.004189,2.7035087719298247,2.0,0.03225806451612903,0.17668469596940845,0.03225806451612903,0.0,0.03225806451612903,0.0,0.0,0.0,1.9985390796201608,58881.0,589.0,0.0,0.000322685,0.999032,0.000645369,0.000107181,0.999893,0.332297,1.0,93837900.0,22455.0,-0.46553,0.789394,-1.69569,14847.9,-25177.5,-31894.7,32115.6,108.059,0.704182,4.53649
normalized-BA_RDC4.dot_fibo_50null0mast_rapportOE1.0_TMAX180_K67_cod2.opb,22023.0,22092.0,0.0,0.0,1e+20,1e+20,-1e+20,1e+20,0.0,0.0,5.076007,0.0,0.0,-4.538021838434668,134.21783731769654,0.0,0.005935950362752522,0.005935950362752522,0.0,0.0,0.0,0.0,41436.0,40937.0,2.41336e-05,0.0940245,0.618013,0.287938,0.00108743,0.998913,0.598238,0.0,0.0,0.0,0.0,0.0,0.0,0.0,0.0,0.0,0.0,0.0,0.0,5.0
normalized-BA_RDC4.dot_fibo_50null10mast_rapportOE1.0_TMAX15_K67_cod2_pbEq1_newVersion_binary.opb,43616.0,288563.0,0.0,0.0,1e+20,1e+20,-1e+20,1e+20,0.0,0.0,5.052971,0.0,0.0,-16.24300921689839,385.96930861133126,0.0,0.005423017697337588,0.005423017697337588,0.0,0.0,0.0,0.0,297596.0,44809.0,3.36026e-06,0.875714,0.0860495,0.038233,0.000349163,0.999651,0.385501,0.0,99305000.0,-609077.0,108.782,-978.133,-8.99168,72503.2,-651925.0,666.5,202.253,4.78336,5242.2,4.64873
normalized-m4.r.opb,259.0,226.0,0.0,0.0,90.0,90.0,90.0,0.0,1.0,424.0,0.28406899999999996,1.6370656370656371,10.0,1.0,0.0,1.0,0.0,1.0,0.0,0.0,0.0,0.0,759.0,652.0,0.0,0.0210804,0.0500659,0.928854,0.0659052,0.934095,1.0,1.0,111805000.0,83881.1,12.2008,52.4644,4.30008,15665.8,67364.3,1284.0,153.211,8.23861,2684.11,0.386076
normalized-frb40-19-1.opb,760.0,41314.0,760.0,1.0,-29.0,-29.0,-299.0,9.310344827586206,0.0,1453.0,5.001844,1.9118421052631578,7.0,-1.0,0.0,0.0,1.0,1.0,0.0,0.0,0.0,2.007512621687562,41314.0,760.0,0.0,1.0,0.0,0.0,0.00911402,0.990886,0.0,0.0,54621200.0,-104950.0,-7.34295,-4.25664,0.579691,-72170.2,-41836.4,9828.5,5982.75,40.0768,8.20356,4.78678
normalized-NG.dot_unif_20null20mast_rapportOE1.0_TMAX300_K192_cod2.opb,400896.0,400786.0,0.0,0.0,1e+20,1e+20,-1e+20,1e+20,0.0,0.0,5.381885,0.0,0.0,-2.234781589240102,42.28026154926011,0.0,0.0035595266602809704,0.0035595266602809704,0.0,0.0,0.0,0.0,402763.0,400896.0,0.0,0.0607007,0.329586,0.609713,0.000609734,0.99939,0.63328,0.0,93206800.0,3763270.0,7259.01,70287.9,9.68284,388357.0,3760400.0,53.5,1.94444,1.07407,1365730.0,4.3998
normalized-NG.dot_luby_50null10mast_rapportOE2.0_TMAX300_K192_cod2.opb,400896.0,400786.0,0.0,0.0,1e+20,1e+20,-1e+20,1e+20,0.0,0.0,5.342079,0.0,0.0,-0.46240670897190295,21.583916696199786,0.0,0.002225015964240102,0.002225015964240102,0.0,0.0,0.0,0.0,402763.0,400896.0,0.0,0.0607007,0.329586,0.609713,0.000381224,0.999619,0.63328,0.0,134218000.0,1813790.0,12410.4,54425.3,4.38546,372312.0,1632760.0,30.0,27.9672,1.0,2524.99,4.41309
normalized-mps-v2-20-10-railway_8_1_0.opb,16655.0,3447.0,16655.0,1.0,1e+20,1e+20,406528.0,1e+20,0.0,9415.0,5.031102,0.5652957069948964,0.0,54369.592900187374,4411189.287736448,0.0015192181090798603,0.0052159821745075205,0.00673520028358738,9.999999999999998e+98,1.2141680576410807e+83,1e+99,364960115.02916765,3145.0,19747.0,0.0,0.0,0.0,1.0,0.000901084,0.999099,0.434701,0.225564,77564600.0,68056.0,141.327,-83.4078,-0.590177,177718.0,-104885.0,1257.5,93.6343,8.19634,1799.65,4.423
normalized-NG.dot_fibo_20null10mast_rapportOE2.0_TMAX300_K192_cod1.opb,331117.0,332434.0,0.0,0.0,1e+20,1e+20,-1e+20,1e+20,0.0,0.0,5.647251,0.0,0.0,-1520.3487633828013,3234.9397383811292,0.0,0.6829068459308517,0.6829068459308517,0.0,0.0,0.0,0.0,400980.0,399113.0,0.0,0.0609706,0.331051,0.607978,0.104571,0.895429,0.48797,0.0,134218000.0,477004.0,36860.2,12110.2,0.328543,368602.0,121102.0,10.0,0.0,1.0,0.0,4.36661
normalized-BA_RDC4.dot_fibo_10null10mast_rapportOE2.0_TMAX300_K67_cod2_pbEq1_newVersion_ladder.opb,44305.0,44478.0,0.0,0.0,1e+20,1e+20,-1e+20,1e+20,0.0,0.0,5.194167,0.0,0.0,-10.665613241189346,298.65388650066245,0.0,0.005385996409335727,0.005385996409335727,0.0,0.0,0.0,0.0,201868.0,81322.0,4.95373e-06,0.622204,0.324167,0.0536242,0.000867859,0.999132,0.503992,0.0,115095000.0,-240344.0,52.0101,-182.016,-3.49963,77911.1,-272660.0,1498.0,1455.9,9.09943,166.909,4.732
normalized-NG.dot_luby_50null20mast_rapportOE2.0_TMAX120_K192_cod1.opb,228932.0,229714.0,0.0,0.0,1e+20,1e+20,-1e+20,1e+20,0.0,0.0,5.299845,0.0,0.0,-175.59128617709771,384.544510618435,0.0,0.4268765988579675,0.4268765988579675,0.0,0.0,0.0,0.0,400980.0,399113.0,0.0,0.0609706,0.331051,0.607978,0.068033,0.931967,0.48797,0.0,134218000.0,452042.0,33510.4,8474.95,0.252905,368614.0,93224.5,11.0,0.0,1.0,0.0,4.38272
normalized-BA_RDC4.dot_fibo_10null10mast_rapportOE2.0_TMAX60_K67_cod3.opb,33355.0,33862.0,0.0,0.0,1e+20,1e+20,-1e+20,1e+20,0.0,0.0,5.064198,0.0,0.0,-1392.8527354082717,3096.112715445625,0.0,0.7146424068626239,0.7146424068626239,0.0,0.0,0.0,0.0,40950.0,40451.0,2.442e-05,0.0951404,0.625348,0.279487,0.115267,0.884733,0.455087,0.0,114990000.0,257257.0,198.084,1476.71,7.45498,35159.9,262116.0,177.5,34.2135,1.8764,76672.2,4.8907
normalized-NG.dot_fibo_10null10mast_rapportOE1.0_TMAX15_K192_cod1.opb,365115.0,366610.0,0.0,0.0,1e+20,1e+20,-1e+20,1e+20,0.0,0.0,5.042455,0.0,0.0,-1545.8632542663356,3220.571443240808,0.0,0.7680907412186524,0.7680907412186524,0.0,0.0,0.0,0.0,400980.0,399113.0,0.0,0.0609706,0.331051,0.607978,0.1161,0.8839,0.48797,0.0,134218000.0,519586.0,33510.0,14704.4,0.438805,368610.0,161748.0,11.0,0.0,1.0,0.0,4.31363
normalized-OGR_17.opb,7089.0,8463.0,7089.0,1.0,1e+20,1e+20,16.0,1e+20,0.0,14720.0,5.008095,2.0764564818733247,0.0,0.07208350966285795,3.510140185232406,0.0012695725772323319,0.0,0.0012695725772323319,1.0000000000000002e+99,2.4283361152821613e+83,1e+99,1.151694014874277,13888.0,7089.0,0.0,0.0,0.0,1.0,1.907e-05,0.999981,0.5,1.0,119267000.0,-237588.0,7.96863,-94.0202,-11.7988,21957.6,-259073.0,2755.5,782.794,14.9868,169.852,4.91893
normalized-j1207_8.std.opb,59115.0,125879.0,0.0,0.0,1e+20,1e+20,-1e+20,1e+20,0.0,0.0,5.023118,0.0,0.0,0.6198347107438017,11.126066629782756,0.004118503061420609,0.0,0.004118503061420609,0.0,0.0,0.0,0.0,234505.0,72842.0,0.00304898,0.839095,0.152739,0.00511716,0.000522363,0.999478,0.405928,1.0,114022000.0,-22576.1,64.9851,-54.0584,-0.831858,250452.0,-208341.0,3854.0,3493.83,19.1409,74.4068,4.56566
normalized-j12054_4.std.opb,49625.0,114623.0,0.0,0.0,1e+20,1e+20,-1e+20,1e+20,0.0,0.0,5.019136,0.0,0.0,0.6198347107438017,11.126066629782756,0.004118503061420609,0.0,0.004118503061420609,0.0,0.0,0.0,0.0,256291.0,72842.0,0.00336727,0.852328,0.139623,0.00468218,0.000459135,0.999541,0.390015,1.0,115814000.0,207862.0,35.441,47.8118,1.34905,116938.0,157755.0,3299.5,2670.72,17.3412,117.155,4.6729
normalized-BA_RDC4.dot_unif_0null20mast_rapportOE1.0_TMAX15_K67_cod3.opb,36184.0,36738.0,0.0,0.0,1e+20,1e+20,-1e+20,1e+20,0.0,0.0,5.069435,0.0,0.0,-482.1193048379521,383.26435163010916,0.0,0.7929593829571581,0.7929593829571581,0.0,0.0,0.0,0.0,40950.0,40451.0,2.442e-05,0.0951404,0.625348,0.279487,0.126304,0.873696,0.455087,0.0,103570000.0,787238.0,349.363,6167.87,17.6546,44194.4,780235.0,126.5,30.4567,1.6063,52373.2,4.87975
normalized-BA_RDC4.dot_luby_10null0mast_rapportOE1.0_TMAX60_K67_cod2_pbEq1_newVersion.opb,33794.0,33863.0,0.0,0.0,1e+20,1e+20,-1e+20,1e+20,0.0,0.0,5.251594,0.0,0.0,-0.03776534675232675,0.9886081318695172,0.0,0.010699367320516892,0.010699367320516892,0.0,0.0,0.0,0.0,40882.0,40937.0,2.44606e-05,0.0952742,0.626388,0.278313,0.00239714,0.997603,0.729932,0.0,95005500.0,-1053680.0,76.8015,-1208.9,-15.7406,68967.7,-1085590.0,898.0,210.123,6.20479,-473.272,4.84032
normalized-vertexcover_opt_grid_oddrowoddcolsquare_dim_065.opb,4225.0,8450.0,4225.0,1.0,2175.0,2175.0,2119.5,0.026185421089879687,0.0,7513.0,5.141581,1.778224852071006,6.0,1.0,0.0,1.0,0.0,1.0,0.0,0.0,0.0,1.993629821870945,8450.0,4225.0,0.0,1.0,0.0,0.0,0.2,0.8,1.0,1.0,106504000.0,112631.0,22.2104,88.9022,4.00273,23276.5,93169.6,1048.0,161.545,6.69433,-3375.42,4.88144
normalized-10:20:4.5:0.95:100.opb,930.0,1088.0,0.0,0.0,1.0,1.0,1.0,0.0,0.0,5378.0,3.943557,5.7827956989247316,6.0,1.60813704496788,17.959524387622647,0.9989293361884368,0.0010706638115631692,1.0,0.0,0.0,0.0,0.0,1063.0,934.0,0.000940734,0.821261,0.0028222,0.174976,0.198091,0.801909,0.769638,0.998929,104136000.0,39865.4,8.92545,-2.25072,-0.252169,47206.7,-11904.1,5289.0,816.06,24.373,-148.222,4.86642
normalized-knapPI_5_2000_10000_5_-952740.opb,0.0,15.0,0.0,0.0,-1487946.0,-1487946.0,-1487946.0,0.0,0.0,199.0,1.880372,0.0,89.0,-5962.8641,2890.217898123114,0.0,1.0,1.0,0.0,0.0,0.0,0.0,1.0,10000.0,0.0,0.0,0.0,1.0,0.5,0.5,0.0,0.0,55348600.0,528451.0,343.17,1508.82,4.39671,99691.0,438312.0,290.5,2.86426,2.76632,980289.0,4.7908
normalized-clique-coloring-max-clique-n=14-t=10.opb,441.0,17538.0,441.0,1.0,10.999999999999991,10.999999999999991,0.0,1e+20,0.0,2730.0,5.000526,6.190476190476191,3.0,0.031746031746031744,0.17532319074900413,0.031746031746031744,0.0,0.031746031746031744,0.0,0.0,0.0,2.056966721844854,17514.0,441.0,0.0,0.0,0.997602,0.00239808,0.000264271,0.999736,0.319323,1.0,57461900.0,-7572.21,0.820021,0.46926,0.572254,-25725.5,-14721.5,-31371.8,29984.1,108.419,-0.0977391,4.69876
normalized-BA_RDC4.dot_unif_10null20mast_rapportOE2.0_TMAX60_K67_cod2_pbEq1_newVersion_ladder.opb,55691.0,55934.0,0.0,0.0,1e+20,1e+20,-1e+20,1e+20,0.0,0.0,5.006509,0.0,0.0,-3.338284842969922,51.259387912529135,0.0,0.005385996409335727,0.005385996409335727,0.0,0.0,0.0,0.0,201868.0,81322.0,4.95373e-06,0.622204,0.324167,0.0536242,0.000867859,0.999132,0.503992,0.0,96911200.0,-82227.8,143.258,-189.9,-1.32558,67188.2,-89063.1,469.0,105.603,3.86475,11316.8,4.7265
normalized-BA_RDC4.dot_luby_50null20mast_rapportOE1.0_TMAX180_K67_cod2_pbEq1_newVersion.opb,22065.0,22134.0,0.0,0.0,1e+20,1e+20,-1e+20,1e+20,0.0,0.0,5.015012,0.0,0.0,-0.6169235654786623,12.45298125742832,0.0,0.005935950362752522,0.005935950362752522,0.0,0.0,0.0,0.0,40882.0,40937.0,2.44606e-05,0.0952742,0.626388,0.278313,0.00133134,0.998669,0.729932,0.0,102760000.0,1083510.0,358.426,2529.88,7.0583,137456.0,970209.0,383.5,93.7721,3.38281,12030.0,4.77855
normalized-NG.dot_fibo_0null0mast_rapportOE1.0_TMAX60_K192_cod2.opb,400896.0,400786.0,0.0,0.0,1e+20,1e+20,-1e+20,1e+20,0.0,0.0,5.374891,0.0,0.0,-3.965888908844189,129.2495601965067,0.0,0.00444753751596424,0.00444753751596424,0.0,0.0,0.0,0.0,402763.0,400896.0,0.0,0.0607007,0.329586,0.609713,0.000761731,0.999238,0.63328,0.0,134218000.0,1122620.0,94873.4,250614.0,2.64156,379493.0,1002460.0,4.0,2.11111,1.0,9950.63,4.40903
normalized-BA_RDC4.dot_fibo_50null0mast_rapportOE2.0_TMAX300_K67_cod2_pbEq1_newVersion.opb,22020.0,22089.0,0.0,0.0,1e+20,1e+20,-1e+20,1e+20,0.0,0.0,5.014491,0.0,0.0,-6.007352761560447,167.75339278577368,0.0,0.005935950362752522,0.005935950362752522,0.0,0.0,0.0,0.0,40882.0,40937.0,2.44606e-05,0.0952742,0.626388,0.278313,0.00133134,0.998669,0.729932,0.0,94874700.0,-173233.0,51.0475,-150.645,-2.95108,71287.8,-210376.0,1396.5,586.117,8.75483,-1193.53,4.84829
normalized-BA_RDC4.dot_fibo_0null10mast_rapportOE2.0_TMAX120_K67_cod2.opb,36668.0,36737.0,0.0,0.0,1e+20,1e+20,-1e+20,1e+20,0.0,0.0,5.023741,0.0,0.0,-24.566675623519068,438.11446589341784,0.0,0.011871900725505044,0.011871900725505044,0.0,0.0,0.0,0.0,41436.0,40937.0,2.41336e-05,0.0940245,0.618013,0.287938,0.0021725,0.997827,0.598238,0.0,79286300.0,1110810.0,148.039,1142.13,7.71505,130867.0,1009640.0,884.0,256.665,6.11306,-2089.03,4.78786
normalized-NG.dot_luby_50null20mast_rapportOE1.0_TMAX15_K192_cod2.opb,400896.0,400786.0,0.0,0.0,1e+20,1e+20,-1e+20,1e+20,0.0,0.0,5.330634,0.0,0.0,-0.9153795498084292,30.50861339424072,0.0,0.002225015964240102,0.002225015964240102,0.0,0.0,0.0,0.0,402763.0,400896.0,0.0,0.0607007,0.329586,0.609713,0.000381224,0.999619,0.63328,0.0,134218000.0,1408970.0,148401.0,516314.0,3.47917,371003.0,1290780.0,2.5,0.666667,1.0,72290.2,4.43903
normalized-NG.dot_unif_10null10mast_rapportOE2.0_TMAX180_K192_cod2.opb,400896.0,400786.0,0.0,0.0,1e+20,1e+20,-1e+20,1e+20,0.0,0.0,5.474929,0.0,0.0,-2.244614563378033,40.64458484081108,0.0,0.004003532088122605,0.004003532088122605,0.0,0.0,0.0,0.0,402763.0,400896.0,0.0,0.0607007,0.329586,0.609713,0.000685739,0.999314,0.63328,0.0,126132000.0,5180480.0,9621.25,125509.0,13.045,394471.0,5145860.0,41.0,10.1807,1.0,100667.0,4.38719
normalized-NG.dot_unif_50null10mast_rapportOE2.0_TMAX180_K192_cod2.opb,400896.0,400786.0,0.0,0.0,1e+20,1e+20,-1e+20,1e+20,0.0,0.0,5.175021,0.0,0.0,-1.338309686302682,32.247035924413254,0.0,0.002225015964240102,0.002225015964240102,0.0,0.0,0.0,0.0,402763.0,400896.0,0.0,0.0607007,0.329586,0.609713,0.000381224,0.999619,0.63328,0.0,134218000.0,800064.0,738582.0,1661600.0,2.24972,369291.0,830802.0,0.5,0.0,1.0,0.0,4.34139
normalized-minisat25_6_4_6_mh.opb,28850.0,57429.0,0.0,0.0,1e+20,1e+20,-1e+20,1e+20,0.0,0.0,5.004122,0.0,0.0,565621.4085805423,4664970.678902027,0.5358851674641149,0.0007974481658692185,0.5366826156299841,0.0,0.0,0.0,0.0,73332.0,31350.0,0.0,0.597625,0.380461,0.021914,0.070486,0.929514,0.342085,0.998514,86828800.0,-853872.0,104.483,-1365.19,-13.0662,68749.5,-898297.0,658.0,244.694,4.73121,-5103.91,4.79716
normalized-j12036_7.std.opb,52595.0,113510.0,0.0,0.0,1e+20,1e+20,-1e+20,1e+20,0.0,0.0,5.02167,0.0,0.0,0.6198347107438017,11.126066629782756,0.004118503061420609,0.0,0.004118503061420609,0.0,0.0,0.0,0.0,245103.0,72842.0,0.00321905,0.846167,0.145718,0.0048959,0.000449753,0.99955,0.365317,1.0,114413000.0,-192233.0,12.7274,-45.0399,-3.53882,51055.8,-180678.0,4011.5,3750.01,19.5836,63.5063,4.73388
normalized-ped2.G.recomb5-0.10-9.opb,209525.0,2585868.0,0.0,0.0,1e+20,1e+20,-1e+20,1e+20,0.0,0.0,5.006665,0.0,0.0,50.39278256729813,163.51510171428095,0.08946373607726499,0.0,0.08946373607726499,0.0,0.0,0.0,0.0,2591417.0,212153.0,0.0222577,0.617184,0.360336,0.000222272,0.00303924,0.996961,0.692024,1.0,0.0,0.0,0.0,0.0,0.0,0.0,0.0,0.0,0.0,0.0,0.0,4.69067
normalized-NG.dot_luby_0null10mast_rapportOE2.0_TMAX120_K192_cod1.opb,399113.0,400786.0,0.0,0.0,1e+20,1e+20,-1e+20,1e+20,0.0,0.0,5.16333,0.0,0.0,-90.89169483329283,285.26521883057313,0.0,0.8532746365064531,0.8532746365064531,0.0,0.0,0.0,0.0,400980.0,399113.0,0.0,0.0609706,0.331051,0.607978,0.127336,0.872664,0.48797,0.0,134218000.0,438664.0,46075.1,9955.99,0.216082,368601.0,79647.9,8.0,0.0,1.0,0.0,4.26193
normalized-BA_RDC4.dot_fibo_10null20mast_rapportOE2.0_TMAX180_K67_cod1.opb,33323.0,33830.0,0.0,0.0,1e+20,1e+20,-1e+20,1e+20,0.0,0.0,5.040533,0.0,0.0,-2176.7632444191736,3994.822649211722,0.0,0.7146424068626239,0.7146424068626239,0.0,0.0,0.0,0.0,40950.0,40451.0,2.442e-05,0.0951404,0.625348,0.279487,0.115267,0.884733,0.455087,0.0,126202000.0,-1259670.0,766.87,906.5,1.18208,628833.0,743330.0,820.0,129.66,5.69592,1628.39,3.98929
normalized-minisat50_4_16_4.opb,2550.0,2720.0,2550.0,1.0,148178537.0,148178537.0,1574651.7696175547,93.10241671146696,0.0,9542.0,5.002905,3.7419607843137257,1.0,10508858.858431373,19774269.073464673,0.9607843137254902,0.00980392156862745,0.9705882352941176,9.999999999999998e+98,1.2141680576410807e+83,1e+99,3.943864699532206,7606.0,5100.0,0.0,0.650802,0.161057,0.188141,0.131649,0.868351,0.61562,0.989899,75288200.0,320952.0,22.4828,295.749,13.1545,22954.9,301960.0,1021.0,83.3441,6.97748,1866.61,4.88096
normalized-BA_RDC4.dot_unif_10null50mast_rapportOE1.0_TMAX60_K67_cod2_pbEq1_newVersion_binary.opb,43616.0,288563.0,0.0,0.0,1e+20,1e+20,-1e+20,1e+20,0.0,0.0,5.036113,0.0,0.0,-7.511615970006026,82.35367394866562,0.0,0.009774822022361579,0.009774822022361579,0.0,0.0,0.0,0.0,297596.0,44809.0,3.36026e-06,0.875714,0.0860495,0.038233,0.000629178,0.999371,0.385501,0.0,96682300.0,140416.0,89.7117,214.476,2.39072,52885.0,126433.0,589.5,257.288,4.35763,3574.38,4.68265
normalized-BA_RDC4.dot_luby_20null0mast_rapportOE2.0_TMAX180_K67_cod2_pbEq1_newVersion_ladder.opb,75075.0,75303.0,0.0,0.0,1e+20,1e+20,-1e+20,1e+20,0.0,0.0,5.020407,0.0,0.0,-0.0167728290007624,0.6599185628130954,0.0,0.004783453432035611,0.004783453432035611,0.0,0.0,0.0,0.0,201868.0,81322.0,4.95373e-06,0.622204,0.324167,0.0536242,0.000770845,0.999229,0.503992,0.0,112199000.0,-476797.0,54.3661,-459.364,-8.44946,57138.7,-482791.0,1051.0,827.378,7.1146,995.597,4.77082
normalized-BA_RDC4.dot_unif_0null0mast_rapportOE2.0_TMAX60_K67_cod2_pbEq1_newVersion_binary.opb,43616.0,288563.0,0.0,0.0,1e+20,1e+20,-1e+20,1e+20,0.0,0.0,5.034295,0.0,0.0,-5.422482090651432,59.875035008412546,0.0,0.010846035394675177,0.010846035394675177,0.0,0.0,0.0,0.0,297596.0,44809.0,3.36026e-06,0.875714,0.0860495,0.038233,0.000698081,0.999302,0.385501,0.0,96745800.0,227048.0,83.5448,303.758,3.63587,57562.4,209289.0,689.0,158.45,4.93474,6474.19,4.71517
normalized-30:70:4.5:0.5:100.opb,10752.0,12053.0,10752.0,1.0,563.0,563.0,-5336.0,1e+20,0.0,6171.0,5.00125,0.5739397321428571,5.0,1.8821017452655031,51.63789295995985,0.9999071667285555,9.28332714444857e-05,1.0,0.0,0.0,0.0,2.952848232848233,12051.0,10772.0,8.29807e-05,0.846237,0.00423201,0.149448,0.19011,0.80989,0.778448,0.999907,108345000.0,-536387.0,73.538,-868.731,-11.8134,48792.5,-576403.0,663.5,354.405,4.76355,-1477.0,4.86401
normalized-BA_RDC4.dot_unif_10null20mast_rapportOE1.0_TMAX60_K67_cod2_pbEq1_newVersion_binary.opb,43616.0,288563.0,0.0,0.0,1e+20,1e+20,-1e+20,1e+20,0.0,0.0,5.0542300000000004,0.0,0.0,-6.031466892811712,68.52423767806685,0.0,0.009774822022361579,0.009774822022361579,0.0,0.0,0.0,0.0,297596.0,44809.0,3.36026e-06,0.875714,0.0860495,0.038233,0.000629178,0.999371,0.385501,0.0,100750000.0,-743473.0,83.6276,-1000.15,-11.9596,64518.7,-771618.0,771.5,294.009,5.38083,4537.94,4.64602
normalized-NG.dot_fibo_50null10mast_rapportOE2.0_TMAX180_K192_cod2.opb,400896.0,400786.0,0.0,0.0,1e+20,1e+20,-1e+20,1e+20,0.0,0.0,5.27073,0.0,0.0,-6.378956138250319,244.1490193913207,0.0,0.002225015964240102,0.002225015964240102,0.0,0.0,0.0,0.0,402763.0,400896.0,0.0,0.0607007,0.329586,0.609713,0.000381224,0.999619,0.63328,0.0,134218000.0,4609420.0,7244.98,83144.3,11.4761,398474.0,4572940.0,55.0,2.87387,1.0991,34157.3,4.37982
normalized-BA_RDC4.dot_unif_50null20mast_rapportOE2.0_TMAX300_K67_cod1.opb,21803.0,22115.0,0.0,0.0,1e+20,1e+20,-1e+20,1e+20,0.0,0.0,5.018282,0.0,0.0,-272.3081258806952,397.8323839365154,0.0,0.39647969147857903,0.39647969147857903,0.0,0.0,0.0,0.0,40950.0,40451.0,2.442e-05,0.0951404,0.625348,0.279487,0.0674089,0.932591,0.455087,0.0,89787800.0,130461.0,63.9338,63.3006,0.990097,78574.6,77796.4,1229.0,487.505,8.02765,-965.897,4.84409
normalized-BA_RDC4.dot_fibo_10null10mast_rapportOE1.0_TMAX300_K67_cod3.opb,33343.0,33850.0,0.0,0.0,1e+20,1e+20,-1e+20,1e+20,0.0,0.0,5.02946,0.0,0.0,-1376.0700600726805,3081.5089804805893,0.0,0.7146424068626239,0.7146424068626239,0.0,0.0,0.0,0.0,40950.0,40451.0,2.442e-05,0.0951404,0.625348,0.279487,0.115267,0.884733,0.455087,0.0,90411700.0,374765.0,48.4157,144.35,2.98148,102109.0,304435.0,2109.0,964.522,11.73,-413.023,4.80768
normalized-BA_RDC4.dot_luby_50null20mast_rapportOE1.0_TMAX120_K67_cod3.opb,21694.0,22023.0,0.0,0.0,1e+20,1e+20,-1e+20,1e+20,0.0,0.0,5.003443,0.0,0.0,-41.268151590813574,93.1763088844687,0.0,0.39647969147857903,0.39647969147857903,0.0,0.0,0.0,0.0,40950.0,40451.0,2.442e-05,0.0951404,0.625348,0.279487,0.0674089,0.932591,0.455087,0.0,107598000.0,759537.0,89.0757,785.564,8.81906,80123.6,706615.0,899.5,265.738,6.14556,-368.505,4.79554
normalized-BA_RDC4.dot_fibo_20null50mast_rapportOE2.0_TMAX120_K67_cod1.opb,30417.0,30874.0,0.0,0.0,1e+20,1e+20,-1e+20,1e+20,0.0,0.0,5.035084,0.0,0.0,-4572.412647400559,5259.089820123573,0.0,0.6346938270994537,0.6346938270994537,0.0,0.0,0.0,0.0,40950.0,40451.0,2.442e-05,0.0951404,0.625348,0.279487,0.103709,0.896291,0.455087,0.0,125801000.0,2325010.0,562.179,7212.8,12.8301,170059.0,2181870.0,302.5,91.0792,2.84158,25620.7,4.62988
normalized-minisat50_6_9_5_ic.opb,121375.0,475554.0,0.0,0.0,1e+20,1e+20,-1e+20,1e+20,0.0,0.0,8.060089,0.0,0.0,366522.87536741217,4070072.6299219453,0.058706070287539935,0.00039936102236421724,0.05910543130990415,0.0,0.0,0.0,0.0,250157.0,125200.0,0.0,0.0295814,0.945106,0.0253121,0.00746947,0.992531,0.503865,0.993243,76776400.0,1589170.0,197.541,4597.18,23.272,70522.3,1641190.0,357.0,136.804,3.18042,5172.42,4.71301
normalized-BA_RDC4.dot_luby_0null50mast_rapportOE1.0_TMAX15_K67_cod2.opb,36668.0,36737.0,0.0,0.0,1e+20,1e+20,-1e+20,1e+20,0.0,0.0,5.042546,0.0,0.0,-1.5423455553655616,19.68038881440012,0.0,0.011871900725505044,0.011871900725505044,0.0,0.0,0.0,0.0,41436.0,40937.0,2.41336e-05,0.0940245,0.618013,0.287938,0.0021725,0.997827,0.598238,0.0,101365000.0,53795.0,170.697,-61.3224,-0.359246,134509.0,-48322.0,788.0,323.405,5.49524,3397.91,4.76442
normalized-opt-market-split_8_70_1.opb,198.0,77.0,198.0,1.0,436.0,436.0,0.0,1e+20,0.0,13708.0,5.001663,69.23232323232324,6.0,20.606060606060606,36.61478924631251,0.6464646464646465,0.0,0.6464646464646465,0.0005991747653564822,0.007935331439340849,-0.03396766695602102,597.2483517851392,16.0,198.0,0.0,0.0,0.0,1.0,0.0857909,0.914209,0.5,1.0,63101200.0,45021.4,3.09692,0.611046,0.197308,29713.4,5862.68,9594.5,4220.93,39.5255,-26.3543,4.90647
normalized-NG.dot_fibo_10null20mast_rapportOE2.0_TMAX120_K192_cod2.opb,400896.0,400786.0,0.0,0.0,1e+20,1e+20,-1e+20,1e+20,0.0,0.0,5.468011,0.0,0.0,-12.47399076069604,342.8792572066054,0.0,0.004003532088122605,0.004003532088122605,0.0,0.0,0.0,0.0,402763.0,400896.0,0.0,0.0607007,0.329586,0.609713,0.000685739,0.999314,0.63328,0.0,113025000.0,2007980.0,43037.0,213355.0,4.95748,387333.0,1920200.0,9.0,2.89474,1.0,20672.9,4.43576
normalized-NG.dot_unif_0null0mast_rapportOE2.0_TMAX120_K192_cod2.opb,400896.0,400786.0,0.0,0.0,1e+20,1e+20,-1e+20,1e+20,0.0,0.0,5.256856,0.0,0.0,-2.2435444604086845,38.81917629867994,0.0,0.00444753751596424,0.00444753751596424,0.0,0.0,0.0,0.0,402763.0,400896.0,0.0,0.0607007,0.329586,0.609713,0.000761731,0.999238,0.63328,0.0,70026800.0,986697.0,11384.8,29162.0,2.56149,387083.0,991508.0,34.0,12.3043,1.0,58800.9,4.3932
normalized-BA_RDC4.dot_luby_10null0mast_rapportOE1.0_TMAX300_K67_cod2_pbEq1_newVersion_binary.opb,43616.0,288563.0,0.0,0.0,1e+20,1e+20,-1e+20,1e+20,0.0,0.0,5.0507,0.0,0.0,-0.033564685665826065,0.752561423313262,0.0,0.009774822022361579,0.009774822022361579,0.0,0.0,0.0,0.0,297596.0,44809.0,3.36026e-06,0.875714,0.0860495,0.038233,0.000629178,0.999371,0.385501,0.0,107733000.0,-37469.4,69.0467,-72.1987,-1.04565,144653.0,-151256.0,2095.0,1948.54,11.6893,-139.849,4.62453
normalized-opt-market-split_8_70_3.opb,198.0,110.0,198.0,1.0,361.0,361.0,0.0,1e+20,0.0,15091.0,5.000086,76.21717171717172,8.0,20.606060606060606,36.61478924631251,0.6464646464646465,0.0,0.6464646464646465,-0.0005977158504519147,0.04521245243946167,-0.3306340882275312,326.9701704925052,16.0,198.0,0.0,0.0,0.0,1.0,0.0863698,0.91363,0.5,1.0,56824600.0,34316.9,3.84666,-0.935033,-0.243077,33896.7,-8239.51,8812.0,3239.48,37.5226,17.4939,4.90471
normalized-frb50-23-3.opb,1150.0,81068.0,1150.0,1.0,-37.0,-37.0,-540.5,13.608108108108109,0.0,1735.0,5.003077,1.508695652173913,6.0,-1.0,0.0,0.0,1.0,1.0,0.0,0.0,0.0,2.0011839719793296,81068.0,1150.0,0.0,1.0,0.0,0.0,0.00704286,0.992957,0.0,0.0,54827400.0,-56139.4,5.06139,-12.4793,-2.46559,43667.1,-107665.0,8627.5,4955.42,36.8919,7.57483,4.68183
normalized-BA_RDC4.dot_unif_20null10mast_rapportOE2.0_TMAX120_K67_cod3.opb,30433.0,30890.0,0.0,0.0,1e+20,1e+20,-1e+20,1e+20,0.0,0.0,5.037799,0.0,0.0,-348.1385379842278,365.1183967749669,0.0,0.6346938270994537,0.6346938270994537,0.0,0.0,0.0,0.0,40950.0,40451.0,2.442e-05,0.0951404,0.625348,0.279487,0.103709,0.896291,0.455087,0.0,110656000.0,-795096.0,98.205,659.384,6.71436,122462.0,822252.0,1247.0,537.984,8.13467,-151.374,4.7796
normalized-NG.dot_fibo_0null50mast_rapportOE1.0_TMAX60_K192_cod1.opb,399113.0,400786.0,0.0,0.0,1e+20,1e+20,-1e+20,1e+20,0.0,0.0,5.339294,0.0,0.0,-5078.5532894192875,5199.832348319648,0.0,0.8532746365064531,0.8532746365064531,0.0,0.0,0.0,0.0,400980.0,399113.0,0.0,0.0609706,0.331051,0.607978,0.127336,0.872664,0.48797,0.0,134218000.0,495242.0,15360.4,5665.29,0.368825,368649.0,135967.0,24.0,0.0,1.0,0.0,4.44307
normalized-BA_RDC4.dot_luby_0null0mast_rapportOE1.0_TMAX300_K67_cod2_pbEq1_newVersion_binary.opb,43616.0,288563.0,0.0,0.0,1e+20,1e+20,-1e+20,1e+20,0.0,0.0,5.046183,0.0,0.0,-0.03927782365149858,0.9823916832967816,0.0,0.010846035394675177,0.010846035394675177,0.0,0.0,0.0,0.0,297596.0,44809.0,3.36026e-06,0.875714,0.0860495,0.038233,0.000698081,0.999302,0.385501,0.0,106527000.0,460071.0,62.8361,198.62,3.16093,118446.0,374399.0,1885.0,1809.57,10.6834,243.274,4.62313
normalized-BA_RDC4.dot_luby_10null20mast_rapportOE2.0_TMAX120_K67_cod2_pbEq1_newVersion_ladder.opb,54440.0,54629.0,0.0,0.0,1e+20,1e+20,-1e+20,1e+20,0.0,0.0,5.005937,0.0,0.0,-0.3189296869235877,8.853927082708111,0.0,0.005385996409335727,0.005385996409335727,0.0,0.0,0.0,0.0,201868.0,81322.0,4.95373e-06,0.622204,0.324167,0.0536242,0.000867859,0.999132,0.503992,0.0,113505000.0,-555621.0,436.41,-1460.81,-3.34733,211877.0,-709223.0,485.5,84.214,3.93724,21766.2,4.54655
normalized-BA_RDC4.dot_unif_0null0mast_rapportOE1.0_TMAX15_K67_cod2_pbEq1_newVersion_binary.opb,43616.0,288563.0,0.0,0.0,1e+20,1e+20,-1e+20,1e+20,0.0,0.0,5.052636,0.0,0.0,-5.529938182061639,60.13870465168011,0.0,0.010846035394675177,0.010846035394675177,0.0,0.0,0.0,0.0,297596.0,44809.0,3.36026e-06,0.875714,0.0860495,0.038233,0.000698081,0.999302,0.385501,0.0,92144500.0,-962507.0,90.8519,-1019.52,-11.2218,90670.1,-1017480.0,998.0,334.159,6.83125,-2651.15,4.67725
normalized-j6025_1.std.opb,28898.0,64231.0,0.0,0.0,1e+20,1e+20,-1e+20,1e+20,0.0,0.0,5.007372,0.0,0.0,1.2295081967213115,15.646078901885646,0.008169489679211371,0.0,0.008169489679211371,0.0,0.0,0.0,0.0,123648.0,36722.0,0.00317838,0.840992,0.146124,0.00970497,0.000945862,0.999054,0.385905,1.0,100920000.0,-45324.7,16.5856,-19.0496,-1.14856,122700.0,-140929.0,7398.0,7034.67,32.8775,-16.1369,4.79851
normalized-NG.dot_luby_20null20mast_rapportOE1.0_TMAX180_K192_cod2.opb,400896.0,400786.0,0.0,0.0,1e+20,1e+20,-1e+20,1e+20,0.0,0.0,5.367541,0.0,0.0,-0.9214260057471264,30.511742697965126,0.0,0.0035595266602809704,0.0035595266602809704,0.0,0.0,0.0,0.0,402763.0,400896.0,0.0,0.0607007,0.329586,0.609713,0.000609734,0.99939,0.63328,0.0,120022000.0,2315720.0,7786.61,43236.3,5.55264,401011.0,2226670.0,51.5,23.4904,1.03846,4558.18,4.42457
normalized-j9046_9.std.opb,41553.0,100639.0,0.0,0.0,1e+20,1e+20,-1e+20,1e+20,0.0,0.0,5.018093,0.0,0.0,0.8241758241758241,12.823050507610667,0.0054762513234274035,0.0,0.0054762513234274035,0.0,0.0,0.0,0.0,192801.0,54782.0,0.00335579,0.850841,0.139579,0.00622403,0.000579412,0.999421,0.369731,1.0,116541000.0,-51876.8,-19.0657,18.2937,-0.959509,-140123.0,134450.0,7349.5,6601.8,32.6804,-15.482,4.70614
normalized-BA_RDC4.dot_unif_50null10mast_rapportOE2.0_TMAX180_K67_cod2_pbEq1_newVersion_sequential.opb,72824.0,145712.0,0.0,0.0,1e+20,1e+20,-1e+20,1e+20,0.0,0.0,5.050953,0.0,0.0,-1.691620963576892,36.08319969862629,0.0,0.0029881212955903693,0.0029881212955903693,0.0,0.0,0.0,0.0,161483.0,81322.0,6.1926e-06,0.770954,0.15858,0.0704594,0.000573485,0.999427,0.504753,0.0,73517100.0,-54417.6,184.875,-220.795,-1.19429,227396.0,-271578.0,1230.0,619.006,8.05607,-567.142,4.66735
normalized-mps-v2-20-10-markshare1.opb,98.0,119.0,98.0,1.0,38911.99999999999,38911.99999999999,0.0,1e+20,1.0,15366.0,5.00003,156.79591836734693,5.0,28010656.25217391,96129119.02336447,0.782608695652174,0.0,0.782608695652174,-0.0022957621930480947,0.22259560255931846,-1.377074688796683,468.94819353889704,6.0,230.0,0.0,0.0,0.0,1.0,0.272727,0.727273,1.0,1.0,86052400.0,-74644.9,1.82847,3.38135,1.84928,24759.3,45786.9,13541.0,7657.69,51.9833,-3.73777,4.90041
normalized-cvs08r139-94.opb,1864.0,2410.0,1864.0,1.0,-74.0,-74.0,-138.8961279516523,0.8769747020493552,0.0,9732.0,5.002782,5.221030042918455,5.0,-0.5965665236051502,0.4905862885556586,0.0,0.5965665236051502,0.5965665236051502,0.0,0.0,0.0,395.5688681449767,2398.0,1864.0,0.0,0.957465,0.0,0.0425354,0.146934,0.853066,0.355638,0.0,61285200.0,92882.5,3.1695,4.20559,1.32689,35444.6,47031.2,11183.0,4770.12,44.0718,10.2024,4.78706
normalized-hw32-vm99p-opt.opb.negationfix.opb,11712.0,511.0,11712.0,1.0,1e+20,1e+20,32.0,1e+20,0.0,6230.0,5.011288,0.5319330601092896,0.0,0.0027247956403269754,0.05212840999920704,0.0027247956403269754,0.0,0.0027247956403269754,0.0,0.0,0.0,0.0,798.0,11744.0,0.0,0.0,0.0,1.0,0.000680735,0.999319,0.252044,1.0,101139000.0,-219233.0,37.9274,89.3041,2.3546,127095.0,299258.0,3351.0,426.751,17.5286,-600.567,4.78161
normalized-BA_RDC4.dot_unif_0null10mast_rapportOE2.0_TMAX120_K67_cod2_pbEq1_newVersion_ladder.opb,40728.0,40894.0,0.0,0.0,1e+20,1e+20,-1e+20,1e+20,0.0,0.0,5.002598,0.0,0.0,-3.143737242074715,47.69196251311321,0.0,0.005976242591180739,0.005976242591180739,0.0,0.0,0.0,0.0,201868.0,81322.0,4.95373e-06,0.622204,0.324167,0.0536242,0.000962876,0.999037,0.503992,0.0,92070100.0,665332.0,141.866,1352.15,9.53118,69727.0,664581.0,491.5,84.0813,3.96748,18668.1,4.70931
normalized-injcomp_opt_4layers_maxfirst_lastlayerdiv2_size_31.opb,2914.0,2580.0,2914.0,1.0,-4.0,-4.0,-31.0,6.75,0.0,12467.0,5.000876,4.27831159917639,11.0,-0.248,0.43185182644050485,0.0,0.248,0.248,0.0,0.0,0.0,1.3768115942028984,1627.0,3875.0,0.0,0.0,0.87646,0.12354,0.0865922,0.913408,0.287462,0.0,87060500.0,150723.0,27.0224,1.38693,0.0513253,140233.0,7197.48,5189.5,1706.08,23.9515,-14.296,4.71483
normalized-libtemplate-provider-encoding-perl.cudf.trendy.opb,12053.0,69374.0,0.0,0.0,1e+20,1e+20,-1e+20,1e+20,0.0,0.0,5.000175,0.0,0.0,11135988322.658329,27565296009.901287,0.40699161574534604,0.0,0.40699161574534604,0.0,0.0,0.0,0.0,100058.0,21111.0,0.0117632,0.343021,0.272532,0.372684,0.0251647,0.974835,0.627128,1.0,132363000.0,1821870.0,-3459.12,-2350.29,0.679448,-1625780.0,-1104640.0,470.0,510.109,3.8746,81.1884,3.13624
normalized-vtxcov_v2000_e4000_43.opb.PB06.opb,1531.0,2987.0,1531.0,1.0,1069.0,1069.0,1002.733338405356,0.06608602612138906,0.0,7890.0,5.00152,5.153494448073155,15.0,1.0,0.0,1.0,0.0,1.0,0.0,0.0,0.0,1.9349017080244924,4000.0,1968.0,0.0,1.0,0.0,0.0,0.197432,0.802568,1.0,1.0,102865000.0,-127861.0,26.5667,27.8274,1.04745,137881.0,144424.0,5190.0,696.002,23.1673,190.152,4.82422
normalized-BA_RDC4.dot_fibo_20null50mast_rapportOE2.0_TMAX15_K67_cod3.opb,30426.0,30880.0,0.0,0.0,1e+20,1e+20,-1e+20,1e+20,0.0,0.0,5.033066,0.0,0.0,-4602.530419519913,5252.395325199698,0.0,0.6346938270994537,0.6346938270994537,0.0,0.0,0.0,0.0,40950.0,40451.0,2.442e-05,0.0951404,0.625348,0.279487,0.103709,0.896291,0.455087,0.0,93755100.0,173932.0,568.463,2590.29,4.55666,38371.2,174845.0,67.5,16.6691,1.26471,75072.7,4.87635
normalized-BA_RDC4.dot_fibo_50null20mast_rapportOE2.0_TMAX60_K67_cod1.opb,21769.0,22081.0,0.0,0.0,1e+20,1e+20,-1e+20,1e+20,0.0,0.0,5.017128,0.0,0.0,-1941.1841487231466,4007.3315019677098,0.0,0.39647969147857903,0.39647969147857903,0.0,0.0,0.0,0.0,40950.0,40451.0,2.442e-05,0.0951404,0.625348,0.279487,0.0674089,0.932591,0.455087,0.0,115964000.0,368351.0,185.649,1997.65,10.7603,34716.4,373560.0,187.0,42.6027,1.93333,52795.5,4.89043
normalized-NG.dot_unif_10null0mast_rapportOE2.0_TMAX120_K192_cod1.opb,365115.0,366610.0,0.0,0.0,1e+20,1e+20,-1e+20,1e+20,0.0,0.0,5.34735,0.0,0.0,-384.7402414854941,329.06054464165436,0.0,0.7680907412186524,0.7680907412186524,0.0,0.0,0.0,0.0,400980.0,399113.0,0.0,0.0609706,0.331051,0.607978,0.1161,0.8839,0.48797,0.0,107073000.0,706229.0,8463.04,15561.1,1.83871,372374.0,684687.0,44.0,24.6966,1.0,585.856,4.36004
normalized-single-obj-f58-fob_fxl_loss.seq-A-2-combined-irabcde.opb,5673.0,10007.0,5673.0,1.0,2536059656.0,2536059656.0,2139643390.0,0.18527211957502882,0.0,5343.0,5.00304,0.9418297197250132,2.0,14789590.09095941,75049635.64986734,0.048892988929889296,0.0,0.048892988929889296,1e+99,0.0,1e+99,0.16177087704574067,42327.0,16260.0,0.00181917,0.770052,0.205684,0.0224443,0.00702384,0.992976,0.540924,1.0,75241300.0,45942.8,11.9741,15.7155,1.31247,23906.2,31376.1,1996.5,728.743,11.1843,-111.641,4.90951
normalized-BA_RDC4.dot_luby_20null50mast_rapportOE2.0_TMAX15_K67_cod2_pbEq1_newVersion_ladder.opb,74797.0,75034.0,0.0,0.0,1e+20,1e+20,-1e+20,1e+20,0.0,0.0,5.017442,0.0,0.0,-0.7714640564668848,13.976049800356805,0.0,0.004783453432035611,0.004783453432035611,0.0,0.0,0.0,0.0,201868.0,81322.0,4.95373e-06,0.622204,0.324167,0.0536242,0.000770845,0.999229,0.503992,0.0,111144000.0,-1518480.0,147.437,-3674.74,-24.9241,60817.9,-1515830.0,412.5,114.841,3.56053,3609.17,4.72417
normalized-BA_RDC4.dot_fibo_10null10mast_rapportOE2.0_TMAX15_K67_cod2_pbEq1_newVersion_product.opb,52558.0,135477.0,0.0,0.0,1e+20,1e+20,-1e+20,1e+20,0.0,0.0,5.038533,0.0,0.0,-15.104260128673275,353.96852779945533,0.0,0.007616066770996349,0.007616066770996349,0.0,0.0,0.0,0.0,149401.0,57510.0,6.6934e-06,0.752431,0.171404,0.0761575,0.00109567,0.998904,0.589766,0.0,110936000.0,1416840.0,158.708,1860.89,11.7252,114746.0,1345420.0,723.0,150.545,5.11818,9000.5,4.68075
normalized-graphpart_clique-50.lin.opb,3825.0,3725.0,3825.0,1.0,2399.0,2399.0,0.0,1e+20,0.0,4708.0,5.00127,1.2308496732026144,3.0,16.333333333333332,11.897712198383164,0.9607843137254902,0.0,0.9607843137254902,0.0,0.0,0.0,0.0,7400.0,3825.0,0.0,0.0,1.0,0.0,0.142029,0.857971,0.503378,1.0,125767000.0,-574342.0,2.31858,-370.427,-159.765,3607.71,-576385.0,1556.0,1490.3,9.29136,246.278,4.92807
normalized-NG.dot_fibo_20null10mast_rapportOE2.0_TMAX300_K192_cod2.opb,400896.0,400786.0,0.0,0.0,1e+20,1e+20,-1e+20,1e+20,0.0,0.0,5.276963,0.0,0.0,-7.471603607918263,252.21551562953476,0.0,0.0035595266602809704,0.0035595266602809704,0.0,0.0,0.0,0.0,402763.0,400896.0,0.0,0.0607007,0.329586,0.609713,0.000609734,0.99939,0.63328,0.0,92149600.0,2341350.0,11503.7,64690.9,5.62347,379623.0,2134800.0,33.0,18.3582,1.0,4623.44,4.35719
normalized-frb56-25-2.opb,1400.0,109401.0,1400.0,1.0,-38.0,-38.0,-700.0,17.42105263157895,0.0,1852.0,5.008515,1.322857142857143,6.0,-1.0,0.0,0.0,1.0,1.0,0.0,0.0,0.0,2.0000365614003015,109401.0,1400.0,0.0,1.0,0.0,0.0,0.0063578,0.993642,0.0,0.0,60866400.0,-94743.8,7.325,-23.2226,-3.17032,45982.7,-145780.0,6277.5,3917.02,28.105,-25.7532,4.62031
normalized-BA_RDC4.dot_unif_20null0mast_rapportOE1.0_TMAX15_K67_cod2_pbEq1_newVersion_sequential.opb,72824.0,145712.0,0.0,0.0,1e+20,1e+20,-1e+20,1e+20,0.0,0.0,5.049704,0.0,0.0,-2.468434126066747,40.407316531979454,0.0,0.004783453432035611,0.004783453432035611,0.0,0.0,0.0,0.0,161483.0,81322.0,6.1926e-06,0.770954,0.15858,0.0704594,0.000917732,0.999082,0.504753,0.0,114555000.0,-1254420.0,133.498,-3195.82,-23.9392,52331.1,-1252760.0,392.0,141.75,3.44968,4987.28,4.81559
normalized-fir06_area_opers.opb,5816.0,7911.0,0.0,0.0,23.0,23.0,23.0,0.0,0.0,1424.0,3.847069,0.24484181568088034,5.0,0.4991429860171403,0.4999992655264937,0.4991429860171403,0.0,0.4991429860171403,0.0,0.0,0.0,0.0,23298.0,11085.0,0.000128766,0.761224,0.12911,0.109537,0.0853647,0.914635,0.480897,1.0,119862000.0,-1277450.0,46.3866,-2202.14,-47.4737,27298.5,-1295960.0,588.5,91.3591,4.36672,-12476.3,4.89079
normalized-mps-v2-20-10-ran12x21.opb,3698.0,1009.0,3698.0,1.0,1e+20,1e+20,3303464.3179306295,1e+20,0.0,10255.0,5.000389,2.7731206057328284,0.0,197517616.70903736,685925561.6630552,1.0,0.0,1.0,3.699100378787879e-06,4.7371598584227396e-05,-0.0001220703125,335.8780487804878,285.0,7812.0,0.0,0.0,0.0,1.0,0.254098,0.745902,0.67033,1.0,51440200.0,-971335.0,49.2724,836.296,16.9729,54421.4,923689.0,1104.5,400.013,7.43258,-1399.73,4.8871
normalized-j9029_2.std.opb,42530.0,95194.0,0.0,0.0,1e+20,1e+20,-1e+20,1e+20,0.0,0.0,5.011556,0.0,0.0,0.8241758241758241,12.823050507610667,0.0054762513234274035,0.0,0.0054762513234274035,0.0,0.0,0.0,0.0,184385.0,54782.0,0.00320525,0.844423,0.145863,0.00650812,0.000598833,0.999401,0.365377,1.0,117747000.0,85052.0,27.9802,-2.89718,-0.103544,147623.0,-15285.5,5276.0,4786.0,24.2935,-13.9267,4.6916
normalized-Generated_notes_20140709_1000_0.10-021.opb,108501.0,869.0,0.0,0.0,0.0,0.0,-1e+20,1e+20,0.0,0.0,5.25886,0.0,1.0,-164.43483848558526,325.4049273165754,0.0,0.9252170892671067,0.9252170892671067,0.0,0.0,0.0,0.0,1886.0,259110.0,0.0604454,0.0100742,0.0111347,0.918346,0.252293,0.747707,0.0265608,0.0,124632000.0,3736050.0,50107.1,239582.0,4.7814,676446.0,3234360.0,13.5,0.0,1.0,0.0,4.30476
normalized-bogr_6.opb,138.0,282.0,0.0,0.0,17.0,17.0,17.0,0.0,0.0,3655.0,0.773192,26.485507246376812,5.0,0.33093525179856115,1.9905839106051744,0.04316546762589928,0.0,0.04316546762589928,0.00013469827586206896,0.001444478083885184,0.0,0.0,216.0,139.0,0.00462963,0.0,0.0,0.99537,0.00153767,0.998462,0.5,1.0,114859000.0,7164.47,1.77492,44.0083,24.7945,276.0,6843.29,155.5,78.0769,1.70513,21.673,0.013672
normalized-BA_RDC4.dot_unif_10null50mast_rapportOE2.0_TMAX120_K67_cod2_pbEq1_newVersion_product.opb,52417.0,135057.0,0.0,0.0,1e+20,1e+20,-1e+20,1e+20,0.0,0.0,5.102126,0.0,0.0,-5.820622500434707,72.25750498965081,0.0,0.007616066770996349,0.007616066770996349,0.0,0.0,0.0,0.0,149401.0,57510.0,6.6934e-06,0.752431,0.171404,0.0761575,0.00109567,0.998904,0.589766,0.0,112368000.0,-2274130.0,181.977,-5366.61,-29.4906,78159.2,-2304960.0,429.5,106.84,3.67442,9112.66,4.78451
normalized-mps-v2-20-10-bell3b.opb,1464.0,181.0,1464.0,1.0,1e+20,1e+20,7592509440000.0,1e+20,0.0,186076.0,5.000057,127.10109289617486,0.0,471641755650979.06,3382963655279027.0,0.7796758650897941,0.0,0.7796758650897941,0.0,0.0,0.0,89996232.05426356,151.0,2283.0,0.0,0.145695,0.0,0.854305,0.215627,0.784373,0.336371,1.0,21162500.0,359084.0,-112.427,-11.4412,0.101765,-333291.0,-33917.3,2964.5,595.472,15.9852,-524.158,4.50652
normalized-BA_RDC4.dot_unif_50null10mast_rapportOE2.0_TMAX15_K67_cod2_pbEq1_newVersion_binary.opb,43616.0,288563.0,0.0,0.0,1e+20,1e+20,-1e+20,1e+20,0.0,0.0,5.071106,0.0,0.0,-3.390077886138945,51.76042522536018,0.0,0.005423017697337588,0.005423017697337588,0.0,0.0,0.0,0.0,297596.0,44809.0,3.36026e-06,0.875714,0.0860495,0.038233,0.000349163,0.999651,0.385501,0.0,111951000.0,1353210.0,145.742,2404.33,16.4972,79429.4,1310360.0,545.0,171.272,4.16315,4209.99,4.65046
normalized-BA_RDC4.dot_luby_20null50mast_rapportOE1.0_TMAX300_K67_cod2_pbEq1_newVersion.opb,30821.0,30890.0,0.0,0.0,1e+20,1e+20,-1e+20,1e+20,0.0,0.0,5.038142,0.0,0.0,-1.5315484769279626,19.66752593617726,0.0,0.009502406136258152,0.009502406136258152,0.0,0.0,0.0,0.0,40882.0,40937.0,2.44606e-05,0.0952742,0.626388,0.278313,0.00212953,0.99787,0.729932,0.0,100929000.0,3364490.0,491.484,17492.6,35.5914,92890.5,3306100.0,189.0,39.1293,1.94459,15519.9,4.85326
normalized-maxcut_opt_complete_5-partite_block_nvert_67.opb,2211.0,191620.0,2211.0,1.0,0.0,0.0,-1795.0,1e+20,0.0,0.0,5.015167,0.0,1.0,-0.8118498417005879,0.39083203071309064,0.0,0.8118498417005879,0.8118498417005879,0.0,0.0,0.0,1.5,191620.0,2211.0,0.0,0.0,1.0,0.0,0.00311278,0.996887,0.5,0.0,67199500.0,-289310.0,29.8665,75.992,2.54439,99545.1,253281.0,3333.0,2146.54,17.4674,-134.482,4.75083
normalized-BA_RDC4.dot_fibo_0null0mast_rapportOE2.0_TMAX60_K67_cod2_pbEq1_newVersion_binary.opb,43616.0,288563.0,0.0,0.0,1e+20,1e+20,-1e+20,1e+20,0.0,0.0,5.038864,0.0,0.0,-9.915619629985049,198.17051662685236,0.0,0.010846035394675177,0.010846035394675177,0.0,0.0,0.0,0.0,297596.0,44809.0,3.36026e-06,0.875714,0.0860495,0.038233,0.000698081,0.999302,0.385501,0.0,94932600.0,684241.0,72.5481,759.921,10.4747,63044.3,660371.0,869.0,206.477,6.0161,-4652.49,4.71705
normalized-may6.5.opb,9561.0,27472.0,9561.0,1.0,1e+20,1e+20,0.0,1e+20,0.0,5615.0,5.01322,0.5872816650977931,0.0,0.021906146179401995,0.564779692292501,0.0026993355481727574,0.0,0.0026993355481727574,9.999999999999996e+98,3.642504172923242e+83,1e+99,2.023377949596995,29620.0,9632.0,0.0,0.557731,0.175827,0.266442,0.000249554,0.99975,0.415323,1.0,67580500.0,20898.7,0.258622,0.183148,0.708167,4360.89,3088.24,16862.0,11736.6,63.4528,-0.138585,4.68438
normalized-mult_diagcomm_opt_greater_teq_nbits_21.opb,2163.0,1292.0,0.0,0.0,0.0,0.0,0.0,0.0,0.0,7498.0,0.5511469999999999,3.4664817383263986,1.0,0.0,68727866880.31256,0.015384615384615385,0.015384615384615385,0.03076923076923077,1e+99,0.0,1e+99,0.0,4053.0,2730.0,0.0,0.57513,0.217617,0.207254,0.00727273,0.992727,0.42674,0.5,94878800.0,631969.0,11.9357,372.577,31.2154,19622.2,612517.0,1644.0,716.238,9.6394,265.347,4.90591
normalized-BA_RDC4.dot_fibo_20null20mast_rapportOE2.0_TMAX60_K67_cod2_pbEq1_newVersion.opb,30811.0,30880.0,0.0,0.0,1e+20,1e+20,-1e+20,1e+20,0.0,0.0,5.053344,0.0,0.0,-32.194347411876784,554.4800695590573,0.0,0.009502406136258152,0.009502406136258152,0.0,0.0,0.0,0.0,40882.0,40937.0,2.44606e-05,0.0952742,0.626388,0.278313,0.00212953,0.99787,0.729932,0.0,98683700.0,-904130.0,58.2468,-903.109,-15.5049,59703.0,-925687.0,1025.0,111.865,6.99025,-3466.7,4.82936
normalized-BA_RDC4.dot_fibo_50null0mast_rapportOE2.0_TMAX15_K67_cod3.opb,21698.0,22006.0,0.0,0.0,1e+20,1e+20,-1e+20,1e+20,0.0,0.0,5.017069,0.0,0.0,-358.64932881758176,1175.0155517597168,0.0,0.39647969147857903,0.39647969147857903,0.0,0.0,0.0,0.0,40950.0,40451.0,2.442e-05,0.0951404,0.625348,0.279487,0.0674089,0.932591,0.455087,0.0,107473000.0,832711.0,486.764,5965.6,12.2556,65713.1,805356.0,135.0,24.738,1.631,64958.0,4.87978
normalized-domset_v500_e2000_w30_mw19_13.opb.PB06.opb,476.0,554.0,476.0,1.0,209.0,209.0,163.9030946625544,0.27514370872796295,0.0,17092.0,5.000195,35.90756302521008,59.0,1.0,0.0,1.0,0.0,1.0,0.0,0.0,0.0,41.193897637795274,476.0,476.0,0.0,0.0,0.00420168,0.995798,0.100126,0.899874,1.0,1.0,68660400.0,85151.0,11.9187,1.52275,0.127761,70624.3,9023.04,5925.5,1434.52,26.8231,-100.552,4.83627
normalized-mps-v2-20-10-bg512142.opb,13969.0,1475.0,13969.0,1.0,1e+20,1e+20,147796106.33058023,1e+20,0.0,15237.0,5.010343,1.0907724246545922,0.0,46065076145.99,403213535192.94104,0.5714285714285714,0.0,0.5714285714285714,1e+99,0.0,1e+99,4671548.8853231855,945.0,16800.0,0.010582,0.0021164,0.0,0.987302,0.114709,0.885291,0.490215,1.0,96172800.0,-981526.0,474.914,655.971,1.38124,480613.0,663843.0,1012.0,114.781,6.92593,5641.79,3.96832
normalized-BA_RDC4.dot_luby_20null50mast_rapportOE2.0_TMAX15_K67_cod2_pbEq1_newVersion.opb,30721.0,30786.0,0.0,0.0,1e+20,1e+20,-1e+20,1e+20,0.0,0.0,5.017999,0.0,0.0,-1.532525588098786,19.66875019616144,0.0,0.009502406136258152,0.009502406136258152,0.0,0.0,0.0,0.0,40882.0,40937.0,2.44606e-05,0.0952742,0.626388,0.278313,0.00212953,0.99787,0.729932,0.0,102918000.0,216549.0,196.489,129.572,0.659435,151984.0,100224.0,773.5,377.149,5.40827,1360.67,4.7232
normalized-fout.r.opb,232.0,136.0,0.0,0.0,38.0,38.0,38.0,0.0,0.0,511.0,0.400179,2.2025862068965516,26.0,1.0,0.0,1.0,0.0,1.0,0.0,0.0,0.0,0.0,177.0,431.0,0.0,0.0225989,0.0225989,0.954802,0.191897,0.808103,1.0,1.0,97369100.0,90817.8,6.95109,71.2584,10.2514,7997.23,81982.7,1150.5,221.36,7.59948,972.047,0.274124
normalized-mul_8_3_shg.opb,5048.0,65280.0,0.0,0.0,5048.0,5048.0,-1e+20,1e+20,0.0,0.0,7.75913,0.0,1.0,1.0,0.0,1.0,0.0,1.0,0.0,0.0,0.0,0.0,65280.0,5048.0,0.0,0.0,0.0,1.0,0.00204983,0.99795,1.0,1.0,54561400.0,-1243020.0,709.122,920.828,1.29855,587508.0,762906.0,828.5,57.234,5.75271,19133.5,4.35704
normalized-BA_RDC4.dot_luby_0null0mast_rapportOE2.0_TMAX300_K67_cod1.opb,36184.0,36738.0,0.0,0.0,1e+20,1e+20,-1e+20,1e+20,0.0,0.0,5.047817,0.0,0.0,-2.8716224567995847,7.900953472139268,0.0,0.7929593829571581,0.7929593829571581,0.0,0.0,0.0,0.0,40950.0,40451.0,2.442e-05,0.0951404,0.625348,0.279487,0.126304,0.873696,0.455087,0.0,91029600.0,-605088.0,114.304,263.104,2.3018,199403.0,458984.0,1744.5,782.379,10.0493,-183.213,4.74173
normalized-BA_RDC4.dot_fibo_20null0mast_rapportOE2.0_TMAX60_K67_cod2_pbEq1_newVersion_ladder.opb,75049.0,75261.0,0.0,0.0,1e+20,1e+20,-1e+20,1e+20,0.0,0.0,5.016988,0.0,0.0,-3.9308305255650375,125.91626632528755,0.0,0.004783453432035611,0.004783453432035611,0.0,0.0,0.0,0.0,201868.0,81322.0,4.95373e-06,0.622204,0.324167,0.0536242,0.000770845,0.999229,0.503992,0.0,91562800.0,569254.0,72.7196,974.121,13.3956,43668.1,584960.0,600.5,154.335,4.41265,5062.66,4.80547
Init-x2-i3_pp_80.opb,608378.0,608379.0,0.0,0.0,1e+20,1e+20,-1e+20,1e+20,0.0,0.0,5.185398,0.0,0.0,0.004738006919983791,0.06866992216691349,0.004738006919983791,0.0,0.004738006919983791,0.0,0.0,0.0,0.0,609540.0,609539.0,0.0,0.934416,0.0070988,0.0584851,0.000826865,0.999173,0.988726,1.0,134218000.0,5876520.0,611.66,111402.0,182.131,34253.0,6238530.0,56.0,15.4867,1.11504,553.129,4.40904
normalized-BA_RDC4.dot_unif_20null10mast_rapportOE2.0_TMAX180_K67_cod2_pbEq1_newVersion.opb,30815.0,30884.0,0.0,0.0,1e+20,1e+20,-1e+20,1e+20,0.0,0.0,5.092684,0.0,0.0,-5.65847521801793,65.20425180521481,0.0,0.009502406136258152,0.009502406136258152,0.0,0.0,0.0,0.0,40882.0,40937.0,2.44606e-05,0.0952742,0.626388,0.278313,0.00212953,0.99787,0.729932,0.0,52478600.0,-290456.0,52.8631,-177.851,-3.36437,119153.0,-400876.0,2254.0,1213.74,12.4329,292.604,4.78832
normalized-single-obj-f58-fob_fxl_loss.seq-B-2-2-irabcde.opb,5025.0,9548.0,5025.0,1.0,2535855786.0,2535855786.0,2139357269.0,0.18533534475302263,0.0,5628.0,5.000597,1.12,2.0,16651345.719360199,79438502.068129,0.055047777316161194,0.0,0.055047777316161194,7.515527950310559e+98,4.3211247530251146e+98,0.0,0.2719548930254113,36267.0,14442.0,0.00212314,0.781758,0.206634,0.00948521,0.00805945,0.991941,0.547007,1.0,74970900.0,236453.0,11.5049,88.705,7.71022,28129.4,216884.0,2445.0,1139.53,13.3893,171.977,4.8979
normalized-BA_RDC4.dot_luby_10null20mast_rapportOE1.0_TMAX15_K67_cod2_pbEq1_newVersion_ladder.opb,44192.0,44388.0,0.0,0.0,1e+20,1e+20,-1e+20,1e+20,0.0,0.0,5.05564,0.0,0.0,-0.3210693293327759,8.859935052009952,0.0,0.005385996409335727,0.005385996409335727,0.0,0.0,0.0,0.0,201868.0,81322.0,4.95373e-06,0.622204,0.324167,0.0536242,0.000867859,0.999132,0.503992,0.0,101277000.0,-638811.0,131.076,-1655.57,-12.6306,50136.7,-633255.0,382.5,108.811,3.3799,8730.42,4.79297
normalized-vtxcov_v2000_e4000_12.opb.PB06.opb,1479.0,2868.0,1479.0,1.0,1073.0,1073.0,1003.2131979695431,0.06956328143579266,0.0,9982.0,5.002476,6.749154834347532,17.0,1.0,0.0,1.0,0.0,1.0,0.0,0.0,0.0,1.9212020033388981,4000.0,1968.0,0.0,1.0,0.0,0.0,0.197432,0.802568,1.0,1.0,102449000.0,79346.2,30.3725,-13.464,-0.443295,137223.0,-60830.2,4518.0,691.165,20.7469,306.613,4.82031
normalized-may5.5.opb,9561.0,27469.0,9561.0,1.0,1e+20,1e+20,0.0,1e+20,0.0,7799.0,5.01363,0.8157096538019035,0.0,0.021906146179401995,0.564779692292501,0.0026993355481727574,0.0,0.0026993355481727574,9.999999999999996e+98,3.642504172923242e+83,1e+99,2.0397169845727414,29620.0,9632.0,0.0,0.557731,0.175827,0.266442,0.000249554,0.99975,0.415323,1.0,45451600.0,-8437.01,-0.374112,-0.887861,2.37325,-9761.88,-23167.4,26093.5,20281.1,88.2338,1.91947,4.58763
normalized-single-obj-f35-AC_Side2.seq-B-2-combined-EDCBAir.opb,633.0,711.0,0.0,0.0,-81068948.0,-81068948.0,-81068948.0,0.0,0.0,2319.0,0.900057,3.6635071090047395,6.0,-2291165.396923077,16038161.12461533,0.04923076923076923,0.09230769230769231,0.14153846153846153,6.857142857142855e+98,4.642307659791977e+98,0.0,0.0,3558.0,1300.0,0.0185497,0.649241,0.277684,0.054525,0.0205955,0.979405,0.469029,0.347826,93206800.0,3797.28,4.66984,263.911,56.5139,81.7222,4618.44,17.5,13.0556,1.0,41.8404,0.01308
normalized-BA_RDC4.dot_fibo_20null20mast_rapportOE2.0_TMAX60_K67_cod2.opb,30811.0,30880.0,0.0,0.0,1e+20,1e+20,-1e+20,1e+20,0.0,0.0,5.041493,0.0,0.0,-32.194347411876784,554.4800695590573,0.0,0.009502406136258152,0.009502406136258152,0.0,0.0,0.0,0.0,41436.0,40937.0,2.41336e-05,0.0940245,0.618013,0.287938,0.00173965,0.99826,0.598238,0.0,98682000.0,-670661.0,57.7116,-660.581,-11.4462,60568.4,-693280.0,1049.5,114.029,7.13048,-2553.0,4.84685
normalized-581.cudf.paranoid.opb,5465.0,34236.0,0.0,0.0,1e+20,1e+20,-1e+20,0.0,0.0,0.0,0.13075599999999998,0.0,0.0,397.59908032763326,764.0238016659005,0.4808162092254634,0.0,0.4808162092254634,0.0,0.0,0.0,0.0,37517.0,6959.0,0.000666365,0.888451,0.101581,0.00930245,0.0395163,0.960484,0.499275,1.0,0.0,0.0,0.0,0.0,0.0,0.0,0.0,0.0,0.0,0.0,0.0,0.061464
normalized-BA_RDC4.dot_fibo_10null0mast_rapportOE2.0_TMAX180_K67_cod2_pbEq1_newVersion_sequential.opb,72651.0,145419.0,0.0,0.0,1e+20,1e+20,-1e+20,1e+20,0.0,0.0,5.026083,0.0,0.0,-4.3048375593320385,130.63314173910052,0.0,0.005385996409335727,0.005385996409335727,0.0,0.0,0.0,0.0,161483.0,81322.0,6.1926e-06,0.770954,0.15858,0.0704594,0.00103321,0.998967,0.504753,0.0,108136000.0,-1451170.0,642.023,-6760.66,-10.5303,146702.0,-1544810.0,228.5,76.5873,2.25328,10193.0,4.69537
normalized-s4-4-3-1pb.opb,560.0,1660.0,0.0,0.0,62.0,62.0,62.0,0.0,0.0,391.0,0.286953,0.6982142857142857,2.0,1.0,0.0,1.0,0.0,1.0,0.0,0.0,0.0,0.0,2028.0,672.0,0.0,0.190335,0.594675,0.21499,0.0910322,0.908968,0.406259,1.0,87806600.0,105646.0,5.31021,99.4194,18.7223,5326.14,99717.6,1003.0,477.01,6.85351,140.604,0.188546
normalized-BA_RDC4.dot_fibo_10null50mast_rapportOE1.0_TMAX15_K67_cod1.opb,33308.0,33815.0,0.0,0.0,1e+20,1e+20,-1e+20,1e+20,0.0,0.0,5.023836,0.0,0.0,-4723.327828731058,5196.860314794318,0.0,0.7146424068626239,0.7146424068626239,0.0,0.0,0.0,0.0,40950.0,40451.0,2.442e-05,0.0951404,0.625348,0.279487,0.115267,0.884733,0.455087,0.0,100022000.0,890361.0,312.819,5615.63,17.9517,48956.2,878847.0,156.5,46.3917,1.72611,52828.4,4.86785
normalized-simp-unif-100_100.00.opb,3334.0,37341.0,3334.0,1.0,54.0,54.0,8.0,5.75,0.0,0.0,5.008543,0.0,4.0,0.01092896174863388,0.10396883929202431,0.01092896174863388,0.0,0.01092896174863388,0.0,0.0,0.0,1.434279592929834,386810.0,8601.0,2.58525e-06,0.00534888,0.994413,0.000235258,8.08505e-05,0.999919,0.665373,1.0,46107100.0,3976.52,4.02116,-4.35206,-1.08229,59579.6,-64482.3,14816.5,13587.5,56.1554,0.988406,4.43112
normalized-autocorr_bern40-05.lin.opb,447.0,479.0,447.0,1.0,-230.0,-230.0,-992.1918431767641,3.313877579029409,0.0,9332.0,5.000271,20.876957494407158,10.0,0.0,22.797032657488064,0.4988814317673378,0.5011185682326622,1.0,0.0,0.0,0.0,2.91295560568207,814.0,447.0,0.0,0.0,0.36855,0.63145,0.125951,0.874049,0.5,0.498881,101442000.0,-244139.0,2.84413,54.4113,19.131,12315.1,235601.0,4330.0,3566.42,20.6736,-0.102965,4.94209
normalized-fir03_trarea_ac.opb,761.0,755.0,0.0,0.0,23978.0,23978.0,23978.0,0.0,0.0,115.0,0.07150999999999999,0.15111695137976347,4.0,817.9307520476546,805.3464767106244,0.5137751303052867,0.0,0.5137751303052867,0.0,0.0,0.0,0.0,2405.0,1343.0,0.0012474,0.728898,0.1921,0.0777547,0.102755,0.897245,0.495104,1.0,101944000.0,123954.0,-11.3479,-5.13848,0.452814,-95464.1,-43227.5,8412.5,4118.19,36.3714,-7.1007,4.70636
normalized-s4-4-3-5pb.opb,600.0,1744.0,0.0,0.0,60.0,60.0,60.0,0.0,0.0,178.0,0.055049,0.2966666666666667,1.0,1.0,0.0,1.0,0.0,1.0,0.0,0.0,0.0,0.0,2168.0,720.0,0.0,0.199262,0.590406,0.210332,0.0914634,0.908537,0.404922,1.0,99045700.0,140693.0,3.29729,170.25,51.6334,2665.86,137647.0,808.5,372.236,5.58962,232.597,0.22685
normalized-BA_RDC4.dot_luby_20null0mast_rapportOE2.0_TMAX15_K67_cod1.opb,30396.0,30853.0,0.0,0.0,1e+20,1e+20,-1e+20,1e+20,0.0,0.0,5.040944,0.0,0.0,-2.30056117277694,6.056301764468721,0.0,0.6346938270994537,0.6346938270994537,0.0,0.0,0.0,0.0,40950.0,40451.0,2.442e-05,0.0951404,0.625348,0.279487,0.103709,0.896291,0.455087,0.0,108525000.0,573968.0,322.421,3188.16,9.88818,56262.5,556334.0,174.5,41.0514,1.84286,72416.8,4.8621
normalized-single-obj-f58-fob_fxl_loss.seq-B-3-1-EDCBAir.opb,26772.0,51503.0,0.0,0.0,1e+20,1e+20,-1e+20,1e+20,0.0,0.0,5.041259,0.0,0.0,-2506736.251456746,124300268.40563405,0.006358604442683957,0.0019284292162238229,0.00828703365890778,0.0,0.0,0.0,0.0,291294.0,95933.0,0.000267771,0.743119,0.132258,0.124355,0.00101607,0.998984,0.521437,0.767296,134218000.0,36736.3,327.286,37225.0,113.739,981.857,111675.0,3.0,8.14286,1.0,66.3509,4.78791
normalized-ex1010-pi.opb,13351.0,1466.0,13351.0,1.0,282.0,282.0,0.0,1e+20,0.0,11950.0,5.000714,0.8950640401468055,4.0,1.0,0.0,1.0,0.0,1.0,0.0,0.0,0.0,0.0,1468.0,25200.0,0.0,0.0,0.0,1.0,0.197936,0.802064,1.0,1.0,129918000.0,1540370.0,173.036,4182.74,24.1726,62033.5,1499510.0,358.5,10.6532,3.11003,-7948.35,4.7969
normalized-BA_RDC4.dot_fibo_50null20mast_rapportOE2.0_TMAX120_K67_cod2_pbEq1_newVersion.opb,21986.0,22055.0,0.0,0.0,1e+20,1e+20,-1e+20,1e+20,0.0,0.0,5.016523,0.0,0.0,-29.91721425605198,551.1823941050886,0.0,0.005935950362752522,0.005935950362752522,0.0,0.0,0.0,0.0,40882.0,40937.0,2.44606e-05,0.0952742,0.626388,0.278313,0.00133134,0.998669,0.729932,0.0,93610500.0,698167.0,107.54,826.298,7.6836,84365.5,648231.0,784.5,119.471,5.47325,-7349.67,4.81444
normalized-j9045_1.std.opb,39317.0,93046.0,0.0,0.0,1e+20,1e+20,-1e+20,1e+20,0.0,0.0,5.007181,0.0,0.0,0.8241758241758241,12.823050507610667,0.0054762513234274035,0.0,0.0054762513234274035,0.0,0.0,0.0,0.0,192647.0,54782.0,0.00335847,0.850841,0.139571,0.00622901,0.000579783,0.99942,0.369669,1.0,106410000.0,-137139.0,25.9852,-45.8453,-1.76428,117505.0,-207313.0,4522.0,4235.74,21.3264,-40.8873,4.73389
normalized-mult_diagcomm_opt_less_teq_nbits_27.opb,3591.0,2145.0,0.0,0.0,0.0,0.0,0.0,0.0,0.0,18222.0,2.483696,5.074352548036758,1.0,0.0,219704124616963.4,0.012048192771084338,0.012048192771084338,0.024096385542168676,1.0000000000000001e+99,1.2141680576410807e+83,1e+99,0.0,6669.0,4482.0,0.0,0.57085,0.218623,0.210526,0.00566572,0.994334,0.425926,0.5,101141000.0,-255930.0,20.7491,-160.428,-7.73182,37877.4,-292861.0,1825.5,837.848,10.4025,312.876,4.85677
normalized-factor-size=9-P=47-Q=197.opb,70.0,98.0,0.0,0.0,47.0,47.0,47.0,0.0,0.0,59.0,0.03116,0.8428571428571429,1.0,5.161616161616162,29.257376543984705,0.09090909090909091,0.0,0.09090909090909091,0.0,0.0,0.0,0.0,244.0,99.0,0.0,0.663934,0.331967,0.00409836,0.0136986,0.986301,0.5,1.0,123622000.0,1075.25,1.82807,28.066,15.3528,68.5526,1052.47,37.5,19.7368,1.0,42.1693,0.003675
normalized-BA_RDC4.dot_unif_20null50mast_rapportOE2.0_TMAX180_K67_cod2_pbEq1_newVersion_binary.opb,43616.0,288563.0,0.0,0.0,1e+20,1e+20,-1e+20,1e+20,0.0,0.0,5.0612449999999995,0.0,0.0,-7.13994956370372,80.8885999116561,0.0,0.008681291704791448,0.008681291704791448,0.0,0.0,0.0,0.0,297596.0,44809.0,3.36026e-06,0.875714,0.0860495,0.038233,0.00055883,0.999441,0.385501,0.0,95120200.0,-682113.0,146.933,-872.743,-5.93974,133342.0,-792014.0,907.5,493.899,6.26597,-526.416,4.60866
normalized-BA_RDC4.dot_unif_20null50mast_rapportOE2.0_TMAX120_K67_cod2.opb,30893.0,30962.0,0.0,0.0,1e+20,1e+20,-1e+20,1e+20,0.0,0.0,5.019222,0.0,0.0,-7.693748931284657,83.90350043071062,0.0,0.009502406136258152,0.009502406136258152,0.0,0.0,0.0,0.0,41436.0,40937.0,2.41336e-05,0.0940245,0.618013,0.287938,0.00173965,0.99826,0.598238,0.0,71367300.0,536616.0,167.496,254.33,1.51842,219001.0,332536.0,1307.5,493.522,8.41858,-294.808,4.67953
Init-x2-i8_pp_83.opb,616337.0,616338.0,0.0,0.0,1e+20,1e+20,-1e+20,1e+20,0.0,0.0,5.195417,0.0,0.0,0.004676953372977315,0.06822814287465492,0.004676953372977315,0.0,0.004676953372977315,0.0,0.0,0.0,0.0,617497.0,617496.0,1.29555e-05,0.94095,0.00387208,0.0551646,0.000812482,0.999188,0.989914,1.0,134218000.0,3907590.0,464.436,171712.0,369.722,11610.9,4292810.0,25.0,16.6078,1.0,28.5407,4.34219
normalized-OGR_18.opb,8883.0,10409.0,8883.0,1.0,1e+20,1e+20,17.0,1e+20,0.0,15592.0,5.004111,1.7552628616458403,0.0,0.05752561071710008,3.135852393964955,0.0010131712259371835,0.0,0.0010131712259371835,1.0000000000000001e+99,1.2141680576410807e+83,1e+99,14.65922432874603,17459.0,8883.0,0.0,0.0,0.0,1.0,1.50982e-05,0.999985,0.5,1.0,118545000.0,-109283.0,7.20683,-51.416,-7.13435,17617.1,-125686.0,2444.5,737.592,13.3867,155.01,4.90856
normalized-BA_RDC4.dot_unif_50null10mast_rapportOE2.0_TMAX180_K67_cod3.opb,21709.0,22021.0,0.0,0.0,1e+20,1e+20,-1e+20,1e+20,0.0,0.0,5.018319,0.0,0.0,-242.41551506761266,359.81162128105075,0.0,0.39647969147857903,0.39647969147857903,0.0,0.0,0.0,0.0,40950.0,40451.0,2.442e-05,0.0951404,0.625348,0.279487,0.0674089,0.932591,0.455087,0.0,96301200.0,-478426.0,79.4365,-638.911,-8.04304,63509.5,-510810.0,799.5,339.824,5.55625,1518.71,4.82915
normalized-rand362510.cudf.paranoid.opb,1894.0,1892.0,0.0,0.0,1964.0,1964.0,1964.0,0.0,0.0,511.0,2.956073,0.2697993664202746,8.0,155.69431592861864,490.9672640238904,0.37276933245208194,0.0,0.37276933245208194,0.0,0.0,0.0,0.0,26411.0,6052.0,0.000681534,0.490932,0.366817,0.14157,0.0293536,0.970646,0.56055,1.0,91294500.0,1005520.0,159.568,2325.02,14.5707,64784.5,943958.0,406.0,328.316,3.53998,412.576,0.551981
normalized-BA_RDC4.dot_fibo_0null0mast_rapportOE1.0_TMAX120_K67_cod2_pbEq1_newVersion_ladder.opb,40090.0,40261.0,0.0,0.0,1e+20,1e+20,-1e+20,1e+20,0.0,0.0,5.213008,0.0,0.0,-5.603022552322865,150.7986924934013,0.0,0.005976242591180739,0.005976242591180739,0.0,0.0,0.0,0.0,201868.0,81322.0,4.95373e-06,0.622204,0.324167,0.0536242,0.000962876,0.999037,0.503992,0.0,102480000.0,919936.0,168.541,1684.08,9.99214,88652.5,885829.0,526.0,200.55,4.08832,5522.88,4.64539
normalized-comppebphp_opt_pyrheightequalsnholes_42.opb,1710368.0,85828.0,0.0,0.0,1e+20,1e+20,-1e+20,1e+20,0.0,0.0,6.104054,0.0,0.0,0.0011061946902654867,0.033241104427691966,0.0011061946902654867,0.0,0.0011061946902654867,0.0,0.0,0.0,0.0,85828.0,1710368.0,0.0,0.0,0.0,1.0,0.000514385,0.999486,0.499655,1.0,134218000.0,-235588.0,-137.273,47.5645,-0.346496,-301794.0,104571.0,2198.5,47.9754,11.1446,7604.61,3.38035
normalized-NG.dot_unif_0null10mast_rapportOE2.0_TMAX180_K192_cod1.opb,399113.0,400786.0,0.0,0.0,1e+20,1e+20,-1e+20,1e+20,0.0,0.0,5.657728,0.0,0.0,-471.7263982882041,347.356236276315,0.0,0.8532746365064531,0.8532746365064531,0.0,0.0,0.0,0.0,400980.0,399113.0,0.0,0.0609706,0.331051,0.607978,0.127336,0.872664,0.48797,0.0,134218000.0,478433.0,36860.3,12252.4,0.332402,368603.0,122524.0,10.0,0.0,1.0,0.0,4.36237
normalized-j6045_10.std.opb,29724.0,71723.0,0.0,0.0,1e+20,1e+20,-1e+20,1e+20,0.0,0.0,5.000221,0.0,0.0,1.2295081967213115,15.646078901885646,0.008169489679211371,0.0,0.008169489679211371,0.0,0.0,0.0,0.0,129262.0,36722.0,0.00333431,0.847759,0.139623,0.00928347,0.000866949,0.999133,0.369864,1.0,107340000.0,74679.4,-13.1746,-6.45007,0.489584,-107887.0,-52819.6,8189.0,7785.56,35.6338,-13.4455,4.75023
normalized-frb45-21-3.opb,945.0,58245.0,945.0,1.0,-31.0,-31.0,-415.0,12.387096774193548,0.0,1274.0,5.002296,1.348148148148148,6.0,-1.0,0.0,0.0,1.0,1.0,0.0,0.0,0.0,2.0033800013725895,58245.0,945.0,0.0,1.0,0.0,0.0,0.008047,0.991953,0.0,0.0,57840400.0,-104695.0,-6.56968,-7.0212,1.06873,-54199.9,-57924.9,8250.0,4956.86,35.7344,11.9167,4.74462
SMTI_50000_3_0.85_8.opb,227644.0,223733.0,0.0,0.0,1e+20,1e+20,-1e+20,1e+20,0.0,0.0,9.837878,0.0,0.0,0.4,0.48989794855663565,0.4,0.0,0.4,0.0,0.0,0.0,0.0,250001.0,250000.0,0.0125679,0.0413878,0.108812,0.837233,0.0708302,0.92917,0.961885,1.0,134218000.0,2354750.0,10642.8,17338.2,1.62911,915277.0,1491090.0,86.0,1.59538,1.42197,141.167,3.34704
normalized-BA_RDC4.dot_luby_0null10mast_rapportOE2.0_TMAX120_K67_cod1.opb,36184.0,36738.0,0.0,0.0,1e+20,1e+20,-1e+20,1e+20,0.0,0.0,5.065812,0.0,0.0,-22.553657511557194,68.44345654352145,0.0,0.7929593829571581,0.7929593829571581,0.0,0.0,0.0,0.0,40950.0,40451.0,2.442e-05,0.0951404,0.625348,0.279487,0.126304,0.873696,0.455087,0.0,103127000.0,-267786.0,107.307,-228.123,-2.1259,225773.0,-479971.0,2104.0,786.035,11.7204,475.869,4.63141
normalized-hal-cups-utils.cudf.paranoid.opb,10614.0,66198.0,0.0,0.0,1e+20,1e+20,-1e+20,1e+20,0.0,0.0,5.000931,0.0,0.0,643.4220536165908,1532.715348267776,0.3669195751138088,0.0,0.3669195751138088,0.0,0.0,0.0,0.0,96416.0,19770.0,0.000197063,0.376608,0.226871,0.396324,0.0219228,0.978077,0.641056,1.0,133216000.0,1667180.0,8380.24,16865.6,2.01255,557286.0,1121560.0,66.5,86.9104,1.25373,238.403,1.06194
normalized-j9046_4.std.opb,39906.0,94734.0,0.0,0.0,1e+20,1e+20,-1e+20,1e+20,0.0,0.0,5.028795,0.0,0.0,0.8241758241758241,12.823050507610667,0.0054762513234274035,0.0,0.0054762513234274035,0.0,0.0,0.0,0.0,192613.0,54782.0,0.00335907,0.850877,0.139534,0.00623011,0.000579873,0.99942,0.369661,1.0,115504000.0,7067.85,19.9136,-10.316,-0.51804,113965.0,-59038.6,5723.0,4670.5,25.9585,-24.4142,4.73561
normalized-j12032_7.std.opb,52349.0,113564.0,0.0,0.0,1e+20,1e+20,-1e+20,1e+20,0.0,0.0,5.023324,0.0,0.0,0.6198347107438017,11.126066629782756,0.004118503061420609,0.0,0.004118503061420609,0.0,0.0,0.0,0.0,245253.0,72842.0,0.00321709,0.846143,0.145747,0.00489291,0.000475163,0.999525,0.386205,1.0,118232000.0,-170475.0,54.6204,-92.7343,-1.6978,148786.0,-252608.0,2724.0,2420.71,14.8167,123.422,4.62426
normalized-BA_RDC4.dot_fibo_10null10mast_rapportOE2.0_TMAX120_K67_cod2_pbEq1_newVersion_binary.opb,43616.0,288563.0,0.0,0.0,1e+20,1e+20,-1e+20,1e+20,0.0,0.0,5.047756,0.0,0.0,-19.835077774554218,401.7874384423118,0.0,0.009774822022361579,0.009774822022361579,0.0,0.0,0.0,0.0,297596.0,44809.0,3.36026e-06,0.875714,0.0860495,0.038233,0.000629178,0.999371,0.385501,0.0,98048000.0,-324546.0,175.709,-653.198,-3.7175,105865.0,-393552.0,602.5,237.619,4.43118,3781.02,4.68282
normalized-evencolouring_opt_unit_random6regular_nvert_851.opb,3404.0,851.0,3404.0,1.0,1.0,1.0,0.0,1e+20,0.0,10297.0,5.000583,3.02497062279671,3.0,0.25,0.4330127018922193,0.25,0.0,0.25,1.0000000000000001e+99,1.2141680576410807e+83,1e+99,0.009291521486643438,851.0,3404.0,0.0,0.0,0.0,1.0,0.125,0.875,1.0,1.0,101731000.0,-169642.0,8.11795,-43.4113,-5.34756,39420.8,-210805.0,4856.0,1669.14,22.5856,-126.121,4.87219
normalized-BA_RDC4.dot_fibo_0null20mast_rapportOE2.0_TMAX15_K67_cod2_pbEq1_newVersion_ladder.opb,40856.0,41022.0,0.0,0.0,1e+20,1e+20,-1e+20,1e+20,0.0,0.0,5.109703,0.0,0.0,-17.291384865104153,400.066747329105,0.0,0.005976242591180739,0.005976242591180739,0.0,0.0,0.0,0.0,201868.0,81322.0,4.95373e-06,0.622204,0.324167,0.0536242,0.000962876,0.999037,0.503992,0.0,98998700.0,-777406.0,133.878,-2020.92,-15.0953,51208.2,-773001.0,382.5,93.248,3.3812,5851.8,4.75523
normalized-BA_RDC4.dot_luby_10null50mast_rapportOE2.0_TMAX180_K67_cod2_pbEq1_newVersion_product.opb,52558.0,135477.0,0.0,0.0,1e+20,1e+20,-1e+20,1e+20,0.0,0.0,5.043319,0.0,0.0,-1.094487915145192,16.616265237235766,0.0,0.007616066770996349,0.007616066770996349,0.0,0.0,0.0,0.0,149401.0,57510.0,6.6934e-06,0.752431,0.171404,0.0761575,0.00109567,0.998904,0.589766,0.0,97916200.0,2215790.0,584.636,6006.72,10.2743,199653.0,2051300.0,341.5,62.4854,3.09942,26639.5,4.61099
normalized-domset_v500_e2000_w30_mw19_10.opb.PB06.opb,470.0,565.0,470.0,1.0,210.0,210.0,162.52675963766956,0.2920949169734592,0.0,8084.0,5.000329,17.2,63.0,1.0,0.0,1.0,0.0,1.0,0.0,0.0,0.0,35.496849684968495,470.0,470.0,0.0,0.0,0.0,1.0,0.0998301,0.90017,1.0,1.0,69310100.0,45574.5,12.6931,-6.034,-0.475377,76228.3,-36237.2,6005.5,1473.76,27.1399,-24.9377,4.83041
normalized-mps-v2-20-10-usAbbrv.8.25_70.opb,17377.0,4209.0,17377.0,1.0,1e+20,1e+20,97280.0,1e+20,0.0,8596.0,5.009341,0.4946768717269954,0.0,52090.35481053806,4317756.120789641,0.0014555334530105284,0.005094367085536849,0.006549900538547378,1e+99,0.0,1e+99,508735963.4725502,3921.0,20611.0,0.0,0.0,0.0,1.0,0.000746814,0.999253,0.44436,0.222222,85405500.0,-582002.0,27.6454,-575.437,-20.815,29290.3,-609675.0,1059.5,47.4528,7.19811,2781.65,4.69103
normalized-j12036_8.std.opb,58407.0,129311.0,0.0,0.0,1e+20,1e+20,-1e+20,1e+20,0.0,0.0,5.01265,0.0,0.0,0.6198347107438017,11.126066629782756,0.004118503061420609,0.0,0.004118503061420609,0.0,0.0,0.0,0.0,245656.0,72842.0,0.00321181,0.845902,0.146001,0.00488488,0.000448908,0.999551,0.365458,1.0,115806000.0,356048.0,36.2675,108.776,2.99927,104940.0,314743.0,2893.5,2680.35,15.5993,81.9406,4.70754
normalized-s1234.opb,2864.0,8285.0,2864.0,1.0,1e+20,1e+20,0.0,1e+20,0.0,13351.0,5.00651,4.661662011173185,0.0,0.13039049235993208,0.44756653892878095,0.0869269949066214,0.0,0.0869269949066214,0.0,0.0,0.0,7.62808811001582,8418.0,2945.0,0.000118793,0.364932,0.121644,0.513305,0.00570194,0.994298,0.511839,1.0,0.0,0.0,0.0,0.0,0.0,0.0,0.0,0.0,0.0,0.0,0.0,5.0
normalized-BA_RDC4.dot_fibo_0null50mast_rapportOE1.0_TMAX60_K67_cod2_pbEq1_newVersion_sequential.opb,71568.0,143199.0,0.0,0.0,1e+20,1e+20,-1e+20,1e+20,0.0,0.0,5.145591,0.0,0.0,-35.29921792380905,605.5878591097106,0.0,0.005976242591180739,0.005976242591180739,0.0,0.0,0.0,0.0,161483.0,81322.0,6.1926e-06,0.770954,0.15858,0.0704594,0.00114631,0.998854,0.504753,0.0,107175000.0,1235220.0,99.2903,2312.92,23.2945,53418.2,1244350.0,538.0,173.42,4.14299,5512.78,4.8057
normalized-ped3.G.recomb10-0.01-2.opb,27079.0,126348.0,0.0,0.0,1e+20,1e+20,-1e+20,1e+20,0.0,0.0,5.27586,0.0,0.0,43.174210012759886,113.38847861833959,0.13085140984262802,0.0,0.13085140984262802,0.0,0.0,0.0,0.0,689298.0,79938.0,0.0276934,0.559375,0.412457,0.000474396,0.0061186,0.993881,0.684653,1.0,103922000.0,-1408290.0,-1102.3,-664.517,0.602846,-839402.0,-506030.0,761.5,635.319,5.33399,450.287,3.40329
normalized-BA_RDC4.dot_luby_20null0mast_rapportOE1.0_TMAX60_K67_cod3.opb,30423.0,30880.0,0.0,0.0,1e+20,1e+20,-1e+20,1e+20,0.0,0.0,5.043661,0.0,0.0,-2.493090405676003,7.890891547165112,0.0,0.6346938270994537,0.6346938270994537,0.0,0.0,0.0,0.0,40950.0,40451.0,2.442e-05,0.0951404,0.625348,0.279487,0.103709,0.896291,0.455087,0.0,122909000.0,560492.0,173.825,2488.21,14.3144,39110.7,559848.0,225.0,113.02,2.22616,11050.4,4.87394
normalized-BA_RDC4.dot_luby_50null10mast_rapportOE1.0_TMAX120_K67_cod2_pbEq1_newVersion_sequential.opb,72824.0,145712.0,0.0,0.0,1e+20,1e+20,-1e+20,1e+20,0.0,0.0,5.047902,0.0,0.0,-0.1582228671208283,6.225451182328887,0.0,0.0029881212955903693,0.0029881212955903693,0.0,0.0,0.0,0.0,161483.0,81322.0,6.1926e-06,0.770954,0.15858,0.0704594,0.000573485,0.999427,0.504753,0.0,109584000.0,-1438650.0,84.9075,1938.72,22.8333,62874.0,1435620.0,740.5,470.596,5.20243,1939.99,4.73169
normalized-j12060_8.std.opb,51427.0,120881.0,0.0,0.0,1e+20,1e+20,-1e+20,1e+20,0.0,0.0,5.00773,0.0,0.0,0.6198347107438017,11.126066629782756,0.004118503061420609,0.0,0.004118503061420609,0.0,0.0,0.0,0.0,256074.0,72842.0,0.00337012,0.85241,0.139534,0.00468615,0.000435467,0.999565,0.369586,1.0,119154000.0,-169166.0,47.0877,50.3557,1.0694,197792.0,211519.0,4200.5,3049.34,20.1798,2.49453,4.6065
normalized-BA_RDC4.dot_fibo_20null0mast_rapportOE1.0_TMAX180_K67_cod2_pbEq1_newVersion.opb,30809.0,30878.0,0.0,0.0,1e+20,1e+20,-1e+20,1e+20,0.0,0.0,5.019002,0.0,0.0,-7.344504971053081,169.7019241349203,0.0,0.009502406136258152,0.009502406136258152,0.0,0.0,0.0,0.0,40882.0,40937.0,2.44606e-05,0.0952742,0.626388,0.278313,0.00212953,0.99787,0.729932,0.0,91011000.0,702597.0,46.5974,527.803,11.3269,59831.0,677699.0,1284.0,579.742,8.31296,-974.31,4.85852
normalized-BA_RDC4.dot_unif_0null0mast_rapportOE2.0_TMAX60_K67_cod2_pbEq1_newVersion_product.opb,52558.0,135477.0,0.0,0.0,1e+20,1e+20,-1e+20,1e+20,0.0,0.0,5.045853,0.0,0.0,-4.224934793948878,52.899271781616314,0.0,0.008450704225352112,0.008450704225352112,0.0,0.0,0.0,0.0,149401.0,57510.0,6.6934e-06,0.752431,0.171404,0.0761575,0.0012156,0.998784,0.589766,0.0,70378200.0,-824361.0,81.8745,-915.655,-11.1836,78108.3,-873535.0,954.0,377.273,6.54217,-2125.28,4.74746
normalized-mps-v2-20-10-dano3_4.opb,379998.0,4356.0,0.0,0.0,1e+20,1e+20,-1e+20,1e+20,0.0,0.0,5.054943,0.0,0.0,2654.0584799513554,974637.105771587,7.415353737091105e-05,0.0,7.415353737091105e-05,0.0,0.0,0.0,0.0,3686.0,404566.0,0.0,0.0,0.0,1.0,1.32939e-05,0.999987,0.414041,1.0,121312000.0,1851170.0,1240.7,6567.89,5.29371,321961.0,1704370.0,259.5,37.7288,2.5,7462.02,4.37757
normalized-BA_RDC4.dot_luby_10null10mast_rapportOE2.0_TMAX120_K67_cod2_pbEq1_newVersion_sequential.opb,72824.0,145712.0,0.0,0.0,1e+20,1e+20,-1e+20,1e+20,0.0,0.0,5.04474,0.0,0.0,-0.16815867784855268,6.25244393336076,0.0,0.005385996409335727,0.005385996409335727,0.0,0.0,0.0,0.0,161483.0,81322.0,6.1926e-06,0.770954,0.15858,0.0704594,0.00103321,0.998967,0.504753,0.0,98667100.0,-2204840.0,150.648,-6222.49,-41.305,53103.2,-2193430.0,352.5,65.3144,3.16289,11912.1,4.7744
normalized-BA_RDC4.dot_fibo_20null0mast_rapportOE2.0_TMAX15_K67_cod1.opb,30416.0,30873.0,0.0,0.0,1e+20,1e+20,-1e+20,1e+20,0.0,0.0,5.020473,0.0,0.0,-598.7985463894588,1504.5208363154968,0.0,0.6346938270994537,0.6346938270994537,0.0,0.0,0.0,0.0,40950.0,40451.0,2.442e-05,0.0951404,0.625348,0.279487,0.103709,0.896291,0.455087,0.0,99389100.0,297583.0,513.381,3767.69,7.33897,40300.4,295763.0,78.5,27.0823,1.36076,36636.2,4.89417
normalized-BA_RDC4.dot_fibo_20null0mast_rapportOE1.0_TMAX300_K67_cod1.opb,30440.0,30897.0,0.0,0.0,1e+20,1e+20,-1e+20,1e+20,0.0,0.0,5.018445,0.0,0.0,-584.9935477491285,1505.9997890920818,0.0,0.6346938270994537,0.6346938270994537,0.0,0.0,0.0,0.0,40950.0,40451.0,2.442e-05,0.0951404,0.625348,0.279487,0.103709,0.896291,0.455087,0.0,106013000.0,-447157.0,86.4732,-390.212,-4.51252,117647.0,-530883.0,1360.5,575.193,8.60213,232.967,4.80766
normalized-BA_RDC4.dot_fibo_20null10mast_rapportOE2.0_TMAX180_K67_cod2.opb,30786.0,30855.0,0.0,0.0,1e+20,1e+20,-1e+20,1e+20,0.0,0.0,5.027704,0.0,0.0,-19.743728167672277,410.28270342581544,0.0,0.009502406136258152,0.009502406136258152,0.0,0.0,0.0,0.0,41436.0,40937.0,2.41336e-05,0.0940245,0.618013,0.287938,0.00173965,0.99826,0.598238,0.0,101987000.0,848332.0,103.009,889.231,8.63257,91317.3,788303.0,886.5,253.625,6.11387,4437.56,4.83835
normalized-NG.dot_luby_0null10mast_rapportOE2.0_TMAX60_K192_cod1.opb,399113.0,400786.0,0.0,0.0,1e+20,1e+20,-1e+20,1e+20,0.0,0.0,5.5093440000000005,0.0,0.0,-90.83235324331706,285.2658158730049,0.0,0.8532746365064531,0.8532746365064531,0.0,0.0,0.0,0.0,400980.0,399113.0,0.0,0.0609706,0.331051,0.607978,0.127336,0.872664,0.48797,0.0,134218000.0,455793.0,49146.7,13142.2,0.267408,368600.0,98566.8,7.5,0.0,1.0,0.0,4.39577
normalized-minisat15_5_3_4_mh.opb,5910.0,11886.0,5910.0,1.0,26906463.0,26906463.0,2873908.346153846,8.362324667037116,0.0,2336.0,5.004183,0.39526226734348563,1.0,564213.1044052864,4116820.947043882,0.5550660792951542,0.0022026431718061676,0.5572687224669604,-1.6666666666666667,1.699673171197595,-4.0,0.062218583708555056,15202.0,6810.0,0.0,0.594988,0.36607,0.0389422,0.0757939,0.924206,0.348784,0.996047,80947500.0,-24605.4,21.6089,-33.2887,-1.54051,37556.2,-57855.8,1738.0,352.172,10.0239,-333.618,4.89565
normalized-j12054_10.std.opb,50393.0,116508.0,0.0,0.0,1e+20,1e+20,-1e+20,1e+20,0.0,0.0,5.021617,0.0,0.0,0.6198347107438017,11.126066629782756,0.004118503061420609,0.0,0.004118503061420609,0.0,0.0,0.0,0.0,256457.0,72842.0,0.00336509,0.852342,0.139614,0.00467915,0.000458887,0.999541,0.390058,1.0,109767000.0,-65802.3,29.7865,-29.8288,-1.00142,148694.0,-148905.0,4992.0,4300.26,23.1387,42.492,4.6869
normalized-lo_12x12_009.opb.metafix.opb,115.0,59.0,0.0,0.0,70.0,70.0,70.0,0.0,0.0,258.0,0.008257,2.243478260869565,1.0,1.0,0.0,1.0,0.0,1.0,1.0000000000000002e+99,2.4283361152821613e+83,1e+99,0.0,70.0,144.0,0.0571429,0.0571429,0.0571429,0.828571,0.2,0.8,1.0,1.0,110127000.0,1653.13,4.84948,40.014,8.25118,186.705,1540.54,38.5,11.7821,1.0,89.8259,0.003557
normalized-mps-v2-20-10-pp08aCUTS.opb,4600.0,413.0,4600.0,1.0,1e+20,1e+20,5528215.803360785,1e+20,0.0,50872.0,5.000196,11.059130434782608,0.0,39218925.709565215,147832633.26687428,0.7443478260869565,0.0,0.7443478260869565,-4.422837409420321e-07,1.2212958976842179e-06,-3.814697265625068e-06,599518.851750671,310.0,4600.0,0.0,0.0,0.0,1.0,0.156676,0.843324,0.571351,1.0,97307900.0,-888911.0,1102.74,885.884,0.803352,925746.0,743700.0,839.5,108.444,5.82143,1925.65,3.63526
normalized-BA_RDC4.dot_luby_50null20mast_rapportOE2.0_TMAX180_K67_cod2_pbEq1_newVersion_sequential.opb,71579.0,145712.0,0.0,0.0,1e+20,1e+20,-1e+20,1e+20,0.0,0.0,5.11129,0.0,0.0,-0.3135190969233418,8.847351396438555,0.0,0.0029881212955903693,0.0029881212955903693,0.0,0.0,0.0,0.0,161483.0,81322.0,6.1926e-06,0.770954,0.15858,0.0704594,0.000573485,0.999427,0.504753,0.0,108299000.0,1617600.0,246.9,3250.19,13.164,118142.0,1555220.0,478.5,203.058,3.91023,6966.85,4.72292
normalized-lo_8x8_006.opb.metafix.opb,0.0,0.0,0.0,0.0,37.0,37.0,37.0,0.0,0.0,0.0,0.00212,0.0,1.0,1.0,0.0,1.0,0.0,1.0,0.0,0.0,0.0,0.0,46.0,64.0,0.0869565,0.0869565,0.0869565,0.73913,0.2,0.8,1.0,1.0,134218000.0,126.333,9.86667,58.2667,5.90541,24.6667,145.667,2.5,1.16667,1.0,12.7143,0.000612
normalized-Generated_notes_20140709_1000_0.01-003.opb,89821.0,874.0,0.0,0.0,-2320.0,-2320.0,-20121625.0,8672.114224137931,0.0,0.0,5.004462,0.0,2.0,-181.00543901001768,174.4336708868667,0.0,0.9520506776664702,0.9520506776664702,0.0,0.0,0.0,0.0,1353.0,169700.0,0.00813008,0.0140429,0.00886918,0.968958,0.25562,0.74438,0.00318398,0.0,112754000.0,1741630.0,8754.78,67676.7,7.73025,214492.0,1658080.0,24.5,0.0,1.0,0.0,4.62425
normalized-BA_RDC4.dot_unif_20null0mast_rapportOE1.0_TMAX180_K67_cod2_pbEq1_newVersion_ladder.opb,54619.0,54815.0,0.0,0.0,1e+20,1e+20,-1e+20,1e+20,0.0,0.0,5.333075,0.0,0.0,-2.2814490543764294,38.69504792156154,0.0,0.004783453432035611,0.004783453432035611,0.0,0.0,0.0,0.0,201868.0,81322.0,4.95373e-06,0.622204,0.324167,0.0536242,0.000770845,0.999229,0.503992,0.0,67299200.0,-5078.93,122.773,-102.16,-0.832108,108163.0,-90002.9,881.0,465.896,6.08281,2108.04,4.69702
normalized-domset_v500_e2000_w30_mw19_18.opb.PB06.opb,470.0,546.0,470.0,1.0,215.0,215.0,163.81703894235477,0.31243978885283047,0.0,16218.0,5.001673,34.5063829787234,52.0,1.0,0.0,1.0,0.0,1.0,0.0,0.0,0.0,35.34697508896797,469.0,470.0,0.0,0.0,0.0021322,0.997868,0.0996819,0.900318,1.0,1.0,73039500.0,60778.8,12.7745,-3.2285,-0.252731,74149.3,-18739.8,5804.5,1803.03,26.337,-78.748,4.84563
normalized-BA_RDC4.dot_unif_0null10mast_rapportOE1.0_TMAX300_K67_cod3.opb,36184.0,36738.0,0.0,0.0,1e+20,1e+20,-1e+20,1e+20,0.0,0.0,5.030227,0.0,0.0,-415.17460631381175,351.58395328098004,0.0,0.7929593829571581,0.7929593829571581,0.0,0.0,0.0,0.0,40950.0,40451.0,2.442e-05,0.0951404,0.625348,0.279487,0.126304,0.873696,0.455087,0.0,95610300.0,482798.0,61.2264,229.916,3.75518,108524.0,407526.0,1772.5,847.315,10.1413,262.124,4.78798
normalized-mps-v2-20-10-vpm2.opb,1741.0,1364.0,1741.0,1.0,1e+20,1e+20,47.65654883847899,1e+20,0.0,15596.0,5.002357,8.95807007466973,0.0,0.1830065359477124,0.8173332626699158,0.06100217864923747,0.0,0.06100217864923747,0.002067436009787048,0.011417788554015519,0.0,1.8112864077669903,444.0,2754.0,0.0,0.0,0.0,1.0,0.0168219,0.983178,0.26795,1.0,26605000.0,-1412.64,17.5523,-18.4736,-1.05249,80968.8,-85218.8,4613.0,1130.32,21.6853,-30.9195,4.86265
normalized-minisat50_4_16_7.opb,2550.0,2712.0,2550.0,1.0,47854277.0,47854277.0,1958657.467720425,23.432182649932656,0.0,12118.0,5.001833,4.752156862745098,1.0,9045156.963529412,17755421.282517683,0.9607843137254902,0.00980392156862745,0.9705882352941176,9.999999999999998e+98,1.2141680576410807e+83,1e+99,3.9035123132821963,7606.0,5100.0,0.0,0.650802,0.161057,0.188141,0.131649,0.868351,0.61562,0.989899,82658900.0,600659.0,33.2519,585.491,17.6077,32487.1,572025.0,977.0,140.549,6.70844,-3222.09,4.87047
normalized-NG.dot_fibo_50null20mast_rapportOE1.0_TMAX15_K192_cod2.opb,400896.0,400786.0,0.0,0.0,1e+20,1e+20,-1e+20,1e+20,0.0,0.0,5.302066,0.0,0.0,-10.965185484514688,333.8920674159893,0.0,0.002225015964240102,0.002225015964240102,0.0,0.0,0.0,0.0,402763.0,400896.0,0.0,0.0607007,0.329586,0.609713,0.000381224,0.999619,0.63328,0.0,96935200.0,3244790.0,6010.57,51514.3,8.57061,375661.0,3219640.0,62.5,31.9127,1.20635,18803.4,4.42065
normalized-BA_RDC4.dot_unif_20null50mast_rapportOE1.0_TMAX60_K67_cod2_pbEq1_newVersion_sequential.opb,72824.0,145712.0,0.0,0.0,1e+20,1e+20,-1e+20,1e+20,0.0,0.0,5.036045,0.0,0.0,-3.9392415336563293,60.137386340630634,0.0,0.004783453432035611,0.004783453432035611,0.0,0.0,0.0,0.0,161483.0,81322.0,6.1926e-06,0.770954,0.15858,0.0704594,0.000917732,0.999082,0.504753,0.0,98719300.0,919175.0,83.6669,1562.26,18.6724,49781.8,929546.0,595.0,177.757,4.39211,6247.42,4.79935
normalized-g2x2.opb,0.0,0.0,0.0,0.0,2.0,2.0,2.0,0.0,0.0,0.0,0.0010379999999999999,0.0,2.0,1.0,0.0,1.0,0.0,1.0,0.0,0.0,0.0,0.0,4.0,4.0,0.0,0.0,1.0,0.0,0.25,0.75,1.0,1.0,89478500.0,12.6667,6.0,8.66667,1.44444,6.0,8.66667,1.0,0.666667,1.0,3.0,0.000259
normalized-BA_RDC4.dot_unif_10null0mast_rapportOE1.0_TMAX120_K67_cod2.opb,33776.0,33845.0,0.0,0.0,1e+20,1e+20,-1e+20,1e+20,0.0,0.0,5.252995,0.0,0.0,-5.341280504189364,59.33019127805054,0.0,0.010699367320516892,0.010699367320516892,0.0,0.0,0.0,0.0,41436.0,40937.0,2.41336e-05,0.0940245,0.618013,0.287938,0.00195836,0.998042,0.598238,0.0,54675900.0,52014.8,61.3029,-11.7912,-0.192343,84843.2,-16319.0,1384.0,639.8,8.70711,965.438,4.84785
normalized-clique-coloring-max-clique-n=11-t=8.opb,275.0,6763.0,275.0,1.0,3.0,3.0,0.0,1e+20,0.0,3308.0,5.004785,12.02909090909091,16.0,0.04,0.19595917942265428,0.04,0.0,0.04,0.0,0.0,0.0,2.608981212769207,6523.0,275.0,0.0,0.0,0.994941,0.00505902,0.000554939,0.999445,0.316491,1.0,50207600.0,-16573.2,-0.166002,0.946434,-5.70135,1523.32,-8684.99,-9176.53,-12813.8,134.69,1.60303,4.76267
normalized-sporttournament32.lin.opb,1456.0,964.0,1456.0,1.0,-179.0,-179.0,-251.30600888555537,0.4039441837181864,0.0,20781.0,5.001425,14.272664835164836,5.0,0.0,1.0357616510579053,0.4684065934065934,0.41483516483516486,0.8832417582417582,0.0,0.0,0.0,0.8192389006342494,1920.0,1456.0,0.0,0.0,1.0,0.0,0.182515,0.817485,0.5,0.530327,83679300.0,114993.0,32.0139,-8.11539,-0.253495,149281.0,-37842.0,4663.0,634.129,21.8519,37.5239,4.78686
normalized-mps-v2-20-10-blp-ir98.opb,6505.0,704.0,6505.0,1.0,1e+20,1e+20,0.0,1e+20,0.0,1563.0,5.000282,0.24027671022290545,0.0,294700.65143406065,14521297.977825845,0.004254151228214629,0.0,0.004254151228214629,0.0,0.0776150525706333,-0.5,7.41820987654321,529.0,7287.0,0.0,0.0,0.00189036,0.99811,0.000382867,0.999617,0.828484,1.0,126339000.0,338502.0,215.793,249.995,1.1585,159794.0,185121.0,740.5,462.343,5.21862,2471.66,4.84797
normalized-j9021_10.std.opb,41955.0,92785.0,0.0,0.0,1e+20,1e+20,-1e+20,1e+20,0.0,0.0,5.014341,0.0,0.0,0.8241758241758241,12.823050507610667,0.0054762513234274035,0.0,0.0054762513234274035,0.0,0.0,0.0,0.0,184441.0,54782.0,0.00320428,0.844378,0.145911,0.00650615,0.000670536,0.999329,0.409282,1.0,105167000.0,69281.6,48.5235,-16.9514,-0.349343,179100.0,-62567.4,3691.0,3407.51,18.6809,-76.2452,4.70625
normalized-50-250-false-45-90-4-2000opt.opb,1812.0,60787.0,1812.0,1.0,-140.0,-140.0,-307.0,1.1928571428571428,0.0,4386.0,5.002395,2.4205298013245033,5.0,-0.16098765432098766,0.6723895199319,0.0,0.06666666666666667,0.06666666666666667,0.0,0.0,0.0,2.010997332982121,61821.0,2025.0,0.0,0.0189256,0.981074,0.0,0.000731993,0.999268,0.330078,0.0,50334400.0,-66717.0,2.97843,5.42386,1.82105,35709.9,65029.4,11989.5,8932.63,46.7572,3.62952,4.83833
normalized-BA_RDC4.dot_unif_20null0mast_rapportOE2.0_TMAX15_K67_cod2_pbEq1_newVersion_ladder.opb,75854.0,76072.0,0.0,0.0,1e+20,1e+20,-1e+20,1e+20,0.0,0.0,5.019317,0.0,0.0,-2.402228179336465,39.765593375683174,0.0,0.004783453432035611,0.004783453432035611,0.0,0.0,0.0,0.0,201868.0,81322.0,4.95373e-06,0.622204,0.324167,0.0536242,0.000770845,0.999229,0.503992,0.0,98171600.0,-1643200.0,136.594,-4072.98,-29.8181,55115.9,-1643450.0,403.5,88.6609,3.52104,4390.79,4.7382
normalized-NG.dot_fibo_10null10mast_rapportOE2.0_TMAX60_K192_cod1.opb,365115.0,366610.0,0.0,0.0,1e+20,1e+20,-1e+20,1e+20,0.0,0.0,5.070058,0.0,0.0,-1521.7825327664095,3213.7480781779195,0.0,0.7680907412186524,0.7680907412186524,0.0,0.0,0.0,0.0,400980.0,399113.0,0.0,0.0609706,0.331051,0.607978,0.1161,0.8839,0.48797,0.0,134218000.0,428613.0,81909.7,15497.3,0.1892,368594.0,69737.8,4.5,0.0,1.0,0.0,4.29114
SMTI_50000_3_0.75_3.opb,213204.0,206202.0,0.0,0.0,1e+20,1e+20,-1e+20,1e+20,0.0,0.0,10.361949,0.0,0.0,0.4,0.48989794855663565,0.4,0.0,0.4,0.0,0.0,0.0,0.0,250001.0,250000.0,0.0158599,0.0515518,0.129567,0.803021,0.0733907,0.926609,0.960398,1.0,134218000.0,2593230.0,7550.26,15515.3,2.05493,864505.0,1776500.0,114.5,0.243478,1.56522,453.643,3.39806
normalized-KE_630_002.opb,43453.0,515.0,43453.0,1.0,-19540.0,-19540.0,-4807763.0,245.04723643807574,0.0,0.0,5.768747,0.0,3.0,-114.77736829591386,47.498760756225124,0.0,0.9998301688122007,0.9998301688122007,0.0,0.0,0.0,249.35533980582525,562.0,58882.0,0.0,0.0320285,0.0231317,0.94484,0.252126,0.747874,0.0,0.0,72502300.0,38607.5,1029.01,266.577,0.259062,76661.3,19860.0,74.5,10.0667,1.33333,405548.0,4.88722
normalized-BA_RDC4.dot_fibo_20null50mast_rapportOE1.0_TMAX120_K67_cod2_pbEq1_newVersion_sequential.opb,72824.0,145712.0,0.0,0.0,1e+20,1e+20,-1e+20,1e+20,0.0,0.0,5.054182,0.0,0.0,-34.69740045744079,604.9130555675955,0.0,0.004783453432035611,0.004783453432035611,0.0,0.0,0.0,0.0,161483.0,81322.0,6.1926e-06,0.770954,0.15858,0.0704594,0.000917732,0.999082,0.504753,0.0,94952900.0,-725142.0,119.963,-1067.47,-8.89827,85233.9,-758434.0,710.5,223.511,5.05907,-6745.41,4.75855
normalized-rand936b0d.cudf.trendy.opb,4081.0,16546.0,0.0,0.0,1e+20,1e+20,-1e+20,0.0,0.0,0.0,0.10452399999999999,0.0,0.0,1049818478.5106982,2392471162.803528,0.5250563063063063,0.0,0.5250563063063063,0.0,0.0,0.0,0.0,21652.0,7104.0,0.0698319,0.752586,0.172178,0.00540366,0.0731473,0.926853,0.43131,1.0,134218000.0,1.0,0.0,0.0,0.0,0.0,253.0,0.0,0.0,0.0,0.0,0.031772
normalized-minisat50_6_9_8_mh.opb,240200.0,599279.0,0.0,0.0,1e+20,1e+20,-1e+20,1e+20,0.0,0.0,5.00609,0.0,0.0,241657.44225419665,2511130.279843968,0.5189848121502798,0.00019984012789768185,0.5191846522781774,0.0,0.0,0.0,0.0,605407.0,250200.0,0.0,0.599019,0.390522,0.0104591,0.0664909,0.933509,0.337519,0.999615,99421100.0,55727.4,3197.0,4428.76,1.38528,127880.0,177150.0,40.0,17.5062,1.0,3829.27,4.37101
normalized-BA_RDC4.dot_unif_20null0mast_rapportOE2.0_TMAX180_K67_cod2_pbEq1_newVersion_binary.opb,43616.0,288563.0,0.0,0.0,1e+20,1e+20,-1e+20,1e+20,0.0,0.0,5.056898,0.0,0.0,-4.269499430917896,52.69914117488299,0.0,0.008681291704791448,0.008681291704791448,0.0,0.0,0.0,0.0,297596.0,44809.0,3.36026e-06,0.875714,0.0860495,0.038233,0.00055883,0.999441,0.385501,0.0,74280200.0,-397030.0,105.27,-417.985,-3.97059,126535.0,-502418.0,1202.0,735.022,7.9289,-814.635,4.51996
normalized-NG.dot_luby_10null50mast_rapportOE1.0_TMAX300_K192_cod2.opb,400896.0,400786.0,0.0,0.0,1e+20,1e+20,-1e+20,1e+20,0.0,0.0,5.34826,0.0,0.0,-2.2854106800766285,48.23296471265914,0.0,0.004003532088122605,0.004003532088122605,0.0,0.0,0.0,0.0,402763.0,400896.0,0.0,0.0607007,0.329586,0.609713,0.000685739,0.999314,0.63328,0.0,134218000.0,1506490.0,124603.0,485641.0,3.89752,373808.0,1456920.0,3.0,1.42857,1.0,35018.4,4.41246
normalized-BA_RDC4.dot_fibo_0null0mast_rapportOE1.0_TMAX15_K67_cod2_pbEq1_newVersion_ladder.opb,40728.0,40894.0,0.0,0.0,1e+20,1e+20,-1e+20,1e+20,0.0,0.0,5.010173,0.0,0.0,-5.004894124591131,145.15800465455408,0.0,0.005976242591180739,0.005976242591180739,0.0,0.0,0.0,0.0,201868.0,81322.0,4.95373e-06,0.622204,0.324167,0.0536242,0.000962876,0.999037,0.503992,0.0,104979000.0,-2223010.0,143.739,4598.72,31.9934,69210.5,2214280.0,481.5,178.899,3.9139,5165.16,4.69755
normalized-j12018_5.std.opb,55329.0,114853.0,0.0,0.0,1e+20,1e+20,-1e+20,1e+20,0.0,0.0,5.024105,0.0,0.0,0.6198347107438017,11.126066629782756,0.004118503061420609,0.0,0.004118503061420609,0.0,0.0,0.0,0.0,234183.0,72842.0,0.00305317,0.839211,0.152611,0.0051242,0.000464907,0.999535,0.360759,1.0,121502000.0,-31929.0,29.4801,-19.7709,-0.670652,102827.0,-68960.8,3488.0,3062.65,17.9989,-73.7997,4.68592
normalized-BA_RDC4.dot_fibo_10null0mast_rapportOE1.0_TMAX15_K67_cod2_pbEq1_newVersion_sequential.opb,72824.0,145712.0,0.0,0.0,1e+20,1e+20,-1e+20,1e+20,0.0,0.0,5.032748,0.0,0.0,-5.235889427215268,150.4012908478292,0.0,0.005385996409335727,0.005385996409335727,0.0,0.0,0.0,0.0,161483.0,81322.0,6.1926e-06,0.770954,0.15858,0.0704594,0.00103321,0.998967,0.504753,0.0,108015000.0,27049.3,124.681,46.2568,0.371003,57415.4,21301.3,460.5,174.721,3.81996,4087.89,4.78249
normalized-maxcut_opt_complete_6-partite_block_nvert_51.opb,1275.0,83300.0,1275.0,1.0,-643.0,-643.0,-1083.0,0.6842923794712286,0.0,1730.0,5.003736,1.3568627450980393,2.0,-0.8494117647058823,0.35764705882352943,0.0,0.8494117647058823,0.8494117647058823,0.0,0.0,0.0,1.5,83300.0,1275.0,0.0,0.0,1.0,0.0,0.00431503,0.995685,0.5,0.0,32065100.0,3362.74,14.3215,-13.9555,-0.974448,47260.9,-46053.3,3300.0,2596.92,17.3243,-94.2816,4.85388
normalized-ii16c1.opb,3160.0,18167.0,3160.0,1.0,1e+20,1e+20,766.6882985619653,1e+20,0.0,14102.0,5.022473,4.4626582278481015,0.0,1.0,0.0,1.0,0.0,1.0,0.0,0.0,0.0,1.6958489732832855,18047.0,3160.0,0.0,0.93866,0.0,0.0613398,0.0575173,0.942483,0.938973,1.0,83156400.0,82883.8,0.523111,7.50015,14.3376,4876.97,69923.9,9323.0,6519.8,38.8342,-10.2966,4.58429
SMTI_50000_5_0.75_7.opb,327999.0,325806.0,0.0,0.0,1e+20,1e+20,-1e+20,1e+20,0.0,0.0,5.140881,0.0,0.0,0.2857142857142857,0.4517539514526256,0.2857142857142857,0.0,0.2857142857142857,0.0,0.0,0.0,0.0,350001.0,350000.0,0.00299428,0.0121914,0.0285942,0.95622,0.0358159,0.964184,0.981427,1.0,134218000.0,1969670.0,7747.4,9530.36,1.23014,898698.0,1105520.0,116.0,1.5279,1.57082,224.037,3.25592
SMTI_50000_3_0.95_5.opb,237470.0,236201.0,0.0,0.0,1e+20,1e+20,-1e+20,1e+20,0.0,0.0,8.730614,0.0,0.0,0.4,0.48989794855663565,0.4,0.0,0.4,0.0,0.0,0.0,0.0,250001.0,250000.0,0.010472,0.0325359,0.0867637,0.870229,0.0681239,0.931876,0.963448,1.0,134218000.0,2539160.0,6924.73,13424.4,1.93862,882903.0,1711610.0,127.5,66.9062,1.60938,4.56638,3.37073
normalized-mps-v2-20-10-n3709.opb,95964.0,12443.0,95964.0,1.0,1e+20,1e+20,0.0,1e+20,0.0,0.0,5.039655,0.0,0.0,191034666.24260646,612058136.8099543,1.0,0.0,1.0,9.999999999999997e+98,2.4283361152821613e+83,1e+99,23560.494494896728,5150.0,155000.0,0.0,0.0,0.0,1.0,0.254098,0.745902,0.67033,1.0,129957000.0,532959.0,1752.01,5309.98,3.03078,164689.0,499138.0,94.0,9.40212,1.4709,23883.9,4.08586
normalized-BA_RDC4.dot_unif_10null50mast_rapportOE2.0_TMAX60_K67_cod2_pbEq1_newVersion.opb,33800.0,33869.0,0.0,0.0,1e+20,1e+20,-1e+20,1e+20,0.0,0.0,5.233771,0.0,0.0,-8.367467083567433,86.72073172775394,0.0,0.010699367320516892,0.010699367320516892,0.0,0.0,0.0,0.0,40882.0,40937.0,2.44606e-05,0.0952742,0.626388,0.278313,0.00239714,0.997603,0.729932,0.0,68747000.0,-755036.0,48.6785,-653.139,-13.4174,59801.5,-802382.0,1228.5,483.0,8.03092,-1382.84,4.81973
normalized-BA_RDC4.dot_fibo_20null10mast_rapportOE2.0_TMAX60_K67_cod3.opb,30407.0,30864.0,0.0,0.0,1e+20,1e+20,-1e+20,1e+20,0.0,0.0,5.029319,0.0,0.0,-1419.6599836839632,3145.6549889287317,0.0,0.6346938270994537,0.6346938270994537,0.0,0.0,0.0,0.0,40950.0,40451.0,2.442e-05,0.0951404,0.625348,0.279487,0.103709,0.896291,0.455087,0.0,113826000.0,331395.0,190.271,1867.29,9.81385,34343.9,337046.0,180.5,42.7652,1.8895,58825.9,4.89165
normalized-vertexcover_opt_grid_oddrowoddcolsquare_dim_071.opb,5041.0,10082.0,5041.0,1.0,2589.0,2589.0,2526.5,0.024737779536908765,0.0,6917.0,5.003399,1.3721483832572903,5.0,1.0,0.0,1.0,0.0,1.0,0.0,0.0,0.0,1.995052933610369,10082.0,5041.0,0.0,1.0,0.0,0.0,0.2,0.8,1.0,1.0,128494000.0,159409.0,42.1375,119.516,2.83633,42959.2,121846.0,1019.5,69.8176,6.4049,827.137,4.84546
normalized-fir06_trarea_ac.opb,2353.0,51.0,0.0,0.0,33456.0,33456.0,33456.0,0.0,0.0,302.0,0.314098,0.12834679133021676,6.0,838.0389908256881,852.2683515038725,0.49839449541284403,0.0,0.49839449541284403,0.0,0.0,0.0,0.0,8610.0,4360.0,0.000348432,0.745528,0.15842,0.0957027,0.09078,0.90922,0.485251,1.0,116164000.0,407521.0,47.7114,167.383,3.50825,90603.9,317861.0,1899.0,518.472,10.7807,352.058,4.84174
normalized-BA_RDC4.dot_unif_10null50mast_rapportOE2.0_TMAX15_K67_cod2_pbEq1_newVersion_product.opb,52558.0,135477.0,0.0,0.0,1e+20,1e+20,-1e+20,1e+20,0.0,0.0,5.052172,0.0,0.0,-5.881220657276995,72.84170263772738,0.0,0.007616066770996349,0.007616066770996349,0.0,0.0,0.0,0.0,149401.0,57510.0,6.6934e-06,0.752431,0.171404,0.0761575,0.00109567,0.998904,0.589766,0.0,104099000.0,1271080.0,105.712,2247.47,21.2603,59304.5,1260830.0,561.0,112.368,4.22529,9408.57,4.79634
normalized-BA_RDC4.dot_unif_20null10mast_rapportOE1.0_TMAX180_K67_cod2_pbEq1_newVersion_product.opb,52559.0,135477.0,0.0,0.0,1e+20,1e+20,-1e+20,1e+20,0.0,0.0,5.061546,0.0,0.0,-3.7748391584072336,52.94835286866975,0.0,0.0067640410363415055,0.0067640410363415055,0.0,0.0,0.0,0.0,149401.0,57510.0,6.6934e-06,0.752431,0.171404,0.0761575,0.000973213,0.999027,0.589766,0.0,66677600.0,100496.0,109.08,-16.6562,-0.152697,135750.0,-20728.6,1244.5,611.441,8.13052,-407.99,4.69418
normalized-fir07_trarea_ac.opb,1183.0,939.0,0.0,0.0,50162.0,50162.0,50162.0,0.0,0.0,362.0,0.266579,0.3060016906170752,7.0,766.4012291483758,821.1904438515563,0.4723441615452151,0.0,0.4723441615452151,0.0,0.0,0.0,0.0,4879.0,2278.0,0.00040992,0.751793,0.0569789,0.190818,0.0794213,0.920579,0.463438,1.0,91820200.0,161482.0,22.8488,16.2475,0.711089,92971.8,66111.2,4069.0,1526.32,19.7835,-91.1145,4.81369
normalized-NG.dot_unif_0null50mast_rapportOE2.0_TMAX180_K192_cod2.opb,400896.0,400786.0,0.0,0.0,1e+20,1e+20,-1e+20,1e+20,0.0,0.0,5.237299,0.0,0.0,-3.3310908564814814,54.30103549925421,0.0,0.00444753751596424,0.00444753751596424,0.0,0.0,0.0,0.0,402763.0,400896.0,0.0,0.0607007,0.329586,0.609713,0.000761731,0.999238,0.63328,0.0,134218000.0,1746810.0,59522.5,259642.0,4.36207,386896.0,1687670.0,6.5,2.42857,1.0,22767.8,4.39725
normalized-clique-coloring-max-clique-n=5-t=3.opb,55.0,269.0,0.0,0.0,2.0,2.0,2.0,0.0,0.0,347.0,0.172756,6.3090909090909095,14.0,0.09090909090909091,0.2874797872880344,0.09090909090909091,0.0,0.09090909090909091,0.0,0.0,0.0,0.0,245.0,55.0,0.0,0.0,0.959184,0.0408163,0.00653595,0.993464,0.322368,1.0,49806700.0,21580.5,1.51999,14.6092,9.61143,1918.22,18436.9,1262.0,1138.3,8.2004,14.6058,0.053429
normalized-simp-nonunif-100_100.11.opb,11527.0,120376.0,0.0,0.0,1e+20,1e+20,-1e+20,1e+20,0.0,0.0,5.947278,0.0,0.0,0.00784313725490196,0.08821350493491757,0.00784313725490196,0.0,0.00784313725490196,0.0,0.0,0.0,0.0,1210400.0,21675.0,8.26173e-07,0.00295026,0.996911,0.000137971,4.66799e-05,0.999953,0.664706,1.0,56303100.0,82308.1,12.464,-0.63267,-0.0507598,91953.2,-4667.52,7377.5,7193.56,32.7641,6.70144,4.75352
normalized-mps-v2-20-10-ran14x18.opb,3840.0,943.0,3840.0,1.0,35409064.0,35409064.0,3192858.8976663635,10.09008106367626,0.0,14891.0,5.03256,3.8778645833333334,2.0,185697382.33192524,652254203.2360265,1.0,0.0,1.0,0.0,0.00017263349150062197,-0.00048828125,324.3085917641078,284.0,7812.0,0.0,0.0,0.0,1.0,0.254098,0.745902,0.67033,1.0,40681400.0,152029.0,12.9165,76.6954,5.9378,22707.1,134830.0,1758.0,832.184,10.0392,170.818,4.93623
normalized-j909_1.std.opb,43407.0,89950.0,0.0,0.0,1e+20,1e+20,-1e+20,1e+20,0.0,0.0,5.01108,0.0,0.0,0.8241758241758241,12.823050507610667,0.0054762513234274035,0.0,0.0054762513234274035,0.0,0.0,0.0,0.0,176175.0,54782.0,0.00303675,0.8374,0.152752,0.00681141,0.000655128,0.999345,0.381869,1.0,116342000.0,-166465.0,49.4866,-84.0326,-1.69809,168848.0,-286719.0,3412.0,2998.38,17.7471,-104.073,4.6725
normalized-BA_RDC4.dot_fibo_50null0mast_rapportOE1.0_TMAX60_K67_cod2_pbEq1_newVersion_ladder.opb,67392.0,67732.0,0.0,0.0,1e+20,1e+20,-1e+20,1e+20,0.0,0.0,5.012312,0.0,0.0,-2.580568603821844,98.95596473593646,0.0,0.0029881212955903693,0.0029881212955903693,0.0,0.0,0.0,0.0,201868.0,81322.0,4.95373e-06,0.622204,0.324167,0.0536242,0.00048167,0.999518,0.503992,0.0,94817300.0,885612.0,79.1988,1406.92,17.7645,49736.8,883548.0,628.0,301.946,4.57518,3434.2,4.75472
normalized-BA_RDC4.dot_unif_50null0mast_rapportOE1.0_TMAX300_K67_cod2_pbEq1_newVersion.opb,22008.0,22077.0,0.0,0.0,1e+20,1e+20,-1e+20,1e+20,0.0,0.0,5.019477,0.0,0.0,-2.9409580575029923,44.24091903717588,0.0,0.005935950362752522,0.005935950362752522,0.0,0.0,0.0,0.0,40882.0,40937.0,2.44606e-05,0.0952742,0.626388,0.278313,0.00133134,0.998669,0.729932,0.0,85494100.0,360094.0,120.112,107.138,0.891987,203590.0,181599.0,1695.0,780.496,9.84311,-275.621,4.76588
normalized-BA_RDC4.dot_luby_20null10mast_rapportOE2.0_TMAX180_K67_cod2_pbEq1_newVersion_ladder.opb,54674.0,54873.0,0.0,0.0,1e+20,1e+20,-1e+20,1e+20,0.0,0.0,5.346993,0.0,0.0,-0.16585917709844814,6.247274698033771,0.0,0.004783453432035611,0.004783453432035611,0.0,0.0,0.0,0.0,201868.0,81322.0,4.95373e-06,0.622204,0.324167,0.0536242,0.000770845,0.999229,0.503992,0.0,90440600.0,-3043460.0,412.34,-11112.0,-26.9487,114837.0,-3094700.0,278.5,40.2616,2.67025,40344.3,4.69667
normalized-domset_v500_e2000_w30_mw19_20.opb.PB06.opb,473.0,543.0,473.0,1.0,209.0,209.0,160.79266483421398,0.2998105368518546,0.0,15933.0,5.000334,33.684989429175474,62.0,1.0,0.0,1.0,0.0,1.0,0.0,0.0,0.0,38.04770813844715,472.0,473.0,0.0,0.0,0.00211864,0.997881,0.099789,0.900211,1.0,1.0,73102200.0,143503.0,13.2333,8.42122,0.636366,84084.4,53508.5,6354.0,1583.96,28.5783,101.643,4.84306
normalized-single-obj-f37-AC_TotalLoss.seq-B-3-1-irEDCBA.opb,2055.0,4364.0,0.0,0.0,6872712975.0,6872712975.0,6872712975.0,0.0,0.0,7430.0,2.878181,3.6155717761557176,3.0,2946519.788324148,15626805.055930762,0.03510920596040008,0.026536027760767505,0.061645233721167585,6.454545454545455e+98,4.7837534970628614e+98,0.0,0.0,16834.0,4899.0,0.00980159,0.667934,0.179339,0.142925,0.00717783,0.992822,0.45339,0.569536,64906200.0,241400.0,2.71776,262.218,96.4831,2482.68,239536.0,913.5,618.16,6.28993,67.0291,0.194735
normalized-BA_RDC4.dot_unif_50null10mast_rapportOE2.0_TMAX60_K67_cod2_pbEq1_newVersion_sequential.opb,71581.0,145712.0,0.0,0.0,1e+20,1e+20,-1e+20,1e+20,0.0,0.0,5.090214,0.0,0.0,-1.863726912766533,38.340050117017604,0.0,0.0029881212955903693,0.0029881212955903693,0.0,0.0,0.0,0.0,161483.0,81322.0,6.1926e-06,0.770954,0.15858,0.0704594,0.000573485,0.999427,0.504753,0.0,95959900.0,1062020.0,85.09,1670.65,19.6339,54287.4,1065880.0,638.0,129.897,4.6296,8572.43,4.78305
normalized-BA_RDC4.dot_unif_0null10mast_rapportOE1.0_TMAX120_K67_cod2_pbEq1_newVersion_sequential.opb,71568.0,143199.0,0.0,0.0,1e+20,1e+20,-1e+20,1e+20,0.0,0.0,5.115734,0.0,0.0,-3.239787511374536,48.05291009868359,0.0,0.005976242591180739,0.005976242591180739,0.0,0.0,0.0,0.0,161483.0,81322.0,6.1926e-06,0.770954,0.15858,0.0704594,0.00114631,0.998854,0.504753,0.0,92748900.0,-1123190.0,100.295,-2192.59,-21.8614,51401.2,-1123700.0,512.5,200.84,4.05068,4435.87,4.78281
normalized-frb50-23-5.opb,1150.0,80035.0,1150.0,1.0,-35.0,-35.0,-539.0,14.4,0.0,1731.0,5.005556,1.5052173913043478,7.0,-1.0,0.0,0.0,1.0,1.0,0.0,0.0,0.0,2.001373918039544,80035.0,1150.0,0.0,1.0,0.0,0.0,0.00713311,0.992867,0.0,0.0,60101300.0,-114025.0,2.25199,15.6776,6.96166,18179.2,126557.0,8072.5,4577.1,35.1791,-12.6731,4.53364
normalized-NG.dot_fibo_20null10mast_rapportOE1.0_TMAX15_K192_cod2.opb,400896.0,400786.0,0.0,0.0,1e+20,1e+20,-1e+20,1e+20,0.0,0.0,5.251733,0.0,0.0,-7.594977250957855,254.47172387444476,0.0,0.0035595266602809704,0.0035595266602809704,0.0,0.0,0.0,0.0,402763.0,400896.0,0.0,0.0607007,0.329586,0.609713,0.000609734,0.99939,0.63328,0.0,134218000.0,966995.0,369051.0,865562.0,2.34537,369051.0,865562.0,1.0,0.0,1.0,0.0,4.39755
normalized-NG.dot_luby_50null50mast_rapportOE1.0_TMAX180_K192_cod1.opb,228922.0,229708.0,0.0,0.0,1e+20,1e+20,-1e+20,1e+20,0.0,0.0,6.834949,0.0,0.0,-436.63206911325864,506.4219440602212,0.0,0.4268765988579675,0.4268765988579675,0.0,0.0,0.0,0.0,400980.0,399113.0,0.0,0.0609706,0.331051,0.607978,0.068033,0.931967,0.48797,0.0,134218000.0,517617.0,12713.3,5709.19,0.449072,368686.0,165566.0,29.0,0.0,1.0,0.0,4.46858
normalized-j12039_8.std.opb,55776.0,122560.0,0.0,0.0,1e+20,1e+20,-1e+20,1e+20,0.0,0.0,5.028154,0.0,0.0,0.6198347107438017,11.126066629782756,0.004118503061420609,0.0,0.004118503061420609,0.0,0.0,0.0,0.0,245443.0,72842.0,0.0032146,0.846038,0.145859,0.00488912,0.000449238,0.999551,0.365408,1.0,123966000.0,-350637.0,58.6964,-191.356,-3.26009,125229.0,-408257.0,2133.5,1684.37,11.8643,135.363,4.52088
normalized-mps-v2-20-10-n370b.opb,94324.0,11861.0,94324.0,1.0,1e+20,1e+20,0.0,1e+20,0.0,0.0,5.030429,0.0,0.0,191577323.30243227,613747441.4431231,1.0,0.0,1.0,9.999999999999997e+98,2.4283361152821613e+83,1e+99,27822.414551892758,5150.0,155000.0,0.0,0.0,0.0,1.0,0.254098,0.745902,0.67033,1.0,114695000.0,2475220.0,2652.62,21152.0,7.97401,290461.0,2316140.0,109.5,12.0864,1.54545,26327.4,4.5389
normalized-vertexcover_opt_grid_evenrowoddcolsquare_dim_140.opb,19740.0,39480.0,19740.0,1.0,9940.0,9940.0,0.0,1e+20,0.0,1577.0,5.001339,0.07988855116514691,2.0,1.0,0.0,1.0,0.0,1.0,0.0,0.0,0.0,2.0,39480.0,19740.0,0.0,1.0,0.0,0.0,0.2,0.8,1.0,1.0,0.0,0.0,0.0,0.0,0.0,0.0,0.0,0.0,0.0,0.0,0.0,4.88243
normalized-matrix_5x3_2.opb,7901.0,8123.0,7901.0,1.0,27.0,27.0,10.5,1.5714285714285714,0.0,1440.0,5.005464,0.18225541070750537,3.0,0.08875407257611505,0.2843884441697109,0.08875407257611505,0.0,0.08875407257611505,5.154639175257732e+96,7.161053602809177e+97,0.0,-0.5245295477055134,32298.0,8901.0,0.000154808,0.749056,0.228002,0.0227878,0.00955745,0.990443,0.506022,1.0,69078800.0,-640457.0,13.623,-523.905,-38.4573,16933.4,-651213.0,1243.0,886.484,8.06433,138.545,4.91664
normalized-ws97-5.opb,899.0,397.0,0.0,0.0,2642.0,2642.0,2642.0,0.0,0.0,566.0,0.048061,0.6295884315906563,4.0,36.41124586549063,48.975542411050846,0.3671444321940463,0.45755237045203967,0.824696802646086,1.0000000000000001e+99,1.2141680576410807e+83,1e+99,0.0,403.0,907.0,0.00248139,0.312655,0.334988,0.349876,0.200751,0.799249,0.609805,0.445187,98397200.0,128594.0,-21.1735,-13.3959,0.632674,-133393.0,-84394.4,6300.0,735.821,28.3108,-188.167,4.72227
normalized-BA_RDC4.dot_fibo_0null10mast_rapportOE2.0_TMAX60_K67_cod2_pbEq1_newVersion_sequential.opb,72127.0,145712.0,0.0,0.0,1e+20,1e+20,-1e+20,1e+20,0.0,0.0,5.013804,0.0,0.0,-10.966909323430315,298.0385141683991,0.0,0.005976242591180739,0.005976242591180739,0.0,0.0,0.0,0.0,161483.0,81322.0,6.1926e-06,0.770954,0.15858,0.0704594,0.00114631,0.998854,0.504753,0.0,101524000.0,-1476760.0,96.3136,-2362.48,-24.5291,60051.6,-1473010.0,623.5,106.135,4.55369,11733.4,4.76989
normalized-NG.dot_fibo_0null0mast_rapportOE2.0_TMAX60_K192_cod1.opb,399113.0,400786.0,0.0,0.0,1e+20,1e+20,-1e+20,1e+20,0.0,0.0,5.359205,0.0,0.0,-750.8792873196313,1594.0748397077423,0.0,0.8532746365064531,0.8532746365064531,0.0,0.0,0.0,0.0,400980.0,399113.0,0.0,0.0609706,0.331051,0.607978,0.127336,0.872664,0.48797,0.0,134218000.0,437857.0,73745.8,16154.8,0.219061,368729.0,80774.2,5.0,0.0,1.0,0.0,4.30827
normalized-BA_RDC4.dot_unif_10null10mast_rapportOE2.0_TMAX120_K67_cod2_pbEq1_newVersion_binary.opb,43616.0,288563.0,0.0,0.0,1e+20,1e+20,-1e+20,1e+20,0.0,0.0,5.058485,0.0,0.0,-5.375036265036042,62.87185143498247,0.0,0.009774822022361579,0.009774822022361579,0.0,0.0,0.0,0.0,297596.0,44809.0,3.36026e-06,0.875714,0.0860495,0.038233,0.000629178,0.999371,0.385501,0.0,87856000.0,-696979.0,140.545,-944.17,-6.71791,118128.0,-793575.0,840.5,350.771,5.81272,3256.66,4.66752
normalized-mps-v2-20-10-sp98ic.opb,10876.0,797.0,10876.0,1.0,72857027766.0,72857027766.0,0.0,1e+20,0.0,0.0,5.050345,0.0,1.0,279114324.79217917,148147276.51286,1.0,0.0,1.0,0.0,0.0,0.0,1344.0979899497488,825.0,10894.0,0.0,0.00363636,0.00484848,0.991515,0.0332935,0.966706,0.96556,1.0,98601600.0,2581130.0,14206.7,313.593,0.0220737,2535890.0,55976.4,178.5,16.2235,1.88268,57319.0,3.18123
normalized-f20c10b_026_area_delay.opb,5383.0,19005.0,5383.0,1.0,30.0,30.0,25.502971952201108,0.176333489925309,0.0,1418.0,5.00636,0.26342188370796954,3.0,0.4876283846872082,0.4998469197009742,0.4876283846872082,0.0,0.4876283846872082,1e+99,0.0,1e+99,0.2203188075768554,41686.0,12852.0,0.0286427,0.813151,0.0126901,0.145516,0.0589275,0.941072,0.363375,1.0,115470000.0,-447906.0,65.8826,-518.884,-7.8759,63642.5,-501242.0,966.0,318.573,6.60114,3189.03,4.81993
normalized-maxcut_opt_complete_6-partite_inlv_nvert_69.opb,2346.0,209576.0,0.0,0.0,0.0,0.0,-1e+20,1e+20,0.0,0.0,5.074861,0.0,1.0,-0.8452685421994884,0.36164849476728095,0.0,0.8452685421994884,0.8452685421994884,0.0,0.0,0.0,0.0,209576.0,2346.0,0.0,0.0,1.0,0.0,0.00314407,0.996856,0.5,0.0,71149500.0,-20116.3,35.4875,-43.4535,-1.22447,94875.9,-116173.0,2673.5,1775.75,14.5873,74.2974,4.69427
normalized-mps-v2-20-10-vtp.base.opb,2738.0,204.0,2738.0,1.0,1e+20,1e+20,1206688217.560434,1e+20,0.0,126575.0,5.000072,46.22899926953981,0.0,1661404.235632184,27600299.68558837,0.040008841732979666,0.0,0.040008841732979666,-0.00014943588440610977,0.0008123238522156307,-0.004937873239565526,10095085373.577353,257.0,4524.0,0.0,0.0,0.0,1.0,0.00949334,0.990507,0.601218,1.0,120437000.0,344805.0,130.494,141.879,1.08725,165793.0,180258.0,1270.5,232.101,8.25098,2147.48,4.71292
normalized-NG.dot_unif_0null0mast_rapportOE1.0_TMAX120_K192_cod2.opb,400896.0,400786.0,0.0,0.0,1e+20,1e+20,-1e+20,1e+20,0.0,0.0,5.388162,0.0,0.0,-2.247854805236271,38.731976563670585,0.0,0.00444753751596424,0.00444753751596424,0.0,0.0,0.0,0.0,402763.0,400896.0,0.0,0.0607007,0.329586,0.609713,0.000761731,0.999238,0.63328,0.0,111275000.0,2365190.0,6727.13,40163.8,5.97042,390174.0,2329500.0,58.0,22.5128,1.1453,22577.9,4.40519
SMTI_50000_3_0.95_1.opb,237413.0,236141.0,0.0,0.0,1e+20,1e+20,-1e+20,1e+20,0.0,0.0,8.568261,0.0,0.0,0.4,0.48989794855663565,0.4,0.0,0.4,0.0,0.0,0.0,0.0,250001.0,250000.0,0.010808,0.0323439,0.0858197,0.871029,0.0681121,0.931888,0.963455,1.0,134218000.0,1688160.0,21484.2,21885.5,1.01868,880853.0,897307.0,41.0,6.20482,1.0,18.0796,3.14412
normalized-BA_RDC4.dot_fibo_0null50mast_rapportOE1.0_TMAX60_K67_cod1.opb,36184.0,36738.0,0.0,0.0,1e+20,1e+20,-1e+20,1e+20,0.0,0.0,5.030846,0.0,0.0,-4756.592964327211,5160.916010570259,0.0,0.7929593829571581,0.7929593829571581,0.0,0.0,0.0,0.0,40950.0,40451.0,2.442e-05,0.0951404,0.625348,0.279487,0.126304,0.873696,0.455087,0.0,107459000.0,141942.0,241.561,913.425,3.78135,38045.8,143864.0,157.5,76.9241,1.72785,23212.8,4.86966
normalized-NG.dot_unif_0null0mast_rapportOE1.0_TMAX15_K192_cod1.opb,399113.0,400786.0,0.0,0.0,1e+20,1e+20,-1e+20,1e+20,0.0,0.0,5.344387,0.0,0.0,-430.1198081746272,327.2882841085359,0.0,0.8532746365064531,0.8532746365064531,0.0,0.0,0.0,0.0,400980.0,399113.0,0.0,0.0609706,0.331051,0.607978,0.127336,0.872664,0.48797,0.0,134218000.0,400294.0,0.0,0.0,1.1606,369995.0,429417.0,0.0,0.0,1.0,0.0,4.40413
normalized-j1208_8.std.opb,57840.0,118885.0,0.0,0.0,1e+20,1e+20,-1e+20,1e+20,0.0,0.0,5.017274,0.0,0.0,0.6198347107438017,11.126066629782756,0.004118503061420609,0.0,0.004118503061420609,0.0,0.0,0.0,0.0,234339.0,72842.0,0.00305114,0.83916,0.152668,0.00512079,0.000522704,0.999477,0.405903,1.0,121599000.0,306007.0,74.1342,84.4526,1.13919,174623.0,198928.0,2355.5,1901.82,12.9172,96.728,4.48812
SMTI_25000_5_0.75_3.opb,164362.0,132254.0,0.0,0.0,1e+20,1e+20,-1e+20,1e+20,0.0,0.0,5.029185,0.0,0.0,0.2857142857142857,0.45175395145262576,0.2857142857142857,0.0,0.2857142857142857,0.0,0.0,0.0,0.0,175001.0,175000.0,0.00286856,0.0118914,0.0286741,0.956566,0.0359157,0.964084,0.981373,1.0,134218000.0,2747280.0,7991.6,12021.5,1.50427,1110830.0,1670990.0,139.0,3.84946,1.64158,141.607,2.95738
normalized-NG.dot_unif_10null20mast_rapportOE2.0_TMAX120_K192_cod1.opb,365115.0,366610.0,0.0,0.0,1e+20,1e+20,-1e+20,1e+20,0.0,0.0,5.064734,0.0,0.0,-475.7597121617186,387.6338955144787,0.0,0.7680907412186524,0.7680907412186524,0.0,0.0,0.0,0.0,400980.0,399113.0,0.0,0.0609706,0.331051,0.607978,0.1161,0.8839,0.48797,0.0,134218000.0,484621.0,35105.9,12203.5,0.347619,368611.0,128136.0,10.5,0.0,1.0,0.0,4.3078
normalized-maxcut_opt_complete_6-partite_inlv_nvert_63.opb,1953.0,158844.0,1953.0,1.0,-909.0,-909.0,-1653.0,0.8184818481848185,0.0,566.0,5.004485,0.289810547875064,2.0,-0.8463901689708141,0.36057433469448547,0.0,0.8463901689708141,0.8463901689708141,0.0,0.0,0.0,1.5,158844.0,1953.0,0.0,0.0,1.0,0.0,0.00345682,0.996543,0.5,0.0,32565100.0,-369579.0,15.9899,-167.787,-10.4933,39039.3,-409653.0,2441.5,1907.84,13.3704,-225.748,4.78008
normalized-BA_RDC4.dot_unif_10null10mast_rapportOE2.0_TMAX15_K67_cod2_pbEq1_newVersion_sequential.opb,72824.0,145712.0,0.0,0.0,1e+20,1e+20,-1e+20,1e+20,0.0,0.0,5.043285,0.0,0.0,-3.171638670962347,48.64876309125471,0.0,0.005385996409335727,0.005385996409335727,0.0,0.0,0.0,0.0,161483.0,81322.0,6.1926e-06,0.770954,0.15858,0.0704594,0.00103321,0.998967,0.504753,0.0,100663000.0,129558.0,104.622,285.33,2.72724,50794.2,138528.0,485.5,124.225,3.94239,4855.24,4.80148
normalized-NG.dot_unif_10null0mast_rapportOE2.0_TMAX15_K192_cod2.opb,400896.0,400786.0,0.0,0.0,1e+20,1e+20,-1e+20,1e+20,0.0,0.0,5.3467649999999995,0.0,0.0,-2.013390006385696,36.56672271117667,0.0,0.004003532088122605,0.004003532088122605,0.0,0.0,0.0,0.0,402763.0,400896.0,0.0,0.0607007,0.329586,0.609713,0.000685739,0.999314,0.63328,0.0,79364000.0,3109890.0,7113.74,54269.0,7.62875,405483.0,3093330.0,57.0,27.7826,1.10435,14646.7,4.39348
normalized-BA_RDC4.dot_fibo_0null0mast_rapportOE1.0_TMAX60_K67_cod2_pbEq1_newVersion_sequential.opb,71568.0,143199.0,0.0,0.0,1e+20,1e+20,-1e+20,1e+20,0.0,0.0,5.142962,0.0,0.0,-4.534332652910652,131.0285879928143,0.0,0.005976242591180739,0.005976242591180739,0.0,0.0,0.0,0.0,161483.0,81322.0,6.1926e-06,0.770954,0.15858,0.0704594,0.00114631,0.998854,0.504753,0.0,101705000.0,-447872.0,295.252,-970.436,-3.28681,171098.0,-562368.0,579.5,197.785,4.32586,7119.1,4.65529
normalized-aries-da_network_1000_5__369_766__64.opb,320988.0,6010.0,0.0,0.0,1e+20,1e+20,-1e+20,1e+20,0.0,0.0,5.595239,0.0,0.0,34239.17915999477,21345.987412537535,0.9968909463610365,0.0,0.9968909463610365,0.0,0.0,0.0,0.0,6000.0,320998.0,0.0,0.0,0.0,1.0,0.249805,0.750195,0.665974,1.0,127227000.0,1826070.0,9552.05,34958.0,3.65973,453722.0,1660500.0,47.5,31.2708,1.0,35757.7,4.50671
normalized-BA_RDC4.dot_luby_10null10mast_rapportOE2.0_TMAX120_K67_cod2_pbEq1_newVersion_ladder.opb,44221.0,44398.0,0.0,0.0,1e+20,1e+20,-1e+20,1e+20,0.0,0.0,5.188814,0.0,0.0,-0.16815867784855268,6.25244393336076,0.0,0.005385996409335727,0.005385996409335727,0.0,0.0,0.0,0.0,201868.0,81322.0,4.95373e-06,0.622204,0.324167,0.0536242,0.000867859,0.999132,0.503992,0.0,104800000.0,-776092.0,187.601,-1964.73,-10.473,75227.9,-787859.0,401.0,58.9141,3.49689,18067.4,4.66661
normalized-neos-3437289-erdre.opb,12162.0,7358.0,0.0,0.0,0.0,0.0,0.0,0.0,0.0,0.0,0.070437,0.0,1.0,0.003946719289590528,0.06269882531945634,0.003946719289590528,0.0,0.003946719289590528,0.0,0.0,0.0,0.0,7358.0,12162.0,0.0,0.0,0.00652351,0.993476,0.000320205,0.99968,0.0814382,1.0,0.0,0.0,0.0,0.0,0.0,0.0,0.0,0.0,0.0,0.0,0.0,0.078127
normalized-NG.dot_fibo_0null10mast_rapportOE2.0_TMAX300_K192_cod2.opb,400896.0,400786.0,0.0,0.0,1e+20,1e+20,-1e+20,1e+20,0.0,0.0,5.3001249999999995,0.0,0.0,-8.258204122765006,258.3126973295816,0.0,0.00444753751596424,0.00444753751596424,0.0,0.0,0.0,0.0,402763.0,400896.0,0.0,0.0607007,0.329586,0.609713,0.000761731,0.999238,0.63328,0.0,93368900.0,2087620.0,34330.0,172560.0,5.02649,377630.0,1898160.0,11.0,2.78261,1.0,74942.5,4.3681
normalized-j6029_4.std.opb,28346.0,64587.0,0.0,0.0,1e+20,1e+20,-1e+20,1e+20,0.0,0.0,5.017052,0.0,0.0,1.2295081967213115,15.646078901885646,0.008169489679211371,0.0,0.008169489679211371,0.0,0.0,0.0,0.0,123400.0,36722.0,0.00318476,0.841207,0.145883,0.00972447,0.000897373,0.999103,0.365361,1.0,108946000.0,-62340.7,15.3812,-21.2798,-1.3835,87726.5,-121369.0,5703.5,5256.54,25.8647,-10.6317,4.79636
normalized-single-obj-f54-DCTotalLoss.seq-B-3-combined-EDCBAir.opb,100.0,147.0,0.0,0.0,-3789806.0,-3789806.0,-3789806.0,0.0,0.0,273.0,0.130829,2.73,5.0,-89593.2278338945,709109.5486892711,0.051627384960718295,0.06734006734006734,0.11896745230078563,0.0,0.0,0.0,0.0,2923.0,891.0,0.0318166,0.692439,0.151899,0.123845,0.0146227,0.985377,0.446171,0.433962,131096000.0,4353.09,5.35548,237.336,44.3164,112.465,4984.05,21.0,28.186,1.0,9.18894,0.010704
normalized-BA_RDC4.dot_luby_20null50mast_rapportOE1.0_TMAX15_K67_cod1.opb,30450.0,30907.0,0.0,0.0,1e+20,1e+20,-1e+20,1e+20,0.0,0.0,5.027405,0.0,0.0,-102.42881510963882,124.62440208618952,0.0,0.6346938270994537,0.6346938270994537,0.0,0.0,0.0,0.0,40950.0,40451.0,2.442e-05,0.0951404,0.625348,0.279487,0.103709,0.896291,0.455087,0.0,101611000.0,290549.0,485.851,3253.09,6.69567,42754.9,286272.0,88.0,31.9266,1.43503,34023.7,4.90563
normalized-j1207_9.std.opb,58489.0,120749.0,0.0,0.0,1e+20,1e+20,-1e+20,1e+20,0.0,0.0,5.018595,0.0,0.0,0.6198347107438017,11.126066629782756,0.004118503061420609,0.0,0.004118503061420609,0.0,0.0,0.0,0.0,234388.0,72842.0,0.0030505,0.839173,0.152657,0.00511972,0.00052261,0.999477,0.405916,1.0,117423000.0,357201.0,72.3323,106.171,1.46782,171645.0,251944.0,2373.0,1997.15,12.9815,101.971,4.50296
normalized-BA_RDC4.dot_fibo_20null0mast_rapportOE1.0_TMAX120_K67_cod2_pbEq1_newVersion_ladder.opb,75993.0,76198.0,0.0,0.0,1e+20,1e+20,-1e+20,1e+20,0.0,0.0,5.020597,0.0,0.0,-3.935208184747055,125.08857448685845,0.0,0.004783453432035611,0.004783453432035611,0.0,0.0,0.0,0.0,201868.0,81322.0,4.95373e-06,0.622204,0.324167,0.0536242,0.000770845,0.999229,0.503992,0.0,108583000.0,-987643.0,153.16,-1615.69,-10.549,98558.3,-1039690.0,643.5,262.785,4.66149,4835.41,4.67825
normalized-single-obj-f14-DC2Loss.seq-A-2-combined-abcdeir.opb,122.0,155.0,0.0,0.0,139840229.0,139840229.0,139840229.0,0.0,0.0,61.0,0.061562,0.5,4.0,761116.8552223372,5108427.816999372,0.14891416752843847,0.0,0.14891416752843847,0.0,0.0,0.0,0.0,2704.0,967.0,0.0488166,0.628328,0.275148,0.0477071,0.0217326,0.978267,0.4639,1.0,134218000.0,655.7,4.35402,104.26,23.9456,63.1333,1511.77,14.5,14.5,1.0,4.82759,0.008112
normalized-BA_RDC4.dot_luby_20null50mast_rapportOE2.0_TMAX300_K67_cod2_pbEq1_newVersion_sequential.opb,72824.0,145712.0,0.0,0.0,1e+20,1e+20,-1e+20,1e+20,0.0,0.0,5.046275,0.0,0.0,-0.7723740193305625,13.978528004300482,0.0,0.004783453432035611,0.004783453432035611,0.0,0.0,0.0,0.0,161483.0,81322.0,6.1926e-06,0.770954,0.15858,0.0704594,0.000917732,0.999082,0.504753,0.0,111639000.0,3965340.0,449.551,24605.2,54.7327,71928.2,3936830.0,160.0,75.5078,1.75389,7860.92,4.75853
normalized-j12027_3.std.opb,52389.0,115667.0,0.0,0.0,1e+20,1e+20,-1e+20,1e+20,0.0,0.0,5.051038,0.0,0.0,0.6198347107438017,11.126066629782756,0.004118503061420609,0.0,0.004118503061420609,0.0,0.0,0.0,0.0,245220.0,72842.0,0.00321752,0.846146,0.145743,0.00489356,0.000503702,0.999496,0.409357,1.0,112835000.0,-81939.0,80.2681,-86.6254,-1.0792,233741.0,-252253.0,2912.0,2689.6,15.6886,66.5762,4.59457
normalized-BA_RDC4.dot_luby_50null0mast_rapportOE2.0_TMAX120_K67_cod2_pbEq1_newVersion_product.opb,52341.0,134829.0,0.0,0.0,1e+20,1e+20,-1e+20,1e+20,0.0,0.0,5.043576,0.0,0.0,-0.01552773430707703,0.5662374288460478,0.0,0.004225352112676056,0.004225352112676056,0.0,0.0,0.0,0.0,149401.0,57510.0,6.6934e-06,0.752431,0.171404,0.0761575,0.000608167,0.999392,0.589766,0.0,93340900.0,374139.0,64.3282,437.642,6.80327,53617.6,364775.0,833.5,247.43,5.75719,-4591.62,4.75261
normalized-single-obj-f4-DataDisplay_2_order9.seq-B-3-2-abcdeir.opb,1572.0,2604.0,1572.0,1.0,739339.0,739339.0,550229.2117734223,0.34369274509629416,0.0,24446.0,5.001553,15.55089058524173,2.0,129453.82687991021,1869911.394128594,0.04657687991021325,0.0,0.04657687991021325,1e+99,0.0,1e+99,0.20016611295681064,11685.0,3564.0,0.00299529,0.690629,0.164827,0.141549,0.00551367,0.994486,0.477239,1.0,89860100.0,-131012.0,6.86789,-53.4197,-7.77818,19322.8,-150296.0,2813.5,610.315,15.2942,-484.923,4.93577
normalized-BA_RDC4.dot_luby_50null10mast_rapportOE1.0_TMAX120_K67_cod2_pbEq1_newVersion_ladder.opb,48908.0,49081.0,0.0,0.0,1e+20,1e+20,-1e+20,1e+20,0.0,0.0,5.328455,0.0,0.0,-0.1582228671208283,6.225451182328887,0.0,0.0029881212955903693,0.0029881212955903693,0.0,0.0,0.0,0.0,201868.0,81322.0,4.95373e-06,0.622204,0.324167,0.0536242,0.00048167,0.999518,0.503992,0.0,113646000.0,-1483650.0,153.159,-2546.19,-16.6245,92355.1,-1535360.0,603.0,276.461,4.42088,4021.44,4.61142
normalized-j6046_10.std.opb,27588.0,66721.0,0.0,0.0,1e+20,1e+20,-1e+20,1e+20,0.0,0.0,5.001616,0.0,0.0,1.2295081967213115,15.646078901885646,0.008169489679211371,0.0,0.008169489679211371,0.0,0.0,0.0,0.0,129101.0,36722.0,0.00333847,0.847825,0.139542,0.00929505,0.00086784,0.999132,0.369778,1.0,105007000.0,-5490.87,-8.91275,11.0979,-1.24517,-84911.8,105729.0,9527.0,8771.13,39.3229,6.242,4.73289
normalized-frb35-17-1.opb,595.0,27856.0,595.0,1.0,-25.0,-25.0,-153.25,5.13,0.0,3047.0,5.002412,5.121008403361344,12.0,-1.0,0.0,0.0,1.0,1.0,0.0,0.0,0.0,2.016949757350842,27856.0,595.0,0.0,1.0,0.0,0.0,0.0105671,0.989433,0.0,0.0,57489100.0,94883.2,11.1673,-1.60173,-0.14343,100958.0,-14480.4,9040.5,4885.78,38.0825,-8.62833,4.84143
normalized-knapPI_12_10000_1000_5_-285714.opb,50000.0,1.0,50000.0,1.0,-296223.0,-296223.0,-296237.0648918469,4.7480755535217464e-05,0.0,14.0,5.034806,0.00028,12.0,-487.1598,303.9778939067116,0.0,1.0,1.0,0.0,0.0,0.0,345078.2,1.0,50000.0,0.0,0.0,0.0,1.0,0.5,0.5,0.0,0.0,64486000.0,77130.4,1589.57,922.355,0.580254,80273.3,46578.9,50.5,0.0,1.01961,0.0,4.84915
normalized-BA_RDC4.dot_unif_0null20mast_rapportOE2.0_TMAX120_K67_cod2_pbEq1_newVersion_binary.opb,43616.0,288563.0,0.0,0.0,1e+20,1e+20,-1e+20,1e+20,0.0,0.0,5.042761,0.0,0.0,-6.496150326943248,70.65175323780821,0.0,0.010846035394675177,0.010846035394675177,0.0,0.0,0.0,0.0,297596.0,44809.0,3.36026e-06,0.875714,0.0860495,0.038233,0.000698081,0.999302,0.385501,0.0,67689200.0,-524039.0,67.7793,-420.303,-6.20106,97941.1,-607338.0,1445.0,643.901,8.93497,834.431,4.68433
normalized-BA_RDC4.dot_luby_0null10mast_rapportOE2.0_TMAX180_K67_cod2_pbEq1_newVersion_binary.opb,43616.0,288563.0,0.0,0.0,1e+20,1e+20,-1e+20,1e+20,0.0,0.0,5.041801,0.0,0.0,-0.30699189894887186,8.406487978677168,0.0,0.010846035394675177,0.010846035394675177,0.0,0.0,0.0,0.0,297596.0,44809.0,3.36026e-06,0.875714,0.0860495,0.038233,0.000698081,0.999302,0.385501,0.0,98450400.0,2187570.0,385.98,5611.13,14.5374,143198.0,2081730.0,371.0,173.83,3.26918,7119.22,4.58673
normalized-BA_RDC4.dot_unif_50null20mast_rapportOE2.0_TMAX120_K67_cod2_pbEq1_newVersion.opb,21973.0,22038.0,0.0,0.0,1e+20,1e+20,-1e+20,1e+20,0.0,0.0,5.012033,0.0,0.0,-4.097417983731099,58.938204378328706,0.0,0.005935950362752522,0.005935950362752522,0.0,0.0,0.0,0.0,40882.0,40937.0,2.44606e-05,0.0952742,0.626388,0.278313,0.00133134,0.998669,0.729932,0.0,72460800.0,622952.0,216.885,256.599,1.18311,294964.0,348974.0,1360.0,374.506,8.63028,-746.398,4.70744
normalized-NG.dot_luby_20null20mast_rapportOE1.0_TMAX300_K192_cod2.opb,400896.0,400786.0,0.0,0.0,1e+20,1e+20,-1e+20,1e+20,0.0,0.0,5.384463,0.0,0.0,-0.9224586925287356,30.514541393696256,0.0,0.0035595266602809704,0.0035595266602809704,0.0,0.0,0.0,0.0,402763.0,400896.0,0.0,0.0607007,0.329586,0.609713,0.000609734,0.99939,0.63328,0.0,116558000.0,2276170.0,6981.14,39249.6,5.62223,394435.0,2217600.0,56.5,31.7193,1.11404,2919.42,4.38106
normalized-ped2.G.recomb10-0.01-2.opb,126643.0,997395.0,0.0,0.0,1e+20,1e+20,-1e+20,1e+20,0.0,0.0,5.691271,0.0,0.0,51.298072540053454,164.83650616808106,0.0910709230407516,0.0,0.0910709230407516,0.0,0.0,0.0,0.0,1724968.0,208409.0,0.0346656,0.58209,0.38292,0.000325223,0.0044856,0.995514,0.684682,1.0,134218000.0,1095880.0,54141.1,60434.1,1.11623,595552.0,664775.0,11.0,39.6522,1.0,472.438,4.07217
normalized-autocorr_bern60-30.lin.opb,25230.0,25170.0,0.0,0.0,0.0,0.0,-1e+20,1e+20,0.0,0.0,5.004697,0.0,2.0,0.0,292.90587418078115,0.36107808164883076,0.6389219183511693,1.0,0.0,0.0,0.0,0.0,50340.0,25230.0,0.0,0.0,0.0518474,0.948153,0.105305,0.894695,0.5,0.361078,111303000.0,182614.0,296.1,10094.7,34.0922,5922.0,201894.0,20.0,6.34146,1.0,54205.6,4.92162
normalized-sp97ic.opb,12495.0,1016.0,12495.0,1.0,13535523.0,13535523.0,0.0,1e+20,0.0,0.0,5.046786,0.0,1.0,40009.606145474914,23670.60736524784,1.0,0.0,1.0,0.0,0.0,0.0,1031.8433497536946,1033.0,12497.0,0.0,0.0164569,0.0164569,0.967086,0.0379703,0.96203,0.960531,1.0,98807200.0,547270.0,964.308,624.717,0.64784,339436.0,219900.0,352.0,9.87943,3.16312,-231458.0,4.58493
normalized-BA_RDC4.dot_unif_50null0mast_rapportOE2.0_TMAX120_K67_cod2_pbEq1_newVersion_product.opb,52341.0,134829.0,0.0,0.0,1e+20,1e+20,-1e+20,1e+20,0.0,0.0,5.043772,0.0,0.0,-2.2488784559207096,39.02441593630699,0.0,0.004225352112676056,0.004225352112676056,0.0,0.0,0.0,0.0,149401.0,57510.0,6.6934e-06,0.752431,0.171404,0.0761575,0.000608167,0.999392,0.589766,0.0,60481600.0,-369335.0,46.3016,-261.153,-5.64025,76166.1,-429596.0,1645.0,821.232,9.63415,-245.494,4.76198
normalized-single-obj-f4-DataDisplay_2_order9.seq-A-3-1-EDCBAir.opb,1470.0,3212.0,1470.0,1.0,-1352821.0,-1352821.0,-1352912.9322882025,6.795598841417833e-05,0.0,19461.0,5.000335,13.238775510204082,3.0,-129453.5805274972,1869911.4111835374,0.025533108866442198,0.021043771043771045,0.04657687991021325,5.582959641255606e+98,4.9658995214026565e+98,0.0,0.20229337948939852,11685.0,3564.0,0.00299529,0.690629,0.164827,0.141549,0.00551367,0.994486,0.477239,0.548193,65798800.0,-165897.0,8.18985,-43.75,-5.34198,39012.4,-208403.0,4763.5,1809.73,22.2422,-112.347,4.88776
normalized-NG.dot_luby_0null50mast_rapportOE2.0_TMAX180_K192_cod1.opb,399113.0,400786.0,0.0,0.0,1e+20,1e+20,-1e+20,1e+20,0.0,0.0,5.342244,0.0,0.0,-438.31708313184487,505.0562599252739,0.0,0.8532746365064531,0.8532746365064531,0.0,0.0,0.0,0.0,400980.0,399113.0,0.0,0.0609706,0.331051,0.607978,0.127336,0.872664,0.48797,0.0,134218000.0,473699.0,20479.5,6352.17,0.310172,368631.0,114339.0,18.0,0.0,1.0,0.0,4.3807
normalized-j12026_6.std.opb,49710.0,105849.0,0.0,0.0,1e+20,1e+20,-1e+20,1e+20,0.0,0.0,5.027305,0.0,0.0,0.6198347107438017,11.126066629782756,0.004118503061420609,0.0,0.004118503061420609,0.0,0.0,0.0,0.0,245199.0,72842.0,0.00321779,0.846105,0.145784,0.00489398,0.000503732,0.999496,0.409346,1.0,112938000.0,245531.0,43.815,64.6049,1.47449,124478.0,183542.0,2841.0,2712.69,15.3834,60.0949,4.70056
normalized-mult_diagcomm_opt_less_teq_nbits_34.opb,5712.0,3412.0,5712.0,1.0,0.0,0.0,-1e+20,1e+20,0.0,28589.0,5.000771,5.005077030812325,1.0,0.0,2.865648703137983e+18,0.009615384615384616,0.009615384615384616,0.019230769230769232,1.0000000000000002e+99,2.4283361152821613e+83,1e+99,0.0,10540.0,7072.0,0.0,0.567742,0.219355,0.212903,0.0045045,0.995495,0.425339,0.5,104842000.0,655778.0,6.55489,399.072,60.8816,10628.7,647096.0,1621.5,809.585,9.54593,276.079,4.92309
normalized-hw128-vm75p-opt.opb.negationfix.opb,133809.0,1306.0,0.0,0.0,1e+20,1e+20,-1e+20,1e+20,0.0,0.0,5.028999,0.0,0.0,0.0009532888465204957,0.030860655969949753,0.0009532888465204957,0.0,0.0009532888465204957,0.0,0.0,0.0,0.0,2354.0,134272.0,0.0,0.0,0.0,1.0,0.000238892,0.999761,0.251374,1.0,104912000.0,693086.0,452.033,605.813,1.3402,317553.0,425584.0,702.5,8.55619,5.01209,-46920.5,4.6343
normalized-maxcut_opt_complete_6-partite_block_nvert_45.opb,990.0,56760.0,990.0,1.0,-500.0,-500.0,-843.0,0.686,0.0,2396.0,5.001486,2.4202020202020202,2.0,-0.8515151515151516,0.3555799463626711,0.0,0.8515151515151516,0.8515151515151516,0.0,0.0,0.0,1.5,56760.0,990.0,0.0,0.0,1.0,0.0,0.00492628,0.995074,0.5,0.0,39319100.0,254225.0,10.5728,49.7976,4.70999,43935.1,206934.0,4155.5,3120.5,20.0576,-46.0126,4.86921
normalized-OGR_7.opb,238.0,2193.0,238.0,1.0,25.0,25.0,16.0,0.5625,0.0,44336.0,5.000095,186.28571428571428,3.0,0.2647058823529412,2.3801732948453163,0.025210084033613446,0.0,0.025210084033613446,-0.037317784256559766,0.37662884402743924,-3.9183673469387754,21.523972602739725,398.0,238.0,0.0,0.0,0.0,1.0,0.000739463,0.999261,0.5,1.0,105983000.0,167124.0,1.87543,64.8863,34.5981,4630.43,160204.0,2469.0,1162.36,13.5058,35.5347,0.528209
normalized-BA_RDC4.dot_unif_20null0mast_rapportOE2.0_TMAX300_K67_cod1.opb,30403.0,30860.0,0.0,0.0,1e+20,1e+20,-1e+20,1e+20,0.0,0.0,5.024044,0.0,0.0,-307.27665570690465,327.53503251040746,0.0,0.6346938270994537,0.6346938270994537,0.0,0.0,0.0,0.0,40950.0,40451.0,2.442e-05,0.0951404,0.625348,0.279487,0.103709,0.896291,0.455087,0.0,99264200.0,-181242.0,215.801,-323.814,-1.50052,294893.0,-442492.0,1366.5,578.309,8.61814,-440.647,4.72361
normalized-BA_RDC4.dot_luby_20null10mast_rapportOE1.0_TMAX120_K67_cod2_pbEq1_newVersion_ladder.opb,74837.0,75008.0,0.0,0.0,1e+20,1e+20,-1e+20,1e+20,0.0,0.0,5.000546,0.0,0.0,-0.16707655984850348,6.249795678794302,0.0,0.004783453432035611,0.004783453432035611,0.0,0.0,0.0,0.0,201868.0,81322.0,4.95373e-06,0.622204,0.324167,0.0536242,0.000770845,0.999229,0.503992,0.0,77306800.0,822063.0,123.974,1295.96,10.4535,75810.0,792477.0,611.5,264.047,4.48203,3172.67,4.71719
normalized-clique-coloring-max-clique-n=13-t=10.opb,390.0,13136.0,390.0,1.0,3.0,3.0,0.0,1e+20,0.0,2195.0,5.001871,5.628205128205129,10.0,0.03333333333333333,0.17950549357115012,0.03333333333333333,0.0,0.03333333333333333,0.0,0.0,0.0,2.428582410824108,12987.0,390.0,0.0,0.0,0.996997,0.003003,0.000330469,0.99967,0.317355,1.0,55368600.0,21507.0,-0.593096,2.15039,-3.62569,7176.36,-26019.3,-12099.8,-15480.0,130.96,-0.322465,4.70429
normalized-BA_RDC4.dot_fibo_10null0mast_rapportOE1.0_TMAX180_K67_cod2.opb,33774.0,33843.0,0.0,0.0,1e+20,1e+20,-1e+20,1e+20,0.0,0.0,5.243445,0.0,0.0,-9.631800083054449,205.60598833075997,0.0,0.010699367320516892,0.010699367320516892,0.0,0.0,0.0,0.0,41436.0,40937.0,2.41336e-05,0.0940245,0.618013,0.287938,0.00195836,0.998042,0.598238,0.0,94766200.0,-788705.0,54.6187,-717.927,-13.1444,62128.7,-816642.0,1137.5,451.931,7.56063,-1844.26,4.83458
normalized-domset_v500_e2000_w30_mw19_23.opb.PB06.opb,479.0,577.0,479.0,1.0,214.0,214.0,168.26929421826043,0.2717709490266402,0.0,8554.0,5.000247,17.8580375782881,78.0,1.0,0.0,1.0,0.0,1.0,0.0,0.0,0.0,44.51075268817204,479.0,479.0,0.0,0.0,0.0,1.0,0.100125,0.899875,1.0,1.0,78902900.0,3445.27,15.5379,-15.8315,-1.0189,85575.1,-87192.1,5507.5,1155.12,25.1997,149.37,4.86004
normalized-rand49e642.cudf.trendy.opb,86.0,174.0,0.0,0.0,39641230.0,39641230.0,39641230.0,0.0,0.0,11.0,0.322663,0.12790697674418605,2.0,1207742047.4359727,2839919063.3091154,0.5311790626251836,0.0,0.5311790626251836,0.0,0.0,0.0,0.0,23160.0,7489.0,0.0700777,0.754879,0.170553,0.0044905,0.0732691,0.926731,0.432138,1.0,130361000.0,27073.3,72.1357,304.356,4.21921,6239.74,26326.8,86.5,84.3333,1.42529,12.5119,0.064289
normalized-graphpart_2pm-0066-0066.lin.opb,304.0,240.0,0.0,0.0,-29.0,-29.0,-29.0,0.0,0.0,2727.0,0.872548,8.970394736842104,7.0,0.0,0.816496580927726,0.3333333333333333,0.3333333333333333,0.6666666666666666,0.0,0.0,0.0,0.0,468.0,324.0,0.0,0.0,1.0,0.0,0.133333,0.866667,0.538462,0.5,78840300.0,305254.0,5.72587,84.8998,14.8274,19092.9,283098.0,3334.5,1974.73,17.4292,146.622,0.98743
normalized-j12056_3.std.opb,53156.0,124972.0,0.0,0.0,1e+20,1e+20,-1e+20,1e+20,0.0,0.0,5.025301,0.0,0.0,0.6198347107438017,11.126066629782756,0.004118503061420609,0.0,0.004118503061420609,0.0,0.0,0.0,0.0,256195.0,72842.0,0.00336853,0.852347,0.139601,0.00468393,0.000435292,0.999565,0.369614,1.0,115941000.0,-38267.4,6.88975,-1.30215,-0.188998,28330.6,-5354.45,4112.0,3807.39,19.875,46.4481,4.75631
normalized-BA_RDC4.dot_luby_20null20mast_rapportOE1.0_TMAX300_K67_cod2_pbEq1_newVersion.opb,30822.0,30891.0,0.0,0.0,1e+20,1e+20,-1e+20,1e+20,0.0,0.0,5.039682,0.0,0.0,-0.6324107775362142,12.46336548975341,0.0,0.009502406136258152,0.009502406136258152,0.0,0.0,0.0,0.0,40882.0,40937.0,2.44606e-05,0.0952742,0.626388,0.278313,0.00212953,0.99787,0.729932,0.0,79227600.0,-749580.0,368.283,-1764.76,-4.79187,189481.0,-907970.0,514.5,103.091,4.05437,14019.0,4.72957
normalized-vertexcover_opt_grid_oddrowevencolsquare_dim_072.opb,5256.0,10512.0,5256.0,1.0,2664.0,2664.0,2645.997619047619,0.006803627041380544,0.0,8977.0,5.003889,1.707952815829528,4.0,1.0,0.0,1.0,0.0,1.0,0.0,0.0,0.0,1.9847068819031435,10512.0,5256.0,0.0,1.0,0.0,0.0,0.2,0.8,1.0,1.0,125208000.0,93052.8,20.3266,75.5973,3.71914,20580.7,76542.3,1012.5,104.433,6.47137,-2452.61,4.97528
normalized-BA_RDC4.dot_unif_20null50mast_rapportOE1.0_TMAX180_K67_cod2_pbEq1_newVersion_ladder.opb,55074.0,55247.0,0.0,0.0,1e+20,1e+20,-1e+20,1e+20,0.0,0.0,5.344532,0.0,0.0,-3.9449472467474975,60.22775245941018,0.0,0.004783453432035611,0.004783453432035611,0.0,0.0,0.0,0.0,201868.0,81322.0,4.95373e-06,0.622204,0.324167,0.0536242,0.000770845,0.999229,0.503992,0.0,81667500.0,-691888.0,142.075,-718.362,-5.05623,164309.0,-830785.0,1156.5,624.407,7.67545,-1452.26,4.65186
normalized-j12060_5.std.opb,52199.0,123582.0,0.0,0.0,1e+20,1e+20,-1e+20,1e+20,0.0,0.0,5.018039,0.0,0.0,0.6198347107438017,11.126066629782756,0.004118503061420609,0.0,0.004118503061420609,0.0,0.0,0.0,0.0,256266.0,72842.0,0.00336759,0.85231,0.13964,0.00468263,0.00043519,0.999565,0.36963,1.0,117302000.0,-328956.0,35.2009,-128.832,-3.6599,98298.5,-359763.0,2792.5,2327.48,15.1298,127.022,4.66316
normalized-BA_RDC4.dot_fibo_0null50mast_rapportOE1.0_TMAX120_K67_cod2.opb,36668.0,36737.0,0.0,0.0,1e+20,1e+20,-1e+20,1e+20,0.0,0.0,5.042356,0.0,0.0,-69.6621638126878,851.714078220531,0.0,0.011871900725505044,0.011871900725505044,0.0,0.0,0.0,0.0,41436.0,40937.0,2.41336e-05,0.0940245,0.618013,0.287938,0.0021725,0.997827,0.598238,0.0,94621800.0,-523525.0,118.05,-463.286,-3.9245,166804.0,-654624.0,1413.0,571.952,8.83339,-1042.92,4.76519
normalized-mps-v2-20-10-markshare2.opb,109.0,83.0,109.0,1.0,119808.0,119808.00000000001,0.0,1e+20,0.0,10273.0,5.002123,94.24770642201835,6.0,27837750.966666665,95857074.83922392,0.7777777777777778,0.0,0.7777777777777778,-0.0019157088122605363,0.014463284358756226,-0.1111111111111111,350.1072118057378,7.0,270.0,0.0,0.0,0.0,1.0,0.25,0.75,1.0,1.0,83363200.0,54070.8,1.95605,1.63209,0.834378,23124.4,19294.5,11822.0,6604.4,46.2071,-10.2402,4.91404
normalized-frb35-17-4.opb,595.0,27842.0,595.0,1.0,-25.0,-25.0,-137.5,4.5,0.0,3433.0,5.001699,5.769747899159664,12.0,-1.0,0.0,0.0,1.0,1.0,0.0,0.0,0.0,2.0234812043470516,27842.0,595.0,0.0,1.0,0.0,0.0,0.0105723,0.989428,0.0,0.0,54135600.0,56546.6,9.39442,-4.80987,-0.511993,96142.4,-49224.2,10234.0,5987.07,41.1456,8.81933,4.81235
normalized-circ6_3.opb,540.0,4787.0,540.0,1.0,78.0,78.0,48.0,0.625,0.0,14133.0,5.008957,26.17222222222222,1.0,0.6,0.9521904571390467,0.3333333333333333,0.0,0.3333333333333333,0.0,0.0,0.0,1.0100921456779288,4476.0,540.0,0.0,0.140751,0.41555,0.4437,0.00852757,0.991472,0.143349,1.0,79892600.0,12995.9,3.35175,-3.39889,-1.01406,47100.4,-47762.9,14052.5,10728.7,53.5865,-5.55548,4.86975
normalized-BA_RDC4.dot_unif_0null10mast_rapportOE2.0_TMAX300_K67_cod3.opb,36184.0,36738.0,0.0,0.0,1e+20,1e+20,-1e+20,1e+20,0.0,0.0,5.060455,0.0,0.0,-434.43895082939855,359.8153530345486,0.0,0.7929593829571581,0.7929593829571581,0.0,0.0,0.0,0.0,40950.0,40451.0,2.442e-05,0.0951404,0.625348,0.279487,0.126304,0.873696,0.455087,0.0,110388000.0,-726304.0,128.527,-784.768,-6.10583,136753.0,-834993.0,1064.0,339.24,7.20009,2339.41,4.60634
normalized-NG.dot_luby_0null0mast_rapportOE1.0_TMAX60_K192_cod1.opb,399113.0,400786.0,0.0,0.0,1e+20,1e+20,-1e+20,1e+20,0.0,0.0,5.418046,0.0,0.0,-3.9222876729146883,17.408229654693958,0.0,0.8532746365064531,0.8532746365064531,0.0,0.0,0.0,0.0,400980.0,399113.0,0.0,0.0609706,0.331051,0.607978,0.127336,0.872664,0.48797,0.0,134218000.0,399896.0,0.0,0.0,1.15964,369975.0,429037.0,0.0,0.0,1.0,0.0,4.39724
normalized-BA_RDC4.dot_luby_0null0mast_rapportOE1.0_TMAX300_K67_cod2.opb,36668.0,36737.0,0.0,0.0,1e+20,1e+20,-1e+20,1e+20,0.0,0.0,5.026513,0.0,0.0,-0.04299289151623226,1.0277239136097096,0.0,0.011871900725505044,0.011871900725505044,0.0,0.0,0.0,0.0,41436.0,40937.0,2.41336e-05,0.0940245,0.618013,0.287938,0.0021725,0.997827,0.598238,0.0,95816200.0,-380217.0,71.1314,-313.762,-4.41102,101647.0,-448366.0,1429.0,627.09,8.86988,901.465,4.74025
normalized-BA_RDC4.dot_fibo_10null20mast_rapportOE1.0_TMAX120_K67_cod2_pbEq1_newVersion_product.opb,52558.0,135477.0,0.0,0.0,1e+20,1e+20,-1e+20,1e+20,0.0,0.0,5.048276,0.0,0.0,-22.468422882976874,467.19455797541383,0.0,0.007616066770996349,0.007616066770996349,0.0,0.0,0.0,0.0,149401.0,57510.0,6.6934e-06,0.752431,0.171404,0.0761575,0.00109567,0.998904,0.589766,0.0,98915500.0,150723.0,121.787,128.08,1.05167,94628.9,99517.9,777.0,331.588,5.43151,-3281.08,4.73139
normalized-BA_RDC4.dot_luby_20null0mast_rapportOE1.0_TMAX120_K67_cod2_pbEq1_newVersion_sequential.opb,72824.0,145712.0,0.0,0.0,1e+20,1e+20,-1e+20,1e+20,0.0,0.0,5.043943,0.0,0.0,-0.017584417500799292,0.6785840460509144,0.0,0.004783453432035611,0.004783453432035611,0.0,0.0,0.0,0.0,161483.0,81322.0,6.1926e-06,0.770954,0.15858,0.0704594,0.000917732,0.999082,0.504753,0.0,108682000.0,-715040.0,63.113,-921.818,-14.6058,48565.5,-709339.0,769.5,480.403,5.37143,2740.63,4.7946
normalized-NG.dot_unif_10null50mast_rapportOE1.0_TMAX300_K192_cod1.opb,365115.0,366610.0,0.0,0.0,1e+20,1e+20,-1e+20,1e+20,0.0,0.0,5.075532,0.0,0.0,-597.8861400154843,428.114059031671,0.0,0.7680907412186524,0.7680907412186524,0.0,0.0,0.0,0.0,400980.0,399113.0,0.0,0.0609706,0.331051,0.607978,0.1161,0.8839,0.48797,0.0,134218000.0,481136.0,19926.1,6634.07,0.332934,368632.0,122730.0,18.5,0.0,1.0,0.0,4.33003
normalized-BA_RDC4.dot_unif_10null50mast_rapportOE2.0_TMAX120_K67_cod2_pbEq1_newVersion_binary.opb,43616.0,288563.0,0.0,0.0,1e+20,1e+20,-1e+20,1e+20,0.0,0.0,5.035659,0.0,0.0,-7.470463522952978,81.78473656799733,0.0,0.009774822022361579,0.009774822022361579,0.0,0.0,0.0,0.0,297596.0,44809.0,3.36026e-06,0.875714,0.0860495,0.038233,0.000629178,0.999371,0.385501,0.0,95983900.0,-138618.0,98.2377,-270.205,-2.75052,57714.6,-158745.0,587.5,151.261,4.3631,7503.69,4.67332
normalized-NG.dot_unif_20null20mast_rapportOE2.0_TMAX180_K192_cod2.opb,400896.0,400786.0,0.0,0.0,1e+20,1e+20,-1e+20,1e+20,0.0,0.0,5.259155,0.0,0.0,-2.2308578783524906,42.27411642127362,0.0,0.0035595266602809704,0.0035595266602809704,0.0,0.0,0.0,0.0,402763.0,400896.0,0.0,0.0607007,0.329586,0.609713,0.000609734,0.99939,0.63328,0.0,134218000.0,799758.0,738582.0,1660690.0,2.24848,369291.0,830345.0,0.5,0.0,1.0,0.0,4.38399
normalized-BA_RDC4.dot_unif_10null10mast_rapportOE1.0_TMAX60_K67_cod2_pbEq1_newVersion_binary.opb,43616.0,288563.0,0.0,0.0,1e+20,1e+20,-1e+20,1e+20,0.0,0.0,5.063201,0.0,0.0,-5.4362070119842,63.1077562370061,0.0,0.009774822022361579,0.009774822022361579,0.0,0.0,0.0,0.0,297596.0,44809.0,3.36026e-06,0.875714,0.0860495,0.038233,0.000629178,0.999371,0.385501,0.0,92080600.0,-611038.0,70.4864,-787.192,-11.168,56318.6,-628966.0,799.0,266.663,5.53533,-2883.67,4.68601
normalized-hw64-vm25p-opt.opb.negationfix.opb,11200.0,362.0,0.0,0.0,13.0,13.0,13.0,0.0,0.0,6711.0,3.58457,0.5991964285714285,6.0,0.005714285714285714,0.07537660547584527,0.005714285714285714,0.0,0.005714285714285714,0.0,0.0,0.0,0.0,478.0,11200.0,0.0,0.0,0.0,1.0,0.00142653,0.998573,0.254286,1.0,105183000.0,145017.0,30.3024,130.192,4.29643,29120.6,125115.0,961.0,12.3011,6.59854,-41742.0,1.67405
normalized-BA_RDC4.dot_fibo_20null10mast_rapportOE1.0_TMAX15_K67_cod2_pbEq1_newVersion_product.opb,52559.0,135477.0,0.0,0.0,1e+20,1e+20,-1e+20,1e+20,0.0,0.0,5.048525,0.0,0.0,-14.325021735350374,350.5702968484452,0.0,0.0067640410363415055,0.0067640410363415055,0.0,0.0,0.0,0.0,149401.0,57510.0,6.6934e-06,0.752431,0.171404,0.0761575,0.000973213,0.999027,0.589766,0.0,102690000.0,-484927.0,98.0083,-852.872,-8.70203,58364.0,-507885.0,595.5,258.39,4.38339,3039.54,4.78452
normalized-BA_RDC4.dot_luby_0null10mast_rapportOE2.0_TMAX300_K67_cod3.opb,36184.0,36738.0,0.0,0.0,1e+20,1e+20,-1e+20,1e+20,0.0,0.0,5.058015,0.0,0.0,-22.633606091320363,68.45857843728814,0.0,0.7929593829571581,0.7929593829571581,0.0,0.0,0.0,0.0,40950.0,40451.0,2.442e-05,0.0951404,0.625348,0.279487,0.126304,0.873696,0.455087,0.0,115233000.0,431192.0,139.955,468.14,3.34494,106296.0,355552.0,759.5,187.182,5.32237,5012.09,4.80913
normalized-bab5.opb,21432.0,4855.0,21432.0,1.0,1e+20,1e+20,-207849505.0,1e+20,0.0,3390.0,5.014397,0.15817469204927212,0.0,3821.236759259259,39525.17898198003,0.4166666666666667,0.15407407407407409,0.5707407407407408,1.0000000000000002e+99,2.4283361152821613e+83,1e+99,96.13488372093023,4946.0,21600.0,0.0,0.000808734,0.0762232,0.922968,0.0734553,0.926545,0.51418,0.730045,84832300.0,-357372.0,42.9784,-278.227,-6.47363,62877.4,-407045.0,1463.0,270.604,9.00786,-2187.64,4.88558
normalized-BA_RDC4.dot_fibo_10null0mast_rapportOE2.0_TMAX300_K67_cod2_pbEq1_newVersion_binary.opb,43616.0,288563.0,0.0,0.0,1e+20,1e+20,-1e+20,1e+20,0.0,0.0,5.051469,0.0,0.0,-8.133990939320226,181.32871964048508,0.0,0.009774822022361579,0.009774822022361579,0.0,0.0,0.0,0.0,297596.0,44809.0,3.36026e-06,0.875714,0.0860495,0.038233,0.000629178,0.999371,0.385501,0.0,99357800.0,-17289.4,52.1203,-43.6901,-0.838255,101113.0,-84758.7,1940.0,1908.15,10.9446,-235.979,4.63497
normalized-minisat50_6_9_5_mh.opb,240200.0,599279.0,0.0,0.0,1e+20,1e+20,-1e+20,1e+20,0.0,0.0,5.003498,0.0,0.0,295584.2349960032,3057549.4832646963,0.5185851318944844,0.00019984012789768185,0.518784972022382,0.0,0.0,0.0,0.0,605407.0,250200.0,0.0,0.599019,0.390522,0.0104591,0.0664431,0.933557,0.337519,0.999615,99421100.0,55727.4,3197.0,4428.76,1.38528,127880.0,177150.0,40.0,17.5062,1.0,3829.27,4.3794
normalized-linearized_pebbling_opt_layeredfan_up_r11_c22_a6.opb,2838.0,477.0,0.0,0.0,2838.0,2838.0,-1e+20,1e+20,0.0,0.0,11.26681,0.0,1.0,1.0,0.0,1.0,0.0,1.0,0.0,0.0,0.0,0.0,473.0,2838.0,0.0,0.0,0.0,1.0,0.255952,0.744048,0.344,1.0,107169000.0,340961.0,-49.6212,-66.3918,1.33797,-152883.0,-204553.0,3081.0,832.25,16.4834,398.663,3.03387
normalized-BA_RDC4.dot_luby_0null10mast_rapportOE1.0_TMAX60_K67_cod2_pbEq1_newVersion.opb,36668.0,36737.0,0.0,0.0,1e+20,1e+20,-1e+20,1e+20,0.0,0.0,5.049382,0.0,0.0,-0.3388865818208467,8.815806048861331,0.0,0.011871900725505044,0.011871900725505044,0.0,0.0,0.0,0.0,40882.0,40937.0,2.44606e-05,0.0952742,0.626388,0.278313,0.00265914,0.997341,0.729932,0.0,88064200.0,1198610.0,86.8678,1509.22,17.3738,67279.1,1168890.0,774.5,192.881,5.40774,-3588.59,4.86497
normalized-NG.dot_fibo_50null10mast_rapportOE2.0_TMAX15_K192_cod2.opb,400896.0,400786.0,0.0,0.0,1e+20,1e+20,-1e+20,1e+20,0.0,0.0,5.258425,0.0,0.0,-6.3136698794699875,242.1825915712296,0.0,0.002225015964240102,0.002225015964240102,0.0,0.0,0.0,0.0,402763.0,400896.0,0.0,0.0607007,0.329586,0.609713,0.000381224,0.999619,0.63328,0.0,89781400.0,2566930.0,5347.39,34566.3,6.46414,393033.0,2540620.0,73.5,38.3716,1.32432,8689.63,4.37459
normalized-NG.dot_luby_20null20mast_rapportOE1.0_TMAX15_K192_cod1.opb,331117.0,332434.0,0.0,0.0,1e+20,1e+20,-1e+20,1e+20,0.0,0.0,5.324123,0.0,0.0,-176.60583594119962,384.11721586384203,0.0,0.6829068459308517,0.6829068459308517,0.0,0.0,0.0,0.0,400980.0,399113.0,0.0,0.0609706,0.331051,0.607978,0.104571,0.895429,0.48797,0.0,134218000.0,516303.0,49146.6,21081.9,0.428959,368599.0,158114.0,7.5,0.0,1.0,0.0,4.38679
normalized-j12052_8.std.opb,49826.0,113836.0,0.0,0.0,1e+20,1e+20,-1e+20,1e+20,0.0,0.0,5.021794,0.0,0.0,0.6198347107438017,11.126066629782756,0.004118503061420609,0.0,0.004118503061420609,0.0,0.0,0.0,0.0,256372.0,72842.0,0.0033662,0.852343,0.13961,0.0046807,0.000459015,0.999541,0.390038,1.0,115621000.0,151122.0,24.4488,32.3156,1.32177,92538.6,122314.0,3785.0,3525.9,18.9312,72.1553,4.68922
normalized-BA_RDC4.dot_unif_20null0mast_rapportOE2.0_TMAX300_K67_cod2.opb,30835.0,30904.0,0.0,0.0,1e+20,1e+20,-1e+20,1e+20,0.0,0.0,5.035557,0.0,0.0,-4.8591738525050685,57.37103662816888,0.0,0.009502406136258152,0.009502406136258152,0.0,0.0,0.0,0.0,41436.0,40937.0,2.41336e-05,0.0940245,0.618013,0.287938,0.00173965,0.99826,0.598238,0.0,85161900.0,-131112.0,69.8342,-116.189,-1.66379,158838.0,-264272.0,2274.5,1136.27,12.5292,-293.362,4.76123
normalized-j9013_9.std.opb,42835.0,88451.0,0.0,0.0,1e+20,1e+20,-1e+20,1e+20,0.0,0.0,5.013063,0.0,0.0,0.8241758241758241,12.823050507610667,0.0054762513234274035,0.0,0.0054762513234274035,0.0,0.0,0.0,0.0,176329.0,54782.0,0.0030341,0.837293,0.152868,0.00680546,0.000618585,0.999381,0.360873,1.0,115358000.0,-96565.3,37.4703,-48.4743,-1.29367,167848.0,-217141.0,4479.5,4188.8,21.1696,-47.3393,4.70271
normalized-lo_6x6_001.opb.metafix.opb,0.0,0.0,0.0,0.0,17.0,17.0,17.0,0.0,0.0,0.0,0.0008039999999999999,0.0,1.0,1.0,0.0,1.0,0.0,1.0,0.0,0.0,0.0,0.0,34.0,36.0,0.117647,0.117647,0.117647,0.647059,0.2,0.8,1.0,1.0,0.0,0.0,0.0,0.0,0.0,0.0,0.0,0.0,0.0,0.0,0.0,0.000128
normalized-bogr_11.opb,1287.0,1875.0,1287.0,1.0,1e+20,1e+20,55.0,1e+20,0.0,24494.0,5.00008,19.031857031857033,0.0,0.14130434782608695,2.5629167754836732,0.006211180124223602,0.0,0.006211180124223602,0.0,0.0,0.0,49.53643392538505,2431.0,1288.0,0.000411353,0.0,0.0,0.999589,0.000129326,0.999871,0.500008,1.0,115206000.0,122063.0,3.46988,10.496,3.02489,28499.9,86209.1,8213.5,3063.83,35.7142,6.97947,4.90735
normalized-j12057_7.std.opb,51107.0,118792.0,0.0,0.0,1e+20,1e+20,-1e+20,1e+20,0.0,0.0,5.02163,0.0,0.0,0.6198347107438017,11.126066629782756,0.004118503061420609,0.0,0.004118503061420609,0.0,0.0,0.0,0.0,256179.0,72842.0,0.00336874,0.852384,0.139563,0.00468422,0.00043532,0.999565,0.369614,1.0,115816000.0,-62703.3,17.4311,-17.0981,-0.980898,65087.6,-63844.4,3734.0,3328.16,18.7976,-84.5703,4.73532
normalized-BA_RDC4.dot_fibo_20null0mast_rapportOE1.0_TMAX300_K67_cod2_pbEq1_newVersion.opb,30807.0,30876.0,0.0,0.0,1e+20,1e+20,-1e+20,1e+20,0.0,0.0,5.022761,0.0,0.0,-9.071426826587196,197.9095855406063,0.0,0.009502406136258152,0.009502406136258152,0.0,0.0,0.0,0.0,40882.0,40937.0,2.44606e-05,0.0952742,0.626388,0.278313,0.00212953,0.99787,0.729932,0.0,95432800.0,403967.0,46.3572,182.751,3.94223,88449.5,348688.0,1908.0,859.83,10.7791,-21.8528,4.82898
normalized-ii32d3.opb,1648.0,20356.0,1648.0,1.0,1e+20,1e+20,415.75,1e+20,0.0,8286.0,5.00201,5.027912621359223,0.0,1.0,0.0,1.0,0.0,1.0,0.0,0.0,0.0,1.8031721012708108,20302.0,1648.0,0.0,0.942173,0.0,0.0578268,0.022423,0.977577,0.977063,1.0,81076000.0,-14835.6,0.825053,-2.83203,-3.43254,11491.7,-39445.9,13928.5,12072.1,53.1105,3.52114,4.76528
normalized-vertexcover_opt_grid_oddrowoddcolsquare_dim_151.opb,22801.0,45602.0,22801.0,1.0,11549.0,11549.0,0.0,1e+20,0.0,75.0,5.352657,0.0032893294153765185,3.0,1.0,0.0,1.0,0.0,1.0,0.0,0.0,0.0,2.0,45602.0,22801.0,0.0,1.0,0.0,0.0,0.2,0.8,1.0,1.0,128907000.0,82663.2,70.5114,180.315,2.55724,29368.0,75101.0,416.5,18.7458,2.6199,-132708.0,4.86138
normalized-NG.dot_fibo_20null0mast_rapportOE2.0_TMAX60_K192_cod2.opb,400896.0,400786.0,0.0,0.0,1e+20,1e+20,-1e+20,1e+20,0.0,0.0,5.277264,0.0,0.0,-3.363760177203065,122.02595159032208,0.0,0.0035595266602809704,0.0035595266602809704,0.0,0.0,0.0,0.0,402763.0,400896.0,0.0,0.0607007,0.329586,0.609713,0.000609734,0.99939,0.63328,0.0,134218000.0,766747.0,189188.0,342092.0,1.80821,378376.0,684183.0,2.0,1.2,1.0,1211.67,4.40733
normalized-clique-coloring-max-clique-n=12-t=10.opb,342.0,9530.0,342.0,1.0,2.0,2.0,0.0,1e+20,0.0,2840.0,5.000227,8.304093567251462,16.0,0.03508771929824561,0.1840015523105529,0.03508771929824561,0.0,0.03508771929824561,0.0,0.0,0.0,2.7093799682034976,9408.0,342.0,0.0,0.0,0.996173,0.00382653,0.000420345,0.99958,0.314971,1.0,54462300.0,-1305.26,-0.768928,-0.141512,0.184037,8599.43,1582.62,-11183.7,-14652.3,132.112,0.9669,4.68159
normalized-domset_v500_e2000_w30_mw19_16.opb.PB06.opb,476.0,555.0,476.0,1.0,206.0,206.0,162.11893667659214,0.27067204006491435,0.0,15987.0,5.000239,33.58613445378151,60.0,1.0,0.0,1.0,0.0,1.0,0.0,0.0,0.0,38.57821229050279,476.0,476.0,0.0,0.0,0.00210084,0.997899,0.100549,0.899451,1.0,1.0,69223900.0,51648.7,13.9806,-5.83847,-0.417612,79619.5,-33250.1,5695.0,980.398,25.9098,-135.959,4.84364
normalized-BA_RDC4.dot_unif_0null20mast_rapportOE2.0_TMAX60_K67_cod2_pbEq1_newVersion_binary.opb,43616.0,288563.0,0.0,0.0,1e+20,1e+20,-1e+20,1e+20,0.0,0.0,5.067101,0.0,0.0,-6.697159052868844,72.1310532939969,0.0,0.010846035394675177,0.010846035394675177,0.0,0.0,0.0,0.0,297596.0,44809.0,3.36026e-06,0.875714,0.0860495,0.038233,0.000698081,0.999302,0.385501,0.0,100223000.0,-1220270.0,84.2509,-1634.48,-19.4001,64157.1,-1244660.0,761.5,167.707,5.31037,6427.26,4.70442
normalized-BA_RDC4.dot_fibo_10null20mast_rapportOE1.0_TMAX300_K67_cod2_pbEq1_newVersion_ladder.opb,54726.0,54930.0,0.0,0.0,1e+20,1e+20,-1e+20,1e+20,0.0,0.0,5.006327,0.0,0.0,-16.529069624455868,396.90729152933176,0.0,0.005385996409335727,0.005385996409335727,0.0,0.0,0.0,0.0,201868.0,81322.0,4.95373e-06,0.622204,0.324167,0.0536242,0.000867859,0.999132,0.503992,0.0,120829000.0,39161.5,56.4935,11.2975,0.199979,68215.9,13641.8,1207.5,1191.68,7.93998,99.0173,4.69315
normalized-iis-glass-cov.opb,213.0,5375.0,213.0,1.0,23.0,23.0,13.595559967890187,0.691728774270504,0.0,2015.0,5.011939,9.460093896713616,32.0,1.0,0.0,1.0,0.0,1.0,0.0,0.0,0.0,0.0,5375.0,214.0,0.0,0.0,0.0,1.0,0.0037979,0.996202,1.0,1.0,79985800.0,99771.5,10.268,0.163679,0.0159407,89788.4,1431.29,8744.5,1680.71,37.3632,-54.9932,4.81544
normalized-aug5.5.opb,9561.0,27492.0,9561.0,1.0,1e+20,1e+20,0.0,1e+20,0.0,4142.0,5.012803,0.4332182826064219,0.0,0.021906146179401995,0.564779692292501,0.0026993355481727574,0.0,0.0026993355481727574,9.999999999999996e+98,3.642504172923242e+83,1e+99,2.0458441226886466,29620.0,9632.0,0.0,0.557731,0.175827,0.266442,0.000249554,0.99975,0.415323,1.0,94338200.0,-29965.0,0.1745,1.39087,7.97059,4279.54,34110.4,24524.5,15219.3,83.9296,-0.042287,4.54978
normalized-BA_RDC4.dot_fibo_50null0mast_rapportOE1.0_TMAX120_K67_cod2_pbEq1_newVersion_sequential.opb,72824.0,145712.0,0.0,0.0,1e+20,1e+20,-1e+20,1e+20,0.0,0.0,5.046408,0.0,0.0,-3.0836919898674404,117.46994445674865,0.0,0.0029881212955903693,0.0029881212955903693,0.0,0.0,0.0,0.0,161483.0,81322.0,6.1926e-06,0.770954,0.15858,0.0704594,0.000573485,0.999427,0.504753,0.0,102331000.0,-105698.0,77.1786,-163.43,-2.11755,52751.6,-111704.0,683.5,388.072,4.87354,1981.35,4.79778
normalized-autocorr_bern20-15.lin.opb,1494.0,1532.0,1494.0,1.0,-1452.0,-1452.0,-13742.465428803991,8.464507871077128,0.0,13391.0,5.000565,8.96318607764391,6.0,0.0,109.61971505030856,0.39357429718875503,0.606425702811245,1.0,0.0,0.0,0.0,8.261976802824003,2948.0,1494.0,0.0,0.0,0.118725,0.881275,0.10856,0.89144,0.5,0.393574,62596300.0,228021.0,1.12678,218.449,193.871,1172.41,227296.0,1040.5,917.184,7.07541,758.517,4.9785
normalized-BA_RDC4.dot_luby_10null50mast_rapportOE1.0_TMAX180_K67_cod2_pbEq1_newVersion_binary.opb,43616.0,288563.0,0.0,0.0,1e+20,1e+20,-1e+20,1e+20,0.0,0.0,5.034504,0.0,0.0,-1.400611484300029,18.80292273663998,0.0,0.009774822022361579,0.009774822022361579,0.0,0.0,0.0,0.0,297596.0,44809.0,3.36026e-06,0.875714,0.0860495,0.038233,0.000629178,0.999371,0.385501,0.0,107995000.0,-1008190.0,339.265,-2850.84,-8.40299,131805.0,-1107550.0,388.5,192.918,3.41902,5824.51,4.58103
normalized-frb53-24-2.opb,1272.0,94289.0,1272.0,1.0,-35.0,-35.0,-636.0,17.17142857142857,0.0,1684.0,5.0069,1.3238993710691824,5.0,-1.0,0.0,0.0,1.0,1.0,0.0,0.0,0.0,2.0000318160607473,94289.0,1272.0,0.0,1.0,0.0,0.0,0.00670003,0.9933,0.0,0.0,55260900.0,-61590.3,11.8838,12.4422,1.04699,96080.4,100595.0,8085.0,5135.78,35.2243,-25.1173,4.57803
normalized-BA_RDC4.dot_fibo_0null20mast_rapportOE2.0_TMAX15_K67_cod2.opb,36645.0,36721.0,36645.0,1.0,1e+20,1e+20,-1406170.0,1e+20,0.0,0.0,5.025502,0.0,0.0,-34.34961037692064,563.3495182280024,0.0,0.011871900725505044,0.011871900725505044,1.0000000000000001e+99,1.2141680576410807e+83,1e+99,1.0591759483674192,41436.0,40937.0,2.41336e-05,0.0940245,0.618013,0.287938,0.0021725,0.997827,0.598238,0.0,93888100.0,919093.0,100.349,1202.62,11.9844,73254.8,877913.0,730.0,196.664,5.15743,4882.08,4.86529
normalized-BA_RDC4.dot_fibo_50null20mast_rapportOE2.0_TMAX300_K67_cod2_pbEq1_newVersion_ladder.opb,50852.0,51025.0,0.0,0.0,1e+20,1e+20,-1e+20,1e+20,0.0,0.0,5.331726,0.0,0.0,-14.929035193428593,388.3018170726302,0.0,0.0029881212955903693,0.0029881212955903693,0.0,0.0,0.0,0.0,201868.0,81322.0,4.95373e-06,0.622204,0.324167,0.0536242,0.00048167,0.999518,0.503992,0.0,114788000.0,206524.0,81.3889,156.223,1.91946,85417.6,163956.0,1049.5,991.918,7.11333,287.361,4.68848
normalized-composed_pebbling_php_opt_pyramid_height46_pigeons45_holes44.opb,2235696.0,106878.0,0.0,0.0,1e+20,1e+20,-1e+20,1e+20,0.0,0.0,5.6230329999999995,0.0,0.0,0.0010090817356205853,0.031750015585373,0.0010090817356205853,0.0,0.0010090817356205853,0.0,0.0,0.0,0.0,106878.0,2235696.0,0.0,0.0,0.0,1.0,0.000470731,0.999529,0.499681,1.0,134218000.0,-508171.0,-304.844,54.3878,-0.178412,-556492.0,99285.0,1825.5,39.4096,9.31325,1111.13,3.74682
normalized-knapPI_12_5000_1000_4_-135954.opb,20000.0,1.0,20000.0,1.0,-139740.00000000003,-139740.0,-139782.03636363638,0.0003008184030082749,0.0,60.0,5.007844,0.003,46.0,-479.9701,310.77237233381925,0.0,1.0,1.0,0.0,0.0,0.0,257600.4,1.0,20000.0,0.0,0.0,0.0,1.0,0.5,0.5,0.0,0.0,44641800.0,65816.8,228.626,190.866,0.834838,46639.8,38936.7,204.0,4.57457,2.04401,830718.0,4.90052
normalized-BA_RDC4.dot_fibo_0null50mast_rapportOE2.0_TMAX60_K67_cod2_pbEq1_newVersion_product.opb,52558.0,135477.0,0.0,0.0,1e+20,1e+20,-1e+20,1e+20,0.0,0.0,5.047963,0.0,0.0,-49.71677969048861,719.830380058199,0.0,0.008450704225352112,0.008450704225352112,0.0,0.0,0.0,0.0,149401.0,57510.0,6.6934e-06,0.752431,0.171404,0.0761575,0.0012156,0.998784,0.589766,0.0,100777000.0,537377.0,71.6767,591.868,8.25747,63541.4,524691.0,886.5,163.107,6.13754,-2958.91,4.78318
normalized-NG.dot_fibo_0null50mast_rapportOE2.0_TMAX180_K192_cod2.opb,400896.0,400786.0,0.0,0.0,1e+20,1e+20,-1e+20,1e+20,0.0,0.0,5.011483,0.0,0.0,-26.31239523467433,523.4451931971337,0.0,0.00444753751596424,0.00444753751596424,0.0,0.0,0.0,0.0,402763.0,400896.0,0.0,0.0607007,0.329586,0.609713,0.000761731,0.999238,0.63328,0.0,75004100.0,6385610.0,4790.75,74231.4,15.4947,404818.0,6272550.0,84.5,38.5529,1.41176,22497.7,4.35289
normalized-BA_RDC4.dot_unif_0null20mast_rapportOE1.0_TMAX120_K67_cod2_pbEq1_newVersion_ladder.opb,40096.0,40261.0,0.0,0.0,1e+20,1e+20,-1e+20,1e+20,0.0,0.0,5.031771,0.0,0.0,-3.5840608937310936,52.455642455006064,0.0,0.005976242591180739,0.005976242591180739,0.0,0.0,0.0,0.0,201868.0,81322.0,4.95373e-06,0.622204,0.324167,0.0536242,0.000962876,0.999037,0.503992,0.0,79499500.0,695403.0,100.801,529.417,5.25212,115417.0,606183.0,1145.0,637.1,7.61502,-927.782,4.70935
normalized-BA_RDC4.dot_luby_0null0mast_rapportOE2.0_TMAX300_K67_cod2_pbEq1_newVersion_binary.opb,43616.0,288563.0,0.0,0.0,1e+20,1e+20,-1e+20,1e+20,0.0,0.0,5.04506,0.0,0.0,-0.03927782365149858,0.9823916832967816,0.0,0.010846035394675177,0.010846035394675177,0.0,0.0,0.0,0.0,297596.0,44809.0,3.36026e-06,0.875714,0.0860495,0.038233,0.000698081,0.999302,0.385501,0.0,102423000.0,713249.0,54.8634,463.993,8.45725,78948.4,667686.0,1439.0,1373.05,8.90518,299.353,4.63917
normalized-domset_opt_hexgrid_nrowsdiv30add5_ncols_330.opb,5280.0,5280.0,5280.0,1.0,1328.0,1328.0,1320.0,0.006060606060606061,0.0,6561.0,5.003426,1.2426136363636364,5.0,1.0,0.0,1.0,0.0,1.0,0.0,0.0,0.0,0.0,5280.0,5280.0,0.0,0.0,0.0,1.0,0.2,0.8,1.0,1.0,107383000.0,575231.0,56.2444,339.616,6.03822,81976.2,494990.0,1457.5,149.301,8.29458,-1414.31,4.67177
normalized-lp4l.opb,1085.0,141.0,0.0,0.0,2967.0,2967.0,2967.0,0.0,0.0,1024.0,0.177847,0.943778801843318,2.0,181.5755064456722,59.89431536736575,1.0,0.0,1.0,-3.0,0.0,-3.0,0.0,85.0,1086.0,0.0,0.0,0.0,1.0,0.188444,0.811556,0.972204,1.0,66248800.0,-127798.0,6.77686,-30.986,-4.57233,37011.8,-169230.0,5461.5,1633.29,25.016,92.6975,4.90344
normalized-edgecross24-057.lin.opb,2015.0,5520.0,2015.0,1.0,398.0,398.0,29.0,12.724137931034482,0.0,15718.0,5.000548,7.800496277915633,3.0,0.36755952380952384,16.69724335663653,0.45882936507936506,0.4444444444444444,0.9032738095238095,1.0000000000000001e+99,1.2141680576410807e+83,1e+99,0.2773236070934474,11023.0,2016.0,9.07194e-05,0.0,0.999909,0.0,0.0521956,0.947804,0.500015,0.507963,64342100.0,522064.0,4.50282,262.87,58.379,8789.5,513122.0,1952.0,787.089,11.0005,-323.554,4.91888
normalized-BA_RDC4.dot_luby_20null50mast_rapportOE1.0_TMAX300_K67_cod2_pbEq1_newVersion_sequential.opb,72824.0,145712.0,0.0,0.0,1e+20,1e+20,-1e+20,1e+20,0.0,0.0,5.044835,0.0,0.0,-0.7709721846486806,13.975155713382552,0.0,0.004783453432035611,0.004783453432035611,0.0,0.0,0.0,0.0,161483.0,81322.0,6.1926e-06,0.770954,0.15858,0.0704594,0.000917732,0.999082,0.504753,0.0,102637000.0,-2917810.0,349.538,-12048.5,-34.4698,85986.4,-2963940.0,246.0,137.69,2.37728,4565.74,4.74462
normalized-50-750-false-45-90-4-9000opt.opb,1421.0,24931.0,1421.0,1.0,-57.0,-57.0,-276.0,3.8421052631578947,0.0,7659.0,5.000883,5.3898662913441235,4.0,-0.1797530864197531,0.7284585032007902,0.0,0.06666666666666667,0.06666666666666667,0.0,0.0,0.0,2.1400208986415885,30187.0,2025.0,0.0,0.0387584,0.961242,0.0,0.00150794,0.998492,0.326621,0.0,57849300.0,-52674.7,2.12021,1.34221,0.633055,35694.8,22596.8,16835.5,14324.4,63.345,3.35214,4.83792
normalized-BA_RDC4.dot_unif_10null50mast_rapportOE2.0_TMAX120_K67_cod2_pbEq1_newVersion_ladder.opb,55579.0,55827.0,0.0,0.0,1e+20,1e+20,-1e+20,1e+20,0.0,0.0,5.005939,0.0,0.0,-4.116278497823467,60.82229663467775,0.0,0.005385996409335727,0.005385996409335727,0.0,0.0,0.0,0.0,201868.0,81322.0,4.95373e-06,0.622204,0.324167,0.0536242,0.000867859,0.999132,0.503992,0.0,105876000.0,-1281160.0,183.141,-3134.39,-17.1147,75362.5,-1289800.0,411.5,110.96,3.56917,7831.13,4.66202
normalized-BA_RDC4.dot_luby_10null20mast_rapportOE2.0_TMAX15_K67_cod3.opb,33317.0,33824.0,0.0,0.0,1e+20,1e+20,-1e+20,1e+20,0.0,0.0,5.027014,0.0,0.0,-42.4298534028825,92.85102737952077,0.0,0.7146424068626239,0.7146424068626239,0.0,0.0,0.0,0.0,40950.0,40451.0,2.442e-05,0.0951404,0.625348,0.279487,0.115267,0.884733,0.455087,0.0,108359000.0,410530.0,385.175,3752.03,9.74108,41791.5,407095.0,108.5,26.0275,1.54128,63038.9,4.89527
normalized-frb40-19-3.opb,760.0,41095.0,760.0,1.0,-29.0,-29.0,-297.5,9.258620689655173,0.0,1657.0,5.001884,2.180263157894737,9.0,-1.0,0.0,0.0,1.0,1.0,0.0,0.0,0.0,2.008378667184768,41095.0,760.0,0.0,1.0,0.0,0.0,0.00916215,0.990838,0.0,0.0,60162400.0,-12484.7,-10.9165,8.58102,-0.786062,-95753.8,75268.4,8771.5,5010.95,37.3308,-17.7913,4.78691
normalized-BA_RDC4.dot_unif_50null50mast_rapportOE1.0_TMAX180_K67_cod2_pbEq1_newVersion_ladder.opb,69873.0,70222.0,0.0,0.0,1e+20,1e+20,-1e+20,1e+20,0.0,0.0,5.006147,0.0,0.0,-0.0029881212955903693,0.05458197895563341,0.0,0.0029881212955903693,0.0029881212955903693,0.0,0.0,0.0,0.0,201868.0,81322.0,4.95373e-06,0.622204,0.324167,0.0536242,0.00048167,0.999518,0.503992,0.0,124631000.0,357049.0,2795.7,27190.8,9.72595,37741.9,367076.0,13.5,7.64286,1.0,5892.92,4.81775
normalized-j12020_3.std.opb,58092.0,123432.0,0.0,0.0,1e+20,1e+20,-1e+20,1e+20,0.0,0.0,5.017465,0.0,0.0,0.6198347107438017,11.126066629782756,0.004118503061420609,0.0,0.004118503061420609,0.0,0.0,0.0,0.0,234108.0,72842.0,0.00305415,0.839309,0.152511,0.00512584,0.000465041,0.999535,0.360746,1.0,123646000.0,296446.0,52.6246,115.288,2.19076,114222.0,250232.0,2170.5,1643.91,12.0182,180.381,4.54319
normalized-BA_RDC4.dot_fibo_10null20mast_rapportOE2.0_TMAX15_K67_cod2_pbEq1_newVersion_binary.opb,43616.0,288563.0,0.0,0.0,1e+20,1e+20,-1e+20,1e+20,0.0,0.0,5.05093,0.0,0.0,-30.37229128076949,535.5814969326843,0.0,0.009774822022361579,0.009774822022361579,0.0,0.0,0.0,0.0,297596.0,44809.0,3.36026e-06,0.875714,0.0860495,0.038233,0.000629178,0.999371,0.385501,0.0,106867000.0,-157489.0,115.26,-351.331,-3.04817,57917.9,-176544.0,502.5,106.566,4.00696,7678.07,4.68531
normalized-j12053_8.std.opb,50910.0,119173.0,0.0,0.0,1e+20,1e+20,-1e+20,1e+20,0.0,0.0,5.017084,0.0,0.0,0.6198347107438017,11.126066629782756,0.004118503061420609,0.0,0.004118503061420609,0.0,0.0,0.0,0.0,256174.0,72842.0,0.0033688,0.852343,0.139604,0.00468432,0.000459314,0.999541,0.389988,1.0,112139000.0,-48538.5,36.1471,-30.5443,-0.844999,104357.0,-88181.3,2887.0,2661.46,15.6064,82.0303,4.68005
Init-x2-i4_pp_81-checkpoint.opb,593294.0,593295.0,0.0,0.0,1e+20,1e+20,-1e+20,1e+20,0.0,0.0,5.189596,0.0,0.0,0.004857602282131155,0.06952701620377356,0.004857602282131155,0.0,0.004857602282131155,0.0,0.0,0.0,0.0,594533.0,594532.0,6.72797e-06,0.935156,0.00621496,0.0586225,0.000847398,0.999153,0.988843,1.0,131321000.0,6211500.0,735.091,93774.7,127.569,50721.3,6470460.0,69.0,18.6475,1.28058,2114.29,4.38931
normalized-j12037_7.std.opb,55699.0,125531.0,0.0,0.0,1e+20,1e+20,-1e+20,1e+20,0.0,0.0,5.015252,0.0,0.0,0.6198347107438017,11.126066629782756,0.004118503061420609,0.0,0.004118503061420609,0.0,0.0,0.0,0.0,245232.0,72842.0,0.00321736,0.846101,0.145788,0.00489333,0.000449555,0.99955,0.36535,1.0,118255000.0,308755.0,27.98,81.1857,2.90156,95384.0,276762.0,3409.0,3067.25,17.7438,74.9686,4.70294
normalized-minisat25_6_4_7_mh.opb,28850.0,57429.0,0.0,0.0,1e+20,1e+20,-1e+20,1e+20,0.0,0.0,5.001222,0.0,0.0,414079.3344497608,3463077.453257841,0.5358851674641149,0.0007974481658692185,0.5366826156299841,0.0,0.0,0.0,0.0,73332.0,31350.0,0.0,0.597625,0.380461,0.021914,0.070486,0.929514,0.342085,0.998514,97664200.0,1480020.0,150.082,3027.24,20.1705,71289.1,1437940.0,475.0,142.902,3.88854,-12038.4,4.78473
normalized-BA_RDC4.dot_fibo_50null0mast_rapportOE2.0_TMAX120_K67_cod2_pbEq1_newVersion_ladder.opb,69208.0,69547.0,0.0,0.0,1e+20,1e+20,-1e+20,1e+20,0.0,0.0,5.006533,0.0,0.0,-2.9116106342687096,109.62757687052077,0.0,0.0029881212955903693,0.0029881212955903693,0.0,0.0,0.0,0.0,201868.0,81322.0,4.95373e-06,0.622204,0.324167,0.0536242,0.00048167,0.999518,0.503992,0.0,110032000.0,-1144750.0,124.607,-2293.26,-18.4039,62864.3,-1156950.0,504.5,145.25,4.0198,6395.22,4.72646
normalized-BA_RDC4.dot_luby_10null10mast_rapportOE1.0_TMAX15_K67_cod2_pbEq1_newVersion_binary.opb,43616.0,288563.0,0.0,0.0,1e+20,1e+20,-1e+20,1e+20,0.0,0.0,5.057555,0.0,0.0,-0.30565288223347986,8.407388890499892,0.0,0.009774822022361579,0.009774822022361579,0.0,0.0,0.0,0.0,297596.0,44809.0,3.36026e-06,0.875714,0.0860495,0.038233,0.000629178,0.999371,0.385501,0.0,105902000.0,-1902010.0,94.9341,-3570.76,-37.613,51027.1,-1919280.0,537.5,177.278,4.13197,4450.44,4.70704
normalized-BA_RDC4.dot_luby_0null20mast_rapportOE1.0_TMAX300_K67_cod1.opb,36184.0,36738.0,0.0,0.0,1e+20,1e+20,-1e+20,1e+20,0.0,0.0,5.021308,0.0,0.0,-42.91607129613607,92.69433423926499,0.0,0.7929593829571581,0.7929593829571581,0.0,0.0,0.0,0.0,40950.0,40451.0,2.442e-05,0.0951404,0.625348,0.279487,0.126304,0.873696,0.455087,0.0,95910900.0,216555.0,151.493,-33.4208,-0.22061,318135.0,-70183.7,2100.0,873.509,11.6389,-465.911,4.52858
normalized-minisat50_6_9_6_mh.opb,240200.0,599279.0,0.0,0.0,1e+20,1e+20,-1e+20,1e+20,0.0,0.0,5.003396,0.0,0.0,230303.72215027976,2331760.8770469814,0.5189848121502798,0.00019984012789768185,0.5191846522781774,0.0,0.0,0.0,0.0,605407.0,250200.0,0.0,0.599019,0.390522,0.0104591,0.0664909,0.933509,0.337519,0.999615,96287300.0,66901.7,2810.81,4138.74,1.47244,127892.0,188313.0,45.5,21.8696,1.0,3761.62,4.4524
normalized-single-obj-f58-fob_fxl_loss.seq-B-2-combined-irabcde.opb,5673.0,9104.0,5673.0,1.0,2535539436.0,2535539436.0,2258209845.25,0.12280948616593142,0.0,5725.0,5.004674,1.0091662259827252,2.0,14789590.09095941,75049635.64986734,0.048892988929889296,0.0,0.048892988929889296,1e+99,0.0,1e+99,0.10924824229313142,42327.0,16260.0,0.00181917,0.770052,0.205684,0.0224443,0.00702384,0.992976,0.540924,1.0,84210600.0,114121.0,12.4605,39.3228,3.1558,29624.8,93490.0,2377.5,927.137,13.0135,258.144,4.89374
normalized-NG.dot_unif_10null0mast_rapportOE1.0_TMAX300_K192_cod2.opb,400896.0,400786.0,0.0,0.0,1e+20,1e+20,-1e+20,1e+20,0.0,0.0,5.268029,0.0,0.0,-1.996360652139208,36.48927913844419,0.0,0.004003532088122605,0.004003532088122605,0.0,0.0,0.0,0.0,402763.0,400896.0,0.0,0.0607007,0.329586,0.609713,0.000685739,0.999314,0.63328,0.0,113091000.0,3801430.0,3770.46,35043.3,9.29416,405325.0,3767150.0,107.5,65.7222,1.53241,468.875,4.34047
normalized-NG.dot_fibo_20null0mast_rapportOE1.0_TMAX180_K192_cod2.opb,400896.0,400786.0,0.0,0.0,1e+20,1e+20,-1e+20,1e+20,0.0,0.0,5.27373,0.0,0.0,-3.0868255108556832,114.47395671979645,0.0,0.0035595266602809704,0.0035595266602809704,0.0,0.0,0.0,0.0,402763.0,400896.0,0.0,0.0607007,0.329586,0.609713,0.000609734,0.99939,0.63328,0.0,134218000.0,1028820.0,127203.0,318587.0,2.50456,381609.0,955762.0,3.0,1.42857,1.0,18798.8,4.38636
normalized-j1206_2.std.opb,58570.0,121636.0,0.0,0.0,1e+20,1e+20,-1e+20,1e+20,0.0,0.0,5.012321,0.0,0.0,0.6198347107438017,11.126066629782756,0.004118503061420609,0.0,0.004118503061420609,0.0,0.0,0.0,0.0,234491.0,72842.0,0.00304916,0.839022,0.152812,0.00511747,0.000522375,0.999478,0.405913,1.0,111890000.0,-178932.0,75.4227,-114.66,-1.52024,223477.0,-339739.0,2963.0,2835.42,15.9492,50.7613,4.62554
normalized-clique-coloring-max-clique-n=14-t=4.opb,357.0,16978.0,357.0,1.0,13.0,13.0,0.0,1e+20,0.0,1494.0,5.004203,4.184873949579832,2.0,0.0392156862745098,0.1941077438551307,0.0392156862745098,0.0,0.0392156862745098,0.0,0.0,0.0,2.011640895996237,16968.0,357.0,0.0,0.0,0.997525,0.00247525,0.000273149,0.999727,0.328415,1.0,85689100.0,-910.746,0.899628,0.601767,0.668907,-13467.0,-9008.15,-14969.5,-17206.3,172.461,-0.421943,4.42947
normalized-BA_RDC4.dot_fibo_0null50mast_rapportOE1.0_TMAX120_K67_cod2_pbEq1_newVersion_ladder.opb,40856.0,41022.0,0.0,0.0,1e+20,1e+20,-1e+20,1e+20,0.0,0.0,5.101463,0.0,0.0,-35.067509407048526,605.296280745218,0.0,0.005976242591180739,0.005976242591180739,0.0,0.0,0.0,0.0,201868.0,81322.0,4.95373e-06,0.622204,0.324167,0.0536242,0.000962876,0.999037,0.503992,0.0,111980000.0,1128750.0,119.115,1880.31,15.7857,70754.1,1116900.0,594.0,300.008,4.38436,2832.24,4.70427
normalized-BA_RDC4.dot_fibo_10null0mast_rapportOE1.0_TMAX15_K67_cod2_pbEq1_newVersion_binary.opb,43616.0,288563.0,0.0,0.0,1e+20,1e+20,-1e+20,1e+20,0.0,0.0,5.06712,0.0,0.0,-9.502399071615077,202.51556735780144,0.0,0.009774822022361579,0.009774822022361579,0.0,0.0,0.0,0.0,297596.0,44809.0,3.36026e-06,0.875714,0.0860495,0.038233,0.000629178,0.999371,0.385501,0.0,95669300.0,862111.0,107.485,1338.85,12.4561,66748.5,831428.0,621.0,288.842,4.51086,2860.73,4.71306
normalized-NG.dot_fibo_10null0mast_rapportOE1.0_TMAX180_K192_cod2.opb,400896.0,400786.0,0.0,0.0,1e+20,1e+20,-1e+20,1e+20,0.0,0.0,5.156521,0.0,0.0,-3.243180276181354,113.57273064850554,0.0,0.004003532088122605,0.004003532088122605,0.0,0.0,0.0,0.0,402763.0,400896.0,0.0,0.0607007,0.329586,0.609713,0.000685739,0.999314,0.63328,0.0,134218000.0,958821.0,107227.0,234527.0,2.18721,375293.0,820846.0,3.5,2.0,1.0,2902.0,4.31938
normalized-NG.dot_fibo_20null50mast_rapportOE2.0_TMAX15_K192_cod1.opb,331117.0,332434.0,0.0,0.0,1e+20,1e+20,-1e+20,1e+20,0.0,0.0,5.284047,0.0,0.0,-4915.832428409999,5294.042572478106,0.0,0.6829068459308517,0.6829068459308517,0.0,0.0,0.0,0.0,400980.0,399113.0,0.0,0.0609706,0.331051,0.607978,0.104571,0.895429,0.48797,0.0,134218000.0,848285.0,369031.0,762634.0,2.06659,369031.0,762634.0,1.0,0.0,1.0,0.0,4.41018
normalized-minisat100_4_32_1.opb,10100.0,10404.0,10100.0,1.0,210025775.0,210025775.0,-3.0,1e+20,0.0,7101.0,5.001422,0.703069306930693,1.0,10055868.70059406,19814610.08920452,0.98,0.0049504950495049506,0.9849504950495049,9.999999999999998e+98,1.2141680576410807e+83,1e+99,3.686082276047674,30206.0,20200.0,0.0,0.65881,0.163875,0.177316,0.132467,0.867533,0.615503,0.994974,90667300.0,252493.0,82.8944,952.202,11.4869,21801.2,250429.0,263.0,0.565465,1.75901,4116670.0,4.86606
normalized-10_20.opb,210.0,224.0,0.0,0.0,8034.0,8034.0,8034.0,0.0,0.0,107.0,0.010697,0.5095238095238095,3.0,519.5285714285715,394.6378106119912,1.0,0.0,1.0,0.0,0.0,0.0,0.0,220.0,210.0,0.0,0.909091,0.0,0.0909091,0.259259,0.740741,0.666667,1.0,73598700.0,41060.4,15.0063,71.8019,4.78478,7052.96,33746.9,470.0,164.446,3.84591,204.173,0.10846
normalized-BA_RDC4.dot_luby_10null20mast_rapportOE1.0_TMAX180_K67_cod2_pbEq1_newVersion_binary.opb,43616.0,288563.0,0.0,0.0,1e+20,1e+20,-1e+20,1e+20,0.0,0.0,5.054545,0.0,0.0,-0.5857751790934856,11.934597311252196,0.0,0.009774822022361579,0.009774822022361579,0.0,0.0,0.0,0.0,297596.0,44809.0,3.36026e-06,0.875714,0.0860495,0.038233,0.000629178,0.999371,0.385501,0.0,102222000.0,2748060.0,850.144,16443.9,19.3425,136873.0,2647470.0,161.0,85.3437,1.75851,5078.33,4.66523
normalized-BA_RDC4.dot_fibo_10null20mast_rapportOE1.0_TMAX120_K67_cod1.opb,33329.0,33836.0,0.0,0.0,1e+20,1e+20,-1e+20,1e+20,0.0,0.0,5.05796,0.0,0.0,-2175.027218115745,3983.8954362751456,0.0,0.7146424068626239,0.7146424068626239,0.0,0.0,0.0,0.0,40950.0,40451.0,2.442e-05,0.0951404,0.625348,0.279487,0.115267,0.884733,0.455087,0.0,112965000.0,-688365.0,310.935,-1252.11,-4.02692,217810.0,-877104.0,700.5,233.997,5.00499,4817.12,4.61165
normalized-injcomp_opt_4layers_maxfirst_lastlayerdiv2_size_60.opb,10920.0,9275.0,10920.0,1.0,-4.0,-4.0,-60.0,14.0,0.0,7414.0,5.001639,0.678937728937729,3.0,-0.24793388429752067,0.4318132389293597,0.0,0.24793388429752067,0.24793388429752067,0.0,0.0,0.0,1.2075859087961962,5790.0,14520.0,0.0,0.0,0.932642,0.0673575,0.0864553,0.913545,0.287066,0.0,97833300.0,279757.0,160.964,-24.8128,-0.154151,338669.0,-52206.2,2104.0,366.225,11.7398,-886.076,4.44578
normalized-Generated_notes_20140709_1000_0.05-001.opb,120118.0,865.0,0.0,0.0,0.0,0.0,-1e+20,1e+20,0.0,0.0,5.02957,0.0,1.0,-172.07345788649326,254.80691889103946,0.0,0.9366555003484791,0.9366555003484791,0.0,0.0,0.0,0.0,1667.0,266874.0,0.0323935,0.0155969,0.00779844,0.944211,0.255398,0.744602,0.012602,0.0,129153000.0,3930540.0,18717.0,137680.0,7.35588,486643.0,3579690.0,26.0,0.0,1.0,0.0,4.56045
normalized-mps-v2-20-10-mod008.opb,319.0,6.0,0.0,0.0,307.0,307.0,307.0,0.0,0.0,206.0,0.420238,0.64576802507837,53.0,73.83699059561128,8.343248262544058,1.0,0.0,1.0,0.0,0.0,0.0,0.0,6.0,319.0,0.0,0.0,0.0,1.0,0.204225,0.795775,1.0,1.0,67582100.0,-16018.9,-2.41554,0.031187,-0.012911,-27407.9,353.864,11346.5,6177.85,44.6874,11.7565,4.7429
normalized-BA_RDC4.dot_unif_0null10mast_rapportOE2.0_TMAX60_K67_cod2_pbEq1_newVersion_binary.opb,43616.0,288563.0,0.0,0.0,1e+20,1e+20,-1e+20,1e+20,0.0,0.0,5.055069,0.0,0.0,-6.113570934410498,66.917012847544,0.0,0.010846035394675177,0.010846035394675177,0.0,0.0,0.0,0.0,297596.0,44809.0,3.36026e-06,0.875714,0.0860495,0.038233,0.000698081,0.999302,0.385501,0.0,97635700.0,-873832.0,68.4571,-1106.76,-16.1671,54971.1,-888725.0,803.0,199.287,5.4636,6382.78,4.74394
normalized-vtxcov_v2000_e4000_34.opb.PB06.opb,1469.0,2817.0,1469.0,1.0,1071.0,1071.0,999.56993006993,0.07146080307265018,0.0,9884.0,5.014213,6.728386657590198,20.0,1.0,0.0,1.0,0.0,1.0,0.0,0.0,0.0,1.9059656218402428,4000.0,1960.0,0.0,1.0,0.0,0.0,0.196787,0.803213,1.0,1.0,102847000.0,-109521.0,29.1297,36.0532,1.23768,143871.0,178067.0,4939.0,754.853,22.6647,-285.212,4.83426
normalized-opt-market-split_7_60_2.opb,172.0,146.0,172.0,1.0,50.0,50.0,0.0,1e+20,3.0,18098.0,5.000169,105.22093023255815,11.0,20.75581395348837,36.705280035398374,0.6511627906976745,0.0,0.6511627906976745,0.00016831778397614696,0.0026837292335354177,-0.008896797153024912,202.158888269236,14.0,172.0,0.0,0.0,0.0,1.0,0.0957265,0.904274,0.5,1.0,67354000.0,32605.2,2.19039,-0.646871,-0.295323,28182.6,-8322.96,12866.5,6535.74,49.8278,-9.28176,4.91055
normalized-clique-coloring-max-clique-n=20-t=2.opb,630.0,72636.0,630.0,1.0,18.0,18.0,0.0,1e+20,0.0,1473.0,5.00691,2.3380952380952382,2.0,0.03076923076923077,0.1726918793895665,0.03076923076923077,0.0,0.03076923076923077,0.0,0.0,0.0,1.9987882793566865,72640.0,650.0,0.0,0.00027533,0.999174,0.000550661,9.14829e-05,0.999909,0.332388,1.0,97071400.0,-16101.3,0.404267,0.1164,0.287927,13234.5,3810.57,32737.0,31625.0,107.114,0.608595,4.3433
normalized-BA_RDC4.dot_fibo_0null0mast_rapportOE1.0_TMAX300_K67_cod2_pbEq1_newVersion_sequential.opb,71568.0,143199.0,0.0,0.0,1e+20,1e+20,-1e+20,1e+20,0.0,0.0,5.134812,0.0,0.0,-4.632473377437839,137.71179298737258,0.0,0.005976242591180739,0.005976242591180739,0.0,0.0,0.0,0.0,161483.0,81322.0,6.1926e-06,0.770954,0.15858,0.0704594,0.00114631,0.998854,0.504753,0.0,119351000.0,-483144.0,56.1014,214.336,3.82052,118486.0,452678.0,2112.0,2086.98,11.7399,177.423,4.70527
normalized-NG.dot_fibo_20null0mast_rapportOE2.0_TMAX15_K192_cod2.opb,400896.0,400786.0,0.0,0.0,1e+20,1e+20,-1e+20,1e+20,0.0,0.0,5.415216,0.0,0.0,-2.9685005587484037,109.73812072860868,0.0,0.0035595266602809704,0.0035595266602809704,0.0,0.0,0.0,0.0,402763.0,400896.0,0.0,0.0607007,0.329586,0.609713,0.000609734,0.99939,0.63328,0.0,113882000.0,2871280.0,24809.1,174706.0,7.04201,396945.0,2795290.0,16.0,4.42424,1.0,103599.0,4.4325
normalized-NG.dot_luby_10null20mast_rapportOE2.0_TMAX15_K192_cod2.opb,400896.0,400786.0,0.0,0.0,1e+20,1e+20,-1e+20,1e+20,0.0,0.0,5.203793,0.0,0.0,-0.9234489742975734,30.51463532574535,0.0,0.004003532088122605,0.004003532088122605,0.0,0.0,0.0,0.0,402763.0,400896.0,0.0,0.0607007,0.329586,0.609713,0.000685739,0.999314,0.63328,0.0,134218000.0,571903.0,245956.0,203575.0,0.827691,368934.0,305363.0,1.5,1.5,1.0,2.0,4.41274
normalized-BA_RDC4.dot_fibo_20null50mast_rapportOE1.0_TMAX60_K67_cod1.opb,30456.0,30913.0,0.0,0.0,1e+20,1e+20,-1e+20,1e+20,0.0,0.0,5.024854,0.0,0.0,-4532.965365503943,5265.661799043961,0.0,0.6346938270994537,0.6346938270994537,0.0,0.0,0.0,0.0,40950.0,40451.0,2.442e-05,0.0951404,0.625348,0.279487,0.103709,0.896291,0.455087,0.0,100906000.0,375773.0,173.163,1833.77,10.5899,35844.7,379591.0,207.0,87.8048,2.06506,28624.1,4.87766
normalized-j909_7.std.opb,43752.0,92077.0,0.0,0.0,1e+20,1e+20,-1e+20,1e+20,0.0,0.0,5.011592,0.0,0.0,0.8241758241758241,12.823050507610667,0.0054762513234274035,0.0,0.0054762513234274035,0.0,0.0,0.0,0.0,176042.0,54782.0,0.00303905,0.837408,0.152736,0.00681656,0.000655541,0.999344,0.381819,1.0,117073000.0,169023.0,37.0234,3.48813,0.0942142,197076.0,18567.3,5323.0,4903.3,24.4242,-13.7684,4.6748
normalized-BA_RDC4.dot_unif_50null10mast_rapportOE2.0_TMAX120_K67_cod2.opb,22021.0,22090.0,0.0,0.0,1e+20,1e+20,-1e+20,1e+20,0.0,0.0,5.019192,0.0,0.0,-3.63807802232699,53.35639188420555,0.0,0.005935950362752522,0.005935950362752522,0.0,0.0,0.0,0.0,41436.0,40937.0,2.41336e-05,0.0940245,0.618013,0.287938,0.00108743,0.998913,0.598238,0.0,100283000.0,222339.0,256.673,105.736,0.411947,181083.0,74596.5,705.5,143.123,5.03399,-9737.51,4.71786
normalized-BA_RDC4.dot_fibo_0null0mast_rapportOE2.0_TMAX15_K67_cod3.opb,36184.0,36738.0,0.0,0.0,1e+20,1e+20,-1e+20,1e+20,0.0,0.0,5.038841,0.0,0.0,-659.4583075820128,1509.075791303551,0.0,0.7929593829571581,0.7929593829571581,0.0,0.0,0.0,0.0,40950.0,40451.0,2.442e-05,0.0951404,0.625348,0.279487,0.126304,0.873696,0.455087,0.0,109448000.0,652922.0,404.579,5560.88,13.7449,46931.1,645062.0,116.0,27.0043,1.57082,67057.7,4.87191
normalized-BA_RDC4.dot_unif_0null20mast_rapportOE2.0_TMAX180_K67_cod3.opb,36184.0,36738.0,0.0,0.0,1e+20,1e+20,-1e+20,1e+20,0.0,0.0,5.030089,0.0,0.0,-474.80645719512495,377.5517867179765,0.0,0.7929593829571581,0.7929593829571581,0.0,0.0,0.0,0.0,40950.0,40451.0,2.442e-05,0.0951404,0.625348,0.279487,0.126304,0.873696,0.455087,0.0,82609400.0,-166460.0,142.31,-226.787,-1.59361,264554.0,-421596.0,1859.0,573.514,10.4856,910.246,4.67345
normalized-lo_6x6_003.opb.metafix.opb,0.0,0.0,0.0,0.0,19.0,19.0,19.0,0.0,0.0,0.0,0.0007369999999999999,0.0,1.0,1.0,0.0,1.0,0.0,1.0,0.0,0.0,0.0,0.0,34.0,36.0,0.117647,0.117647,0.117647,0.647059,0.2,0.8,1.0,1.0,0.0,0.0,0.0,0.0,0.0,0.0,0.0,0.0,0.0,0.0,0.0,0.000364
normalized-BA_RDC4.dot_fibo_10null20mast_rapportOE1.0_TMAX60_K67_cod1.opb,33327.0,33834.0,0.0,0.0,1e+20,1e+20,-1e+20,1e+20,0.0,0.0,5.043401,0.0,0.0,-2273.295443870362,3997.838548058624,0.0,0.7146424068626239,0.7146424068626239,0.0,0.0,0.0,0.0,40950.0,40451.0,2.442e-05,0.0951404,0.625348,0.279487,0.115267,0.884733,0.455087,0.0,113521000.0,602855.0,203.578,2806.37,13.7852,43463.9,599160.0,213.5,70.0724,2.12383,38676.9,4.86806
normalized-s4-4-3-4pb.opb,580.0,1792.0,0.0,0.0,60.0,60.0,60.0,0.0,0.0,614.0,0.220496,1.0586206896551724,1.0,1.0,0.0,1.0,0.0,1.0,1.075268817204301e+97,1.0313616179167135e+98,0.0,0.0,2096.0,696.0,0.0,0.193702,0.596374,0.209924,0.0913626,0.908637,0.405952,1.0,92519000.0,148750.0,3.59386,156.458,43.5347,3329.72,144958.0,926.5,432.672,6.3781,228.691,0.280706
normalized-BA_RDC4.dot_luby_50null20mast_rapportOE2.0_TMAX120_K67_cod2_pbEq1_newVersion_sequential.opb,72824.0,145712.0,0.0,0.0,1e+20,1e+20,-1e+20,1e+20,0.0,0.0,5.048362,0.0,0.0,-0.3116868744005312,8.843985954475183,0.0,0.0029881212955903693,0.0029881212955903693,0.0,0.0,0.0,0.0,161483.0,81322.0,6.1926e-06,0.770954,0.15858,0.0704594,0.000573485,0.999427,0.504753,0.0,107100000.0,48479.5,279.177,-114.381,-0.409708,163598.0,-67027.3,586.0,179.54,4.35209,5989.29,4.62979
normalized-BA_RDC4.dot_fibo_50null20mast_rapportOE1.0_TMAX120_K67_cod2_pbEq1_newVersion_sequential.opb,71579.0,145712.0,0.0,0.0,1e+20,1e+20,-1e+20,1e+20,0.0,0.0,5.156943,0.0,0.0,-14.453714861906986,385.37804105574014,0.0,0.0029881212955903693,0.0029881212955903693,0.0,0.0,0.0,0.0,161483.0,81322.0,6.1926e-06,0.770954,0.15858,0.0704594,0.000573485,0.999427,0.504753,0.0,105587000.0,-209443.0,79.2417,-302.928,-3.82283,61253.8,-234163.0,773.0,325.813,5.40983,-3274.77,4.80797
normalized-NG.dot_fibo_50null10mast_rapportOE1.0_TMAX180_K192_cod2.opb,400896.0,400786.0,0.0,0.0,1e+20,1e+20,-1e+20,1e+20,0.0,0.0,5.313383,0.0,0.0,-6.449655272190293,244.8797344937956,0.0,0.002225015964240102,0.002225015964240102,0.0,0.0,0.0,0.0,402763.0,400896.0,0.0,0.0607007,0.329586,0.609713,0.000381224,0.999619,0.63328,0.0,134218000.0,2133300.0,9182.08,46466.4,5.06056,371874.0,1881890.0,40.5,12.6951,1.0,5856.18,4.43275
normalized-NG.dot_unif_20null50mast_rapportOE1.0_TMAX15_K192_cod2.opb,400896.0,400786.0,0.0,0.0,1e+20,1e+20,-1e+20,1e+20,0.0,0.0,5.2634039999999995,0.0,0.0,-2.8887666626756068,51.526706556843116,0.0,0.0035595266602809704,0.0035595266602809704,0.0,0.0,0.0,0.0,402763.0,400896.0,0.0,0.0607007,0.329586,0.609713,0.000609734,0.99939,0.63328,0.0,134218000.0,1416930.0,124271.0,433126.0,3.48532,372814.0,1299380.0,3.0,1.42857,1.0,34785.0,4.39044
normalized-BA_RDC4.dot_unif_20null20mast_rapportOE1.0_TMAX180_K67_cod3.opb,30416.0,30873.0,0.0,0.0,1e+20,1e+20,-1e+20,1e+20,0.0,0.0,5.058149,0.0,0.0,-405.59056636424316,400.87026103256903,0.0,0.6346938270994537,0.6346938270994537,0.0,0.0,0.0,0.0,40950.0,40451.0,2.442e-05,0.0951404,0.625348,0.279487,0.103709,0.896291,0.455087,0.0,102984000.0,-833310.0,54.3748,-803.226,-14.772,58153.8,-859050.0,1069.5,451.928,7.2028,870.974,4.8689
normalized-mult_diagcomm_opt_less_teq_nbits_32.opb,5056.0,3020.0,5056.0,1.0,0.0,0.0,-1.8446744073709552e+19,1e+20,0.0,24810.0,5.001059,4.907041139240507,1.0,0.0,1.901827260112204e+17,0.01020408163265306,0.01020408163265306,0.02040816326530612,1.0000000000000001e+99,1.2141680576410807e+83,1e+99,0.0,9344.0,6272.0,0.0,0.568493,0.219178,0.212329,0.00478469,0.995215,0.425481,0.5,95018900.0,100039.0,5.97115,11.8196,1.97944,32760.7,64848.0,5486.5,2555.35,25.1147,49.8156,4.90987
normalized-BA_RDC4.dot_unif_0null50mast_rapportOE1.0_TMAX120_K67_cod2_pbEq1_newVersion_product.opb,52558.0,135477.0,0.0,0.0,1e+20,1e+20,-1e+20,1e+20,0.0,0.0,5.040208,0.0,0.0,-6.302190923317684,74.51829462698959,0.0,0.008450704225352112,0.008450704225352112,0.0,0.0,0.0,0.0,149401.0,57510.0,6.6934e-06,0.752431,0.171404,0.0761575,0.0012156,0.998784,0.589766,0.0,85040300.0,423682.0,157.898,294.997,1.86828,158292.0,295734.0,1002.5,375.149,6.85145,-65.3511,4.6944
normalized-maxcut_opt_complete_5-partite_block_nvert_57.opb,1596.0,117040.0,1596.0,1.0,-782.0,-782.0,-1299.0,0.6611253196930946,0.0,940.0,5.004791,0.5889724310776943,2.0,-0.8139097744360902,0.38917946183410423,0.0,0.8139097744360902,0.8139097744360902,0.0,0.0,0.0,1.5,117040.0,1596.0,0.0,0.0,1.0,0.0,0.00368595,0.996314,0.5,0.0,47207800.0,-257903.0,15.3516,-106.323,-6.9259,43813.4,-303447.0,2854.0,2219.83,15.4721,104.769,4.81431
normalized-graphpart_2g-0044-1601.lin.opb,124.0,96.0,0.0,0.0,-954077.0,-954077.0,-954077.0,0.0,0.0,155.0,0.038148999999999995,1.25,7.0,189.5,64124.77948857472,0.3541666666666667,0.3125,0.6666666666666666,0.0,0.0,0.0,0.0,208.0,144.0,0.0,0.0,1.0,0.0,0.133333,0.866667,0.538462,0.53125,82145200.0,35416.2,1.23904,44.7581,36.1232,936.712,33837.1,756.0,541.507,5.27098,39.5603,0.095185
normalized-BA_RDC4.dot_unif_50null20mast_rapportOE1.0_TMAX15_K67_cod2_pbEq1_newVersion_ladder.opb,69537.0,69751.0,0.0,0.0,1e+20,1e+20,-1e+20,1e+20,0.0,0.0,5.012305,0.0,0.0,-2.0988785322544943,42.432060936906126,0.0,0.0029881212955903693,0.0029881212955903693,0.0,0.0,0.0,0.0,201868.0,81322.0,4.95373e-06,0.622204,0.324167,0.0536242,0.00048167,0.999518,0.503992,0.0,114881000.0,346084.0,113.613,723.495,6.36807,53568.5,341128.0,471.5,138.681,3.88136,6345.44,4.7654
normalized-BA_RDC4.dot_luby_20null10mast_rapportOE2.0_TMAX60_K67_cod2.opb,30847.0,30916.0,0.0,0.0,1e+20,1e+20,-1e+20,1e+20,0.0,0.0,5.023171,0.0,0.0,-0.33094755355790606,8.807540293385028,0.0,0.009502406136258152,0.009502406136258152,0.0,0.0,0.0,0.0,41436.0,40937.0,2.41336e-05,0.0940245,0.618013,0.287938,0.00173965,0.99826,0.598238,0.0,97039400.0,-621656.0,61.8936,-645.773,-10.4336,61862.6,-645450.0,999.5,107.148,6.829,369.251,4.91491
normalized-BA_RDC4.dot_unif_50null10mast_rapportOE2.0_TMAX120_K67_cod2_pbEq1_newVersion_ladder.opb,67301.0,67633.0,0.0,0.0,1e+20,1e+20,-1e+20,1e+20,0.0,0.0,5.008099,0.0,0.0,-1.8313863407196085,37.90017389859561,0.0,0.0029881212955903693,0.0029881212955903693,0.0,0.0,0.0,0.0,201868.0,81322.0,4.95373e-06,0.622204,0.324167,0.0536242,0.00048167,0.999518,0.503992,0.0,98736200.0,-259657.0,181.841,-512.154,-2.8165,107559.0,-302939.0,591.5,129.132,4.36993,11403.2,4.68883
normalized-j905_5.std.opb,42553.0,89807.0,0.0,0.0,1e+20,1e+20,-1e+20,1e+20,0.0,0.0,5.026584,0.0,0.0,0.8241758241758241,12.823050507610667,0.0054762513234274035,0.0,0.0054762513234274035,0.0,0.0,0.0,0.0,176015.0,54782.0,0.00303951,0.837474,0.152669,0.0068176,0.000696756,0.999303,0.405778,1.0,109778000.0,64817.6,33.7764,-11.4438,-0.33881,167109.0,-56618.1,4947.5,4502.04,22.9586,-31.7041,4.72124
normalized-BA_RDC4.dot_unif_10null10mast_rapportOE2.0_TMAX300_K67_cod2_pbEq1_newVersion.opb,33759.0,33828.0,0.0,0.0,1e+20,1e+20,-1e+20,1e+20,0.0,0.0,5.240555,0.0,0.0,-5.837017856706646,65.09207216127794,0.0,0.010699367320516892,0.010699367320516892,0.0,0.0,0.0,0.0,40882.0,40937.0,2.44606e-05,0.0952742,0.626388,0.278313,0.00239714,0.997603,0.729932,0.0,71761600.0,1903.02,134.384,-116.117,-0.864072,164687.0,-142302.0,1225.5,309.384,8.031,1278.4,4.78122
normalized-NG.dot_luby_50null10mast_rapportOE1.0_TMAX180_K192_cod2.opb,400896.0,400786.0,0.0,0.0,1e+20,1e+20,-1e+20,1e+20,0.0,0.0,5.334185,0.0,0.0,-0.4619053320561941,21.5772570263005,0.0,0.002225015964240102,0.002225015964240102,0.0,0.0,0.0,0.0,402763.0,400896.0,0.0,0.0607007,0.329586,0.609713,0.000381224,0.999619,0.63328,0.0,134218000.0,1545170.0,77161.9,299794.0,3.88526,385809.0,1498970.0,5.0,2.45455,1.0,21808.3,4.42753
normalized-minisat50_6_9_3_mh.opb,240200.0,599279.0,0.0,0.0,1e+20,1e+20,-1e+20,1e+20,0.0,0.0,5.014979,0.0,0.0,210361.76682653878,2123086.4589380096,0.5189848121502798,0.00019984012789768185,0.5191846522781774,0.0,0.0,0.0,0.0,605407.0,250200.0,0.0,0.599019,0.390522,0.0104591,0.0664909,0.933509,0.337519,0.999615,99421100.0,55727.4,3197.0,4428.76,1.38528,127880.0,177150.0,40.0,17.5062,1.0,3829.27,4.39659
normalized-BA_RDC4.dot_luby_20null0mast_rapportOE2.0_TMAX60_K67_cod2_pbEq1_newVersion_ladder.opb,75431.0,75643.0,0.0,0.0,1e+20,1e+20,-1e+20,1e+20,0.0,0.0,5.017955,0.0,0.0,-0.017818056614446274,0.6987991684725793,0.0,0.004783453432035611,0.004783453432035611,0.0,0.0,0.0,0.0,201868.0,81322.0,4.95373e-06,0.622204,0.324167,0.0536242,0.000770845,0.999229,0.503992,0.0,106802000.0,982703.0,97.3331,1756.01,18.0412,54749.9,987753.0,562.5,144.688,4.23446,6212.47,4.78311
normalized-wnq_n100_mw99_7.opb.PB06.opb,10000.0,656900.0,0.0,0.0,1e+20,1e+20,-1e+20,1e+20,0.0,0.0,5.216948,0.0,0.0,49.3167,28.677140741538373,1.0,0.0,1.0,0.0,0.0,0.0,0.0,656900.0,10000.0,0.0,0.999696,0.0,0.00030446,0.0074438,0.992556,0.0149993,1.0,121973000.0,561362.0,273.242,540.378,1.97765,191543.0,378805.0,701.0,607.856,4.98218,1463.91,4.07195
normalized-mps-v2-20-10-UMTS.opb,3496.0,3596.0,3496.0,1.0,41460910.0,41460910.0,29132185.96016982,0.4231994144444324,0.0,15932.0,5.00503,4.55720823798627,2.0,453750697.5641987,2541909356.1556597,0.4339268978444236,0.21743205248359887,0.6513589503280225,0.0,2.3512861930814294e-07,-3.255208333333333e-07,5094.653120578755,4465.0,6402.0,0.286226,0.220381,0.403135,0.0902576,0.10635,0.89365,0.394863,0.666187,110138000.0,-595600.0,54.8319,-576.869,-10.5207,62014.9,-652438.0,1131.0,33.5776,7.56474,-25836.3,3.8118
normalized-j1208_7.std.opb,57483.0,118898.0,0.0,0.0,1e+20,1e+20,-1e+20,1e+20,0.0,0.0,5.018529,0.0,0.0,0.6198347107438017,11.126066629782756,0.004118503061420609,0.0,0.004118503061420609,0.0,0.0,0.0,0.0,234334.0,72842.0,0.0030512,0.839157,0.152671,0.0051209,0.000522713,0.999477,0.405902,1.0,120860000.0,-145883.0,68.8877,-105.865,-1.53678,144974.0,-222793.0,2104.5,1611.96,11.7335,140.405,4.54804
normalized-BA_RDC4.dot_luby_10null50mast_rapportOE1.0_TMAX180_K67_cod3.opb,33339.0,33846.0,0.0,0.0,1e+20,1e+20,-1e+20,1e+20,0.0,0.0,5.026753,0.0,0.0,-102.29502360881067,124.62088911182681,0.0,0.7146424068626239,0.7146424068626239,0.0,0.0,0.0,0.0,40950.0,40451.0,2.442e-05,0.0951404,0.625348,0.279487,0.115267,0.884733,0.455087,0.0,101518000.0,-318720.0,121.322,-479.826,-3.95498,97542.9,-385780.0,804.0,348.284,5.55065,887.127,4.44082
normalized-BA_RDC4.dot_unif_50null0mast_rapportOE2.0_TMAX60_K67_cod2_pbEq1_newVersion.opb,22024.0,22093.0,0.0,0.0,1e+20,1e+20,-1e+20,1e+20,0.0,0.0,5.018644,0.0,0.0,-2.97625619854899,44.22729272320522,0.0,0.005935950362752522,0.005935950362752522,0.0,0.0,0.0,0.0,40882.0,40937.0,2.44606e-05,0.0952742,0.626388,0.278313,0.00133134,0.998669,0.729932,0.0,94572600.0,571758.0,66.4437,603.79,9.08724,60364.1,548544.0,908.5,139.008,6.25468,-4609.65,4.87357
normalized-BA_RDC4.dot_luby_10null20mast_rapportOE1.0_TMAX60_K67_cod2_pbEq1_newVersion.opb,33759.0,33828.0,0.0,0.0,1e+20,1e+20,-1e+20,1e+20,0.0,0.0,5.230655,0.0,0.0,-0.6410826391772724,12.485646963676205,0.0,0.010699367320516892,0.010699367320516892,0.0,0.0,0.0,0.0,40882.0,40937.0,2.44606e-05,0.0952742,0.626388,0.278313,0.00239714,0.997603,0.729932,0.0,92631300.0,-977731.0,61.8348,-1114.77,-18.0282,55249.4,-996047.0,893.5,268.698,6.17394,-1518.31,4.86855
normalized-BA_RDC4.dot_luby_0null20mast_rapportOE2.0_TMAX180_K67_cod1.opb,36184.0,36738.0,0.0,0.0,1e+20,1e+20,-1e+20,1e+20,0.0,0.0,5.058088,0.0,0.0,-42.88670243010061,92.70882349486381,0.0,0.7929593829571581,0.7929593829571581,0.0,0.0,0.0,0.0,40950.0,40451.0,2.442e-05,0.0951404,0.625348,0.279487,0.126304,0.873696,0.455087,0.0,94680700.0,342539.0,300.299,5.46282,0.0181913,348497.0,6339.6,1160.5,332.345,7.70801,-2572.68,4.52343
normalized-j9018_7.std.opb,43229.0,97279.0,0.0,0.0,1e+20,1e+20,-1e+20,1e+20,0.0,0.0,5.012064,0.0,0.0,0.8241758241758241,12.823050507610667,0.0054762513234274035,0.0,0.0054762513234274035,0.0,0.0,0.0,0.0,184620.0,54782.0,0.00320117,0.84428,0.146019,0.00649984,0.000713425,0.999287,0.435904,1.0,134218000.0,107736.0,5935.0,274707.0,46.2859,2967.5,137354.0,0.5,1.0,1.0,120.5,0.467321
normalized-mul_8_13_shg.opb,15312.0,65280.0,0.0,0.0,15312.0,15312.0,-1e+20,1e+20,0.0,0.0,5.621796,0.0,1.0,1.0,0.0,1.0,0.0,1.0,0.0,0.0,0.0,0.0,65280.0,15312.0,0.0,0.0,0.0,1.0,0.00287618,0.997124,1.0,1.0,87548700.0,1239030.0,1867.26,1411.5,0.75592,713291.0,539191.0,382.0,31.5268,3.38562,72887.5,4.50475
normalized-BA_RDC4.dot_unif_10null20mast_rapportOE2.0_TMAX180_K67_cod2.opb,33777.0,33846.0,0.0,0.0,1e+20,1e+20,-1e+20,1e+20,0.0,0.0,5.2242239999999995,0.0,0.0,-6.507975669931846,71.49253588111388,0.0,0.010699367320516892,0.010699367320516892,0.0,0.0,0.0,0.0,41436.0,40937.0,2.41336e-05,0.0940245,0.618013,0.287938,0.00195836,0.998042,0.598238,0.0,71033900.0,-300879.0,102.509,-283.926,-2.76977,161195.0,-446474.0,1572.5,677.935,9.36109,-926.781,4.73816
normalized-NG.dot_luby_50null10mast_rapportOE2.0_TMAX60_K192_cod2.opb,400896.0,400786.0,0.0,0.0,1e+20,1e+20,-1e+20,1e+20,0.0,0.0,5.308956,0.0,0.0,-0.462960468550447,21.586957689708107,0.0,0.002225015964240102,0.002225015964240102,0.0,0.0,0.0,0.0,402763.0,400896.0,0.0,0.0607007,0.329586,0.609713,0.000381224,0.999619,0.63328,0.0,124631000.0,1570160.0,58946.4,227888.0,3.86602,383152.0,1481270.0,6.5,3.5,1.0,16760.6,4.43155
normalized-lo_12x12_004.opb.metafix.opb,129.0,72.0,0.0,0.0,61.0,61.0,61.0,0.0,0.0,298.0,0.010806,2.310077519379845,1.0,1.0,0.0,1.0,0.0,1.0,1.0000000000000002e+99,2.4283361152821613e+83,1e+99,0.0,70.0,144.0,0.0571429,0.0571429,0.0571429,0.828571,0.2,0.8,1.0,1.0,105416000.0,6741.22,7.53937,50.613,6.71316,874.567,5871.1,116.0,27.6266,1.57082,147.075,0.010431
normalized-BA_RDC4.dot_luby_20null20mast_rapportOE2.0_TMAX300_K67_cod2_pbEq1_newVersion_binary.opb,43616.0,288563.0,0.0,0.0,1e+20,1e+20,-1e+20,1e+20,0.0,0.0,5.053367,0.0,0.0,-0.5756879198375326,11.908960035089628,0.0,0.008681291704791448,0.008681291704791448,0.0,0.0,0.0,0.0,297596.0,44809.0,3.36026e-06,0.875714,0.0860495,0.038233,0.00055883,0.999441,0.385501,0.0,83485900.0,-2791720.0,376.891,-10496.5,-27.8501,102514.0,-2855040.0,272.0,63.3725,2.61468,21862.4,4.68059
normalized-NG.dot_unif_20null50mast_rapportOE2.0_TMAX180_K192_cod2.opb,400896.0,400786.0,0.0,0.0,1e+20,1e+20,-1e+20,1e+20,0.0,0.0,5.361122,0.0,0.0,-2.890402997286079,51.60458419486582,0.0,0.0035595266602809704,0.0035595266602809704,0.0,0.0,0.0,0.0,402763.0,400896.0,0.0,0.0607007,0.329586,0.609713,0.000609734,0.99939,0.63328,0.0,134218000.0,1460180.0,107421.0,392467.0,3.65355,375973.0,1373640.0,3.5,1.625,1.0,31295.5,4.40963
normalized-BA_RDC4.dot_fibo_20null10mast_rapportOE1.0_TMAX120_K67_cod2_pbEq1_newVersion_ladder.opb,75920.0,76092.0,0.0,0.0,1e+20,1e+20,-1e+20,1e+20,0.0,0.0,5.00358,0.0,0.0,-10.152750793143307,292.23598876281045,0.0,0.004783453432035611,0.004783453432035611,0.0,0.0,0.0,0.0,201868.0,81322.0,4.95373e-06,0.622204,0.324167,0.0536242,0.000770845,0.999229,0.503992,0.0,112391000.0,-1091770.0,65.5879,-1138.76,-17.3624,63489.1,-1102320.0,968.0,640.726,6.619,1272.54,4.73315
normalized-BA_RDC4.dot_unif_20null10mast_rapportOE2.0_TMAX60_K67_cod2_pbEq1_newVersion.opb,30791.0,30860.0,0.0,0.0,1e+20,1e+20,-1e+20,1e+20,0.0,0.0,5.01689,0.0,0.0,-5.050541075310844,60.07093144454128,0.0,0.009502406136258152,0.009502406136258152,0.0,0.0,0.0,0.0,40882.0,40937.0,2.44606e-05,0.0952742,0.626388,0.278313,0.00212953,0.99787,0.729932,0.0,98466600.0,-384483.0,59.266,-405.78,-6.84675,59266.0,-405780.0,1000.0,153.644,6.83508,-2124.59,4.8828
normalized-j12060_4.std.opb,51973.0,121759.0,0.0,0.0,1e+20,1e+20,-1e+20,1e+20,0.0,0.0,5.008884,0.0,0.0,0.6198347107438017,11.126066629782756,0.004118503061420609,0.0,0.004118503061420609,0.0,0.0,0.0,0.0,256313.0,72842.0,0.00336698,0.852341,0.139611,0.00468178,0.000435131,0.999565,0.369648,1.0,119154000.0,36062.3,44.9973,-12.6246,-0.280563,142911.0,-40095.7,3176.0,2671.94,16.8305,109.611,4.58192
normalized-minisat50_4_16_5.opb,2550.0,2724.0,2550.0,1.0,178513309.0,178513309.0,2009408.286677041,87.8387443127387,0.0,10499.0,5.002687,4.117254901960784,1.0,11011901.96117647,20658582.10997815,0.9607843137254902,0.00980392156862745,0.9705882352941176,9.999999999999998e+98,1.2141680576410807e+83,1e+99,3.660676532769556,7606.0,5100.0,0.0,0.650802,0.161057,0.188141,0.131649,0.868351,0.61562,0.989899,74130500.0,533548.0,57.9624,624.371,10.772,45674.4,492005.0,788.0,210.799,5.48256,-3416.14,4.87345
normalized-exam.pi.opb,1679.0,471.0,0.0,0.0,63.0,63.0,63.0,0.0,0.0,4504.0,4.50903,2.682549136390709,34.0,1.0,0.0,1.0,0.0,1.0,0.0,0.0,0.0,0.0,509.0,4676.0,0.0,0.0,0.00196464,0.998035,0.153968,0.846032,1.0,1.0,89329700.0,-249780.0,112.781,199.679,1.7705,254208.0,450077.0,2254.0,300.595,12.4141,-1515.32,4.61037
normalized-BA_RDC4.dot_unif_50null20mast_rapportOE2.0_TMAX60_K67_cod1.opb,21781.0,22110.0,0.0,0.0,1e+20,1e+20,-1e+20,1e+20,0.0,0.0,5.004041,0.0,0.0,-270.9441052137154,395.144548082168,0.0,0.39647969147857903,0.39647969147857903,0.0,0.0,0.0,0.0,40950.0,40451.0,2.442e-05,0.0951404,0.625348,0.279487,0.0674089,0.932591,0.455087,0.0,113694000.0,566887.0,177.058,2774.95,15.6726,36385.3,570252.0,205.5,40.5049,2.04126,61883.1,4.87039
normalized-cc.opb,103.0,158.0,0.0,0.0,1567.0,1567.0,1567.0,0.0,0.0,69.0,0.011115,0.6699029126213593,6.0,42.849624060150376,10.849965344597647,1.0,0.0,1.0,0.0,0.0,0.0,0.0,229.0,133.0,0.0436681,0.323144,0.379913,0.253275,0.137255,0.862745,0.797847,1.0,78851800.0,112225.0,2.09849,10.1056,4.81565,17849.8,85958.3,8506.0,4045.31,36.6263,0.368661,1.48035
normalized-NG.dot_fibo_20null0mast_rapportOE1.0_TMAX300_K192_cod1.opb,331117.0,332434.0,0.0,0.0,1e+20,1e+20,-1e+20,1e+20,0.0,0.0,5.46596,0.0,0.0,-588.800655453468,1427.8949251674735,0.0,0.6829068459308517,0.6829068459308517,0.0,0.0,0.0,0.0,400980.0,399113.0,0.0,0.0609706,0.331051,0.607978,0.104571,0.895429,0.48797,0.0,134218000.0,434485.0,73723.0,15253.8,0.206907,368615.0,76269.1,5.0,0.0,1.0,0.0,4.40006
normalized-NG.dot_luby_20null10mast_rapportOE2.0_TMAX15_K192_cod2.opb,400896.0,400786.0,0.0,0.0,1e+20,1e+20,-1e+20,1e+20,0.0,0.0,5.241303,0.0,0.0,-0.46887222621328223,21.589920556391675,0.0,0.0035595266602809704,0.0035595266602809704,0.0,0.0,0.0,0.0,402763.0,400896.0,0.0,0.0607007,0.329586,0.609713,0.000609734,0.99939,0.63328,0.0,117648000.0,4251540.0,9388.74,105223.0,11.2073,375549.0,4208900.0,40.0,13.3457,1.0,55274.2,4.40756
normalized-NG.dot_unif_20null20mast_rapportOE1.0_TMAX15_K192_cod2.opb,400896.0,400786.0,0.0,0.0,1e+20,1e+20,-1e+20,1e+20,0.0,0.0,5.3628219999999995,0.0,0.0,-2.2175077825670497,42.02587078271244,0.0,0.0035595266602809704,0.0035595266602809704,0.0,0.0,0.0,0.0,402763.0,400896.0,0.0,0.0607007,0.329586,0.609713,0.000609734,0.99939,0.63328,0.0,106449000.0,5484510.0,13621.4,189452.0,13.9085,388209.0,5399380.0,28.5,7.10345,1.0,96257.2,4.41801
normalized-j6041_5.std.opb,28545.0,70130.0,0.0,0.0,1e+20,1e+20,-1e+20,1e+20,0.0,0.0,5.002141,0.0,0.0,1.2295081967213115,15.646078901885646,0.008169489679211371,0.0,0.008169489679211371,0.0,0.0,0.0,0.0,129108.0,36722.0,0.00333829,0.847833,0.139534,0.00929454,0.000914634,0.999085,0.389756,1.0,107007000.0,-48629.8,11.5276,13.8133,1.19829,101149.0,121205.0,8774.5,8213.44,37.3524,6.3396,4.80297
normalized-mult_diagcomm_opt_greater_teq_nbits_49.opb,11907.0,7117.0,11907.0,1.0,0.0,0.0,-1e+20,1e+20,0.0,18626.0,5.001603,1.5642899134962627,1.0,0.0,2.1413505704871302e+27,0.006711409395973154,0.006711409395973154,0.013422818791946308,1.0000000000000001e+99,1.2141680576410807e+83,1e+99,0.0,21805.0,14602.0,0.0,0.564045,0.220225,0.21573,0.00312989,0.99687,0.424647,0.5,111105000.0,90023.1,3.73408,57.4738,15.3917,6015.61,92590.4,1611.0,1132.15,9.50512,370.103,4.93357
normalized-frb40-19-2.opb,760.0,41263.0,760.0,1.0,-30.0,-30.0,-302.5,9.083333333333334,0.0,1634.0,5.001803,2.15,9.0,-1.0,0.0,0.0,1.0,1.0,0.0,0.0,0.0,2.0063381474224062,41263.0,760.0,0.0,1.0,0.0,0.0,0.00912518,0.990875,0.0,0.0,54344600.0,-58350.5,-3.79585,-2.60124,0.685287,-40600.4,-27822.9,10696.0,6470.25,42.6382,12.4017,4.79159
normalized-BA_RDC4.dot_unif_10null50mast_rapportOE1.0_TMAX15_K67_cod2_pbEq1_newVersion_sequential.opb,72521.0,145213.0,0.0,0.0,1e+20,1e+20,-1e+20,1e+20,0.0,0.0,5.143716,0.0,0.0,-4.16135854996188,60.97624387717988,0.0,0.005385996409335727,0.005385996409335727,0.0,0.0,0.0,0.0,161483.0,81322.0,6.1926e-06,0.770954,0.15858,0.0704594,0.00103321,0.998967,0.504753,0.0,102161000.0,-1347120.0,108.184,-2243.77,-20.7403,65397.2,-1356360.0,604.5,209.517,4.4314,3333.06,4.77813
normalized-NG.dot_luby_50null20mast_rapportOE2.0_TMAX15_K192_cod1.opb,228932.0,229714.0,0.0,0.0,1e+20,1e+20,-1e+20,1e+20,0.0,0.0,5.186801,0.0,0.0,-175.48313134375476,384.5536716981557,0.0,0.4268765988579675,0.4268765988579675,0.0,0.0,0.0,0.0,400980.0,399113.0,0.0,0.0609706,0.331051,0.607978,0.068033,0.931967,0.48797,0.0,134218000.0,759088.0,245945.0,388824.0,1.58094,368918.0,583236.0,1.5,0.0,1.0,0.0,4.39267
normalized-clique-coloring-max-clique-n=14-t=6.opb,385.0,17153.0,385.0,1.0,13.0,13.0,0.0,1e+20,0.0,916.0,5.003615,2.379220779220779,2.0,0.03636363636363636,0.18719327529067276,0.03636363636363636,0.0,0.03636363636363636,0.0,0.0,0.0,2.0217517738746076,17150.0,385.0,0.0,0.0,0.997551,0.00244898,0.000270124,0.99973,0.325317,1.0,78869700.0,-8197.35,2.80183,-6.1998,-2.21277,9305.16,-20590.1,3321.1,488.777,149.749,15.33,4.58932
Init-x2-i9_pp_96.opb,38733.0,35521.0,0.0,0.0,1e+20,1e+20,-1e+20,1e+20,0.0,0.0,5.012179,0.0,0.0,0.07009708737864077,0.255310567191552,0.07009708737864077,0.0,0.07009708737864077,0.0,0.0,0.0,0.0,41201.0,41200.0,0.0216742,0.804665,0.0224752,0.151186,0.013636,0.986364,0.965118,1.0,76989400.0,-242959.0,165.536,-313.298,-1.89262,254016.0,-480755.0,1534.5,508.119,9.20749,-1107.97,4.62379
normalized-NG.dot_fibo_50null10mast_rapportOE1.0_TMAX180_K192_cod1.opb,228932.0,229714.0,0.0,0.0,1e+20,1e+20,-1e+20,1e+20,0.0,0.0,5.382049,0.0,0.0,-1213.0028763783691,3143.843797729561,0.0,0.4268765988579675,0.4268765988579675,0.0,0.0,0.0,0.0,400980.0,399113.0,0.0,0.0609706,0.331051,0.607978,0.068033,0.931967,0.48797,0.0,134218000.0,483624.0,28366.0,10797.6,0.380652,368757.0,140368.0,13.0,0.0,1.0,0.0,4.36612
normalized-minisat70_4_22_2.opb,4970.0,5186.0,4970.0,1.0,176600517.0,176600517.0,2115220.5350043257,82.4903567157544,0.0,11655.0,5.000831,2.3450704225352115,1.0,8204006.800201207,16630936.088242285,0.971830985915493,0.007042253521126761,0.9788732394366197,9.999999999999998e+98,1.2141680576410807e+83,1e+99,3.684941937940225,14846.0,9940.0,0.0,0.655395,0.16267,0.181935,0.132129,0.867871,0.615553,0.992806,103581000.0,437725.0,71.2829,1551.71,21.7683,19638.4,427496.0,275.5,96.1902,2.64493,10141.9,4.92594
Init-x1-i9_pp_95_merged.opb,13798.0,11394.0,0.0,0.0,1e+20,1e+20,-1e+20,1e+20,0.0,0.0,5.004879,0.0,0.0,0.09141554824006078,0.2881991425733774,0.09141554824006078,0.0,0.09141554824006078,0.0,0.0,0.0,0.0,15797.0,15796.0,0.0205735,0.717731,0.0470976,0.214598,0.019424,0.980576,0.941068,1.0,80814800.0,-217358.0,61.6252,-163.131,-2.64714,128057.0,-338986.0,2078.0,555.522,11.6247,-507.797,4.83928
normalized-1336.cudf.paranoid.opb,7362.0,44056.0,0.0,0.0,1e+20,1e+20,-1e+20,0.0,0.0,0.0,0.170759,0.0,0.0,509.58257869771455,1007.0343154634761,0.4730487278999569,0.0,0.4730487278999569,0.0,0.0,0.0,0.0,48188.0,9276.0,0.000788578,0.834772,0.146883,0.0175562,0.0391744,0.960826,0.513482,1.0,0.0,0.0,0.0,0.0,0.0,0.0,0.0,0.0,0.0,0.0,0.0,0.086469
normalized-NG.dot_unif_0null50mast_rapportOE1.0_TMAX15_K192_cod1.opb,399113.0,400786.0,0.0,0.0,1e+20,1e+20,-1e+20,1e+20,0.0,0.0,5.693885,0.0,0.0,-638.5671927499229,398.47282420852326,0.0,0.8532746365064531,0.8532746365064531,0.0,0.0,0.0,0.0,400980.0,399113.0,0.0,0.0609706,0.331051,0.607978,0.127336,0.872664,0.48797,0.0,134218000.0,607632.0,56721.8,42358.5,0.746777,368692.0,275330.0,6.5,0.0,1.0,0.0,4.42861
normalized-NG.dot_unif_50null10mast_rapportOE2.0_TMAX15_K192_cod1.opb,228932.0,229714.0,0.0,0.0,1e+20,1e+20,-1e+20,1e+20,0.0,0.0,5.035716,0.0,0.0,-261.238428715677,367.337731324927,0.0,0.4268765988579675,0.4268765988579675,0.0,0.0,0.0,0.0,400980.0,399113.0,0.0,0.0609706,0.331051,0.607978,0.068033,0.931967,0.48797,0.0,134218000.0,720752.0,245945.0,356841.0,1.4509,368918.0,535261.0,1.5,0.0,1.0,0.0,4.39766
normalized-aries-da_network_50_2__8_45__8.opb,113.0,495.0,0.0,0.0,45008.0,45008.0,45008.0,0.0,0.0,1.0,0.051005999999999996,0.008849557522123894,2.0,31665.424528301886,22449.37161869999,0.9433962264150944,0.0,0.9433962264150944,0.0,0.0,0.0,0.0,150.0,848.0,0.0,0.0,0.0,1.0,0.246305,0.753695,0.653595,1.0,127671000.0,4868.93,36.472,236.411,6.48199,729.439,4728.22,20.0,19.2195,1.0,13.6409,0.00462
normalized-NG.dot_unif_50null0mast_rapportOE2.0_TMAX120_K192_cod2.opb,400896.0,400786.0,0.0,0.0,1e+20,1e+20,-1e+20,1e+20,0.0,0.0,5.335013,0.0,0.0,-1.1072148387611749,27.203072770788143,0.0,0.002225015964240102,0.002225015964240102,0.0,0.0,0.0,0.0,402763.0,400896.0,0.0,0.0607007,0.329586,0.609713,0.000381224,0.999619,0.63328,0.0,120090000.0,2118140.0,42251.4,208763.0,4.94097,380263.0,1878870.0,9.0,1.52632,1.0,64264.1,4.43001
normalized-go19.opb,361.0,361.0,361.0,1.0,97.0,97.0,77.26992585888976,0.25533962821630335,0.0,3531.0,5.0006,9.781163434903046,191.0,0.81859410430839,0.3853541185713923,0.81859410430839,0.0,0.81859410430839,0.0,0.0,0.0,0.0,441.0,441.0,0.181406,0.0,0.0,0.818594,0.16073,0.83927,1.0,1.0,71770700.0,-48953.3,9.59717,4.66066,0.485628,99604.2,48370.6,10378.5,2570.17,41.6904,-28.7498,4.79464
normalized-NG.dot_unif_0null20mast_rapportOE1.0_TMAX180_K192_cod1.opb,399113.0,400786.0,0.0,0.0,1e+20,1e+20,-1e+20,1e+20,0.0,0.0,5.37895,0.0,0.0,-516.0320736232596,369.34361308048153,0.0,0.8532746365064531,0.8532746365064531,0.0,0.0,0.0,0.0,400980.0,399113.0,0.0,0.0609706,0.331051,0.607978,0.127336,0.872664,0.48797,0.0,134218000.0,514146.0,19403.6,8791.61,0.453091,368669.0,167041.0,19.0,0.0,1.0,0.0,4.32247
Init-x2-i2_pp_97-checkpoint.opb,28960.0,25648.0,0.0,0.0,1e+20,1e+20,-1e+20,1e+20,0.0,0.0,5.012186,0.0,0.0,0.09180494627757645,0.28875040799373386,0.09180494627757645,0.0,0.09180494627757645,0.0,0.0,0.0,0.0,31459.0,31458.0,0.0334086,0.78642,0.0244763,0.155695,0.0181372,0.981863,0.962557,1.0,75170000.0,-384256.0,180.858,370.099,2.04635,301037.0,616029.0,1664.5,458.992,9.72763,-900.924,4.65779
normalized-s3-3-3-5pb.opb,160.0,410.0,0.0,0.0,34.0,34.0,34.0,0.0,0.0,42.0,0.018022,0.2625,1.0,1.0,0.0,1.0,0.0,1.0,0.0,0.0,0.0,0.0,646.0,240.0,0.0,0.377709,0.50774,0.114551,0.109091,0.890909,0.4,1.0,100338000.0,16618.6,22.3286,85.9001,3.84709,3438.61,13228.6,154.0,105.528,1.69579,63.1018,0.016843
normalized-edgecross14-176.lin.opb,2683.0,3255.0,2683.0,1.0,6266.0,6266.0,5544.25101981352,0.13017970824321665,0.0,13965.0,5.002375,5.204994409243384,4.0,2.5603576751117734,132.67061846447723,0.5629657228017884,0.4333084947839046,0.996274217585693,1.0000000000000002e+99,2.4283361152821613e+83,1e+99,-0.2436811406351264,6459.0,2684.0,0.000154823,0.0,0.999845,0.0,0.121275,0.878725,0.500026,0.565071,62563000.0,416029.0,1.76885,559.152,316.11,1317.79,416568.0,745.0,555.847,5.23877,1710.06,4.97009
normalized-BA_RDC4.dot_fibo_10null0mast_rapportOE2.0_TMAX120_K67_cod2.opb,33766.0,33835.0,0.0,0.0,1e+20,1e+20,-1e+20,1e+20,0.0,0.0,5.255035,0.0,0.0,-9.659403473630212,208.08900659224832,0.0,0.010699367320516892,0.010699367320516892,0.0,0.0,0.0,0.0,41436.0,40937.0,2.41336e-05,0.0940245,0.618013,0.287938,0.00195836,0.998042,0.598238,0.0,110908000.0,-594822.0,434.929,-1466.29,-3.37133,237689.0,-801327.0,546.5,44.8318,4.17185,37254.5,4.61695
normalized-mps-v2-20-10-standgub.opb,16772.0,962.0,16772.0,1.0,1e+20,1e+20,1287884.2880000104,1e+20,0.0,7894.0,5.005132,0.4706653947054615,0.0,9818839.916736854,588859679.6678897,0.006316929370713513,0.0,0.006316929370713513,1.0000000000000001e+99,1.2141680576410807e+83,1e+99,915022.3413391558,456.0,33244.0,0.0,0.0,0.0,1.0,0.00236154,0.997638,0.464285,1.0,120373000.0,-136807.0,77.249,-159.981,-2.07098,111548.0,-231013.0,1444.0,523.964,8.92385,928.317,4.82628
normalized-single-obj-f58-fob_fxl_loss.seq-A-3-1-EDCBAir.opb,26772.0,51503.0,0.0,0.0,1e+20,1e+20,-1e+20,1e+20,0.0,0.0,8.915884,0.0,0.0,-2506736.251456746,124300268.40563405,0.006358604442683957,0.0019284292162238229,0.00828703365890778,0.0,0.0,0.0,0.0,291294.0,95933.0,0.000267771,0.743119,0.132258,0.124355,0.00101607,0.998984,0.521437,0.767296,134218000.0,36670.4,319.095,37219.9,116.642,957.286,111660.0,3.0,8.14286,1.0,66.3509,4.79255
normalized-simp-nonunif-100_100.12.opb,14614.0,814808.0,0.0,0.0,1e+20,1e+20,-1e+20,1e+20,0.0,0.0,5.722329,0.0,0.0,0.007220216606498195,0.08466454440114493,0.007220216606498195,0.0,0.007220216606498195,0.0,0.0,0.0,0.0,1553328.0,25484.0,6.43779e-07,0.00272512,0.997158,0.000116524,3.93802e-05,0.999961,0.664881,1.0,66669100.0,424649.0,47.4091,532.194,11.2256,36149.4,405798.0,762.5,752.487,5.327,64.7248,3.8891
normalized-mul_8_11_shg.opb,15008.0,65280.0,0.0,0.0,15008.0,15008.0,-1e+20,1e+20,0.0,0.0,5.661677,0.0,1.0,1.0,0.0,1.0,0.0,1.0,0.0,0.0,0.0,0.0,65280.0,15008.0,0.0,0.0,0.0,1.0,0.00278495,0.997215,1.0,1.0,61388000.0,1257840.0,1599.22,1330.7,0.832092,693261.0,576857.0,433.5,31.5691,3.69585,45392.0,4.55325
normalized-BA_RDC4.dot_fibo_10null0mast_rapportOE1.0_TMAX120_K67_cod3.opb,33332.0,33839.0,0.0,0.0,1e+20,1e+20,-1e+20,1e+20,0.0,0.0,5.014862,0.0,0.0,-597.5552643939582,1500.1025577096523,0.0,0.7146424068626239,0.7146424068626239,0.0,0.0,0.0,0.0,40950.0,40451.0,2.442e-05,0.0951404,0.625348,0.279487,0.115267,0.884733,0.455087,0.0,101879000.0,-967898.0,77.0923,839.191,10.8855,85071.4,926047.0,1103.5,528.148,7.41078,1786.54,4.74341
normalized-maxcut_opt_complete_6-partite_block_nvert_63.opb,1953.0,158844.0,1953.0,1.0,-983.0,-983.0,-1653.0,0.681586978636826,0.0,706.0,5.003384,0.3614951356886841,2.0,-0.8463901689708141,0.36057433469448547,0.0,0.8463901689708141,0.8463901689708141,0.0,0.0,0.0,1.5,158844.0,1953.0,0.0,0.0,1.0,0.0,0.00345682,0.996543,0.5,0.0,42268500.0,-283761.0,22.9479,-147.772,-6.43946,52344.2,-337069.0,2281.0,1875.69,12.5621,93.1065,4.80744
normalized-j12060_2.std.opb,54967.0,131770.0,0.0,0.0,1e+20,1e+20,-1e+20,1e+20,0.0,0.0,5.022151,0.0,0.0,0.6198347107438017,11.126066629782756,0.004118503061420609,0.0,0.004118503061420609,0.0,0.0,0.0,0.0,256407.0,72842.0,0.00336574,0.852313,0.139641,0.00468006,0.000434999,0.999565,0.369673,1.0,120681000.0,142680.0,57.1372,43.6533,0.76401,120074.0,91737.5,2101.5,1748.25,11.7272,127.789,4.4541
normalized-BA_RDC4.dot_fibo_0null10mast_rapportOE2.0_TMAX60_K67_cod2_pbEq1_newVersion_binary.opb,43616.0,288563.0,0.0,0.0,1e+20,1e+20,-1e+20,1e+20,0.0,0.0,5.035707,0.0,0.0,-19.903389943984468,401.2860583005336,0.0,0.010846035394675177,0.010846035394675177,0.0,0.0,0.0,0.0,297596.0,44809.0,3.36026e-06,0.875714,0.0860495,0.038233,0.000698081,0.999302,0.385501,0.0,102031000.0,252531.0,74.5732,393.612,5.27819,46608.2,246007.0,625.0,110.751,4.55955,9000.67,4.68857
normalized-NG.dot_unif_20null0mast_rapportOE2.0_TMAX180_K192_cod2.opb,400896.0,400786.0,0.0,0.0,1e+20,1e+20,-1e+20,1e+20,0.0,0.0,5.36627,0.0,0.0,-1.830559546615581,35.166352803702765,0.0,0.0035595266602809704,0.0035595266602809704,0.0,0.0,0.0,0.0,402763.0,400896.0,0.0,0.0607007,0.329586,0.609713,0.000609734,0.99939,0.63328,0.0,111533000.0,2820190.0,11344.5,78306.5,6.90259,397058.0,2740730.0,35.0,10.493,1.0,20914.6,4.3902
normalized-BA_RDC4.dot_luby_20null0mast_rapportOE2.0_TMAX120_K67_cod2_pbEq1_newVersion_sequential.opb,72824.0,145712.0,0.0,0.0,1e+20,1e+20,-1e+20,1e+20,0.0,0.0,5.043746,0.0,0.0,-0.016133395637096974,0.5028977414692833,0.0,0.004783453432035611,0.004783453432035611,0.0,0.0,0.0,0.0,161483.0,81322.0,6.1926e-06,0.770954,0.15858,0.0704594,0.000917732,0.999082,0.504753,0.0,93809100.0,-781123.0,71.6105,-1028.88,-14.3677,53600.4,-770116.0,748.5,166.065,5.24833,-6344.92,4.77779
normalized-BA_RDC4.dot_luby_20null10mast_rapportOE1.0_TMAX120_K67_cod2_pbEq1_newVersion_sequential.opb,72824.0,145712.0,0.0,0.0,1e+20,1e+20,-1e+20,1e+20,0.0,0.0,5.052453,0.0,0.0,-0.16707655984850348,6.249795678794302,0.0,0.004783453432035611,0.004783453432035611,0.0,0.0,0.0,0.0,161483.0,81322.0,6.1926e-06,0.770954,0.15858,0.0704594,0.000917732,0.999082,0.504753,0.0,105216000.0,345506.0,98.0772,465.523,4.7465,68261.7,324004.0,696.0,160.611,4.9799,-6600.71,4.75866
normalized-NG.dot_fibo_10null0mast_rapportOE1.0_TMAX15_K192_cod2.opb,400896.0,400786.0,0.0,0.0,1e+20,1e+20,-1e+20,1e+20,0.0,0.0,5.346908,0.0,0.0,-3.547506086366539,123.23474445584077,0.0,0.004003532088122605,0.004003532088122605,0.0,0.0,0.0,0.0,402763.0,400896.0,0.0,0.0607007,0.329586,0.609713,0.000685739,0.999314,0.63328,0.0,134218000.0,556237.0,0.0,0.0,1.58711,369962.0,587171.0,0.0,0.0,1.0,0.0,4.43029
normalized-NG.dot_fibo_10null50mast_rapportOE1.0_TMAX60_K192_cod2.opb,400896.0,400786.0,0.0,0.0,1e+20,1e+20,-1e+20,1e+20,0.0,0.0,5.263044,0.0,0.0,-25.85885616219668,521.6859064316963,0.0,0.004003532088122605,0.004003532088122605,0.0,0.0,0.0,0.0,402763.0,400896.0,0.0,0.0607007,0.329586,0.609713,0.000685739,0.999314,0.63328,0.0,134218000.0,1002790.0,369096.0,901412.0,2.44222,369096.0,901412.0,1.0,0.0,1.0,0.0,4.43455
normalized-pb-grow22.opb,25122.0,3187.0,25122.0,1.0,0.0,0.0,-525721.0,1e+20,0.0,5315.0,5.000968,0.21156755035427116,1.0,-20.92505174335297,288.4637830963746,0.0,0.07793345008756568,0.07793345008756568,1e+99,0.0,1e+99,4889.724724409449,1320.0,25124.0,0.0,0.0,0.0,1.0,0.012499,0.987501,0.150542,0.0,64932000.0,-213308.0,129.748,-245.016,-1.8884,231925.0,-437966.0,1787.5,59.8577,10.2539,-3836.73,4.63483
normalized-j9045_10.std.opb,40400.0,96441.0,0.0,0.0,1e+20,1e+20,-1e+20,1e+20,0.0,0.0,5.040898,0.0,0.0,0.8241758241758241,12.823050507610667,0.0054762513234274035,0.0,0.0054762513234274035,0.0,0.0,0.0,0.0,192618.0,54782.0,0.00335898,0.850917,0.139494,0.00622995,0.000579869,0.99942,0.369668,1.0,114731000.0,133792.0,17.6536,18.9343,1.07254,86988.2,93298.5,4927.5,4635.55,22.8601,-40.8253,4.74486
normalized-BA_RDC4.dot_luby_50null50mast_rapportOE1.0_TMAX300_K67_cod1.opb,21751.0,22059.0,0.0,0.0,1e+20,1e+20,-1e+20,1e+20,0.0,0.0,5.097602,0.0,0.0,-0.39647969147857903,0.4891661739364547,0.0,0.39647969147857903,0.39647969147857903,0.0,0.0,0.0,0.0,40950.0,40451.0,2.442e-05,0.0951404,0.625348,0.279487,0.0674089,0.932591,0.455087,0.0,104939000.0,816653.0,67.3323,684.738,10.1695,76051.8,773411.0,1129.5,509.366,7.53451,-1297.21,4.81865
normalized-wnq_n100_mw99_13.opb.PB06.opb,10000.0,656900.0,0.0,0.0,1e+20,1e+20,-1e+20,1e+20,0.0,0.0,5.196463,0.0,0.0,49.7468,28.920917858187003,1.0,0.0,1.0,0.0,0.0,0.0,0.0,656900.0,10000.0,0.0,0.999696,0.0,0.00030446,0.0074438,0.992556,0.0149993,1.0,119223000.0,543578.0,421.78,442.346,1.04876,269728.0,282880.0,639.5,556.225,4.62109,1494.9,4.08589
normalized-BA_RDC4.dot_unif_50null0mast_rapportOE2.0_TMAX120_K67_cod2_pbEq1_newVersion_sequential.opb,71913.0,145712.0,0.0,0.0,1e+20,1e+20,-1e+20,1e+20,0.0,0.0,5.044848,0.0,0.0,-1.5903814465950172,32.8333444288966,0.0,0.0029881212955903693,0.0029881212955903693,0.0,0.0,0.0,0.0,161483.0,81322.0,6.1926e-06,0.770954,0.15858,0.0704594,0.000573485,0.999427,0.504753,0.0,68010700.0,503272.0,66.435,348.68,5.24844,84007.0,440906.0,1264.5,581.492,8.21304,-866.759,4.74394
normalized-BA_RDC4.dot_fibo_50null0mast_rapportOE1.0_TMAX120_K67_cod2_pbEq1_newVersion_binary.opb,43616.0,288563.0,0.0,0.0,1e+20,1e+20,-1e+20,1e+20,0.0,0.0,5.064292,0.0,0.0,-5.596464995871365,158.2071818954913,0.0,0.005423017697337588,0.005423017697337588,0.0,0.0,0.0,0.0,297596.0,44809.0,3.36026e-06,0.875714,0.0860495,0.038233,0.000349163,0.999651,0.385501,0.0,100511000.0,939069.0,67.6707,1040.12,15.3704,59516.4,914788.0,879.5,426.094,6.06875,2799.7,4.68613
normalized-fx75.opb,4063.0,1061.0,4063.0,1.0,1e+20,1e+20,7.0,1e+20,0.0,3266.0,5.002827,0.8038395274427763,0.0,0.0014064697609001407,0.03747654738248728,0.0014064697609001407,0.0,0.0014064697609001407,0.0,0.0,0.0,0.6903485254691689,5494.0,4977.0,0.0,0.904623,0.0,0.0953768,0.000144259,0.999856,0.205021,1.0,75620100.0,-166587.0,8.9211,34.9053,3.91267,47616.4,186307.0,5337.5,896.402,24.5618,110.833,4.86552
normalized-BA_RDC4.dot_unif_10null0mast_rapportOE2.0_TMAX180_K67_cod2.opb,33780.0,33849.0,0.0,0.0,1e+20,1e+20,-1e+20,1e+20,0.0,0.0,5.247132,0.0,0.0,-5.4015438356499015,60.126962068525835,0.0,0.010699367320516892,0.010699367320516892,0.0,0.0,0.0,0.0,41436.0,40937.0,2.41336e-05,0.0940245,0.618013,0.287938,0.00195836,0.998042,0.598238,0.0,63221900.0,-17019.2,51.643,-52.4779,-1.01617,141295.0,-143580.0,2736.0,1580.54,14.8544,60.1839,4.82287
normalized-30:30:4.5:0.95:98.opb,4585.0,5250.0,4585.0,1.0,263.0,263.0,-2562.0,1e+20,0.0,11634.0,5.000757,2.5374045801526717,5.0,1.7692474048442905,37.94372650738868,0.9997837370242214,0.00021626297577854672,1.0,0.0,0.0,0.0,2.833620524602719,5263.0,4624.0,0.000190006,0.834505,0.00133004,0.163975,0.193368,0.806632,0.772409,0.999784,85715400.0,-323600.0,183.022,-391.291,-2.13795,282768.0,-604544.0,1545.0,522.028,9.27111,1247.37,4.62016
normalized-fir05_area_partials.opb,471.0,89.0,0.0,0.0,36.0,36.0,36.0,0.0,0.0,0.0,0.041537,0.0,3.0,0.3920863309352518,0.48821577199941424,0.3920863309352518,0.0,0.3920863309352518,0.0,0.0,0.0,0.0,1561.0,556.0,0.0224215,0.76041,0.201794,0.0153748,0.0509465,0.949054,0.547156,1.0,134218000.0,522.0,0.0,0.0,3.98131,214.0,852.0,0.0,0.0,1.0,0.0,0.005246
SMTI_10000_5_0.85_3.opb,63901.0,54746.0,0.0,0.0,1e+20,1e+20,-1e+20,1e+20,0.0,0.0,5.048364,0.0,0.0,0.2857142857142857,0.45175395145262576,0.2857142857142857,0.0,0.2857142857142857,0.0,0.0,0.0,0.0,70001.0,70000.0,0.00147141,0.00822845,0.0202854,0.970015,0.0337971,0.966203,0.98251,1.0,134218000.0,4200280.0,5360.55,11421.0,2.13057,1353540.0,2883810.0,252.5,34.2846,2.43083,46.0917,3.1641
normalized-BA_RDC4.dot_unif_0null50mast_rapportOE2.0_TMAX15_K67_cod2_pbEq1_newVersion_binary.opb,43616.0,288563.0,0.0,0.0,1e+20,1e+20,-1e+20,1e+20,0.0,0.0,5.056507,0.0,0.0,-8.096230667946172,84.5579670421167,0.0,0.010846035394675177,0.010846035394675177,0.0,0.0,0.0,0.0,297596.0,44809.0,3.36026e-06,0.875714,0.0860495,0.038233,0.000698081,0.999302,0.385501,0.0,106114000.0,-681136.0,125.554,-1329.44,-10.5886,66794.9,-707262.0,532.0,112.78,4.09859,7033.64,4.69624
normalized-v150d30-2hopcds.opb,148.0,5858.0,148.0,1.0,46.0,46.0,28.155583269117827,0.6337789759253415,0.0,2149.0,5.00059,14.52027027027027,78.0,1.0,0.0,1.0,0.0,1.0,0.0,0.0,0.0,0.0013605442176870747,7822.0,150.0,0.000255689,0.000511378,0.00255689,0.996676,0.00144035,0.99856,1.0,1.0,76792900.0,71992.5,6.21302,0.315829,0.0508333,59542.5,3026.74,9583.5,2397.82,39.5052,-35.6172,4.86952
normalized-may4.5.opb,9561.0,27489.0,9561.0,1.0,1e+20,1e+20,0.0,1e+20,0.0,10324.0,5.012938,1.0798033678485515,0.0,0.021906146179401995,0.564779692292501,0.0026993355481727574,0.0,0.0026993355481727574,9.999999999999996e+98,3.642504172923242e+83,1e+99,2.042780553630694,29620.0,9632.0,0.0,0.557731,0.175827,0.266442,0.000249554,0.99975,0.415323,1.0,58630600.0,-1096.09,4.3822,3.95232,0.901905,66648.8,60110.9,15209.0,8617.97,57.5356,-0.393948,4.68131
normalized-reblock166.opb,1504.0,14857.0,0.0,0.0,0.0,0.0,-1e+20,1e+20,0.0,0.0,5.003831,0.0,1.0,-245705.60722891567,785552.2107463693,0.5783132530120482,0.42168674698795183,1.0,0.0,0.0,0.0,0.0,17024.0,1660.0,0.0,0.998825,0.0,0.00117481,0.0403873,0.959613,0.496374,0.578313,80243000.0,239332.0,-0.508063,172.957,-340.425,-711.034,242054.0,1399.5,308.292,8.78464,1609.16,3.82251
normalized-BA_RDC4.dot_luby_20null10mast_rapportOE1.0_TMAX180_K67_cod3.opb,30392.0,30849.0,0.0,0.0,1e+20,1e+20,-1e+20,1e+20,0.0,0.0,5.028079,0.0,0.0,-22.135966972386345,68.55515159494742,0.0,0.6346938270994537,0.6346938270994537,0.0,0.0,0.0,0.0,40950.0,40451.0,2.442e-05,0.0951404,0.625348,0.279487,0.103709,0.896291,0.455087,0.0,91533900.0,32784.4,36.7866,-5.73133,-0.155799,77251.9,-12035.8,2100.0,1025.49,11.727,253.679,4.8186
normalized-BA_RDC4.dot_unif_50null10mast_rapportOE1.0_TMAX60_K67_cod3.opb,21732.0,22062.0,0.0,0.0,1e+20,1e+20,-1e+20,1e+20,0.0,0.0,5.003407,0.0,0.0,-236.3296333835999,360.15010503949327,0.0,0.39647969147857903,0.39647969147857903,0.0,0.0,0.0,0.0,40950.0,40451.0,2.442e-05,0.0951404,0.625348,0.279487,0.0674089,0.932591,0.455087,0.0,107031000.0,684536.0,171.342,2922.76,17.058,40094.1,683925.0,234.0,80.6205,2.29424,26927.7,4.89085
normalized-BA_RDC4.dot_luby_0null20mast_rapportOE1.0_TMAX300_K67_cod2_pbEq1_newVersion_binary.opb,43616.0,288563.0,0.0,0.0,1e+20,1e+20,-1e+20,1e+20,0.0,0.0,5.048882,0.0,0.0,-0.5844138454328371,11.919426576478562,0.0,0.010846035394675177,0.010846035394675177,0.0,0.0,0.0,0.0,297596.0,44809.0,3.36026e-06,0.875714,0.0860495,0.038233,0.000698081,0.999302,0.385501,0.0,97769700.0,3659430.0,469.904,13123.7,27.9284,127814.0,3569640.0,272.0,182.824,2.5633,4234.52,4.64213
Init-x2-i3_pp_84.opb,589181.0,589182.0,0.0,0.0,1e+20,1e+20,-1e+20,1e+20,0.0,0.0,5.178457,0.0,0.0,0.004892444155324938,0.06977469559598218,0.004892444155324938,0.0,0.004892444155324938,0.0,0.0,0.0,0.0,590299.0,590298.0,1.52465e-05,0.941665,0.00382687,0.0544927,0.00084954,0.99915,0.990052,1.0,122418000.0,4882570.0,258.264,56178.4,217.523,23372.9,5084150.0,90.5,18.3022,1.45055,3268.19,4.42056
normalized-BA_RDC4.dot_unif_10null0mast_rapportOE2.0_TMAX120_K67_cod2_pbEq1_newVersion.opb,33805.0,33874.0,0.0,0.0,1e+20,1e+20,-1e+20,1e+20,0.0,0.0,5.252357,0.0,0.0,-5.361042577619268,59.52458149046278,0.0,0.010699367320516892,0.010699367320516892,0.0,0.0,0.0,0.0,40882.0,40937.0,2.44606e-05,0.0952742,0.626388,0.278313,0.00239714,0.997603,0.729932,0.0,73304800.0,497293.0,50.3341,274.349,5.45056,80660.5,439644.0,1602.5,759.623,9.46694,-788.023,4.82444
normalized-BA_RDC4.dot_fibo_10null20mast_rapportOE1.0_TMAX300_K67_cod2_pbEq1_newVersion_sequential.opb,72824.0,145712.0,0.0,0.0,1e+20,1e+20,-1e+20,1e+20,0.0,0.0,5.034372,0.0,0.0,-16.529069624455868,396.90729152933176,0.0,0.005385996409335727,0.005385996409335727,0.0,0.0,0.0,0.0,161483.0,81322.0,6.1926e-06,0.770954,0.15858,0.0704594,0.00103321,0.998967,0.504753,0.0,120216000.0,320996.0,57.5508,229.177,3.98217,72514.0,288763.0,1260.0,1248.68,8.17215,198.26,4.71344
normalized-BA_RDC4.dot_luby_50null20mast_rapportOE1.0_TMAX180_K67_cod2_pbEq1_newVersion_sequential.opb,72824.0,145712.0,0.0,0.0,1e+20,1e+20,-1e+20,1e+20,0.0,0.0,5.047715,0.0,0.0,-0.3105555692186616,8.840804983286707,0.0,0.0029881212955903693,0.0029881212955903693,0.0,0.0,0.0,0.0,161483.0,81322.0,6.1926e-06,0.770954,0.15858,0.0704594,0.000573485,0.999427,0.504753,0.0,105327000.0,-1244280.0,251.715,-4313.44,-17.1362,74130.0,-1270310.0,294.5,147.247,2.78644,6714.74,4.76375
normalized-mps-v2-20-10-nazareth.opb,0.0,0.0,0.0,0.0,-1073741823.0,-1073741823.0,-1073741823.0,0.0,0.0,0.0,0.00073,0.0,2.0,13767601.217948718,156350657.54541445,0.6153846153846154,0.38461538461538464,1.0,0.0,0.0,0.0,0.0,3.0,78.0,0.0,0.0,0.0,1.0,0.382353,0.617647,0.0,0.615385,0.0,0.0,0.0,0.0,0.0,0.0,0.0,0.0,0.0,0.0,0.0,0.000443
normalized-vtxcov_v2000_e4000_5.opb.PB06.opb,1539.0,2993.0,1539.0,1.0,1083.0,1083.0,996.6048758049678,0.08668944562934228,0.0,7526.0,5.006154,4.890188434048083,18.0,1.0,0.0,1.0,0.0,1.0,0.0,0.0,0.0,1.9252486365094643,4000.0,1957.0,0.0,1.0,0.0,0.0,0.196545,0.803455,1.0,1.0,108213000.0,50366.0,32.9606,-21.9886,-0.667118,143477.0,-95716.4,4353.0,574.305,19.8244,-213.442,4.823
Init-x2-i7_pp_83.opb,599628.0,599629.0,0.0,0.0,1e+20,1e+20,-1e+20,1e+20,0.0,0.0,5.186092,0.0,0.0,0.004806796090650049,0.0691642306542402,0.004806796090650049,0.0,0.004806796090650049,0.0,0.0,0.0,0.0,600817.0,600816.0,1.33152e-05,0.940365,0.00383811,0.055784,0.000835433,0.999165,0.989804,1.0,134218000.0,5664150.0,707.424,133050.0,188.076,31834.1,5987230.0,45.0,13.8901,1.0,386.197,4.42567
normalized-BA_RDC4.dot_fibo_20null50mast_rapportOE2.0_TMAX300_K67_cod2.opb,30828.0,30897.0,0.0,0.0,1e+20,1e+20,-1e+20,1e+20,0.0,0.0,5.014875,0.0,0.0,-68.93304345701932,850.2454310076953,0.0,0.009502406136258152,0.009502406136258152,0.0,0.0,0.0,0.0,41436.0,40937.0,2.41336e-05,0.0940245,0.618013,0.287938,0.00173965,0.99826,0.598238,0.0,96138400.0,473526.0,78.693,251.741,3.19902,120754.0,386296.0,1534.5,611.881,9.22964,-211.592,4.74154
normalized-BA_RDC4.dot_luby_50null0mast_rapportOE2.0_TMAX60_K67_cod2_pbEq1_newVersion.opb,21997.0,22066.0,0.0,0.0,1e+20,1e+20,-1e+20,1e+20,0.0,0.0,5.015731,0.0,0.0,-0.021105601289786745,0.8096832675096279,0.0,0.005935950362752522,0.005935950362752522,0.0,0.0,0.0,0.0,40882.0,40937.0,2.44606e-05,0.0952742,0.626388,0.278313,0.00133134,0.998669,0.729932,0.0,94282200.0,-1103220.0,53.9285,-1192.88,-22.1197,50450.2,-1115940.0,935.5,158.644,6.4359,-3656.04,4.86679
normalized-mps-v2-20-10-seymour1.opb,9803.0,13337.0,9803.0,1.0,519168.0,519168.0,175104.0,1.9649122807017543,0.0,3013.0,5.000986,0.30735489135978783,3.0,221.8022113022113,342.3108992581479,1.0,0.0,1.0,0.0,0.0,0.0,4607.022268876059,5865.0,10582.0,0.0134697,0.0279625,0.0243819,0.934186,0.0302826,0.969717,0.970103,1.0,44897300.0,-479207.0,37.546,268.358,7.14744,74397.3,531751.0,1981.5,429.218,11.1726,-304.377,4.30337
normalized-BA_RDC4.dot_unif_50null10mast_rapportOE1.0_TMAX180_K67_cod1.opb,21784.0,22092.0,0.0,0.0,1e+20,1e+20,-1e+20,1e+20,0.0,0.0,5.131336,0.0,0.0,-229.9875899236113,348.81394428565926,0.0,0.39647969147857903,0.39647969147857903,0.0,0.0,0.0,0.0,40950.0,40451.0,2.442e-05,0.0951404,0.625348,0.279487,0.0674089,0.932591,0.455087,0.0,98095200.0,352920.0,65.8226,176.185,2.67667,104888.0,280751.0,1593.5,724.675,9.40433,-543.778,4.80561
normalized-NG.dot_fibo_0null0mast_rapportOE1.0_TMAX15_K192_cod1.opb,399113.0,400786.0,0.0,0.0,1e+20,1e+20,-1e+20,1e+20,0.0,0.0,5.386713,0.0,0.0,-738.186886921749,1616.4257205753252,0.0,0.8532746365064531,0.8532746365064531,0.0,0.0,0.0,0.0,400980.0,399113.0,0.0,0.0609706,0.331051,0.607978,0.127336,0.872664,0.48797,0.0,134218000.0,433600.0,73734.2,15062.7,0.204284,368671.0,75313.5,5.0,0.0,1.0,0.0,4.3366
normalized-BA_RDC4.dot_unif_50null50mast_rapportOE2.0_TMAX300_K67_cod1.opb,21786.0,22098.0,0.0,0.0,1e+20,1e+20,-1e+20,1e+20,0.0,0.0,5.017549,0.0,0.0,-0.39647969147857903,0.4891661739364547,0.0,0.39647969147857903,0.39647969147857903,0.0,0.0,0.0,0.0,40950.0,40451.0,2.442e-05,0.0951404,0.625348,0.279487,0.0674089,0.932591,0.455087,0.0,112150000.0,1042200.0,367.621,1330.76,3.61992,231234.0,837047.0,629.0,112.017,4.56553,7002.79,4.63822
Init-x2-i3_pp_88.opb,490920.0,490921.0,0.0,0.0,1e+20,1e+20,-1e+20,1e+20,0.0,0.0,5.162828,0.0,0.0,0.0058686781655910136,0.07638217581464764,0.0058686781655910136,0.0,0.0058686781655910136,0.0,0.0,0.0,0.0,492105.0,492104.0,5.48663e-05,0.948509,0.00381219,0.047624,0.0010145,0.998986,0.991317,1.0,131125000.0,5987510.0,481.469,57362.4,119.14,51998.7,6195140.0,108.0,29.2028,1.53917,5504.53,4.40367
normalized-ped3.F.recomb10-0.10-10.opb,27420.0,193717.0,0.0,0.0,1e+20,1e+20,-1e+20,1e+20,0.0,0.0,5.544424,0.0,0.0,22.46304295143195,84.57932032681651,0.07070663872614007,0.0,0.07070663872614007,0.0,0.0,0.0,0.0,682967.0,70149.0,0.0229879,0.531595,0.444926,0.000490507,0.00289063,0.997109,0.682851,1.0,101401000.0,-842912.0,1073.77,278.206,0.259093,1073230.0,278067.0,999.5,859.244,6.8435,131.654,3.56152
normalized-BA_RDC4.dot_unif_20null0mast_rapportOE2.0_TMAX120_K67_cod3.opb,30439.0,30896.0,0.0,0.0,1e+20,1e+20,-1e+20,1e+20,0.0,0.0,5.030694,0.0,0.0,-312.0017799312749,333.75526096593313,0.0,0.6346938270994537,0.6346938270994537,0.0,0.0,0.0,0.0,40950.0,40451.0,2.442e-05,0.0951404,0.625348,0.279487,0.103709,0.896291,0.455087,0.0,106148000.0,1499640.0,1189.84,4218.74,3.54562,337916.0,1198120.0,284.0,78.1283,2.70826,21931.0,4.62065
normalized-BA_RDC4.dot_unif_50null50mast_rapportOE2.0_TMAX300_K67_cod2_pbEq1_newVersion_binary.opb,43616.0,288563.0,0.0,0.0,1e+20,1e+20,-1e+20,1e+20,0.0,0.0,5.033843,0.0,0.0,-0.005423017697337588,0.07344119127840963,0.0,0.005423017697337588,0.005423017697337588,0.0,0.0,0.0,0.0,297596.0,44809.0,3.36026e-06,0.875714,0.0860495,0.038233,0.000349163,0.999651,0.385501,0.0,101070000.0,-685871.0,264.958,-1842.42,-6.95364,109295.0,-759999.0,412.5,169.443,3.56295,7708.13,4.61953
normalized-BA_RDC4.dot_fibo_0null50mast_rapportOE2.0_TMAX15_K67_cod2_pbEq1_newVersion_sequential.opb,72824.0,145712.0,0.0,0.0,1e+20,1e+20,-1e+20,1e+20,0.0,0.0,5.099984,0.0,0.0,-35.33163227662871,606.8733895563705,0.0,0.005976242591180739,0.005976242591180739,0.0,0.0,0.0,0.0,161483.0,81322.0,6.1926e-06,0.770954,0.15858,0.0704594,0.00114631,0.998854,0.504753,0.0,106105000.0,464284.0,153.611,741.165,4.82495,90860.8,438399.0,591.5,107.546,4.37416,7635.75,4.76511
normalized-NG.dot_unif_0null50mast_rapportOE2.0_TMAX300_K192_cod2.opb,400896.0,400786.0,0.0,0.0,1e+20,1e+20,-1e+20,1e+20,0.0,0.0,5.377218,0.0,0.0,-3.34569065293742,54.3905700180508,0.0,0.00444753751596424,0.00444753751596424,0.0,0.0,0.0,0.0,402763.0,400896.0,0.0,0.0607007,0.329586,0.609713,0.000761731,0.999238,0.63328,0.0,134218000.0,1535220.0,68195.0,257822.0,3.78066,375072.0,1418020.0,5.5,3.75,1.0,14441.1,4.49269
normalized-maxcut_opt_complete_6-partite_block_nvert_90.opb,4005.0,469920.0,0.0,0.0,0.0,0.0,-1e+20,1e+20,0.0,0.0,7.481664,0.0,1.0,-0.8426966292134831,0.3640865560903292,0.0,0.8426966292134831,0.8426966292134831,0.0,0.0,0.0,0.0,469920.0,4005.0,0.0,0.0,1.0,0.0,0.00238831,0.997612,0.5,0.0,81622800.0,1615030.0,415.22,3052.76,7.35215,193700.0,1424110.0,466.5,449.433,3.85011,1480.88,4.57414
normalized-BA_RDC4.dot_unif_50null0mast_rapportOE1.0_TMAX60_K67_cod2_pbEq1_newVersion_sequential.opb,72824.0,145712.0,0.0,0.0,1e+20,1e+20,-1e+20,1e+20,0.0,0.0,5.041605,0.0,0.0,-1.4597525884754432,31.040879480779648,0.0,0.0029881212955903693,0.0029881212955903693,0.0,0.0,0.0,0.0,161483.0,81322.0,6.1926e-06,0.770954,0.15858,0.0704594,0.000573485,0.999427,0.504753,0.0,99129700.0,-853810.0,77.824,-1558.79,-20.0297,42530.8,-851880.0,546.5,271.982,4.15356,2690.62,4.80446
normalized-factor-size=9-P=269-Q=359.opb,76.0,95.0,0.0,0.0,269.0,269.0,269.0,0.0,0.0,49.0,0.031014,0.6447368421052632,1.0,5.161616161616162,29.257376543984705,0.09090909090909091,0.0,0.09090909090909091,0.008333333333333333,0.04487637339278752,0.0,0.0,244.0,99.0,0.0,0.663934,0.331967,0.00409836,0.0136986,0.986301,0.5,1.0,96974100.0,4707.13,3.4334,46.1079,13.4292,326.173,4380.25,95.0,31.7853,1.4712,127.309,0.014244
normalized-minisat70_4_22_3.opb,4970.0,5189.0,4970.0,1.0,64848923.0,64848923.0,1950072.8755435657,32.25461515479206,0.0,10514.0,5.002934,2.1154929577464787,1.0,8594724.598189134,17346660.795297682,0.971830985915493,0.007042253521126761,0.9788732394366197,9.999999999999998e+98,1.2141680576410807e+83,1e+99,3.6985155759983273,14846.0,9940.0,0.0,0.655395,0.16267,0.181935,0.132129,0.867871,0.615553,0.992806,70128800.0,467244.0,38.1975,756.036,19.7928,22899.4,453244.0,599.5,16.4967,4.41667,-41232.8,4.89218
normalized-BA_RDC4.dot_fibo_20null0mast_rapportOE2.0_TMAX180_K67_cod2_pbEq1_newVersion_ladder.opb,74758.0,74986.0,0.0,0.0,1e+20,1e+20,-1e+20,1e+20,0.0,0.0,5.01887,0.0,0.0,-4.429453284474066,135.78322469029675,0.0,0.004783453432035611,0.004783453432035611,0.0,0.0,0.0,0.0,201868.0,81322.0,4.95373e-06,0.622204,0.324167,0.0536242,0.000770845,0.999229,0.503992,0.0,96020900.0,840228.0,352.418,1197.31,3.39742,201055.0,683068.0,570.5,265.03,4.27058,4346.16,4.54808
normalized-50-750-false-45-90-4-6000opt.opb,1418.0,24663.0,1418.0,1.0,-39.0,-39.0,-282.0,6.230769230769231,0.0,7223.0,5.001689,5.0937940761636105,4.0,-0.17382716049382715,0.7155461833430986,0.0,0.06666666666666667,0.06666666666666667,0.0,0.0,0.0,2.133760805162128,30070.0,2025.0,0.0,0.0389092,0.961091,0.0,0.00151388,0.998486,0.326595,0.0,56983900.0,43683.1,2.47977,-1.05887,-0.427002,44984.2,-19208.3,18140.5,15800.4,67.8115,0.288356,4.82527
normalized-minisat100_4_32_5.opb,10100.0,10404.0,10100.0,1.0,203204331.0,203204331.0,-3.0,1e+20,0.0,6608.0,5.001163,0.6542574257425743,1.0,8632362.651683168,16780768.58700751,0.9801980198019802,0.0049504950495049506,0.9851485148514851,9.999999999999998e+98,1.2141680576410807e+83,1e+99,3.686082276047674,30206.0,20200.0,0.0,0.65881,0.163875,0.177316,0.13249,0.86751,0.615503,0.994975,76190500.0,513786.0,431.731,3101.83,7.18463,65191.4,468376.0,151.0,8.17162,1.67987,270094.0,4.82427
normalized-BA_RDC4.dot_luby_20null10mast_rapportOE2.0_TMAX15_K67_cod3.opb,30422.0,30876.0,0.0,0.0,1e+20,1e+20,-1e+20,1e+20,0.0,0.0,5.014574,0.0,0.0,-21.945069343155918,68.4165018742613,0.0,0.6346938270994537,0.6346938270994537,0.0,0.0,0.0,0.0,40950.0,40451.0,2.442e-05,0.0951404,0.625348,0.279487,0.103709,0.896291,0.455087,0.0,85113700.0,573610.0,320.705,4677.36,14.5846,39286.4,572977.0,122.5,24.6341,1.5935,85525.9,4.88584
normalized-j12033_5.std.opb,52241.0,114665.0,0.0,0.0,1e+20,1e+20,-1e+20,1e+20,0.0,0.0,5.044548,0.0,0.0,0.6198347107438017,11.126066629782756,0.004118503061420609,0.0,0.004118503061420609,0.0,0.0,0.0,0.0,245260.0,72842.0,0.00321699,0.846065,0.145825,0.00489277,0.000475138,0.999525,0.386195,1.0,114410000.0,-295420.0,35.856,88.7082,2.47401,119401.0,295398.0,3330.0,2936.88,17.4405,-92.8986,4.70635
normalized-neos-631710.opb,167056.0,169577.0,0.0,0.0,1e+20,1e+20,-1e+20,1e+20,0.0,0.0,5.10496,0.0,0.0,0.0033282252657791398,0.05759468883811568,0.0033282252657791398,0.0,0.0033282252657791398,0.0,0.0,0.0,0.0,169576.0,167056.0,0.0,0.985134,0.0,0.0148665,0.00066609,0.999334,0.400533,1.0,122016000.0,2356270.0,66809.6,164933.0,2.46871,701501.0,1731800.0,10.5,9.13636,1.0,5553.15,4.00315
normalized-NG.dot_fibo_0null50mast_rapportOE1.0_TMAX180_K192_cod2.opb,400896.0,400786.0,0.0,0.0,1e+20,1e+20,-1e+20,1e+20,0.0,0.0,5.302914,0.0,0.0,-26.48684696280332,524.2509246248378,0.0,0.00444753751596424,0.00444753751596424,0.0,0.0,0.0,0.0,402763.0,400896.0,0.0,0.0607007,0.329586,0.609713,0.000761731,0.999238,0.63328,0.0,132639000.0,2163060.0,8851.37,45047.4,5.08932,371757.0,1891990.0,42.0,12.6941,1.0,5920.4,4.44749
Init-x2-i2_pp_93.opb,179815.0,176352.0,0.0,0.0,1e+20,1e+20,-1e+20,1e+20,0.0,0.0,7.722217,0.0,0.0,0.01584766921831701,0.12488603043841141,0.01584766921831701,0.0,0.01584766921831701,0.0,0.0,0.0,0.0,182236.0,182235.0,0.000762747,0.912185,0.00754516,0.0795068,0.00281799,0.997182,0.984943,1.0,128632000.0,2298390.0,450.185,4998.16,11.1025,199882.0,2219180.0,444.0,83.928,3.74691,11573.6,4.46886
normalized-NG.dot_luby_10null10mast_rapportOE1.0_TMAX180_K192_cod1.opb,365115.0,366610.0,0.0,0.0,1e+20,1e+20,-1e+20,1e+20,0.0,0.0,5.121656,0.0,0.0,-90.30976440256268,285.3506822931183,0.0,0.7680907412186524,0.7680907412186524,0.0,0.0,0.0,0.0,400980.0,399113.0,0.0,0.0609706,0.331051,0.607978,0.1161,0.8839,0.48797,0.0,134218000.0,423787.0,92147.2,16171.5,0.175496,368589.0,64685.9,4.0,0.0,1.0,0.0,4.40201
normalized-BA_RDC4.dot_unif_20null20mast_rapportOE1.0_TMAX180_K67_cod2_pbEq1_newVersion.opb,30807.0,30876.0,0.0,0.0,1e+20,1e+20,-1e+20,1e+20,0.0,0.0,5.022952,0.0,0.0,-6.025014045973081,69.17825916281248,0.0,0.009502406136258152,0.009502406136258152,0.0,0.0,0.0,0.0,40882.0,40937.0,2.44606e-05,0.0952742,0.626388,0.278313,0.00212953,0.99787,0.729932,0.0,99619400.0,3287810.0,852.908,28732.3,33.6874,95525.7,3218020.0,112.0,14.2533,1.55556,39508.7,4.84369
normalized-evencolouring_opt_linear_random6regular_nvert_401.opb,1604.0,401.0,1604.0,1.0,14.0,14.0,0.0,1e+20,0.0,16233.0,5.000615,10.120324189526185,6.0,50.25,104.5236217321233,0.25,0.0,0.25,1.0000000000000001e+99,1.2141680576410807e+83,1e+99,2.0315533980582523,401.0,1604.0,0.0,0.0,0.0,1.0,0.125,0.875,1.0,1.0,110389000.0,-28586.2,7.23247,-12.4303,-1.71868,47108.7,-80964.6,6513.5,1562.64,29.2235,-20.6116,4.88569
normalized-single-obj-f11-DCTotalLoss.seq-A-2-1-irabcde.opb,4032.0,9614.0,4032.0,1.0,70363514274.0,70363514274.0,33367228949.935173,1.1087610954920697,0.0,9868.0,5.00609,2.447420634920635,2.0,15511563.957539864,71612625.2699942,0.0614123006833713,0.0,0.0614123006833713,1.0000000000000001e+99,1.2141680576410807e+83,1e+99,0.18288872867099254,31091.0,10975.0,0.00292689,0.689331,0.265221,0.0425203,0.00882164,0.991178,0.525255,1.0,81420900.0,80606.2,20.5471,-1.38025,-0.0671748,87037.4,-5846.72,4236.0,963.008,20.3255,97.3356,4.83483
normalized-BA_RDC4.dot_unif_50null50mast_rapportOE2.0_TMAX300_K67_cod2_pbEq1_newVersion_product.opb,52341.0,134829.0,0.0,0.0,1e+20,1e+20,-1e+20,1e+20,0.0,0.0,5.030351,0.0,0.0,-0.004225352112676056,0.06486523346292651,0.0,0.004225352112676056,0.004225352112676056,0.0,0.0,0.0,0.0,149401.0,57510.0,6.6934e-06,0.752431,0.171404,0.0761575,0.000608167,0.999392,0.589766,0.0,88705500.0,772744.0,208.405,1554.39,7.45847,96387.5,718903.0,462.5,148.259,3.83801,10375.8,4.72564
normalized-par32-2.opb,1909.0,5963.0,1909.0,1.0,1e+20,1e+20,3086.8243991065774,1e+20,0.0,17493.0,5.000955,9.1634363541121,0.0,1.0,0.0,1.0,0.0,1.0,0.0,0.0,0.0,0.5850736603529221,13429.0,6352.0,0.0104997,0.465262,0.524239,0.0,0.158368,0.841632,0.811832,1.0,99432400.0,21251.7,9.21357,-6.41474,-0.696227,63541.4,-44239.2,6896.5,5971.65,30.9075,-22.7694,4.37171
normalized-frb45-21-1.opb,945.0,59186.0,945.0,1.0,-33.0,-33.0,-411.0,11.454545454545455,0.0,1354.0,5.002741,1.4328042328042327,6.0,-1.0,0.0,0.0,1.0,1.0,0.0,0.0,0.0,2.0048436366091167,59186.0,945.0,0.0,1.0,0.0,0.0,0.00792008,0.99208,0.0,0.0,48727500.0,-41986.2,-2.56662,-2.82564,1.10092,-24169.8,-26609.1,9417.0,5695.45,38.9889,-6.83662,4.72065
normalized-j12039_5.std.opb,54355.0,117618.0,0.0,0.0,1e+20,1e+20,-1e+20,1e+20,0.0,0.0,5.010294,0.0,0.0,0.6198347107438017,11.126066629782756,0.004118503061420609,0.0,0.004118503061420609,0.0,0.0,0.0,0.0,245560.0,72842.0,0.00321306,0.845985,0.145915,0.00488679,0.00044906,0.999551,0.365439,1.0,123359000.0,408938.0,15.578,1247.68,80.0924,5865.11,469751.0,376.5,308.773,3.31698,87.509,0.798995
normalized-KE_670_003.opb,67295.0,555.0,67295.0,1.0,-22548.0,-22548.0,-7241895.0,320.1768227780734,0.0,0.0,7.506895,0.0,3.0,-109.92722489690617,47.41575261726924,0.0,0.9998476445852885,0.9998476445852885,0.0,0.0,0.0,358.7477477477477,614.0,98454.0,0.0,0.0325733,0.0374593,0.929967,0.25172,0.74828,0.0,0.0,62583700.0,6276.48,2264.64,138.044,0.0609561,98511.8,6004.9,43.5,7.55682,1.0,537260.0,4.89282
normalized-j12019_9.std.opb,57846.0,120705.0,0.0,0.0,1e+20,1e+20,-1e+20,1e+20,0.0,0.0,5.00202,0.0,0.0,0.6198347107438017,11.126066629782756,0.004118503061420609,0.0,0.004118503061420609,0.0,0.0,0.0,0.0,234349.0,72842.0,0.00305101,0.839159,0.15267,0.00512057,0.00046464,0.999535,0.360809,1.0,120119000.0,-97905.7,84.9743,-97.7314,-1.15013,201389.0,-231623.0,2370.0,1797.67,12.9907,125.751,4.45052
normalized-hw32-vm85p-opt.opb.negationfix.opb,10272.0,581.0,10272.0,1.0,32.0,32.0,27.000000000000004,0.18518518518518504,0.0,11831.0,5.000711,1.1517718068535825,1.0,0.003115264797507788,0.05572755084111625,0.003115264797507788,0.0,0.003115264797507788,0.0,0.0,0.0,645.4381868131868,706.0,10272.0,0.0,0.0,0.0,1.0,0.00077821,0.999222,0.252336,1.0,99242100.0,115687.0,30.4446,0.638536,0.0209737,117866.0,2472.09,3871.5,20.1364,19.2197,-3038.18,4.82104
normalized-BA_RDC4.dot_unif_50null50mast_rapportOE1.0_TMAX120_K67_cod3.opb,21635.0,21964.0,0.0,0.0,1e+20,1e+20,-1e+20,1e+20,0.0,0.0,5.004695,0.0,0.0,-0.39647969147857903,0.4891661739364547,0.0,0.39647969147857903,0.39647969147857903,0.0,0.0,0.0,0.0,40950.0,40451.0,2.442e-05,0.0951404,0.625348,0.279487,0.0674089,0.932591,0.455087,0.0,105702000.0,1533770.0,503.575,4500.25,8.93661,157367.0,1406330.0,312.5,68.4665,2.92013,25594.6,4.74742
normalized-BA_RDC4.dot_fibo_50null20mast_rapportOE1.0_TMAX300_K67_cod2_pbEq1_newVersion_sequential.opb,71596.0,145712.0,0.0,0.0,1e+20,1e+20,-1e+20,1e+20,0.0,0.0,5.081323,0.0,0.0,-14.455436413270702,384.57041783507503,0.0,0.0029881212955903693,0.0029881212955903693,0.0,0.0,0.0,0.0,161483.0,81322.0,6.1926e-06,0.770954,0.15858,0.0704594,0.000573485,0.999427,0.504753,0.0,118934000.0,-255429.0,53.498,-222.449,-4.15809,68798.4,-286070.0,1286.0,1257.85,8.26351,199.637,4.73553
normalized-BA_RDC4.dot_fibo_20null10mast_rapportOE2.0_TMAX180_K67_cod2_pbEq1_newVersion_product.opb,52559.0,135477.0,0.0,0.0,1e+20,1e+20,-1e+20,1e+20,0.0,0.0,5.045477,0.0,0.0,-14.054060163449835,346.2696234817349,0.0,0.0067640410363415055,0.0067640410363415055,0.0,0.0,0.0,0.0,149401.0,57510.0,6.6934e-06,0.752431,0.171404,0.0761575,0.000973213,0.999027,0.589766,0.0,95832200.0,-1374760.0,140.505,1804.44,12.8425,107276.0,1377690.0,763.5,251.851,5.34555,-1088.91,4.71058
normalized-BA_RDC4.dot_fibo_20null10mast_rapportOE1.0_TMAX120_K67_cod2.opb,30814.0,30883.0,0.0,0.0,1e+20,1e+20,-1e+20,1e+20,0.0,0.0,5.035633,0.0,0.0,-20.168600532525588,411.64325607182855,0.0,0.009502406136258152,0.009502406136258152,0.0,0.0,0.0,0.0,41436.0,40937.0,2.41336e-05,0.0940245,0.618013,0.287938,0.00173965,0.99826,0.598238,0.0,95854100.0,731797.0,96.2576,532.471,5.53174,117145.0,648018.0,1217.0,428.566,7.98932,-864.682,4.77788
normalized-BA_RDC4.dot_unif_10null20mast_rapportOE1.0_TMAX300_K67_cod2_pbEq1_newVersion_ladder.opb,44256.0,44429.0,0.0,0.0,1e+20,1e+20,-1e+20,1e+20,0.0,0.0,5.192806,0.0,0.0,-3.291409458695064,51.02290549552312,0.0,0.005385996409335727,0.005385996409335727,0.0,0.0,0.0,0.0,201868.0,81322.0,4.95373e-06,0.622204,0.324167,0.0536242,0.000867859,0.999132,0.503992,0.0,88173700.0,549624.0,170.674,275.189,1.61237,222303.0,358434.0,1302.5,899.066,8.38258,-909.83,4.63727
normalized-acc-tight5.opb,1016.0,2616.0,1016.0,1.0,1e+20,1e+20,0.0,1e+20,0.0,16059.0,5.00026,15.806102362204724,0.0,0.0007468259895444362,0.027317910617134993,0.0007468259895444362,0.0,0.0007468259895444362,8.438818565400844e+96,9.147461345434092e+97,0.0,0.7709827077182624,3052.0,1339.0,0.0,0.554718,0.0756881,0.369594,6.19771e-05,0.999938,0.331412,1.0,109842000.0,64617.4,3.85746,142.223,36.8695,1718.5,63360.2,445.5,291.485,3.75224,60.3049,0.081209
SMTI_50000_5_0.95_3.opb,346679.0,346273.0,0.0,0.0,1e+20,1e+20,-1e+20,1e+20,0.0,0.0,5.002622,0.0,0.0,0.2857142857142857,0.4517539514526256,0.2857142857142857,0.0,0.2857142857142857,0.0,0.0,0.0,0.0,350001.0,350000.0,0.00109428,0.00547998,0.0138514,0.979574,0.031492,0.968508,0.983742,1.0,134218000.0,1259120.0,20440.7,15169.8,0.742137,756304.0,561282.0,37.0,11.7733,1.0,12.4496,3.48824
normalized-libnkf-perl.cudf.trendy.opb,12014.0,69078.0,0.0,0.0,1e+20,1e+20,-1e+20,1e+20,0.0,0.0,5.002467,0.0,0.0,11124138285.206501,27530652436.55483,0.406937073540561,0.0,0.406937073540561,0.0,0.0,0.0,0.0,100039.0,21104.0,0.0117554,0.342986,0.272534,0.372725,0.0251569,0.974843,0.627139,1.0,131809000.0,-1949830.0,-2603.55,-1264.29,0.485602,-1304380.0,-633410.0,501.0,552.053,4.00598,88.8931,3.17764
normalized-BA_RDC4.dot_fibo_50null10mast_rapportOE1.0_TMAX120_K67_cod2.opb,21991.0,22060.0,0.0,0.0,1e+20,1e+20,-1e+20,1e+20,0.0,0.0,5.015519,0.0,0.0,-16.759972640887216,394.8361912706364,0.0,0.005935950362752522,0.005935950362752522,0.0,0.0,0.0,0.0,41436.0,40937.0,2.41336e-05,0.0940245,0.618013,0.287938,0.00108743,0.998913,0.598238,0.0,90081300.0,519408.0,53.4278,302.308,5.65824,83240.6,470995.0,1558.0,658.105,9.30895,204.601,4.84223
normalized-BA_RDC4.dot_luby_50null20mast_rapportOE1.0_TMAX120_K67_cod1.opb,21723.0,22049.0,0.0,0.0,1e+20,1e+20,-1e+20,1e+20,0.0,0.0,5.005079,0.0,0.0,-41.46231242738128,93.1099194690876,0.0,0.39647969147857903,0.39647969147857903,0.0,0.0,0.0,0.0,40950.0,40451.0,2.442e-05,0.0951404,0.625348,0.279487,0.0674089,0.932591,0.455087,0.0,98406600.0,487467.0,110.885,460.329,4.15139,100518.0,417288.0,906.5,369.639,6.24917,-3111.2,4.80663
SMTI_10000_10_0.75_6.opb,116415.0,90909.0,0.0,0.0,1e+20,1e+20,-1e+20,1e+20,0.0,0.0,6.520831,0.0,0.0,0.16666666666666666,0.3726779962499649,0.16666666666666666,0.0,0.16666666666666666,0.0,0.0,0.0,0.0,120001.0,120000.0,0.000549995,0.00186665,0.0045833,0.993,0.0118562,0.988144,0.994001,1.0,134218000.0,3142220.0,4337.06,8105.28,1.86884,1103780.0,2062790.0,254.5,9.97059,2.45098,230.965,3.16058
normalized-rand1958fb.cudf.trendy.opb,68.0,144.0,0.0,0.0,15832587875.0,15832587875.0,15832587875.0,0.0,0.0,6.0,0.316694,0.08823529411764706,4.0,1217563358.9679239,2854422984.433373,0.5344249094081331,0.0,0.5344249094081331,0.0,0.0,0.0,0.0,22565.0,7451.0,0.0740084,0.759007,0.161046,0.0059384,0.0752784,0.924722,0.428253,1.0,124568000.0,20405.3,64.8013,278.912,4.30411,4924.9,21197.3,76.0,71.1438,1.33987,20.2921,0.059168
normalized-circ4_3.opb,144.0,507.0,0.0,0.0,20.0,20.0,20.0,0.0,0.0,1795.0,0.742872,12.465277777777779,3.0,0.4444444444444444,0.6849348892187752,0.3333333333333333,0.0,0.3333333333333333,0.0,0.0,0.0,0.0,704.0,144.0,0.0,0.221591,0.488636,0.289773,0.0194175,0.980583,0.247525,1.0,103028000.0,57490.3,1.62695,54.9766,33.7912,1626.95,54976.6,1000.0,958.179,6.82259,24.2871,0.110589
normalized-BA_RDC4.dot_fibo_0null10mast_rapportOE2.0_TMAX120_K67_cod2_pbEq1_newVersion.opb,36668.0,36737.0,0.0,0.0,1e+20,1e+20,-1e+20,1e+20,0.0,0.0,5.020466,0.0,0.0,-24.566675623519068,438.11446589341784,0.0,0.011871900725505044,0.011871900725505044,0.0,0.0,0.0,0.0,40882.0,40937.0,2.44606e-05,0.0952742,0.626388,0.278313,0.00265914,0.997341,0.729932,0.0,79231000.0,-367919.0,152.749,-573.362,-3.75363,122963.0,-461556.0,805.0,237.146,5.59218,-3940.05,4.78576
normalized-hw128-vm95p-opt.opb.negationfix.opb,168620.0,1579.0,0.0,0.0,1e+20,1e+20,-1e+20,1e+20,0.0,0.0,5.041218,0.0,0.0,0.0007564296520423601,0.02749286209589446,0.0007564296520423601,0.0,0.0007564296520423601,0.0,0.0,0.0,0.0,2900.0,169216.0,0.0,0.0,0.0,1.0,0.000189466,0.999811,0.25109,1.0,95728500.0,283848.0,867.369,467.617,0.539121,229419.0,123685.0,264.5,10.534,2.54717,140403.0,4.6499
normalized-BA_RDC4.dot_unif_50null0mast_rapportOE1.0_TMAX60_K67_cod2.opb,22016.0,22085.0,0.0,0.0,1e+20,1e+20,-1e+20,1e+20,0.0,0.0,5.019195,0.0,0.0,-2.8998216772113246,43.70244847772708,0.0,0.005935950362752522,0.005935950362752522,0.0,0.0,0.0,0.0,41436.0,40937.0,2.41336e-05,0.0940245,0.618013,0.287938,0.00108743,0.998913,0.598238,0.0,94979700.0,511477.0,56.1432,630.039,11.222,44718.1,501826.0,796.5,260.351,5.52509,4547.91,4.87423
normalized-single-obj-f26-ACDoubleLoss.seq-A-2-combined-abcdeir.opb,24.0,45.0,0.0,0.0,37833.0,37833.0,37833.0,0.0,0.0,29.0,0.015026999999999999,1.2083333333333333,2.0,1424.916230366492,7305.5157397235935,0.18324607329842932,0.0,0.18324607329842932,0.0,0.0,0.0,0.0,475.0,191.0,0.0484211,0.64,0.24,0.0715789,0.029661,0.970339,0.474236,1.0,134218000.0,163.846,4.15385,53.4615,12.8704,24.9231,320.769,6.0,6.0,1.0,3.42308,0.001698
normalized-6_12.opb,78.0,68.0,0.0,0.0,5867.0,5867.0,5867.0,0.0,0.0,60.0,0.0061329999999999996,0.7692307692307693,3.0,510.06410256410254,377.5497026116473,1.0,0.0,1.0,0.0,0.0,0.0,0.0,84.0,78.0,0.0,0.857143,0.0,0.142857,0.265306,0.734694,0.666667,1.0,87706600.0,1766.98,4.92574,30.7604,6.24482,246.287,1538.02,50.0,16.901,1.0,56.7504,0.002881
normalized-BA_RDC4.dot_luby_10null0mast_rapportOE1.0_TMAX180_K67_cod2_pbEq1_newVersion_binary.opb,43616.0,288563.0,0.0,0.0,1e+20,1e+20,-1e+20,1e+20,0.0,0.0,5.063753,0.0,0.0,-0.035483942957887926,0.9525039271234694,0.0,0.009774822022361579,0.009774822022361579,0.0,0.0,0.0,0.0,297596.0,44809.0,3.36026e-06,0.875714,0.0860495,0.038233,0.000629178,0.999371,0.385501,0.0,100247000.0,-535714.0,53.957,-399.833,-7.41023,78318.5,-580358.0,1451.5,1368.17,8.94972,335.074,4.64419
normalized-NG.dot_unif_20null0mast_rapportOE1.0_TMAX60_K192_cod1.opb,331117.0,332434.0,0.0,0.0,1e+20,1e+20,-1e+20,1e+20,0.0,0.0,5.353607,0.0,0.0,-336.89991305720434,332.3737157418645,0.0,0.6829068459308517,0.6829068459308517,0.0,0.0,0.0,0.0,400980.0,399113.0,0.0,0.0609706,0.331051,0.607978,0.104571,0.895429,0.48797,0.0,134218000.0,400096.0,0.0,0.0,1.16012,369986.0,429227.0,0.0,0.0,1.0,0.0,4.40836
normalized-BA_RDC4.dot_unif_50null0mast_rapportOE2.0_TMAX300_K67_cod2.opb,22001.0,22070.0,0.0,0.0,1e+20,1e+20,-1e+20,1e+20,0.0,0.0,5.019116,0.0,0.0,-3.008012311600752,44.725214991614784,0.0,0.005935950362752522,0.005935950362752522,0.0,0.0,0.0,0.0,41436.0,40937.0,2.41336e-05,0.0940245,0.618013,0.287938,0.00108743,0.998913,0.598238,0.0,76327400.0,270338.0,64.9224,87.3699,1.34576,124976.0,168187.0,1925.0,1113.33,10.8463,-344.948,4.79324
normalized-BA_RDC4.dot_unif_0null50mast_rapportOE2.0_TMAX180_K67_cod2_pbEq1_newVersion_binary.opb,43616.0,288563.0,0.0,0.0,1e+20,1e+20,-1e+20,1e+20,0.0,0.0,5.062745,0.0,0.0,-8.145573433908366,84.71160515137743,0.0,0.010846035394675177,0.010846035394675177,0.0,0.0,0.0,0.0,297596.0,44809.0,3.36026e-06,0.875714,0.0860495,0.038233,0.000698081,0.999302,0.385501,0.0,105944000.0,-1730760.0,224.253,2915.35,13.0003,134552.0,1749210.0,600.0,307.61,4.41965,-5451.3,4.63549
normalized-wnq_n100_mw99_14.opb.PB06.opb,10000.0,656900.0,0.0,0.0,1e+20,1e+20,-1e+20,1e+20,0.0,0.0,5.211716,0.0,0.0,49.8884,28.872823648545356,1.0,0.0,1.0,0.0,0.0,0.0,0.0,656900.0,10000.0,0.0,0.999696,0.0,0.00030446,0.0074438,0.992556,0.0149993,1.0,117935000.0,481186.0,325.661,501.045,1.53855,193117.0,297120.0,593.0,541.662,4.369,1054.5,4.08269
normalized-NG.dot_fibo_50null20mast_rapportOE1.0_TMAX120_K192_cod1.opb,228932.0,229714.0,0.0,0.0,1e+20,1e+20,-1e+20,1e+20,0.0,0.0,5.14776,0.0,0.0,-2108.8259114586594,4123.80942069701,0.0,0.4268765988579675,0.4268765988579675,0.0,0.0,0.0,0.0,400980.0,399113.0,0.0,0.0609706,0.331051,0.607978,0.068033,0.931967,0.48797,0.0,134218000.0,458871.0,28355.4,7694.74,0.271368,368620.0,100032.0,13.0,0.0,1.0,0.0,4.37273
normalized-sts405.opb,405.0,27270.0,0.0,0.0,405.0,405.0,-1e+20,1e+20,0.0,0.0,18.652095,0.0,1.0,1.0,0.0,1.0,0.0,1.0,0.0,0.0,0.0,0.0,27270.0,405.0,0.0,0.0,1.0,0.0,0.00492611,0.995074,1.0,1.0,57879000.0,19473.1,3.8549,-3.59609,-0.932862,60441.0,-56383.1,15679.0,9334.84,59.223,-1.2738,4.8506
normalized-BA_RDC4.dot_luby_0null20mast_rapportOE1.0_TMAX60_K67_cod2_pbEq1_newVersion_ladder.opb,40856.0,41022.0,0.0,0.0,1e+20,1e+20,-1e+20,1e+20,0.0,0.0,5.119352,0.0,0.0,-0.3233565332874253,8.863652578816263,0.0,0.005976242591180739,0.005976242591180739,0.0,0.0,0.0,0.0,201868.0,81322.0,4.95373e-06,0.622204,0.324167,0.0536242,0.000962876,0.999037,0.503992,0.0,95588100.0,1835020.0,103.93,3168.53,30.4872,60071.4,1831410.0,578.0,217.71,4.31461,4263.17,4.7464
normalized-KE_140_005.opb,438.0,35.0,0.0,0.0,-3559.0,-3559.0,-3559.0,0.0,0.0,92.0,0.029759999999999998,0.2100456621004566,7.0,-116.28,50.01854589383156,0.0,1.0,1.0,0.0,0.0,0.0,0.0,83.0,825.0,0.0,0.0843373,0.0481928,0.86747,0.258378,0.741622,0.0,0.0,61130600.0,95563.0,7.86353,17.6318,2.24223,28595.7,64118.1,3636.5,191.333,18.529,-769.911,4.88472
normalized-factor-size=9-P=149-Q=487.opb,76.0,84.0,0.0,0.0,149.0,149.0,149.0,0.0,0.0,72.0,0.026402,0.9473684210526315,1.0,5.161616161616162,29.257376543984705,0.09090909090909091,0.0,0.09090909090909091,5.882352941176471e+97,2.352941176470588e+98,0.0,0.0,244.0,99.0,0.0,0.663934,0.331967,0.00409836,0.0136986,0.986301,0.5,1.0,126323000.0,280.176,2.05882,42.1029,20.45,16.4706,336.824,8.0,4.41176,1.0,49.52,0.001904
normalized-pidgin-plugin-pack.cudf.trendy.opb,12112.0,69154.0,0.0,0.0,1e+20,1e+20,-1e+20,1e+20,0.0,0.0,5.002256,0.0,0.0,11124138285.206501,27530652436.55483,0.406937073540561,0.0,0.406937073540561,0.0,0.0,0.0,0.0,100045.0,21104.0,0.0117547,0.342966,0.272497,0.372782,0.0251544,0.974846,0.627159,1.0,132700000.0,-645987.0,-1122.64,19.8286,-0.0176624,-644958.0,11391.5,574.5,627.703,4.30261,41.7201,3.12184
normalized-BA_RDC4.dot_luby_10null20mast_rapportOE2.0_TMAX180_K67_cod2_pbEq1_newVersion.opb,33815.0,33884.0,0.0,0.0,1e+20,1e+20,-1e+20,1e+20,0.0,0.0,5.260194,0.0,0.0,-0.637271905611061,12.478526735648853,0.0,0.010699367320516892,0.010699367320516892,0.0,0.0,0.0,0.0,40882.0,40937.0,2.44606e-05,0.0952742,0.626388,0.278313,0.00239714,0.997603,0.729932,0.0,95772300.0,-351700.0,270.756,-1372.13,-5.06776,79737.8,-404092.0,294.5,30.5,2.79661,39755.7,4.85211
normalized-BA_RDC4.dot_fibo_50null10mast_rapportOE1.0_TMAX60_K67_cod3.opb,21632.0,21940.0,0.0,0.0,1e+20,1e+20,-1e+20,1e+20,0.0,0.0,5.013276,0.0,0.0,-1198.7718474203357,3081.1484056434324,0.0,0.39647969147857903,0.39647969147857903,0.0,0.0,0.0,0.0,40950.0,40451.0,2.442e-05,0.0951404,0.625348,0.279487,0.0674089,0.932591,0.455087,0.0,103458000.0,558369.0,112.833,586.444,5.19746,92748.6,482057.0,822.0,274.131,5.67477,3158.23,4.81799
normalized-BA_RDC4.dot_unif_50null20mast_rapportOE2.0_TMAX120_K67_cod2_pbEq1_newVersion_binary.opb,43616.0,288563.0,0.0,0.0,1e+20,1e+20,-1e+20,1e+20,0.0,0.0,5.074917,0.0,0.0,-3.743355129549867,56.34598175341012,0.0,0.005423017697337588,0.005423017697337588,0.0,0.0,0.0,0.0,297596.0,44809.0,3.36026e-06,0.875714,0.0860495,0.038233,0.000349163,0.999651,0.385501,0.0,81326900.0,-1256270.0,216.881,-2808.52,-12.9496,102259.0,-1324220.0,471.5,154.04,3.88136,5392.79,4.60906
normalized-mult_diagcomm_opt_greater_teq_nbits_22.opb,2376.0,1420.0,0.0,0.0,0.0,0.0,0.0,0.0,0.0,10841.0,0.9756429999999999,4.562710437710438,1.0,0.0,262599191776.53625,0.014705882352941176,0.014705882352941176,0.029411764705882353,1.0000000000000001e+99,1.2141680576410807e+83,1e+99,0.0,4444.0,2992.0,0.0,0.574257,0.217822,0.207921,0.00694444,0.993056,0.426573,0.5,97772000.0,-363682.0,11.7315,-197.734,-16.855,22935.1,-386571.0,1955.0,939.342,11.024,234.457,4.89419
normalized-comppebphp_opt_pyrheightequalsnholes_34.opb,750960.0,47040.0,0.0,0.0,1e+20,1e+20,-1e+20,1e+20,0.0,0.0,5.616991,0.0,0.0,0.0016778523489932886,0.04092721784446479,0.0016778523489932886,0.0,0.0016778523489932886,0.0,0.0,0.0,0.0,47040.0,750960.0,0.0,0.0,0.0,1.0,0.000766888,0.999233,0.499499,1.0,134218000.0,38374.7,-17.5396,37.6405,-2.14603,-68869.2,147796.0,3926.5,101.052,19.1688,-534.01,3.10029
normalized-NG.dot_luby_0null10mast_rapportOE2.0_TMAX15_K192_cod1.opb,399113.0,400786.0,0.0,0.0,1e+20,1e+20,-1e+20,1e+20,0.0,0.0,5.274501,0.0,0.0,-90.78688992841626,285.27603798582004,0.0,0.8532746365064531,0.8532746365064531,0.0,0.0,0.0,0.0,400980.0,399113.0,0.0,0.0609706,0.331051,0.607978,0.127336,0.872664,0.48797,0.0,134218000.0,791374.0,369031.0,686769.0,1.86101,369031.0,686769.0,1.0,0.0,1.0,0.0,4.45821
normalized-fir09_trarea_ac.opb,719.0,885.0,719.0,1.0,50878.0,50878.0,50200.9666401047,0.013486460624334468,0.0,4769.0,5.000178,6.632823365785813,9.0,769.6306717363751,819.5556323068068,0.47452471482889735,0.0,0.47452471482889735,0.0,0.0,0.0,23.494692144373673,8604.0,3945.0,0.00023245,0.757903,0.047536,0.194328,0.078013,0.921987,0.462529,1.0,92862000.0,-246975.0,34.9236,96.7844,2.77132,111965.0,310291.0,3206.0,1310.33,16.9724,-143.99,4.80052
normalized-BA_RDC4.dot_luby_10null0mast_rapportOE2.0_TMAX60_K67_cod1.opb,33348.0,33855.0,0.0,0.0,1e+20,1e+20,-1e+20,1e+20,0.0,0.0,5.067126,0.0,0.0,-2.4343526736051024,7.325527711123639,0.0,0.7146424068626239,0.7146424068626239,0.0,0.0,0.0,0.0,40950.0,40451.0,2.442e-05,0.0951404,0.625348,0.279487,0.115267,0.884733,0.455087,0.0,96404100.0,295248.0,237.243,1844.57,7.77502,38196.2,296976.0,161.0,35.9443,1.76161,66583.8,4.89159
normalized-BA_RDC4.dot_luby_10null0mast_rapportOE2.0_TMAX120_K67_cod2.opb,33810.0,33879.0,0.0,0.0,1e+20,1e+20,-1e+20,1e+20,0.0,0.0,5.239057,0.0,0.0,-0.03818061899992672,0.9841716227096996,0.0,0.010699367320516892,0.010699367320516892,0.0,0.0,0.0,0.0,41436.0,40937.0,2.41336e-05,0.0940245,0.618013,0.287938,0.00195836,0.998042,0.598238,0.0,96197600.0,-107711.0,109.404,-198.817,-1.81728,89547.0,-162732.0,818.5,217.934,5.68376,-5930.33,4.84488
normalized-BA_RDC4.dot_unif_0null20mast_rapportOE1.0_TMAX120_K67_cod2_pbEq1_newVersion_sequential.opb,72127.0,145238.0,0.0,0.0,1e+20,1e+20,-1e+20,1e+20,0.0,0.0,5.02617,0.0,0.0,-3.5840608937310936,52.455642455006064,0.0,0.005976242591180739,0.005976242591180739,0.0,0.0,0.0,0.0,161483.0,81322.0,6.1926e-06,0.770954,0.15858,0.0704594,0.00114631,0.998854,0.504753,0.0,81775800.0,1883660.0,170.152,3294.18,19.3602,95285.4,1844740.0,560.0,152.125,4.22123,11502.4,4.6812
normalized-BA_RDC4.dot_unif_20null10mast_rapportOE2.0_TMAX120_K67_cod2_pbEq1_newVersion_sequential.opb,72824.0,145712.0,0.0,0.0,1e+20,1e+20,-1e+20,1e+20,0.0,0.0,5.037307,0.0,0.0,-2.732704557192396,44.79809641547845,0.0,0.004783453432035611,0.004783453432035611,0.0,0.0,0.0,0.0,161483.0,81322.0,6.1926e-06,0.770954,0.15858,0.0704594,0.000917732,0.999082,0.504753,0.0,99181500.0,1974400.0,120.351,3885.21,32.2824,61258.5,1977570.0,509.0,116.324,4.03337,11238.2,4.79007
normalized-evencolouring_opt_linear_random6regular_nvert_051.opb,153.0,404.0,0.0,0.0,1.0,1.0,1.0,0.0,0.0,828.0,0.19827,5.411764705882353,4.0,6.5,13.450526631573451,0.25,0.0,0.25,-0.025896414342629483,0.2238887859478426,-0.5,0.0,51.0,204.0,0.0,0.0,0.0,1.0,0.125,0.875,1.0,1.0,93338000.0,5395.54,2.84206,15.7731,5.54989,805.724,4471.68,283.5,156.681,2.68838,66.8559,0.013116
normalized-BA_RDC4.dot_unif_50null20mast_rapportOE2.0_TMAX120_K67_cod3.opb,21762.0,22088.0,0.0,0.0,1e+20,1e+20,-1e+20,1e+20,0.0,0.0,5.006606,0.0,0.0,-276.8080887987936,400.5896108492106,0.0,0.39647969147857903,0.39647969147857903,0.0,0.0,0.0,0.0,40950.0,40451.0,2.442e-05,0.0951404,0.625348,0.279487,0.0674089,0.932591,0.455087,0.0,88495800.0,-322408.0,121.449,-367.435,-3.02542,151994.0,-459845.0,1251.5,478.387,8.15974,932.373,4.74501
normalized-BA_RDC4.dot_unif_20null0mast_rapportOE1.0_TMAX60_K67_cod1.opb,30447.0,30904.0,0.0,0.0,1e+20,1e+20,-1e+20,1e+20,0.0,0.0,5.013626,0.0,0.0,-307.3745519270228,327.5551692753936,0.0,0.6346938270994537,0.6346938270994537,0.0,0.0,0.0,0.0,40950.0,40451.0,2.442e-05,0.0951404,0.625348,0.279487,0.103709,0.896291,0.455087,0.0,102189000.0,359642.0,223.44,2050.9,9.17876,39213.7,359933.0,175.5,78.6761,1.85227,22003.2,4.88755
normalized-50-750-false-45-90-4-8000opt.opb,1402.0,23503.0,1402.0,1.0,-27.0,-27.0,-264.0,8.777777777777779,0.0,8261.0,5.001246,5.892296718972895,4.0,-0.16839506172839505,0.6840609618168444,0.0,0.06666666666666667,0.06666666666666667,0.0,0.0,0.0,2.1393477520435966,29096.0,2025.0,0.0,0.0402117,0.959788,0.0,0.00156516,0.998435,0.326366,0.0,63391700.0,-25015.4,3.00343,2.4464,0.814538,49341.8,40190.8,16428.5,13826.0,61.8945,4.20462,4.8353
normalized-j6030_10.std.opb,28113.0,63863.0,0.0,0.0,1e+20,1e+20,-1e+20,1e+20,0.0,0.0,5.010784,0.0,0.0,1.2295081967213115,15.646078901885646,0.008169489679211371,0.0,0.008169489679211371,0.0,0.0,0.0,0.0,123382.0,36722.0,0.00318523,0.841217,0.145872,0.00972589,0.000897481,0.999103,0.365351,1.0,111774000.0,73290.6,-14.248,-7.57982,0.53199,-112168.0,-59672.1,7872.5,7060.82,34.5779,6.883,4.73919
normalized-minisat35_4_11_9_mh_ic.opb,120855.0,437504.0,0.0,0.0,1e+20,1e+20,-1e+20,1e+20,0.0,0.0,6.888945,0.0,0.0,330287.2607113186,3564525.1887465673,0.3672112988091941,0.00027693159789531985,0.36748823040708944,0.0,0.0,0.0,0.0,286973.0,126385.0,0.0,0.431382,0.549442,0.019176,0.0472158,0.952784,0.394092,0.999246,103497000.0,656635.0,332.103,3136.41,9.44411,74557.0,704124.0,224.5,101.789,2.20889,10927.5,4.6654
normalized-BA_RDC4.dot_luby_20null10mast_rapportOE1.0_TMAX300_K67_cod2_pbEq1_newVersion.opb,30825.0,30894.0,0.0,0.0,1e+20,1e+20,-1e+20,1e+20,0.0,0.0,5.04186,0.0,0.0,-0.33041014241395317,8.807027942124224,0.0,0.009502406136258152,0.009502406136258152,0.0,0.0,0.0,0.0,40882.0,40937.0,2.44606e-05,0.0952742,0.626388,0.278313,0.00212953,0.99787,0.729932,0.0,90442800.0,-324421.0,88.0193,-418.274,-4.75207,77545.0,-368499.0,881.0,160.085,6.08622,792.355,4.8158
Init-x2-i2_pp_80.opb,589225.0,589226.0,0.0,0.0,1e+20,1e+20,-1e+20,1e+20,0.0,0.0,5.157713,0.0,0.0,0.004892593345530934,0.06977575421223484,0.004892593345530934,0.0,0.004892593345530934,0.0,0.0,0.0,0.0,590281.0,590280.0,3.38822e-06,0.933716,0.0071034,0.0591769,0.000854346,0.999146,0.988589,1.0,134218000.0,3404940.0,1151.78,139023.0,120.703,32249.7,3892630.0,28.0,17.1579,1.0,89.0961,4.37188
normalized-BA_RDC4.dot_fibo_50null10mast_rapportOE2.0_TMAX15_K67_cod2_pbEq1_newVersion_product.opb,52341.0,134829.0,0.0,0.0,1e+20,1e+20,-1e+20,1e+20,0.0,0.0,5.046613,0.0,0.0,-12.44282733437663,337.35414201760324,0.0,0.004225352112676056,0.004225352112676056,0.0,0.0,0.0,0.0,149401.0,57510.0,6.6934e-06,0.752431,0.171404,0.0761575,0.000608167,0.999392,0.589766,0.0,103185000.0,1493880.0,145.597,2816.81,19.3466,75492.0,1460510.0,518.5,116.854,4.07225,7579.39,4.73577
normalized-BA_RDC4.dot_unif_50null10mast_rapportOE1.0_TMAX180_K67_cod2_pbEq1_newVersion.opb,21947.0,22012.0,0.0,0.0,1e+20,1e+20,-1e+20,1e+20,0.0,0.0,5.011997,0.0,0.0,-3.472628673327308,51.82661277037758,0.0,0.005935950362752522,0.005935950362752522,0.0,0.0,0.0,0.0,40882.0,40937.0,2.44606e-05,0.0952742,0.626388,0.278313,0.00133134,0.998669,0.729932,0.0,0.0,0.0,0.0,0.0,0.0,0.0,0.0,0.0,0.0,0.0,0.0,5.0
normalized-knapPI_6_2000_1000_4_-39215.opb,8000.0,39.0,0.0,0.0,-39215.0,-39215.0,-39215.0,0.0,0.0,1.0,0.700278,0.000125,6.0,-499.0545,289.48697039720116,0.0,1.0,1.0,0.0,0.0,0.0,0.0,1.0,8000.0,0.0,0.0,0.0,1.0,0.5,0.5,0.0,0.0,134218000.0,6688.33,9512.0,5174.33,0.54398,9512.0,5174.33,1.0,0.0,1.0,0.0,0.027227
normalized-autocorr_bern30-04.lin.opb,223.0,426.0,223.0,1.0,-81.0,-81.0,-179.76269621421977,1.2192925458545651,0.0,18350.0,5.000181,82.28699551569507,144.0,0.0,11.377737683661294,0.4977578475336323,0.5022421524663677,1.0,0.0,0.0,0.0,40.91144021888233,386.0,223.0,0.0,0.0,0.435233,0.564767,0.134906,0.865094,0.5,0.497758,67606800.0,-48151.4,2.95528,-9.46345,-3.20221,25690.3,-82265.7,8693.0,6771.39,37.1903,-8.34194,4.91053
normalized-j12013_4.std.opb,55242.0,115791.0,0.0,0.0,1e+20,1e+20,-1e+20,1e+20,0.0,0.0,5.025349,0.0,0.0,0.6198347107438017,11.126066629782756,0.004118503061420609,0.0,0.004118503061420609,0.0,0.0,0.0,0.0,234240.0,72842.0,0.00305242,0.839238,0.152587,0.00512295,0.000492282,0.999508,0.382105,1.0,118218000.0,456380.0,66.2393,178.55,2.69552,141388.0,381114.0,2134.5,1943.65,11.866,112.918,4.60076
normalized-wnq_n100_mw99_10.opb.PB06.opb,10000.0,656900.0,0.0,0.0,1e+20,1e+20,-1e+20,1e+20,0.0,0.0,5.213867,0.0,0.0,49.5457,28.84093465042352,1.0,0.0,1.0,0.0,0.0,0.0,0.0,656900.0,10000.0,0.0,0.999696,0.0,0.00030446,0.0074438,0.992556,0.0149993,1.0,122183000.0,388004.0,151.039,452.806,2.99793,99308.4,297720.0,657.5,569.499,4.72264,1351.73,4.24666
normalized-s4-4-3-8pb.opb,360.0,998.0,0.0,0.0,36.0,36.0,36.0,0.0,0.0,261.0,0.055332,0.725,2.0,1.0,0.0,1.0,0.0,1.0,0.0,0.0,0.0,0.0,1304.0,432.0,0.0,0.220859,0.576687,0.202454,0.0927835,0.907216,0.401515,1.0,101110000.0,161387.0,3.27209,161.253,49.2813,3195.19,157463.0,976.5,349.649,6.7001,185.982,0.174269
normalized-clique-coloring-max-clique-n=11-t=7.opb,264.0,6613.0,264.0,1.0,3.9999999999999996,4.0,0.0,1e+20,0.0,2474.0,5.000105,9.371212121212121,15.0,0.041666666666666664,0.19982631347136337,0.041666666666666664,0.0,0.041666666666666664,0.0,0.0,0.0,2.20823692734845,6468.0,264.0,0.0,0.0,0.994898,0.00510204,0.00055991,0.99944,0.318768,1.0,53378100.0,16692.3,-2.95267,-2.01429,0.682194,12572.9,8577.15,-4258.14,-7336.03,140.818,-0.958356,4.72234
normalized-BA_RDC4.dot_unif_10null0mast_rapportOE1.0_TMAX120_K67_cod2_pbEq1_newVersion.opb,33776.0,33845.0,0.0,0.0,1e+20,1e+20,-1e+20,1e+20,0.0,0.0,5.252977,0.0,0.0,-5.341280504189364,59.33019127805054,0.0,0.010699367320516892,0.010699367320516892,0.0,0.0,0.0,0.0,40882.0,40937.0,2.44606e-05,0.0952742,0.626388,0.278313,0.00239714,0.997603,0.729932,0.0,55126900.0,-86547.9,62.0345,-113.336,-1.82698,84398.0,-154194.0,1360.5,629.767,8.61572,872.131,4.82418
normalized-NG.dot_fibo_20null10mast_rapportOE1.0_TMAX120_K192_cod2.opb,400896.0,400786.0,0.0,0.0,1e+20,1e+20,-1e+20,1e+20,0.0,0.0,5.390829,0.0,0.0,-8.01823914431673,259.03772232713555,0.0,0.0035595266602809704,0.0035595266602809704,0.0,0.0,0.0,0.0,402763.0,400896.0,0.0,0.0607007,0.329586,0.609713,0.000609734,0.99939,0.63328,0.0,134218000.0,1018820.0,369148.0,917920.0,2.48659,369148.0,917920.0,1.0,0.0,1.0,0.0,4.425
normalized-BA_RDC4.dot_fibo_20null10mast_rapportOE1.0_TMAX300_K67_cod2_pbEq1_newVersion_sequential.opb,72824.0,145712.0,0.0,0.0,1e+20,1e+20,-1e+20,1e+20,0.0,0.0,5.049969,0.0,0.0,-10.861427412016429,300.5668484802841,0.0,0.004783453432035611,0.004783453432035611,0.0,0.0,0.0,0.0,161483.0,81322.0,6.1926e-06,0.770954,0.15858,0.0704594,0.000917732,0.999082,0.504753,0.0,105524000.0,-13848.4,625.724,-574.741,-0.918522,222132.0,-204033.0,355.0,81.5331,3.18706,17293.1,4.62178
normalized-f20c10b_019_area_delay.opb,3222.0,10448.0,3222.0,1.0,29.0,29.0,22.539789069990412,0.2866136373303841,0.0,932.0,5.00418,0.2892613283674736,2.0,0.4856797095603066,0.4997948872104664,0.4856797095603066,0.0,0.4856797095603066,1e+99,0.0,1e+99,0.23081979528594235,23270.0,7437.0,0.0256124,0.809712,0.0162011,0.148474,0.0604549,0.939545,0.370286,1.0,75381100.0,27511.9,105.06,-87.8698,-0.836378,196830.0,-164624.0,1873.5,481.944,10.6553,554.098,4.7445
normalized-NG.dot_unif_50null50mast_rapportOE2.0_TMAX180_K192_cod1.opb,228932.0,229714.0,0.0,0.0,1e+20,1e+20,-1e+20,1e+20,0.0,0.0,5.160837,0.0,0.0,-426.74308028052207,494.50698358959045,0.0,0.4268765988579675,0.4268765988579675,0.0,0.0,0.0,0.0,400980.0,399113.0,0.0,0.0609706,0.331051,0.607978,0.068033,0.931967,0.48797,0.0,134218000.0,509758.0,14747.1,6366.22,0.431693,368678.0,159156.0,25.0,0.0,1.0,0.0,4.39883
normalized-BA_RDC4.dot_fibo_50null20mast_rapportOE1.0_TMAX180_K67_cod2_pbEq1_newVersion_product.opb,52341.0,134829.0,0.0,0.0,1e+20,1e+20,-1e+20,1e+20,0.0,0.0,5.042515,0.0,0.0,-20.411232829073203,457.40884153087495,0.0,0.004225352112676056,0.004225352112676056,0.0,0.0,0.0,0.0,149401.0,57510.0,6.6934e-06,0.752431,0.171404,0.0761575,0.000608167,0.999392,0.589766,0.0,100454000.0,581247.0,78.9732,403.912,5.11454,101046.0,516805.0,1279.5,1120.88,8.23945,723.879,4.73994
normalized-BA_RDC4.dot_fibo_10null0mast_rapportOE1.0_TMAX120_K67_cod1.opb,33354.0,33861.0,0.0,0.0,1e+20,1e+20,-1e+20,1e+20,0.0,0.0,5.043858,0.0,0.0,-681.6579070974759,1567.9948731831698,0.0,0.7146424068626239,0.7146424068626239,0.0,0.0,0.0,0.0,40950.0,40451.0,2.442e-05,0.0951404,0.625348,0.279487,0.115267,0.884733,0.455087,0.0,94982200.0,792170.0,52.6998,675.582,12.8194,59735.2,765772.0,1133.5,520.613,7.56658,807.553,4.81569
normalized-BA_RDC4.dot_luby_10null0mast_rapportOE1.0_TMAX300_K67_cod2_pbEq1_newVersion_sequential.opb,72824.0,145712.0,0.0,0.0,1e+20,1e+20,-1e+20,1e+20,0.0,0.0,5.050193,0.0,0.0,-0.018494380364477016,0.5588746484922436,0.0,0.005385996409335727,0.005385996409335727,0.0,0.0,0.0,0.0,161483.0,81322.0,6.1926e-06,0.770954,0.15858,0.0704594,0.00103321,0.998967,0.504753,0.0,112597000.0,452590.0,53.9699,297.195,5.50668,75692.8,416816.0,1402.5,1335.64,8.73592,284.321,4.71941
normalized-BA_RDC4.dot_fibo_50null0mast_rapportOE2.0_TMAX60_K67_cod3.opb,21763.0,22075.0,0.0,0.0,1e+20,1e+20,-1e+20,1e+20,0.0,0.0,5.019377,0.0,0.0,-385.96237423055055,1234.9205639860425,0.0,0.39647969147857903,0.39647969147857903,0.0,0.0,0.0,0.0,40950.0,40451.0,2.442e-05,0.0951404,0.625348,0.279487,0.0674089,0.932591,0.455087,0.0,110612000.0,363020.0,176.013,1852.26,10.5234,34938.5,367674.0,198.5,42.1106,1.99246,50867.1,4.90042
normalized-50-250-false-45-90-4-3000opt.opb,1832.0,63016.0,1832.0,1.0,-51.0,-51.0,-327.0,5.411764705882353,0.0,3739.0,5.002874,2.040938864628821,5.0,-0.16790123456790124,0.6938579141727824,0.0,0.06666666666666667,0.06666666666666667,0.0,0.0,0.0,2.0047800539939655,63877.0,2025.0,0.0,0.0183165,0.981684,0.0,0.000708304,0.999292,0.330183,0.0,53584200.0,-72940.0,5.34344,1.1234,0.210238,68283.8,14355.9,12779.0,9862.36,49.4853,-3.3809,4.81871
normalized-BA_RDC4.dot_luby_50null0mast_rapportOE2.0_TMAX300_K67_cod2.opb,21981.0,22050.0,0.0,0.0,1e+20,1e+20,-1e+20,1e+20,0.0,0.0,5.013909,0.0,0.0,-0.022668979163104282,0.6541410476581093,0.0,0.005935950362752522,0.005935950362752522,0.0,0.0,0.0,0.0,41436.0,40937.0,2.41336e-05,0.0940245,0.618013,0.287938,0.00108743,0.998913,0.598238,0.0,97371900.0,-26063.5,76.1673,-71.0831,-0.93325,113718.0,-106127.0,1493.0,622.988,9.09608,-842.757,4.76952
normalized-BA_RDC4.dot_fibo_0null50mast_rapportOE1.0_TMAX300_K67_cod2_pbEq1_newVersion.opb,36668.0,36737.0,0.0,0.0,1e+20,1e+20,-1e+20,1e+20,0.0,0.0,5.036478,0.0,0.0,-70.49261059677065,855.0229266207651,0.0,0.011871900725505044,0.011871900725505044,0.0,0.0,0.0,0.0,40882.0,40937.0,2.44606e-05,0.0952742,0.626388,0.278313,0.00265914,0.997341,0.729932,0.0,94808200.0,-607630.0,74.624,-459.246,-6.15413,111153.0,-684047.0,1489.5,657.873,9.06544,1041.75,4.82458
SMTI_25000_5_0.75_4.opb,164365.0,131619.0,0.0,0.0,1e+20,1e+20,-1e+20,1e+20,0.0,0.0,7.50365,0.0,0.0,0.2857142857142857,0.45175395145262576,0.2857142857142857,0.0,0.2857142857142857,0.0,0.0,0.0,0.0,175001.0,175000.0,0.0029657,0.0119028,0.029217,0.955915,0.0358503,0.96415,0.981408,1.0,134218000.0,2919310.0,7187.16,11507.9,1.60117,1135570.0,1818240.0,158.0,4.74132,1.73817,128.73,3.10384
normalized-j12014_1.std.opb,57112.0,120664.0,0.0,0.0,1e+20,1e+20,-1e+20,1e+20,0.0,0.0,5.012691,0.0,0.0,0.6198347107438017,11.126066629782756,0.004118503061420609,0.0,0.004118503061420609,0.0,0.0,0.0,0.0,234111.0,72842.0,0.00305411,0.839307,0.152513,0.00512577,0.00049252,0.999507,0.382079,1.0,124963000.0,113290.0,62.0933,-6.00112,-0.0966468,200344.0,-19362.6,3226.5,2444.48,17.0263,-113.865,4.59076
normalized-OGR_16.opb,5584.0,7091.0,5584.0,1.0,1e+20,1e+20,15.0,1e+20,0.0,13467.0,5.000529,2.411712034383954,0.0,0.09151146131805157,3.95475480122779,0.0016117478510028654,0.0,0.0016117478510028654,1.0000000000000001e+99,1.2141680576410807e+83,1e+99,15.363585668479018,10895.0,5584.0,0.0,0.0,0.0,1.0,2.4438e-05,0.999976,0.5,1.0,120654000.0,-248259.0,8.29324,-83.719,-10.0949,27363.5,-276231.0,3299.5,471.225,17.3385,328.594,4.92704
normalized-BA_RDC4.dot_fibo_0null50mast_rapportOE2.0_TMAX120_K67_cod2_pbEq1_newVersion.opb,36666.0,36735.0,0.0,0.0,1e+20,1e+20,-1e+20,1e+20,0.0,0.0,5.019562,0.0,0.0,-69.79742042650902,851.9237645003792,0.0,0.011871900725505044,0.011871900725505044,0.0,0.0,0.0,0.0,40882.0,40937.0,2.44606e-05,0.0952742,0.626388,0.278313,0.00265914,0.997341,0.729932,0.0,92180100.0,701470.0,59.0072,477.821,8.09768,81075.9,656526.0,1374.0,532.007,8.67043,-120.251,4.82199
normalized-injcomp_opt_4layers_maxall_lastlayerdiv2_size_16.opb,800.0,747.0,800.0,1.0,-31.0,-31.0,-40.0,0.2903225806451613,0.0,13277.0,5.000218,16.59625,14.0,-0.6060606060606061,0.48862168171506365,0.0,0.6060606060606061,0.6060606060606061,0.0,0.0,0.0,2.088082901554404,488.0,1056.0,0.0,0.0,0.786885,0.213115,0.188679,0.811321,0.290698,0.0,62314600.0,-80440.4,-7.92643,-0.0174415,0.00220043,-91197.5,-200.674,11505.5,6508.3,45.1724,12.7187,4.8264
normalized-aim-200-2_0-yes1-2.opb,400.0,627.0,0.0,0.0,200.0,200.0,200.0,0.0,0.0,4358.0,0.308647,10.895,1.0,1.0,0.0,1.0,0.0,1.0,0.0,0.0,0.0,0.0,600.0,400.0,0.0,0.335,0.665,0.0,0.2001,0.7999,0.749844,1.0,129793000.0,5214.97,7.03388,51.7111,7.35172,636.566,4679.86,90.5,90.5,1.42857,6.65922,0.005475
normalized-BA_RDC4.dot_fibo_20null50mast_rapportOE1.0_TMAX60_K67_cod2_pbEq1_newVersion_sequential.opb,72824.0,145712.0,0.0,0.0,1e+20,1e+20,-1e+20,1e+20,0.0,0.0,5.03283,0.0,0.0,-34.476857430953494,604.1272834522277,0.0,0.004783453432035611,0.004783453432035611,0.0,0.0,0.0,0.0,161483.0,81322.0,6.1926e-06,0.770954,0.15858,0.0704594,0.000917732,0.999082,0.504753,0.0,107440000.0,1192140.0,102.883,1930.31,18.7621,63119.0,1184240.0,613.5,222.379,4.49593,4696.64,4.77746
normalized-clique-coloring-max-clique-n=9-t=5.opb,171.0,3348.0,171.0,1.0,3.9999999999999996,4.0,0.0,1e+20,0.0,6589.0,5.000055,38.53216374269006,62.0,0.05263157894736842,0.22329687826943606,0.05263157894736842,0.0,0.05263157894736842,0.0,0.0,0.0,2.1176890156918686,2799.0,171.0,0.0,0.0,0.990354,0.0096463,0.00105374,0.998946,0.31962,1.0,28049300.0,656.141,0.889656,-1.8047,-2.02854,7936.78,-16100.1,8921.18,2244.69,155.801,-4.07698,4.76091
normalized-maxcut_opt_complete_6-partite_inlv_nvert_33.opb,528.0,21825.0,528.0,1.0,-251.0,-251.0,-301.6678662958722,0.20186400914690125,0.0,6735.0,5.001165,12.755681818181818,2.0,-0.8579545454545454,0.34909675362058257,0.0,0.8579545454545454,0.8579545454545454,0.0,0.0,0.0,1.5317723902715377,21824.0,528.0,0.0,0.0,1.0,0.0,0.00687144,0.993129,0.5,0.0,38648700.0,16882.6,4.61479,-3.24633,-0.703461,33828.7,-23797.2,7330.5,5586.62,32.6485,14.533,4.88837
normalized-KE_250_005.opb,2899.0,138.0,0.0,0.0,-7323.0,-7323.0,-7323.0,0.0,0.0,349.0,0.15473599999999998,0.12038634011728182,4.0,-121.28484187568156,45.60718437279891,0.0,0.9995637949836423,0.9995637949836423,0.0,0.0,0.0,0.0,168.0,4585.0,0.0,0.0535714,0.0416667,0.904762,0.255306,0.744694,0.0,0.0,63195900.0,630173.0,29.5308,509.878,17.266,34669.1,598597.0,1174.0,26.874,7.77735,13540.8,4.90734
normalized-minisat70_4_22_5.opb,4970.0,5189.0,4970.0,1.0,156810855.0,156810855.0,1915665.681231037,80.85710927348808,0.0,9140.0,5.002115,1.8390342052313884,1.0,9051290.36277666,17470665.728613142,0.971830985915493,0.007042253521126761,0.9788732394366197,9.999999999999998e+98,1.2141680576410807e+83,1e+99,3.9401955146636,14846.0,9940.0,0.0,0.655395,0.16267,0.181935,0.132129,0.867871,0.615553,0.992806,64431600.0,360845.0,98.447,855.909,8.69411,38197.4,332093.0,388.0,11.9627,3.4157,-222176.0,4.85306
normalized-BA_RDC4.dot_fibo_50null50mast_rapportOE1.0_TMAX180_K67_cod2_pbEq1_newVersion_product.opb,52342.0,134829.0,0.0,0.0,1e+20,1e+20,-1e+20,1e+20,0.0,0.0,5.137021,0.0,0.0,-0.004225352112676056,0.06486523346292651,0.0,0.004225352112676056,0.004225352112676056,0.0,0.0,0.0,0.0,149401.0,57510.0,6.6934e-06,0.752431,0.171404,0.0761575,0.000608167,0.999392,0.589766,0.0,106407000.0,2289140.0,599.855,20418.7,34.0394,66283.9,2256270.0,110.5,41.0405,1.54955,10311.5,4.77594
normalized-wnq_n100_mw99_9.opb.PB06.opb,10000.0,656900.0,0.0,0.0,1e+20,1e+20,-1e+20,1e+20,0.0,0.0,5.202238,0.0,0.0,49.4527,28.810986840266338,1.0,0.0,1.0,0.0,0.0,0.0,0.0,656900.0,10000.0,0.0,0.999696,0.0,0.00030446,0.0074438,0.992556,0.0149993,1.0,119156000.0,635935.0,366.827,490.148,1.33618,276038.0,368837.0,752.5,640.315,5.26361,1611.87,4.0193
normalized-BA_RDC4.dot_fibo_50null20mast_rapportOE2.0_TMAX120_K67_cod2_pbEq1_newVersion_ladder.opb,49323.0,49496.0,0.0,0.0,1e+20,1e+20,-1e+20,1e+20,0.0,0.0,5.305144,0.0,0.0,-15.060143626570916,391.35130489241567,0.0,0.0029881212955903693,0.0029881212955903693,0.0,0.0,0.0,0.0,201868.0,81322.0,4.95373e-06,0.622204,0.324167,0.0536242,0.00048167,0.999518,0.503992,0.0,92175400.0,-469905.0,139.772,-1031.91,-7.3828,64854.4,-478807.0,464.0,111.94,3.84284,9622.07,4.71024
normalized-j12027_8.std.opb,52681.0,116683.0,0.0,0.0,1e+20,1e+20,-1e+20,1e+20,0.0,0.0,5.012634,0.0,0.0,0.6198347107438017,11.126066629782756,0.004118503061420609,0.0,0.004118503061420609,0.0,0.0,0.0,0.0,245030.0,72842.0,0.00322001,0.846154,0.145729,0.00489736,0.00050405,0.999496,0.40932,1.0,114257000.0,174784.0,38.7154,33.2905,0.859878,128322.0,110341.0,3314.5,3067.07,17.3709,80.4009,4.70312
normalized-BA_RDC4.dot_unif_50null0mast_rapportOE1.0_TMAX120_K67_cod2_pbEq1_newVersion_binary.opb,43616.0,288563.0,0.0,0.0,1e+20,1e+20,-1e+20,1e+20,0.0,0.0,5.044502,0.0,0.0,-2.615635251846727,41.972669610338464,0.0,0.005423017697337588,0.005423017697337588,0.0,0.0,0.0,0.0,297596.0,44809.0,3.36026e-06,0.875714,0.0860495,0.038233,0.000349163,0.999651,0.385501,0.0,76189400.0,1088980.0,80.9728,1112.77,13.7426,75061.8,1031540.0,927.0,423.516,6.3876,-2673.93,4.41697
normalized-BA_RDC4.dot_luby_10null0mast_rapportOE2.0_TMAX60_K67_cod2_pbEq1_newVersion_sequential.opb,72824.0,145712.0,0.0,0.0,1e+20,1e+20,-1e+20,1e+20,0.0,0.0,5.03566,0.0,0.0,-0.01802710213718305,0.5464748070067218,0.0,0.005385996409335727,0.005385996409335727,0.0,0.0,0.0,0.0,161483.0,81322.0,6.1926e-06,0.770954,0.15858,0.0704594,0.00103321,0.998967,0.504753,0.0,102442000.0,-464177.0,73.9437,-644.472,-8.71571,52278.2,-455641.0,707.0,133.182,5.0311,11308.9,4.75748
normalized-NG.dot_unif_50null50mast_rapportOE2.0_TMAX120_K192_cod2.opb,400896.0,400786.0,0.0,0.0,1e+20,1e+20,-1e+20,1e+20,0.0,0.0,5.338916,0.0,0.0,-0.5560868654214559,11.776327940474966,0.0,0.002225015964240102,0.002225015964240102,0.0,0.0,0.0,0.0,402763.0,400896.0,0.0,0.0607007,0.329586,0.609713,0.000381224,0.999619,0.63328,0.0,123893000.0,1543150.0,62904.6,249593.0,3.9678,377428.0,1497560.0,6.0,3.53846,1.0,18809.2,4.40816
normalized-BA_RDC4.dot_luby_50null0mast_rapportOE2.0_TMAX180_K67_cod2.opb,22020.0,22089.0,0.0,0.0,1e+20,1e+20,-1e+20,1e+20,0.0,0.0,5.01479,0.0,0.0,-0.021203312406869092,0.681942945797721,0.0,0.005935950362752522,0.005935950362752522,0.0,0.0,0.0,0.0,41436.0,40937.0,2.41336e-05,0.0940245,0.618013,0.287938,0.00108743,0.998913,0.598238,0.0,89316200.0,-423116.0,48.814,-329.746,-6.75516,67241.3,-454226.0,1377.5,495.733,8.69049,-57.6319,4.85353
normalized-BA_RDC4.dot_luby_50null0mast_rapportOE1.0_TMAX120_K67_cod1.opb,21753.0,22065.0,0.0,0.0,1e+20,1e+20,-1e+20,1e+20,0.0,0.0,5.019129,0.0,0.0,-1.4472324540802453,4.650878107357233,0.0,0.39647969147857903,0.39647969147857903,0.0,0.0,0.0,0.0,40950.0,40451.0,2.442e-05,0.0951404,0.625348,0.279487,0.0674089,0.932591,0.455087,0.0,101636000.0,413948.0,62.088,429.008,6.90968,56748.4,392114.0,914.0,431.308,6.28431,1273.33,4.88454
normalized-BA_RDC4.dot_luby_0null20mast_rapportOE1.0_TMAX180_K67_cod2_pbEq1_newVersion_ladder.opb,40728.0,40894.0,0.0,0.0,1e+20,1e+20,-1e+20,1e+20,0.0,0.0,5.022362,0.0,0.0,-0.3234180172647008,8.861912536189317,0.0,0.005976242591180739,0.005976242591180739,0.0,0.0,0.0,0.0,201868.0,81322.0,4.95373e-06,0.622204,0.324167,0.0536242,0.000962876,0.999037,0.503992,0.0,107198000.0,-1914410.0,252.702,-4335.59,-17.1569,115359.0,-1979200.0,456.5,120.287,3.81182,11927.4,4.67112
normalized-maxcut_opt_complete_5-partite_block_nvert_42.opb,861.0,45920.0,861.0,1.0,-425.0,-425.0,-705.0,0.6588235294117647,0.0,3934.0,5.002509,4.569105691056911,2.0,-0.818815331010453,0.38517111095290524,0.0,0.818815331010453,0.818815331010453,0.0,0.0,0.0,1.5,45920.0,861.0,0.0,0.0,1.0,0.0,0.00509154,0.994908,0.5,0.0,37787300.0,26622.0,7.18213,-3.31808,-0.461991,40277.4,-18607.8,5608.0,4152.64,25.5394,-34.2541,4.8654
normalized-BA_RDC4.dot_luby_0null50mast_rapportOE2.0_TMAX180_K67_cod2.opb,36668.0,36737.0,0.0,0.0,1e+20,1e+20,-1e+20,1e+20,0.0,0.0,5.019568,0.0,0.0,-1.537655421745609,19.671403625049415,0.0,0.011871900725505044,0.011871900725505044,0.0,0.0,0.0,0.0,41436.0,40937.0,2.41336e-05,0.0940245,0.618013,0.287938,0.0021725,0.997827,0.598238,0.0,108571000.0,2174940.0,351.922,13777.8,39.1501,55075.8,2156220.0,156.5,40.3535,1.72611,15495.5,4.90496
normalized-knapPI_6_5000_10000_1_-246112.opb,5000.0,986.0,0.0,0.0,-246112.0,-246112.0,-246112.0,0.0,0.0,4.0,0.397045,0.0008,5.0,-4971.4796,2890.768289362508,0.0,1.0,1.0,0.0,0.0,0.0,0.0,1.0,5000.0,0.0,0.0,0.0,1.0,0.5,0.5,0.0,0.0,78566500.0,526560.0,85.7831,391.15,4.55975,94919.0,432807.0,1106.5,508.37,7.44354,-1435.93,4.86301
normalized-NG.dot_unif_10null50mast_rapportOE2.0_TMAX300_K192_cod1.opb,365115.0,366610.0,0.0,0.0,1e+20,1e+20,-1e+20,1e+20,0.0,0.0,5.369046,0.0,0.0,-593.6259881286753,430.0824586234718,0.0,0.7680907412186524,0.7680907412186524,0.0,0.0,0.0,0.0,400980.0,399113.0,0.0,0.0609706,0.331051,0.607978,0.1161,0.8839,0.48797,0.0,134218000.0,480901.0,18431.8,6078.8,0.329799,368637.0,121576.0,20.0,0.0,1.0,0.0,4.36627
normalized-simp-nonunif-100_100.07.opb,12261.0,143887.0,0.0,0.0,1e+20,1e+20,-1e+20,1e+20,0.0,0.0,6.292331,0.0,0.0,0.007722007722007722,0.08753501195949526,0.007722007722007722,0.0,0.007722007722007722,0.0,0.0,0.0,0.0,1266468.0,21756.0,7.89598e-07,0.00298547,0.996883,0.000130284,4.41005e-05,0.999956,0.664888,1.0,64392800.0,329481.0,44.5402,534.945,12.0104,26390.1,316955.0,592.5,595.376,4.3769,51.4526,3.0347
normalized-NG.dot_luby_20null0mast_rapportOE2.0_TMAX180_K192_cod2.opb,400896.0,400786.0,0.0,0.0,1e+20,1e+20,-1e+20,1e+20,0.0,0.0,5.357193,0.0,0.0,-0.016358357279693488,1.217147632953822,0.0,0.0035595266602809704,0.0035595266602809704,0.0,0.0,0.0,0.0,402763.0,400896.0,0.0,0.0607007,0.329586,0.609713,0.000609734,0.99939,0.63328,0.0,103112000.0,1796590.0,3442.75,15120.6,4.39202,399359.0,1753990.0,116.0,55.9142,1.54506,2904.27,4.40291
normalized-NG.dot_luby_50null50mast_rapportOE1.0_TMAX300_K192_cod1.opb,228932.0,229714.0,0.0,0.0,1e+20,1e+20,-1e+20,1e+20,0.0,0.0,5.378082,0.0,0.0,-436.63206911325864,506.4219440602212,0.0,0.4268765988579675,0.4268765988579675,0.0,0.0,0.0,0.0,400980.0,399113.0,0.0,0.0609706,0.331051,0.607978,0.068033,0.931967,0.48797,0.0,134218000.0,508149.0,16385.5,7055.64,0.430603,368673.0,158752.0,22.5,0.0,1.0,0.0,4.38621
normalized-g4x4.opb,16.0,16.0,0.0,0.0,4.0,4.0,4.0,0.0,0.0,14.0,0.001692,0.875,3.0,1.0,0.0,1.0,0.0,1.0,0.0,0.0,0.0,0.0,16.0,16.0,0.0,0.0,0.25,0.75,0.2,0.8,1.0,1.0,119305000.0,83.4444,6.27778,16.7778,2.67257,25.1111,67.1111,4.0,0.555556,1.0,43.0,0.0
normalized-NG.dot_fibo_20null0mast_rapportOE2.0_TMAX300_K192_cod2.opb,400896.0,400786.0,0.0,0.0,1e+20,1e+20,-1e+20,1e+20,0.0,0.0,5.254474,0.0,0.0,-2.848843590357599,108.63309227573349,0.0,0.0035595266602809704,0.0035595266602809704,0.0,0.0,0.0,0.0,402763.0,400896.0,0.0,0.0607007,0.329586,0.609713,0.000609734,0.99939,0.63328,0.0,129668000.0,5626800.0,13390.3,192947.0,14.4095,388318.0,5595460.0,29.0,1.76271,1.0,678625.0,4.3746
normalized-BA_RDC4.dot_unif_20null20mast_rapportOE1.0_TMAX300_K67_cod2_pbEq1_newVersion_product.opb,52559.0,135477.0,0.0,0.0,1e+20,1e+20,-1e+20,1e+20,0.0,0.0,5.051223,0.0,0.0,-4.3079116675360805,58.57251055932208,0.0,0.0067640410363415055,0.0067640410363415055,0.0,0.0,0.0,0.0,149401.0,57510.0,6.6934e-06,0.752431,0.171404,0.0761575,0.000973213,0.999027,0.589766,0.0,81438400.0,113177.0,431.757,-124.736,-0.288904,223218.0,-64488.6,517.0,206.311,4.06184,7875.43,4.62256
normalized-j12013_7.std.opb,55954.0,113906.0,0.0,0.0,1e+20,1e+20,-1e+20,1e+20,0.0,0.0,5.025042,0.0,0.0,0.6198347107438017,11.126066629782756,0.004118503061420609,0.0,0.004118503061420609,0.0,0.0,0.0,0.0,234252.0,72842.0,0.00305227,0.83925,0.152575,0.00512269,0.000492263,0.999508,0.382111,1.0,122755000.0,304052.0,35.0998,85.3615,2.43196,107862.0,262316.0,3073.0,2571.33,16.4314,97.1509,4.66195
normalized-maxcut_opt_complete_5-partite_block_nvert_55.opb,1485.0,104940.0,1485.0,1.0,-726.0,-726.0,-1210.0,0.6666666666666666,0.0,1442.0,5.004042,0.971043771043771,2.0,-0.8148148148148148,0.38844772154450063,0.0,0.8148148148148148,0.8148148148148148,0.0,0.0,0.0,1.5,104940.0,1485.0,0.0,0.0,1.0,0.0,0.00382875,0.996171,0.5,0.0,39314500.0,-130649.0,11.8315,-56.9684,-4.81496,34731.5,-167231.0,2935.5,2210.07,15.8452,121.74,4.85473
normalized-hw32-vm50p-opt.opb.negationfix.opb,5568.0,365.0,5568.0,1.0,17.0,17.0,15.000000000000002,0.1333333333333332,0.0,10598.0,5.000456,1.9033764367816093,13.0,0.005747126436781609,0.07559164619520635,0.005747126436781609,0.0,0.005747126436781609,0.0,0.0,0.0,1055.5353374667238,412.0,5568.0,0.0,0.0,0.0,1.0,0.00143472,0.998565,0.25431,1.0,104767000.0,-272298.0,17.8197,95.5653,5.36291,59152.4,317229.0,3319.5,21.9108,17.4294,5320.74,4.86765
normalized-BA_RDC4.dot_fibo_10null0mast_rapportOE2.0_TMAX15_K67_cod1.opb,33350.0,33857.0,0.0,0.0,1e+20,1e+20,-1e+20,1e+20,0.0,0.0,5.017848,0.0,0.0,-526.4369236854466,1210.3322162588845,0.0,0.7146424068626239,0.7146424068626239,0.0,0.0,0.0,0.0,40950.0,40451.0,2.442e-05,0.0951404,0.625348,0.279487,0.115267,0.884733,0.455087,0.0,108716000.0,460241.0,615.462,4400.2,7.14944,61238.4,437820.0,99.5,28.445,1.5,53249.6,4.86232
normalized-BA_RDC4.dot_unif_20null10mast_rapportOE2.0_TMAX60_K67_cod3.opb,30460.0,30917.0,0.0,0.0,1e+20,1e+20,-1e+20,1e+20,0.0,0.0,5.034159,0.0,0.0,-351.2173741069442,371.73341218935605,0.0,0.6346938270994537,0.6346938270994537,0.0,0.0,0.0,0.0,40950.0,40451.0,2.442e-05,0.0951404,0.625348,0.279487,0.103709,0.896291,0.455087,0.0,110432000.0,284210.0,226.542,1828.38,8.07084,35680.3,287970.0,157.5,26.3006,1.73418,84343.5,4.90143
normalized-BA_RDC4.dot_unif_10null10mast_rapportOE1.0_TMAX300_K67_cod2_pbEq1_newVersion_product.opb,52558.0,135477.0,0.0,0.0,1e+20,1e+20,-1e+20,1e+20,0.0,0.0,5.050263,0.0,0.0,-4.204051469309685,55.5298560990351,0.0,0.007616066770996349,0.007616066770996349,0.0,0.0,0.0,0.0,149401.0,57510.0,6.6934e-06,0.752431,0.171404,0.0761575,0.00109567,0.998904,0.589766,0.0,98645400.0,-666991.0,87.504,-968.384,-11.0667,62521.6,-691910.0,714.5,378.19,5.07203,3653.31,4.77538
normalized-mult_diagcomm_opt_greater_teq_nbits_18.opb,1584.0,947.0,0.0,0.0,0.0,0.0,0.0,0.0,0.0,2056.0,0.130003,1.297979797979798,1.0,0.0,1249651602.62094,0.017857142857142856,0.017857142857142856,0.03571428571428571,1.0000000000000002e+99,2.4283361152821613e+83,1e+99,0.0,2988.0,2016.0,0.0,0.578313,0.216867,0.204819,0.00847458,0.991525,0.42735,0.5,93625800.0,160530.0,10.5907,53.5638,5.05765,26328.4,133160.0,2486.0,1043.98,13.5932,349.41,4.92741
normalized-BA_RDC4.dot_luby_20null50mast_rapportOE1.0_TMAX60_K67_cod3.opb,30437.0,30894.0,0.0,0.0,1e+20,1e+20,-1e+20,1e+20,0.0,0.0,5.034194,0.0,0.0,-102.19060097401795,124.69476856437161,0.0,0.6346938270994537,0.6346938270994537,0.0,0.0,0.0,0.0,40950.0,40451.0,2.442e-05,0.0951404,0.625348,0.279487,0.103709,0.896291,0.455087,0.0,102678000.0,302234.0,189.912,1601.85,8.43468,36273.3,305953.0,191.0,66.0601,1.953,40798.7,4.87624
normalized-BA_RDC4.dot_fibo_10null10mast_rapportOE1.0_TMAX300_K67_cod2.opb,33789.0,33858.0,0.0,0.0,1e+20,1e+20,-1e+20,1e+20,0.0,0.0,5.261581,0.0,0.0,-23.667953196374917,436.7123651242342,0.0,0.010699367320516892,0.010699367320516892,0.0,0.0,0.0,0.0,41436.0,40937.0,2.41336e-05,0.0940245,0.618013,0.287938,0.00195836,0.998042,0.598238,0.0,104058000.0,-35955.2,348.211,-356.28,-1.02317,209797.0,-214659.0,602.5,94.0779,4.42537,18417.5,4.71627
normalized-BA_RDC4.dot_fibo_50null0mast_rapportOE1.0_TMAX300_K67_cod2_pbEq1_newVersion_binary.opb,43616.0,288563.0,0.0,0.0,1e+20,1e+20,-1e+20,1e+20,0.0,0.0,5.033395,0.0,0.0,-4.732709946662501,137.1079034849606,0.0,0.005423017697337588,0.005423017697337588,0.0,0.0,0.0,0.0,297596.0,44809.0,3.36026e-06,0.875714,0.0860495,0.038233,0.000349163,0.999651,0.385501,0.0,105067000.0,46851.6,64.8235,-28.9843,-0.447126,141737.0,-63374.1,2186.5,2167.29,12.0711,126.326,4.58087
normalized-BA_RDC4.dot_fibo_50null20mast_rapportOE2.0_TMAX60_K67_cod2_pbEq1_newVersion_sequential.opb,71614.0,145712.0,0.0,0.0,1e+20,1e+20,-1e+20,1e+20,0.0,0.0,5.074952,0.0,0.0,-14.922087503996458,388.573125750562,0.0,0.0029881212955903693,0.0029881212955903693,0.0,0.0,0.0,0.0,161483.0,81322.0,6.1926e-06,0.770954,0.15858,0.0704594,0.000573485,0.999427,0.504753,0.0,90184700.0,279642.0,82.3351,385.542,4.6826,59940.0,280675.0,728.0,121.052,5.15374,11888.5,4.79311
normalized-injcomp_opt_4layers_maxfirst_lastlayerdecr1_size_34.opb,4624.0,3633.0,4624.0,1.0,-8.0,-8.0,-34.0,3.25,0.0,14021.0,5.003316,3.0322231833910034,5.0,-0.2,0.4000000000000001,0.0,0.2,0.2,0.0,0.0,0.0,1.8824952944339877,2515.0,5780.0,0.0,0.0,0.905765,0.0942346,0.0715789,0.928421,0.30839,0.0,114728000.0,239322.0,64.2465,8.7404,0.136045,210793.0,28677.3,3281.0,276.703,17.2872,907.287,4.70229
normalized-faclay60.lin.opb,90684.0,300962.0,0.0,0.0,2306839.0,2306839.0,-1e+20,1e+20,0.0,0.0,5.857163,0.0,1.0,25.437933506092516,7683.42543358996,0.34522798698792523,0.6547609858300711,0.9999889728179964,0.0,0.0,0.0,0.0,246269.0,90685.0,4.0606e-06,0.0,0.999996,0.0,0.109325,0.890675,0.500001,0.345232,134218000.0,1139040.0,13609.5,806350.0,59.2491,20414.2,1209520.0,1.5,0.25,1.0,118747.0,4.7242
normalized-NG.dot_unif_0null0mast_rapportOE2.0_TMAX120_K192_cod1.opb,399113.0,400786.0,0.0,0.0,1e+20,1e+20,-1e+20,1e+20,0.0,0.0,5.495825,0.0,0.0,-426.0175814869473,320.7850271696131,0.0,0.8532746365064531,0.8532746365064531,0.0,0.0,0.0,0.0,400980.0,399113.0,0.0,0.0609706,0.331051,0.607978,0.127336,0.872664,0.48797,0.0,134218000.0,898499.0,29663.5,58486.1,1.97165,370793.0,731076.0,12.5,2.30769,1.0,706.733,4.40115
normalized-j12053_10.std.opb,50444.0,116589.0,0.0,0.0,1e+20,1e+20,-1e+20,1e+20,0.0,0.0,5.017673,0.0,0.0,0.6198347107438017,11.126066629782756,0.004118503061420609,0.0,0.004118503061420609,0.0,0.0,0.0,0.0,256399.0,72842.0,0.00336585,0.852347,0.139607,0.00468021,0.000458975,0.999541,0.390045,1.0,109959000.0,485609.0,44.277,207.535,4.68719,96988.7,454605.0,2190.5,1986.12,12.1091,149.103,4.6345
normalized-opt-market-split_6_50_1.opb,146.0,237.0,146.0,1.0,35.0,35.0,0.0,1e+20,1.0,20140.0,5.001597,137.94520547945206,12.0,20.958904109589042,36.82667227132864,0.6575342465753424,0.0,0.6575342465753424,0.018338154237588153,0.7876271352509864,-3.483709676070239,1012.8578203912464,12.0,146.0,0.0,0.0,0.0,1.0,0.108108,0.891892,0.5,1.0,54922600.0,-12884.9,1.9055,-3.91014,-2.05203,24217.9,-49696.0,12709.5,6825.93,49.3002,-3.09681,4.89285
normalized-NG.dot_fibo_10null0mast_rapportOE1.0_TMAX300_K192_cod1.opb,365115.0,366610.0,0.0,0.0,1e+20,1e+20,-1e+20,1e+20,0.0,0.0,5.337575,0.0,0.0,-661.3342637298209,1534.5968419104559,0.0,0.7680907412186524,0.7680907412186524,0.0,0.0,0.0,0.0,400980.0,399113.0,0.0,0.0609706,0.331051,0.607978,0.1161,0.8839,0.48797,0.0,134218000.0,449212.0,52656.4,13218.6,0.251035,368595.0,92530.3,7.0,0.0,1.0,0.0,4.40467
normalized-clique-coloring-max-clique-n=6-t=4.opb,81.0,602.0,0.0,0.0,2.0,2.0,2.0,0.0,0.0,475.0,0.357412,5.864197530864198,16.0,0.07407407407407407,0.26189140043946213,0.07407407407407407,0.0,0.07407407407407407,0.0,0.0,0.0,0.0,528.0,81.0,0.0,0.0,0.965909,0.0340909,0.003663,0.996337,0.316176,1.0,26809800.0,-3730.74,1.4798,-2.82283,-1.90758,15875.3,-30283.3,10728.0,9186.78,42.7243,2.93113,1.00828
normalized-mps-v2-20-10-p0548.opb,362.0,204.0,0.0,0.0,8691.0,8691.0,8691.0,0.0,0.0,533.0,0.14708,1.4723756906077348,4.0,176.63686131386862,580.8312014291694,0.7591240875912408,0.0,0.7591240875912408,0.0,0.0,0.0,0.0,166.0,548.0,0.0,0.240964,0.138554,0.620482,0.207171,0.792829,0.484296,1.0,59905400.0,288256.0,44.1785,34.6224,0.783692,160081.0,125454.0,3623.5,907.616,18.4801,-95.0121,4.82801
normalized-mps-v2-20-10-core4284-1064.opb,15644.0,3387.0,15644.0,1.0,1405.0,1405.0,26.0,53.03846153846154,0.0,8785.0,5.000878,0.561557146509844,2.0,1.7260999769638332,0.44595829448161867,1.0,0.0,1.0,0.0,0.0,0.0,0.0047239444936522,4285.0,21705.0,0.00373396,0.00326721,0.00210035,0.990898,0.0888104,0.91119,0.92923,1.0,131645000.0,253657.0,133.514,315.423,2.36246,80041.9,189096.0,599.5,77.8367,4.2375,-16779.0,4.82279
normalized-single-obj-f4-DataDisplay_2_order9.seq-B-3-combined-EDCBAir.opb,1572.0,2994.0,1572.0,1.0,-13516657.0,-13516657.0,-23420687.18921645,0.7327277883293517,0.0,22481.0,5.00843,14.30089058524173,1.0,-107096.69475394614,1701498.9874836325,0.021123491179201485,0.017409470752089137,0.038532961931290625,1e+99,0.0,1e+99,0.044379925342181666,15405.0,4308.0,0.00227199,0.71704,0.125024,0.155664,0.00417306,0.995827,0.473405,0.548193,67946700.0,36597.2,8.49333,-1.06294,-0.12515,38432.3,-4809.82,4525.0,1533.77,21.3691,-61.1073,4.88417
normalized-single-obj-f1-DataDisplay_0_order4.seq-A-3-2-irabcde.opb,76.0,208.0,0.0,0.0,5873715.0,5873715.0,5873715.0,0.0,0.0,101.0,0.042512,1.3289473684210527,5.0,15776.447837150126,64989.17052368566,0.1628498727735369,0.0,0.1628498727735369,0.0,0.0,0.0,0.0,1101.0,393.0,0.0354223,0.679382,0.181653,0.103542,0.023469,0.976531,0.44724,1.0,127059000.0,1821.53,2.9027,54.6923,18.8418,107.4,2023.61,37.0,31.6267,1.0,8.82504,0.005
normalized-Generated_notes_20140709_1000_0.10-004.opb,78220.0,838.0,0.0,0.0,0.0,0.0,-1e+20,1e+20,0.0,0.0,5.067717,0.0,1.0,-156.7116260315583,329.9353369546456,0.0,0.9127442810677132,0.9127442810677132,0.0,0.0,0.0,0.0,1850.0,186005.0,0.0637838,0.0151351,0.0124324,0.908649,0.253348,0.746652,0.0295473,0.0,102166000.0,3540920.0,4271.76,51003.8,11.9398,284072.0,3391750.0,66.5,6.33582,1.25373,91263.5,4.67508
normalized-j302_9.std.opb,15671.0,34419.0,0.0,0.0,1e+20,1e+20,-1e+20,1e+20,0.0,0.0,5.004697,0.0,0.0,2.4193548387096775,21.882050669881256,0.016075447433286892,0.0,0.016075447433286892,0.0,0.0,0.0,0.0,59625.0,18662.0,0.00293501,0.823698,0.158273,0.0150943,0.00222038,0.99778,0.432847,1.0,134218000.0,71767.0,3787.0,161067.0,42.5316,1893.5,80533.5,0.5,1.5,1.0,166.667,0.147153
normalized-NG.dot_unif_50null10mast_rapportOE2.0_TMAX180_K192_cod1.opb,228932.0,229714.0,0.0,0.0,1e+20,1e+20,-1e+20,1e+20,0.0,0.0,5.008076,0.0,0.0,-264.9444067219058,370.64922340948067,0.0,0.4268765988579675,0.4268765988579675,0.0,0.0,0.0,0.0,400980.0,399113.0,0.0,0.0609706,0.331051,0.607978,0.068033,0.931967,0.48797,0.0,134218000.0,481953.0,38816.1,15209.7,0.391839,368753.0,144492.0,9.5,0.0,1.0,0.0,4.26247
normalized-autocorr_bern45-23.lin.opb,10776.0,10745.0,10776.0,1.0,-2268.0,-2268.0,-764566.0,336.11022927689595,0.0,1994.0,5.001067,0.1850408314773571,5.0,0.0,354.73881877677525,0.36952487008166296,0.6304751299183371,1.0,0.0,0.0,0.0,-1.9758643183300717,21462.0,10776.0,0.0,0.0,0.0686795,0.93132,0.106021,0.893979,0.5,0.369525,29606900.0,92651.7,17.5584,3065.18,174.571,588.206,102684.0,33.5,24.9853,1.0,6531.43,4.96524
normalized-j12051_9.std.opb,51958.0,120708.0,0.0,0.0,1e+20,1e+20,-1e+20,1e+20,0.0,0.0,5.038268,0.0,0.0,0.6198347107438017,11.126066629782756,0.004118503061420609,0.0,0.004118503061420609,0.0,0.0,0.0,0.0,256210.0,72842.0,0.00336833,0.852352,0.139596,0.00468366,0.000459261,0.999541,0.389999,1.0,117601000.0,160129.0,23.9166,65.1016,2.72203,60162.2,163763.0,2515.5,2291.64,13.747,69.4749,4.7136
normalized-NG.dot_fibo_20null10mast_rapportOE1.0_TMAX60_K192_cod1.opb,331117.0,332434.0,0.0,0.0,1e+20,1e+20,-1e+20,1e+20,0.0,0.0,5.460001,0.0,0.0,-1524.4950177017536,3238.544720828884,0.0,0.6829068459308517,0.6829068459308517,0.0,0.0,0.0,0.0,400980.0,399113.0,0.0,0.0609706,0.331051,0.607978,0.104571,0.895429,0.48797,0.0,134218000.0,538053.0,22342.9,11766.9,0.526651,368658.0,194154.0,16.5,0.0,1.0,0.0,4.40767
normalized-NG.dot_fibo_20null50mast_rapportOE2.0_TMAX300_K192_cod2.opb,400896.0,400786.0,0.0,0.0,1e+20,1e+20,-1e+20,1e+20,0.0,0.0,5.364651,0.0,0.0,-25.419876975574713,519.6582752936966,0.0,0.0035595266602809704,0.0035595266602809704,0.0,0.0,0.0,0.0,402763.0,400896.0,0.0,0.0607007,0.329586,0.609713,0.000609734,0.99939,0.63328,0.0,109478000.0,-3541550.0,1698.01,-15420.4,-9.08147,399881.0,-3631500.0,235.5,92.5085,2.27331,1518.01,4.41175
normalized-NG.dot_fibo_10null10mast_rapportOE2.0_TMAX60_K192_cod2.opb,400896.0,400786.0,0.0,0.0,1e+20,1e+20,-1e+20,1e+20,0.0,0.0,5.360895,0.0,0.0,-8.114421196519796,258.35549525265844,0.0,0.004003532088122605,0.004003532088122605,0.0,0.0,0.0,0.0,402763.0,400896.0,0.0,0.0607007,0.329586,0.609713,0.000685739,0.999314,0.63328,0.0,108359000.0,5776720.0,8161.5,104224.0,12.7703,440721.0,5628120.0,54.0,28.211,1.08257,22081.9,4.33312
normalized-NG.dot_luby_50null50mast_rapportOE1.0_TMAX15_K192_cod1.opb,228932.0,229714.0,0.0,0.0,1e+20,1e+20,-1e+20,1e+20,0.0,0.0,5.293765,0.0,0.0,-218.31627383723406,253.2107664332456,0.0,0.4268765988579675,0.4268765988579675,0.0,0.0,0.0,0.0,400980.0,399113.0,0.0,0.0609706,0.331051,0.607978,0.068033,0.931967,0.48797,0.0,134218000.0,521737.0,81938.6,44462.6,0.542633,368724.0,200082.0,4.5,0.0,1.0,0.0,4.42709
normalized-graphpart_3pm-0334-0334.lin.opb,404.0,527.0,404.0,1.0,-35.0,-35.0,-39.916666666666664,0.14047619047619042,0.0,8905.0,5.000234,22.042079207920793,23.0,0.0,0.8660254037844386,0.375,0.375,0.75,0.0,0.0,0.0,2.736080178173719,684.0,432.0,0.0,0.0,1.0,0.0,0.136364,0.863636,0.526316,0.5,74379100.0,16110.1,5.2473,-4.61059,-0.878659,52913.8,-46493.2,10084.0,5744.94,40.8243,11.0841,4.88939
normalized-single-obj-f11-DCTotalLoss.seq-B-3-2-irabcde.opb,5237.0,13161.0,0.0,0.0,1e+20,1e+20,-1e+20,1e+20,0.0,0.0,5.001436,0.0,0.0,12577718.09637052,82502486.54878832,0.03126154414480975,0.0,0.03126154414480975,0.0,0.0,0.0,0.0,79163.0,21656.0,0.0160428,0.65782,0.177709,0.148428,0.00344812,0.996552,0.454099,1.0,68248300.0,-50321.9,7.36201,-12.4929,-1.69695,62433.5,-105946.0,8480.5,6579.16,36.531,16.4078,4.8175
normalized-BA_RDC4.dot_fibo_50null0mast_rapportOE1.0_TMAX15_K67_cod2_pbEq1_newVersion_ladder.opb,66901.0,67180.0,0.0,0.0,1e+20,1e+20,-1e+20,1e+20,0.0,0.0,5.0181,0.0,0.0,-2.6510784289614127,103.262753027363,0.0,0.0029881212955903693,0.0029881212955903693,0.0,0.0,0.0,0.0,201868.0,81322.0,4.95373e-06,0.622204,0.324167,0.0536242,0.00048167,0.999518,0.503992,0.0,104693000.0,1343010.0,145.591,2801.39,19.2415,68427.9,1316650.0,470.0,192.445,3.86929,4229.18,4.74632
normalized-BA_RDC4.dot_unif_20null50mast_rapportOE2.0_TMAX180_K67_cod2.opb,30822.0,30891.0,0.0,0.0,1e+20,1e+20,-1e+20,1e+20,0.0,0.0,5.019708,0.0,0.0,-7.815277133155825,84.59639440109032,0.0,0.009502406136258152,0.009502406136258152,0.0,0.0,0.0,0.0,41436.0,40937.0,2.41336e-05,0.0940245,0.618013,0.287938,0.00173965,0.99826,0.598238,0.0,75858600.0,598793.0,220.373,550.291,2.49708,176519.0,440783.0,801.0,224.212,5.56207,-4181.85,4.74723
normalized-BA_RDC4.dot_fibo_0null0mast_rapportOE2.0_TMAX180_K67_cod2_pbEq1_newVersion_binary.opb,43616.0,288563.0,0.0,0.0,1e+20,1e+20,-1e+20,1e+20,0.0,0.0,5.04993,0.0,0.0,-9.847843067240957,199.42866835048798,0.0,0.010846035394675177,0.010846035394675177,0.0,0.0,0.0,0.0,297596.0,44809.0,3.36026e-06,0.875714,0.0860495,0.038233,0.000698081,0.999302,0.385501,0.0,91641600.0,1790050.0,459.365,3856.95,8.39627,194541.0,1633420.0,423.5,204.343,3.64151,6575.74,4.5446
normalized-matrix_5x3_9.opb,13103.0,13114.0,13103.0,1.0,28.0,28.0,8.5,2.2941176470588234,0.0,840.0,5.003011,0.06410745630771579,2.0,0.0721850613154961,0.2587940846278643,0.0721850613154961,0.0,0.0721850613154961,0.0,0.0,0.0,-0.5275659358118844,53247.0,14352.0,9.3902e-05,0.749845,0.231957,0.0181043,0.00763364,0.992366,0.505335,1.0,79560400.0,545370.0,16.0223,364.815,22.7691,23264.4,529711.0,1452.0,748.379,8.93941,-444.598,4.88269
normalized-BA_RDC4.dot_unif_50null0mast_rapportOE1.0_TMAX300_K67_cod2.opb,22011.0,22080.0,0.0,0.0,1e+20,1e+20,-1e+20,1e+20,0.0,0.0,5.017143,0.0,0.0,-2.9409580575029923,44.24091903717588,0.0,0.005935950362752522,0.005935950362752522,0.0,0.0,0.0,0.0,41436.0,40937.0,2.41336e-05,0.0940245,0.618013,0.287938,0.00108743,0.998913,0.598238,0.0,84495300.0,-104005.0,123.031,-171.305,-1.39237,201525.0,-280597.0,1638.0,753.15,9.60391,-375.843,4.77097
normalized-NG.dot_unif_0null50mast_rapportOE2.0_TMAX300_K192_cod1.opb,399113.0,400786.0,0.0,0.0,1e+20,1e+20,-1e+20,1e+20,0.0,0.0,5.344345,0.0,0.0,-631.1174304019163,401.85588335932226,0.0,0.8532746365064531,0.8532746365064531,0.0,0.0,0.0,0.0,400980.0,399113.0,0.0,0.0609706,0.331051,0.607978,0.127336,0.872664,0.48797,0.0,134218000.0,472346.0,21064.5,6471.09,0.307203,368629.0,113244.0,17.5,0.0,1.0,0.0,4.35219
normalized-BA_RDC4.dot_fibo_0null0mast_rapportOE1.0_TMAX120_K67_cod2_pbEq1_newVersion_product.opb,52558.0,135477.0,0.0,0.0,1e+20,1e+20,-1e+20,1e+20,0.0,0.0,5.046509,0.0,0.0,-7.922952529994784,179.26923201793085,0.0,0.008450704225352112,0.008450704225352112,0.0,0.0,0.0,0.0,149401.0,57510.0,6.6934e-06,0.752431,0.171404,0.0761575,0.0012156,0.998784,0.589766,0.0,86809100.0,1015130.0,224.753,2300.61,10.2362,94059.0,962804.0,418.5,152.218,3.60263,8220.59,4.71638
Init-x2-i5_pp_85.opb,587037.0,587038.0,0.0,0.0,1e+20,1e+20,-1e+20,1e+20,0.0,0.0,5.180668,0.0,0.0,0.004909744346483787,0.06989734441977019,0.004909744346483787,0.0,0.004909744346483787,0.0,0.0,0.0,0.0,588219.0,588218.0,2.21006e-05,0.946012,0.0034783,0.050488,0.000849993,0.99915,0.990832,1.0,134218000.0,7729110.0,652.544,168106.0,257.616,31322.1,8069080.0,48.0,23.6701,1.0,165.879,4.41951
normalized-NG.dot_unif_0null50mast_rapportOE2.0_TMAX60_K192_cod1.opb,399113.0,400786.0,0.0,0.0,1e+20,1e+20,-1e+20,1e+20,0.0,0.0,5.532983,0.0,0.0,-639.3113554306675,399.361822435355,0.0,0.8532746365064531,0.8532746365064531,0.0,0.0,0.0,0.0,400980.0,399113.0,0.0,0.0609706,0.331051,0.607978,0.127336,0.872664,0.48797,0.0,134218000.0,491143.0,16384.2,5876.26,0.358655,368644.0,132216.0,22.5,0.0,1.0,0.0,4.41069
normalized-comppebphp_opt_pyrheightequalsnholes_35.opb,840492.0,51066.0,0.0,0.0,1e+20,1e+20,-1e+20,1e+20,0.0,0.0,5.72523,0.0,0.0,0.001584786053882726,0.039777814256770704,0.001584786053882726,0.0,0.001584786053882726,0.0,0.0,0.0,0.0,51066.0,840492.0,0.0,0.0,0.0,1.0,0.000726224,0.999274,0.499524,1.0,134218000.0,1201.57,-26.7474,39.0987,-1.46178,-101105.0,147793.0,3780.0,95.2968,18.4969,-924.592,3.51194
normalized-comppebvc_opt_195.opb,76049.0,151518.0,0.0,0.0,38222.0,38222.0,-1e+20,1e+20,0.0,0.0,5.066434,0.0,1.0,0.5000261643118786,0.4999999993154288,0.5000261643118786,0.0,0.5000261643118786,0.0,0.0,0.0,0.0,152295.0,76440.0,0.0,0.503201,0.0,0.496799,0.0773518,0.922648,0.668092,1.0,0.0,0.0,0.0,0.0,0.0,0.0,0.0,0.0,0.0,0.0,0.0,4.81008
normalized-bab2.opb,146135.0,16782.0,0.0,0.0,1e+20,1e+20,-1e+20,1e+20,0.0,0.0,6.716776,0.0,0.0,2250.6870166044673,3756.1263974806707,0.7111796203147818,0.07874952674563254,0.7899291470604143,0.0,0.0,0.0,0.0,17243.0,147912.0,0.0,0.00301572,0.0843241,0.91266,0.0544821,0.945518,0.354144,0.900308,92772000.0,-515587.0,184.868,382.702,2.07014,289965.0,600267.0,1568.5,403.263,9.35596,837.779,4.64188
normalized-BA_RDC4.dot_fibo_50null10mast_rapportOE2.0_TMAX300_K67_cod2_pbEq1_newVersion_sequential.opb,71579.0,145712.0,0.0,0.0,1e+20,1e+20,-1e+20,1e+20,0.0,0.0,5.150059,0.0,0.0,-8.644266004279284,282.39828953084697,0.0,0.0029881212955903693,0.0029881212955903693,0.0,0.0,0.0,0.0,161483.0,81322.0,6.1926e-06,0.770954,0.15858,0.0704594,0.000573485,0.999427,0.504753,0.0,113728000.0,429700.0,238.395,660.891,2.77225,123250.0,341681.0,517.0,350.139,4.057,2285.29,4.62344
normalized-BA_RDC4.dot_unif_10null50mast_rapportOE1.0_TMAX300_K67_cod2_pbEq1_newVersion_product.opb,52558.0,135477.0,0.0,0.0,1e+20,1e+20,-1e+20,1e+20,0.0,0.0,5.030531,0.0,0.0,-5.769292296991828,72.11323701448507,0.0,0.007616066770996349,0.007616066770996349,0.0,0.0,0.0,0.0,149401.0,57510.0,6.6934e-06,0.752431,0.171404,0.0761575,0.00109567,0.998904,0.589766,0.0,98366100.0,170440.0,651.493,-215.051,-0.33009,289914.0,-95697.9,445.0,136.141,3.75196,12713.9,4.46623
SMTI_50000_3_0.85_4.opb,228439.0,224632.0,0.0,0.0,1e+20,1e+20,-1e+20,1e+20,0.0,0.0,9.367069,0.0,0.0,0.4,0.48989794855663565,0.4,0.0,0.4,0.0,0.0,0.0,0.0,250001.0,250000.0,0.012268,0.0407638,0.109132,0.837837,0.0708743,0.929126,0.96186,1.0,134218000.0,1877920.0,10326.8,14983.4,1.45093,784837.0,1138740.0,76.0,0.503268,1.34641,297.39,3.56287
normalized-BA_RDC4.dot_luby_10null50mast_rapportOE1.0_TMAX120_K67_cod2_pbEq1_newVersion_ladder.opb,54397.0,54574.0,0.0,0.0,1e+20,1e+20,-1e+20,1e+20,0.0,0.0,5.001555,0.0,0.0,-0.7741201642851873,13.985068916333457,0.0,0.005385996409335727,0.005385996409335727,0.0,0.0,0.0,0.0,201868.0,81322.0,4.95373e-06,0.622204,0.324167,0.0536242,0.000867859,0.999132,0.503992,0.0,107224000.0,673931.0,201.981,3951.62,19.5644,36053.5,705364.0,178.5,83.7039,1.88268,2819.02,4.77535
normalized-BA_RDC4.dot_luby_10null50mast_rapportOE1.0_TMAX180_K67_cod1.opb,33329.0,33836.0,0.0,0.0,1e+20,1e+20,-1e+20,1e+20,0.0,0.0,5.03642,0.0,0.0,-102.5675014214729,124.41783490526937,0.0,0.7146424068626239,0.7146424068626239,0.0,0.0,0.0,0.0,40950.0,40451.0,2.442e-05,0.0951404,0.625348,0.279487,0.115267,0.884733,0.455087,0.0,109518000.0,556093.0,266.67,482.912,1.8109,208536.0,377637.0,782.0,275.282,5.32588,4322.0,4.50575
normalized-knapPI_6_200_10000_5_-48992.opb,0.0,0.0,0.0,0.0,-48992.0,-48992.0,-48992.0,0.0,0.0,0.0,0.14549199999999998,0.0,2.0,-5085.234,2818.8562831836603,0.0,1.0,1.0,0.0,0.0,0.0,0.0,1.0,1000.0,0.0,0.0,0.0,1.0,0.5,0.5,0.0,0.0,105837000.0,336391.0,69.3185,162.643,2.34631,100443.0,235670.0,1449.0,277.1,8.95619,-1734.88,4.78108
normalized-BA_RDC4.dot_luby_0null50mast_rapportOE2.0_TMAX15_K67_cod2_pbEq1_newVersion_product.opb,52558.0,135477.0,0.0,0.0,1e+20,1e+20,-1e+20,1e+20,0.0,0.0,5.027688,0.0,0.0,-1.0953573291601462,16.61211367186499,0.0,0.008450704225352112,0.008450704225352112,0.0,0.0,0.0,0.0,149401.0,57510.0,6.6934e-06,0.752431,0.171404,0.0761575,0.0012156,0.998784,0.589766,0.0,109989000.0,-1358870.0,307.837,-3715.38,-12.0693,118363.0,-1428570.0,384.5,102.295,3.4026,7265.32,4.70263
normalized-BA_RDC4.dot_unif_50null10mast_rapportOE1.0_TMAX120_K67_cod1.opb,21731.0,22060.0,0.0,0.0,1e+20,1e+20,-1e+20,1e+20,0.0,0.0,5.007135,0.0,0.0,-239.6042619465526,356.37804858849125,0.0,0.39647969147857903,0.39647969147857903,0.0,0.0,0.0,0.0,40950.0,40451.0,2.442e-05,0.0951404,0.625348,0.279487,0.0674089,0.932591,0.455087,0.0,111680000.0,959157.0,129.355,800.865,6.1912,137440.0,850919.0,1062.5,301.98,7.19238,-362.073,4.80056
normalized-pb302075.lin.opb,136159.0,389162.0,0.0,0.0,1e+20,1e+20,-1e+20,1e+20,0.0,0.0,5.369023,0.0,0.0,10692.876576250754,13079.199355604509,1.0,0.0,1.0,0.0,0.0,0.0,0.0,330650.0,165900.0,0.0,0.0,0.999849,0.000151217,0.143153,0.856847,0.5,1.0,130023000.0,784377.0,574.758,60731.4,105.664,8908.75,941337.0,15.5,14.0312,1.0,455.069,4.76607
normalized-BA_RDC4.dot_fibo_50null10mast_rapportOE2.0_TMAX120_K67_cod2_pbEq1_newVersion_binary.opb,43616.0,288563.0,0.0,0.0,1e+20,1e+20,-1e+20,1e+20,0.0,0.0,5.06662,0.0,0.0,-16.149635117945056,382.0959620193484,0.0,0.005423017697337588,0.005423017697337588,0.0,0.0,0.0,0.0,297596.0,44809.0,3.36026e-06,0.875714,0.0860495,0.038233,0.000349163,0.999651,0.385501,0.0,106985000.0,726729.0,195.716,909.039,4.64469,134946.0,626783.0,689.5,187.801,4.93478,7559.42,4.59431
normalized-minisat100_4_32_6.opb,10100.0,10404.0,10100.0,1.0,150045163.0,150045163.0,-3.0,1e+20,0.0,7429.0,5.000919,0.7355445544554455,1.0,8737872.11920792,17228425.051603626,0.9801980198019802,0.0049504950495049506,0.9851485148514851,9.999999999999998e+98,1.2141680576410807e+83,1e+99,3.686082276047674,30206.0,20200.0,0.0,0.65881,0.163875,0.177316,0.13249,0.86751,0.615503,0.994975,86451400.0,470658.0,111.879,2351.22,21.0157,22263.9,467892.0,199.0,48.5414,1.99749,34984.7,4.88498
normalized-BA_RDC4.dot_unif_20null20mast_rapportOE2.0_TMAX300_K67_cod2_pbEq1_newVersion_ladder.opb,75882.0,76085.0,0.0,0.0,1e+20,1e+20,-1e+20,1e+20,0.0,0.0,5.018244,0.0,0.0,-2.989523130272251,48.93356344234818,0.0,0.004783453432035611,0.004783453432035611,0.0,0.0,0.0,0.0,201868.0,81322.0,4.95373e-06,0.622204,0.324167,0.0536242,0.000770845,0.999229,0.503992,0.0,86267500.0,-1531150.0,193.972,-2589.07,-13.3476,121523.0,-1622050.0,626.5,187.138,4.57097,-8322.55,4.70594
normalized-BA_RDC4.dot_fibo_20null0mast_rapportOE1.0_TMAX180_K67_cod2_pbEq1_newVersion_product.opb,52559.0,135477.0,0.0,0.0,1e+20,1e+20,-1e+20,1e+20,0.0,0.0,5.047242,0.0,0.0,-5.227995131281516,143.21558037073245,0.0,0.0067640410363415055,0.0067640410363415055,0.0,0.0,0.0,0.0,149401.0,57510.0,6.6934e-06,0.752431,0.171404,0.0761575,0.000973213,0.999027,0.589766,0.0,103126000.0,-453108.0,50.0719,-302.166,-6.03465,82869.0,-500085.0,1655.0,1540.63,9.656,286.038,4.75979
normalized-BA_RDC4.dot_unif_20null20mast_rapportOE2.0_TMAX300_K67_cod2_pbEq1_newVersion.opb,30815.0,30884.0,0.0,0.0,1e+20,1e+20,-1e+20,1e+20,0.0,0.0,5.042861,0.0,0.0,-5.938735129589369,68.84173879316295,0.0,0.009502406136258152,0.009502406136258152,0.0,0.0,0.0,0.0,40882.0,40937.0,2.44606e-05,0.0952742,0.626388,0.278313,0.00212953,0.99787,0.729932,0.0,0.0,0.0,0.0,0.0,0.0,0.0,0.0,0.0,0.0,0.0,0.0,5.0
normalized-NG.dot_fibo_50null0mast_rapportOE1.0_TMAX300_K192_cod2.opb,400896.0,400786.0,0.0,0.0,1e+20,1e+20,-1e+20,1e+20,0.0,0.0,5.333387,0.0,0.0,-2.0499206776819925,90.99190255656028,0.0,0.002225015964240102,0.002225015964240102,0.0,0.0,0.0,0.0,402763.0,400896.0,0.0,0.0607007,0.329586,0.609713,0.000381224,0.999619,0.63328,0.0,131362000.0,2750380.0,5564.08,38124.6,6.85191,389486.0,2668720.0,70.0,7.32624,1.29078,17008.5,4.44587
normalized-matrix_5x3_4.opb,96704.0,334519.0,0.0,0.0,1e+20,1e+20,-1e+20,1e+20,0.0,0.0,5.071617,0.0,0.0,0.03146639409153314,0.17457451169746818,0.03146639409153314,0.0,0.03146639409153314,0.0,0.0,0.0,0.0,388956.0,99789.0,1.28549e-05,0.751555,0.240572,0.0078595,0.00319934,0.996801,0.503579,1.0,88221800.0,2023510.0,44.5828,5915.24,132.68,15849.2,2102870.0,355.5,205.441,3.17135,2880.65,4.63535
normalized-BA_RDC4.dot_luby_0null50mast_rapportOE2.0_TMAX300_K67_cod2_pbEq1_newVersion_ladder.opb,40728.0,40894.0,0.0,0.0,1e+20,1e+20,-1e+20,1e+20,0.0,0.0,5.009478,0.0,0.0,-0.7740340867170016,13.975934535822528,0.0,0.005976242591180739,0.005976242591180739,0.0,0.0,0.0,0.0,201868.0,81322.0,4.95373e-06,0.622204,0.324167,0.0536242,0.000962876,0.999037,0.503992,0.0,118064000.0,-2993960.0,913.241,9295.08,10.1781,306849.0,3123150.0,336.0,124.646,3.06686,10243.5,4.35884
normalized-BA_RDC4.dot_fibo_0null50mast_rapportOE1.0_TMAX300_K67_cod2_pbEq1_newVersion_sequential.opb,72824.0,145712.0,0.0,0.0,1e+20,1e+20,-1e+20,1e+20,0.0,0.0,5.051114,0.0,0.0,-35.485551265340256,607.6639840343273,0.0,0.005976242591180739,0.005976242591180739,0.0,0.0,0.0,0.0,161483.0,81322.0,6.1926e-06,0.770954,0.15858,0.0704594,0.00114631,0.998854,0.504753,0.0,118639000.0,244337.0,53.0026,90.4184,1.70592,104548.0,178350.0,1972.5,1955.18,11.0892,159.6,4.73924
normalized-BA_RDC4.dot_fibo_0null0mast_rapportOE2.0_TMAX180_K67_cod2_pbEq1_newVersion_sequential.opb,71568.0,143199.0,0.0,0.0,1e+20,1e+20,-1e+20,1e+20,0.0,0.0,5.118179,0.0,0.0,-5.4262315240648284,148.1166220572623,0.0,0.005976242591180739,0.005976242591180739,0.0,0.0,0.0,0.0,161483.0,81322.0,6.1926e-06,0.770954,0.15858,0.0704594,0.00114631,0.998854,0.504753,0.0,94572600.0,1435200.0,440.773,4451.9,10.1002,133334.0,1346700.0,302.5,155.616,2.84158,4965.34,4.67554
normalized-minisat85_4_27_0.opb,7310.0,7569.0,7310.0,1.0,315398609.0,315398609.0,-3.0,1e+20,0.0,9785.0,5.000845,1.338577291381669,1.0,8918654.115389876,17976190.19320715,0.9767441860465116,0.005813953488372093,0.9825581395348837,9.999999999999998e+98,1.2141680576410807e+83,1e+99,3.6609855991544458,21851.0,14620.0,0.0,0.657407,0.163379,0.179214,0.132341,0.867659,0.615523,0.994083,80135900.0,2184050.0,291.066,12678.7,43.5595,49335.6,2149040.0,169.5,0.0,1.82353,0.0,4.8837
SMTI_50000_3_0.75_10.opb,214337.0,207552.0,0.0,0.0,1e+20,1e+20,-1e+20,1e+20,0.0,0.0,9.783777,0.0,0.0,0.4,0.48989794855663565,0.4,0.0,0.4,0.0,0.0,0.0,0.0,250001.0,250000.0,0.0157479,0.0503118,0.128739,0.805201,0.0734578,0.926542,0.960359,1.0,134218000.0,1200390.0,10049.8,6958.52,0.692406,733633.0,507972.0,73.0,0.653061,1.31973,197.771,3.30235
Init-x2-i6_pp_82.opb,617006.0,617007.0,0.0,0.0,1e+20,1e+20,-1e+20,1e+20,0.0,0.0,5.110777,0.0,0.0,0.004674266125651654,0.06820863113886846,0.004674266125651654,0.0,0.004674266125651654,0.0,0.0,0.0,0.0,617852.0,617851.0,8.09255e-06,0.937467,0.00511611,0.0574086,0.000813996,0.999186,0.989279,1.0,134218000.0,3569770.0,1282.07,247426.0,192.99,20513.1,3958810.0,16.0,8.66667,1.0,92.1503,4.36303
normalized-mps-v2-20-10-nw04.opb,46143.0,35.0,0.0,0.0,1e+20,1e+20,-1e+20,1e+20,0.0,0.0,5.047447,0.0,0.0,1373.877826295695,465.16246504202144,1.0,0.0,1.0,0.0,0.0,0.0,0.0,36.0,87482.0,0.0,0.0,0.0,1.0,0.120807,0.879193,1.0,1.0,109946000.0,889166.0,9203.55,11731.8,1.27471,427965.0,545531.0,46.5,2.31915,1.0,505171.0,4.33116
normalized-BA_RDC4.dot_luby_0null0mast_rapportOE1.0_TMAX180_K67_cod2.opb,36668.0,36737.0,0.0,0.0,1e+20,1e+20,-1e+20,1e+20,0.0,0.0,5.01948,0.0,0.0,-0.04299289151623226,1.0277239136097096,0.0,0.011871900725505044,0.011871900725505044,0.0,0.0,0.0,0.0,41436.0,40937.0,2.41336e-05,0.0940245,0.618013,0.287938,0.0021725,0.997827,0.598238,0.0,94664400.0,-129144.0,63.5476,-137.481,-2.16343,80832.6,-174876.0,1272.0,479.734,8.24637,-1653.86,4.84074
normalized-j12059_1.std.opb,50174.0,117915.0,0.0,0.0,1e+20,1e+20,-1e+20,1e+20,0.0,0.0,5.016152,0.0,0.0,0.6198347107438017,11.126066629782756,0.004118503061420609,0.0,0.004118503061420609,0.0,0.0,0.0,0.0,256234.0,72842.0,0.00336802,0.852432,0.139517,0.00468322,0.000435253,0.999565,0.369637,1.0,115376000.0,76236.4,58.6599,-9.69143,-0.165214,171081.0,-28265.1,2916.5,2340.8,15.7288,114.525,4.53622
normalized-j9045_4.std.opb,41644.0,99082.0,0.0,0.0,1e+20,1e+20,-1e+20,1e+20,0.0,0.0,5.026706,0.0,0.0,0.8241758241758241,12.823050507610667,0.0054762513234274035,0.0,0.0054762513234274035,0.0,0.0,0.0,0.0,192816.0,54782.0,0.00335553,0.850733,0.139688,0.00622355,0.000579353,0.999421,0.369722,1.0,113408000.0,129544.0,16.4915,20.4418,1.23953,78755.3,97619.9,4775.5,4491.32,22.2776,-33.8021,4.76315
normalized-clique-coloring-max-clique-n=14-t=9.opb,427.0,17425.0,427.0,1.0,13.0,13.0,0.0,1e+20,0.0,960.0,5.001701,2.2482435597189694,2.0,0.03278688524590164,0.1780783687082002,0.03278688524590164,0.0,0.03278688524590164,0.0,0.0,0.0,2.0365748955411824,17423.0,427.0,0.0,0.0,0.997589,0.00241061,0.00026571,0.999734,0.320797,1.0,55814000.0,-24502.5,0.403185,3.24144,8.03959,-2097.47,-16862.8,-5202.26,-8924.45,139.579,-0.971221,4.72083
normalized-10:10:4.5:0.95:98.opb,403.0,479.0,0.0,0.0,1.0,1.0,1.0,0.0,0.0,1310.0,1.035082,3.2506203473945408,6.0,1.4428223844282237,13.347809020938616,0.9975669099756691,0.0024330900243309003,1.0,0.0,0.0,0.0,0.0,477.0,411.0,0.00209644,0.798742,0.00209644,0.197065,0.204071,0.795929,0.762944,0.997567,94294600.0,130820.0,3.78896,11.3988,3.00842,30690.6,92330.2,8100.0,853.638,35.3972,66.7078,4.87821
normalized-mps-v2-20-10-ganges.opb,33648.0,2168.0,0.0,0.0,1e+20,1e+20,-1e+20,0.0,0.0,0.0,0.216103,0.0,0.0,-19198.603705230274,502442.12419394054,0.0,0.050090027550599825,0.050090027550599825,0.0,0.0,0.0,0.0,1706.0,46097.0,0.0,0.0,0.0,1.0,0.0135234,0.986477,0.606916,0.0,134218000.0,1.0,0.0,0.0,0.0,0.0,14267.0,0.0,0.0,0.0,0.0,0.052444
normalized-BA_RDC4.dot_fibo_10null0mast_rapportOE2.0_TMAX300_K67_cod3.opb,33315.0,33822.0,0.0,0.0,1e+20,1e+20,-1e+20,1e+20,0.0,0.0,5.018313,0.0,0.0,-600.4480976984499,1411.9265030169458,0.0,0.7146424068626239,0.7146424068626239,0.0,0.0,0.0,0.0,40950.0,40451.0,2.442e-05,0.0951404,0.625348,0.279487,0.115267,0.884733,0.455087,0.0,106368000.0,-611994.0,68.395,-597.616,-8.73771,74790.0,-653493.0,1093.5,437.532,7.35375,-1840.7,4.87171
normalized-BA_RDC4.dot_fibo_10null10mast_rapportOE1.0_TMAX300_K67_cod2_pbEq1_newVersion_product.opb,52558.0,135477.0,0.0,0.0,1e+20,1e+20,-1e+20,1e+20,0.0,0.0,5.045089,0.0,0.0,-16.847417840375588,368.6086584809678,0.0,0.007616066770996349,0.007616066770996349,0.0,0.0,0.0,0.0,149401.0,57510.0,6.6934e-06,0.752431,0.171404,0.0761575,0.00109567,0.998904,0.589766,0.0,112578000.0,-1967860.0,354.114,-4178.28,-11.7992,178828.0,-2110030.0,505.0,108.529,4.02077,15999.6,4.67632
normalized-BA_RDC4.dot_fibo_50null20mast_rapportOE1.0_TMAX180_K67_cod2_pbEq1_newVersion_sequential.opb,71652.0,145712.0,0.0,0.0,1e+20,1e+20,-1e+20,1e+20,0.0,0.0,5.061174,0.0,0.0,-14.4345933449743,384.7678596937369,0.0,0.0029881212955903693,0.0029881212955903693,0.0,0.0,0.0,0.0,161483.0,81322.0,6.1926e-06,0.770954,0.15858,0.0704594,0.000573485,0.999427,0.504753,0.0,117304000.0,451595.0,55.886,227.615,4.07285,96431.2,392750.0,1725.5,1646.15,9.95713,325.159,4.74316
normalized-mps-v2-20-10-n3706.opb,92686.0,15444.0,92686.0,1.0,1e+20,1e+20,0.0,1e+20,0.0,0.0,5.007452,0.0,0.0,191260242.90510324,612439150.8006126,1.0,0.0,1.0,9.999999999999997e+98,2.4283361152821613e+83,1e+99,21013.34939134939,5150.0,155000.0,0.0,0.0,0.0,1.0,0.254098,0.745902,0.67033,1.0,130119000.0,719782.0,2454.56,10629.3,4.33045,159546.0,690907.0,65.0,10.3664,1.23664,12829.7,4.06638
normalized-tanglegram3.opb,97288.0,192420.0,0.0,0.0,96210.0,96210.0,-1e+20,1e+20,0.0,0.0,8.310167,0.0,2.0,0.9889194967519118,0.10467915597604549,0.9889194967519118,0.0,0.9889194967519118,0.0,0.0,0.0,0.0,192420.0,97288.0,0.0,0.0,1.0,0.0,0.142857,0.857143,0.666667,1.0,134218000.0,2605580.0,50114.6,11982.3,0.239097,2154930.0,515237.0,43.0,42.4023,1.0,5.32692,2.58248
normalized-comppebvc_opt_150.opb,44999.0,89553.0,44999.0,1.0,22651.0,22651.0,0.0,1e+20,0.0,0.0,5.014234,0.0,2.0,0.5000441501103753,0.4999999980507678,0.5000441501103753,0.0,0.5000441501103753,0.0,0.0,0.0,1.9966723616182596,90150.0,45300.0,0.0,0.50416,0.0,0.49584,0.0774819,0.922518,0.668521,1.0,0.0,0.0,0.0,0.0,0.0,0.0,0.0,0.0,0.0,0.0,0.0,4.83087
normalized-NG.dot_unif_0null10mast_rapportOE2.0_TMAX60_K192_cod1.opb,399113.0,400786.0,0.0,0.0,1e+20,1e+20,-1e+20,1e+20,0.0,0.0,5.711254,0.0,0.0,-465.2002590744977,345.92015988362317,0.0,0.8532746365064531,0.8532746365064531,0.0,0.0,0.0,0.0,400980.0,399113.0,0.0,0.0609706,0.331051,0.607978,0.127336,0.872664,0.48797,0.0,134218000.0,442413.0,49146.6,11230.0,0.2285,368599.0,84224.8,7.5,0.0,1.0,0.0,4.41512
normalized-BA_RDC4.dot_luby_50null0mast_rapportOE2.0_TMAX180_K67_cod2_pbEq1_newVersion_product.opb,52202.0,134415.0,0.0,0.0,1e+20,1e+20,-1e+20,1e+20,0.0,0.0,5.211756,0.0,0.0,-0.015093027299600069,0.5754331150587113,0.0,0.004225352112676056,0.004225352112676056,0.0,0.0,0.0,0.0,149401.0,57510.0,6.6934e-06,0.752431,0.171404,0.0761575,0.000608167,0.999392,0.589766,0.0,95968300.0,358608.0,39.8814,215.279,5.39799,62115.3,335297.0,1557.5,1406.85,9.28273,-342.467,4.77523
normalized-BA_RDC4.dot_unif_0null0mast_rapportOE1.0_TMAX300_K67_cod2_pbEq1_newVersion_product.opb,52558.0,135477.0,0.0,0.0,1e+20,1e+20,-1e+20,1e+20,0.0,0.0,5.050015,0.0,0.0,-4.302208311597983,53.73441318962804,0.0,0.008450704225352112,0.008450704225352112,0.0,0.0,0.0,0.0,149401.0,57510.0,6.6934e-06,0.752431,0.171404,0.0761575,0.0012156,0.998784,0.589766,0.0,73375300.0,-514825.0,192.992,-730.481,-3.78502,177649.0,-672407.0,920.5,550.928,6.3051,1185.76,4.68256
normalized-BA_RDC4.dot_fibo_10null10mast_rapportOE2.0_TMAX15_K67_cod2_pbEq1_newVersion.opb,33775.0,33861.0,0.0,0.0,1e+20,1e+20,-1e+20,1e+20,0.0,0.0,5.238293,0.0,0.0,-21.21909275227789,419.39012296012925,0.0,0.010699367320516892,0.010699367320516892,0.0,0.0,0.0,0.0,40882.0,40937.0,2.44606e-05,0.0952742,0.626388,0.278313,0.00239714,0.997603,0.729932,0.0,101924000.0,409364.0,136.021,507.637,3.73204,94058.6,351031.0,691.5,104.452,4.94725,10857.0,4.80753
normalized-j1206_5.std.opb,58050.0,122258.0,0.0,0.0,1e+20,1e+20,-1e+20,1e+20,0.0,0.0,5.01216,0.0,0.0,0.6198347107438017,11.126066629782756,0.004118503061420609,0.0,0.004118503061420609,0.0,0.0,0.0,0.0,234370.0,72842.0,0.00305073,0.83922,0.152609,0.00512011,0.000522655,0.999477,0.40592,1.0,108561000.0,-121133.0,67.274,-86.56,-1.28668,201620.0,-259420.0,2997.0,2815.35,16.1158,59.8962,4.63436
normalized-domset_opt_hexgrid_nrowsdiv30add5_ncols_600.opb,15000.0,15000.0,15000.0,1.0,3827.0,3827.0,0.0,1e+20,0.0,9344.0,5.0018,0.6229333333333333,2.0,1.0,0.0,1.0,0.0,1.0,0.0,0.0,0.0,0.0,15000.0,15000.0,0.0,0.0,0.0,1.0,0.2,0.8,1.0,1.0,127932000.0,1428350.0,27.5444,1955.65,70.9999,19983.5,1418830.0,725.5,15.3299,2.71763,-23505.5,4.85892
normalized-BA_RDC4.dot_fibo_0null10mast_rapportOE1.0_TMAX15_K67_cod3.opb,36184.0,36738.0,0.0,0.0,1e+20,1e+20,-1e+20,1e+20,0.0,0.0,5.063338,0.0,0.0,-1446.4394946972882,3100.778015796595,0.0,0.7929593829571581,0.7929593829571581,0.0,0.0,0.0,0.0,40950.0,40451.0,2.442e-05,0.0951404,0.625348,0.279487,0.126304,0.873696,0.455087,0.0,108883000.0,675405.0,420.381,5341.05,12.7053,52127.2,662291.0,124.0,37.1365,1.59839,45545.1,4.87192
normalized-BA_RDC4.dot_unif_20null10mast_rapportOE2.0_TMAX300_K67_cod2_pbEq1_newVersion_sequential.opb,72824.0,145712.0,0.0,0.0,1e+20,1e+20,-1e+20,1e+20,0.0,0.0,5.04018,0.0,0.0,-2.7066353508275744,44.72156992493725,0.0,0.004783453432035611,0.004783453432035611,0.0,0.0,0.0,0.0,161483.0,81322.0,6.1926e-06,0.770954,0.15858,0.0704594,0.000917732,0.999082,0.504753,0.0,66896600.0,-173355.0,117.309,-314.381,-2.67995,92673.9,-248361.0,790.0,375.961,5.50854,2192.41,4.74919
normalized-j9013_3.std.opb,43536.0,90407.0,0.0,0.0,1e+20,1e+20,-1e+20,1e+20,0.0,0.0,5.00569,0.0,0.0,0.8241758241758241,12.823050507610667,0.0054762513234274035,0.0,0.0054762513234274035,0.0,0.0,0.0,0.0,176173.0,54782.0,0.00303679,0.837376,0.152776,0.00681149,0.000619034,0.999381,0.360813,1.0,115078000.0,-235460.0,39.0875,37.3509,0.955573,164578.0,157266.0,4210.5,3781.18,20.2264,-43.6552,4.66219
normalized-BA_RDC4.dot_fibo_0null10mast_rapportOE1.0_TMAX180_K67_cod2_pbEq1_newVersion.opb,36668.0,36737.0,0.0,0.0,1e+20,1e+20,-1e+20,1e+20,0.0,0.0,5.024543,0.0,0.0,-22.994870166353177,428.93258974658437,0.0,0.011871900725505044,0.011871900725505044,0.0,0.0,0.0,0.0,40882.0,40937.0,2.44606e-05,0.0952742,0.626388,0.278313,0.00265914,0.997341,0.729932,0.0,97060800.0,-626630.0,214.763,-1128.25,-5.25345,139918.0,-735055.0,651.5,118.12,4.69632,-10286.9,4.67898
normalized-matrix_5x3_1.opb,19629.0,19638.0,19629.0,1.0,28.0,28.0,7.444444444444445,2.7611940298507465,0.0,824.0,5.017138,0.04197870497732946,1.0,0.06599437148217636,0.24827225864934827,0.06599437148217636,0.0,0.06599437148217636,0.0,0.0,0.0,-0.528632614213198,79746.0,21320.0,6.26991e-05,0.750282,0.23299,0.0166654,0.00693274,0.993067,0.505212,1.0,77635900.0,-516115.0,16.6245,-629.516,-37.8667,13557.3,-513370.0,815.5,486.233,5.62868,2299.35,4.8912
normalized-j12051_4.std.opb,53949.0,127155.0,0.0,0.0,1e+20,1e+20,-1e+20,1e+20,0.0,0.0,5.025311,0.0,0.0,0.6198347107438017,11.126066629782756,0.004118503061420609,0.0,0.004118503061420609,0.0,0.0,0.0,0.0,256145.0,72842.0,0.00336919,0.852404,0.139542,0.00468485,0.000459369,0.999541,0.38999,1.0,112858000.0,39710.6,19.9715,14.6345,0.732769,59285.4,43442.5,2968.5,2809.83,15.9559,47.7509,4.76251
normalized-BA_RDC4.dot_fibo_0null50mast_rapportOE2.0_TMAX15_K67_cod2_pbEq1_newVersion_product.opb,52558.0,135477.0,0.0,0.0,1e+20,1e+20,-1e+20,1e+20,0.0,0.0,5.037852,0.0,0.0,-49.960685098243786,721.1497817288134,0.0,0.008450704225352112,0.008450704225352112,0.0,0.0,0.0,0.0,149401.0,57510.0,6.6934e-06,0.752431,0.171404,0.0761575,0.0012156,0.998784,0.589766,0.0,100686000.0,-165393.0,105.209,-260.121,-2.47243,79117.0,-195611.0,752.0,171.855,5.26777,5055.83,4.70463
normalized-simp-nonunif-100_100.10.opb,15064.0,1476732.0,0.0,0.0,1e+20,1e+20,-1e+20,1e+20,0.0,0.0,5.305003,0.0,0.0,0.006734006734006734,0.08178422761946881,0.006734006734006734,0.0,0.006734006734006734,0.0,0.0,0.0,0.0,1883063.0,27027.0,5.3105e-07,0.00275509,0.997149,9.50579e-05,3.21538e-05,0.999968,0.665348,1.0,60846100.0,403107.0,30.0531,133.646,4.44699,76951.0,342200.0,2560.5,2407.19,13.985,87.4306,4.73795
normalized-BA_RDC4.dot_luby_50null10mast_rapportOE2.0_TMAX120_K67_cod2_pbEq1_newVersion.opb,21996.0,22082.0,0.0,0.0,1e+20,1e+20,-1e+20,1e+20,0.0,0.0,5.004792,0.0,0.0,-0.31826953611647163,8.776986958307246,0.0,0.005935950362752522,0.005935950362752522,0.0,0.0,0.0,0.0,40882.0,40937.0,2.44606e-05,0.0952742,0.626388,0.278313,0.00133134,0.998669,0.729932,0.0,96832100.0,1914400.0,268.752,4629.68,17.2266,106963.0,1842610.0,398.0,85.0941,3.48557,17403.1,4.83125
normalized-BA_RDC4.dot_luby_50null0mast_rapportOE1.0_TMAX120_K67_cod2_pbEq1_newVersion.opb,21987.0,22073.0,0.0,0.0,1e+20,1e+20,-1e+20,1e+20,0.0,0.0,5.002406,0.0,0.0,-0.026357573832962847,0.9055414835641352,0.0,0.005935950362752522,0.005935950362752522,0.0,0.0,0.0,0.0,40882.0,40937.0,2.44606e-05,0.0952742,0.626388,0.278313,0.00133134,0.998669,0.729932,0.0,88598000.0,-308093.0,39.5588,-210.291,-5.31591,63294.1,-336466.0,1600.0,657.418,9.46673,234.515,4.85633
normalized-mult_diagcomm_opt_less_teq_nbits_24.opb,2832.0,1692.0,0.0,0.0,0.0,0.0,0.0,0.0,0.0,7146.0,0.504172,2.5233050847457625,1.0,0.0,3856183426919.2397,0.013513513513513514,0.013513513513513514,0.02702702702702703,1e+99,0.0,1e+99,0.0,5280.0,3552.0,0.0,0.572727,0.218182,0.209091,0.00636943,0.993631,0.426282,0.5,94688600.0,255652.0,13.9962,56.0829,4.00702,50771.1,203441.0,3627.5,1454.04,18.4654,21.0784,4.901
normalized-ss97-2.opb,8404.0,10873.0,8404.0,1.0,3272.0,3272.0,910.6857142857143,2.592897032063751,0.0,16256.0,5.001361,1.934316991908615,1.0,43.468768590124924,50.407700151793165,0.4378346222486615,0.38215348007138605,0.8199881023200476,0.08333333333333333,0.2763853991962833,0.0,1.384279078240277,10667.0,8405.0,9.37471e-05,0.929783,0.0,0.0701228,0.132689,0.867311,0.373127,0.533952,75031400.0,-1115530.0,54.6269,-1442.77,-26.4113,43701.5,-1154210.0,800.0,179.046,5.55465,5059.8,4.83835
normalized-NG.dot_fibo_0null10mast_rapportOE1.0_TMAX15_K192_cod1.opb,399113.0,400786.0,0.0,0.0,1e+20,1e+20,-1e+20,1e+20,0.0,0.0,5.44273,0.0,0.0,-1559.9042401525383,3209.7681974466254,0.0,0.8532746365064531,0.8532746365064531,0.0,0.0,0.0,0.0,400980.0,399113.0,0.0,0.0609706,0.331051,0.607978,0.127336,0.872664,0.48797,0.0,134218000.0,501910.0,38800.8,15193.8,0.391584,368608.0,144341.0,9.5,0.0,1.0,0.0,4.31686
normalized-NG.dot_unif_0null20mast_rapportOE2.0_TMAX15_K192_cod1.opb,399113.0,400786.0,0.0,0.0,1e+20,1e+20,-1e+20,1e+20,0.0,0.0,5.48382,0.0,0.0,-513.6837737683313,367.0517483872817,0.0,0.8532746365064531,0.8532746365064531,0.0,0.0,0.0,0.0,400980.0,399113.0,0.0,0.0609706,0.331051,0.607978,0.127336,0.872664,0.48797,0.0,134218000.0,812246.0,369031.0,714592.0,1.9364,369031.0,714592.0,1.0,0.0,1.0,0.0,4.45898
normalized-NG.dot_unif_10null20mast_rapportOE1.0_TMAX60_K192_cod2.opb,400896.0,400786.0,0.0,0.0,1e+20,1e+20,-1e+20,1e+20,0.0,0.0,5.355487,0.0,0.0,-2.4529454022988504,43.93131473762793,0.0,0.004003532088122605,0.004003532088122605,0.0,0.0,0.0,0.0,402763.0,400896.0,0.0,0.0607007,0.329586,0.609713,0.000685739,0.999314,0.63328,0.0,72624700.0,2953610.0,5214.14,39740.9,7.62176,378025.0,2881220.0,72.5,36.8425,1.30822,9509.18,4.34451
normalized-NG.dot_fibo_10null50mast_rapportOE2.0_TMAX15_K192_cod1.opb,365115.0,366610.0,0.0,0.0,1e+20,1e+20,-1e+20,1e+20,0.0,0.0,5.0742329999999995,0.0,0.0,-4975.189332344474,5253.797122318222,0.0,0.7680907412186524,0.7680907412186524,0.0,0.0,0.0,0.0,400980.0,399113.0,0.0,0.0609706,0.331051,0.607978,0.1161,0.8839,0.48797,0.0,134218000.0,873326.0,369031.0,796015.0,2.15704,369031.0,796015.0,1.0,0.0,1.0,0.0,4.34771
normalized-mult_diagcomm_opt_less_teq_nbits_15.opb,1095.0,654.0,0.0,0.0,0.0,0.0,0.0,0.0,0.0,1798.0,0.100821,1.6420091324200914,1.0,0.0,23347731.16689361,0.02127659574468085,0.02127659574468085,0.0425531914893617,1.0000000000000001e+99,1.2141680576410807e+83,1e+99,0.0,2085.0,1410.0,0.0,0.582734,0.215827,0.201439,0.0101523,0.989848,0.428205,0.5,84622800.0,-93537.1,11.4242,-36.6916,-3.21174,43572.0,-139942.0,3814.0,1604.49,19.0291,48.9708,4.90045
normalized-BA_RDC4.dot_fibo_50null0mast_rapportOE1.0_TMAX180_K67_cod1.opb,21716.0,22028.0,0.0,0.0,1e+20,1e+20,-1e+20,1e+20,0.0,0.0,5.022783,0.0,0.0,-368.4634248844281,1215.5786038277952,0.0,0.39647969147857903,0.39647969147857903,0.0,0.0,0.0,0.0,40950.0,40451.0,2.442e-05,0.0951404,0.625348,0.279487,0.0674089,0.932591,0.455087,0.0,105389000.0,584780.0,65.6592,370.191,5.63807,93203.2,525486.0,1419.5,550.718,8.84472,-1329.32,4.81169
normalized-BA_RDC4.dot_unif_20null20mast_rapportOE2.0_TMAX180_K67_cod2_pbEq1_newVersion_sequential.opb,72824.0,145712.0,0.0,0.0,1e+20,1e+20,-1e+20,1e+20,0.0,0.0,5.049083,0.0,0.0,-2.868805489289491,47.7652006251903,0.0,0.004783453432035611,0.004783453432035611,0.0,0.0,0.0,0.0,161483.0,81322.0,6.1926e-06,0.770954,0.15858,0.0704594,0.000917732,0.999082,0.504753,0.0,110778000.0,170515.0,691.849,208.633,0.301559,166044.0,50072.0,240.0,53.2661,2.3368,24497.1,4.65867
normalized-fx97.opb,7285.0,1248.0,0.0,0.0,1e+20,1e+20,-1e+20,1e+20,0.0,0.0,5.000432,0.0,0.0,0.0010683760683760685,0.03266855737483046,0.0010683760683760685,0.0,0.0010683760683760685,0.0,0.0,0.0,0.0,9089.0,8424.0,0.0,0.925844,0.0,0.0741556,0.000110926,0.999889,0.207566,1.0,79368300.0,-33917.5,13.5152,-20.4265,-1.51137,64913.6,-98108.7,4803.0,849.894,22.405,82.7586,4.85175
normalized-minisat35_4_11_1_mh_ic.opb,120855.0,399982.0,0.0,0.0,1e+20,1e+20,-1e+20,1e+20,0.0,0.0,5.229982,0.0,0.0,254224.8838944495,3028697.403810516,0.3672112988091941,0.00027693159789531985,0.36748823040708944,0.0,0.0,0.0,0.0,286973.0,126385.0,0.0,0.431382,0.549442,0.019176,0.0472158,0.952784,0.394092,0.999246,112310000.0,1097720.0,342.111,4689.73,13.7082,82619.7,1132570.0,241.5,114.188,2.33471,7645.03,4.62096
normalized-787.cudf.trendy.opb,0.0,0.0,0.0,0.0,14.0,14.0,14.0,0.0,0.0,0.0,0.001974,0.0,1.0,76.55319148936171,116.88142900932208,0.5957446808510638,0.0,0.5957446808510638,0.0,0.0,0.0,0.0,257.0,47.0,0.0428016,0.863813,0.0933852,0.0,0.0504505,0.94955,0.487666,1.0,134218000.0,37.0,4.4,30.9,7.02273,8.8,61.8,2.0,0.0,1.0,0.0,0.000981
normalized-vertexcover_opt_grid_oddrowoddcolsquare_dim_047.opb,2209.0,4418.0,2209.0,1.0,1149.0,1149.0,1114.1731660695898,0.03125800817234452,0.0,7397.0,5.014376,3.3485740153915797,7.0,1.0,0.0,1.0,0.0,1.0,0.0,0.0,0.0,1.9807218112530822,4418.0,2209.0,0.0,1.0,0.0,0.0,0.2,0.8,1.0,1.0,97166300.0,442441.0,14.9646,183.876,12.2875,33303.6,409217.0,2225.5,585.94,12.1586,81.3568,4.89856
normalized-BA_RDC4.dot_unif_50null0mast_rapportOE1.0_TMAX300_K67_cod2_pbEq1_newVersion_product.opb,52341.0,134829.0,0.0,0.0,1e+20,1e+20,-1e+20,1e+20,0.0,0.0,5.043484,0.0,0.0,-2.0934446183272475,37.34967407973333,0.0,0.004225352112676056,0.004225352112676056,0.0,0.0,0.0,0.0,149401.0,57510.0,6.6934e-06,0.752431,0.171404,0.0761575,0.000608167,0.999392,0.589766,0.0,80310600.0,-838813.0,126.919,768.838,6.05768,147036.0,890699.0,1158.5,801.167,7.6799,846.209,4.71311
normalized-BA_RDC4.dot_luby_10null50mast_rapportOE1.0_TMAX15_K67_cod2_pbEq1_newVersion.opb,33761.0,33830.0,0.0,0.0,1e+20,1e+20,-1e+20,1e+20,0.0,0.0,5.263013,0.0,0.0,-1.5382172606688327,19.679894562009284,0.0,0.010699367320516892,0.010699367320516892,0.0,0.0,0.0,0.0,40882.0,40937.0,2.44606e-05,0.0952742,0.626388,0.278313,0.00239714,0.997603,0.729932,0.0,101729000.0,1170670.0,129.314,1941.12,15.0109,75260.7,1129730.0,582.0,184.69,4.32618,4002.89,4.84973
normalized-BA_RDC4.dot_luby_0null0mast_rapportOE2.0_TMAX60_K67_cod1.opb,36184.0,36738.0,0.0,0.0,1e+20,1e+20,-1e+20,1e+20,0.0,0.0,5.046813,0.0,0.0,-2.8716224567995847,7.900953472139268,0.0,0.7929593829571581,0.7929593829571581,0.0,0.0,0.0,0.0,40950.0,40451.0,2.442e-05,0.0951404,0.625348,0.279487,0.126304,0.873696,0.455087,0.0,120977000.0,1226550.0,254.447,5421.2,21.3058,56614.5,1206220.0,222.5,59.0673,2.20179,58932.5,4.83166
normalized-NG.dot_unif_20null20mast_rapportOE2.0_TMAX15_K192_cod1.opb,331117.0,332434.0,0.0,0.0,1e+20,1e+20,-1e+20,1e+20,0.0,0.0,5.430567,0.0,0.0,-419.96138938095226,398.52054217819676,0.0,0.6829068459308517,0.6829068459308517,0.0,0.0,0.0,0.0,400980.0,399113.0,0.0,0.0609706,0.331051,0.607978,0.104571,0.895429,0.48797,0.0,134218000.0,744340.0,369031.0,624070.0,1.69111,369031.0,624070.0,1.0,0.0,1.0,0.0,4.42813
normalized-j1208_5.std.opb,56147.0,117663.0,0.0,0.0,1e+20,1e+20,-1e+20,1e+20,0.0,0.0,5.031249,0.0,0.0,0.6198347107438017,11.126066629782756,0.004118503061420609,0.0,0.004118503061420609,0.0,0.0,0.0,0.0,234230.0,72842.0,0.00305256,0.839239,0.152585,0.00512317,0.000522935,0.999477,0.405893,1.0,112613000.0,-59529.0,76.5402,-73.7628,-0.963714,161155.0,-155308.0,2105.5,1923.28,11.7208,73.7018,4.52273
normalized-BA_RDC4.dot_unif_0null20mast_rapportOE2.0_TMAX300_K67_cod2_pbEq1_newVersion.opb,36668.0,36737.0,0.0,0.0,1e+20,1e+20,-1e+20,1e+20,0.0,0.0,5.018162,0.0,0.0,-6.96167281432445,73.03015971216935,0.0,0.011871900725505044,0.011871900725505044,0.0,0.0,0.0,0.0,40882.0,40937.0,2.44606e-05,0.0952742,0.626388,0.278313,0.00265914,0.997341,0.729932,0.0,82863600.0,1146460.0,278.192,2362.28,8.49154,123100.0,1045310.0,442.5,98.6851,3.73928,14006.3,4.81549
normalized-BA_RDC4.dot_fibo_10null0mast_rapportOE2.0_TMAX60_K67_cod2_pbEq1_newVersion_ladder.opb,55223.0,55451.0,0.0,0.0,1e+20,1e+20,-1e+20,1e+20,0.0,0.0,5.009568,0.0,0.0,-4.863271931334694,144.6452793551556,0.0,0.005385996409335727,0.005385996409335727,0.0,0.0,0.0,0.0,201868.0,81322.0,4.95373e-06,0.622204,0.324167,0.0536242,0.000867859,0.999132,0.503992,0.0,97105300.0,1060260.0,83.3,1749.5,21.0025,51021.2,1071570.0,612.5,152.542,4.4845,4681.16,4.75103
normalized-mps-v2-20-10-neos19.opb,1041679.0,127860.0,0.0,0.0,0.0,0.0,-1e+20,1e+20,0.0,0.0,5.00228,0.0,1.0,-0.0015465416889464028,0.03929567276114203,0.0,0.0015465416889464028,0.0015465416889464028,0.0,0.0,0.0,0.0,127860.0,1041679.0,0.0,0.00538871,0.00101674,0.993595,0.000548519,0.999451,0.291598,0.0,134218000.0,5027870.0,641.486,116675.0,181.882,29508.3,5367030.0,46.0,5.56989,1.0,1652.59,4.62962
normalized-BA_RDC4.dot_fibo_20null50mast_rapportOE1.0_TMAX180_K67_cod2_pbEq1_newVersion.opb,30823.0,30892.0,0.0,0.0,1e+20,1e+20,-1e+20,1e+20,0.0,0.0,5.026861,0.0,0.0,-67.23006082517038,845.1531013627485,0.0,0.009502406136258152,0.009502406136258152,0.0,0.0,0.0,0.0,40882.0,40937.0,2.44606e-05,0.0952742,0.626388,0.278313,0.00212953,0.99787,0.729932,0.0,95806600.0,152755.0,90.8775,64.8062,0.713116,110144.0,78545.1,1212.0,427.431,7.95918,606.012,4.82716
normalized-BA_RDC4.dot_luby_0null10mast_rapportOE2.0_TMAX15_K67_cod2_pbEq1_newVersion_ladder.opb,42216.0,42382.0,0.0,0.0,1e+20,1e+20,-1e+20,1e+20,0.0,0.0,5.179599,0.0,0.0,-0.16983104203044685,6.251248087161149,0.0,0.005976242591180739,0.005976242591180739,0.0,0.0,0.0,0.0,201868.0,81322.0,4.95373e-06,0.622204,0.324167,0.0536242,0.000962876,0.999037,0.503992,0.0,110174000.0,-2535230.0,141.219,-6214.38,-44.0054,57475.9,-2529250.0,407.0,82.7031,3.53988,5368.19,4.72689
normalized-BA_RDC4.dot_fibo_10null50mast_rapportOE1.0_TMAX60_K67_cod2_pbEq1_newVersion_product.opb,52558.0,135477.0,0.0,0.0,1e+20,1e+20,-1e+20,1e+20,0.0,0.0,5.051405,0.0,0.0,-49.4527734307077,720.0110570408233,0.0,0.007616066770996349,0.007616066770996349,0.0,0.0,0.0,0.0,149401.0,57510.0,6.6934e-06,0.752431,0.171404,0.0761575,0.00109567,0.998904,0.589766,0.0,99125000.0,-1488860.0,88.1177,-2154.73,-24.4529,61462.1,-1502920.0,697.5,237.431,4.95057,-5924.8,4.7536
normalized-BA_RDC4.dot_luby_50null20mast_rapportOE1.0_TMAX300_K67_cod2_pbEq1_newVersion.opb,22042.0,22111.0,0.0,0.0,1e+20,1e+20,-1e+20,1e+20,0.0,0.0,5.018234,0.0,0.0,-0.619537337860615,12.454313798415109,0.0,0.005935950362752522,0.005935950362752522,0.0,0.0,0.0,0.0,40882.0,40937.0,2.44606e-05,0.0952742,0.626388,0.278313,0.00133134,0.998669,0.729932,0.0,98096100.0,-779675.0,270.098,-1618.08,-5.9907,149905.0,-898033.0,555.0,96.6211,4.20072,16631.4,4.75668
normalized-BA_RDC4.dot_unif_20null50mast_rapportOE2.0_TMAX60_K67_cod2_pbEq1_newVersion_sequential.opb,72824.0,145712.0,0.0,0.0,1e+20,1e+20,-1e+20,1e+20,0.0,0.0,5.031752,0.0,0.0,-3.8985391406999335,59.758909544475365,0.0,0.004783453432035611,0.004783453432035611,0.0,0.0,0.0,0.0,161483.0,81322.0,6.1926e-06,0.770954,0.15858,0.0704594,0.000917732,0.999082,0.504753,0.0,99807600.0,-782980.0,76.6657,-1044.0,-13.6175,57077.6,-777257.0,744.5,198.397,5.24161,4426.46,4.77858
normalized-BA_RDC4.dot_fibo_10null0mast_rapportOE1.0_TMAX120_K67_cod2_pbEq1_newVersion_binary.opb,43616.0,288563.0,0.0,0.0,1e+20,1e+20,-1e+20,1e+20,0.0,0.0,5.039562,0.0,0.0,-7.063357807583298,157.12296527345154,0.0,0.009774822022361579,0.009774822022361579,0.0,0.0,0.0,0.0,297596.0,44809.0,3.36026e-06,0.875714,0.0860495,0.038233,0.000629178,0.999371,0.385501,0.0,90559000.0,92882.8,76.7452,117.371,1.52936,50805.3,77699.6,662.0,302.109,4.75472,3667.12,4.7094
normalized-NG.dot_unif_20null20mast_rapportOE2.0_TMAX120_K192_cod1.opb,331117.0,332434.0,0.0,0.0,1e+20,1e+20,-1e+20,1e+20,0.0,0.0,5.466048,0.0,0.0,-425.07194453701084,399.8374125114805,0.0,0.6829068459308517,0.6829068459308517,0.0,0.0,0.0,0.0,400980.0,399113.0,0.0,0.0609706,0.331051,0.607978,0.104571,0.895429,0.48797,0.0,134218000.0,470071.0,22341.1,6736.01,0.301508,368628.0,111144.0,16.5,0.0,1.0,0.0,4.41214
normalized-j12021_4.std.opb,51605.0,112334.0,0.0,0.0,1e+20,1e+20,-1e+20,1e+20,0.0,0.0,5.000676,0.0,0.0,0.6198347107438017,11.126066629782756,0.004118503061420609,0.0,0.004118503061420609,0.0,0.0,0.0,0.0,245118.0,72842.0,0.00321886,0.846148,0.145738,0.0048956,0.000536605,0.999463,0.435929,1.0,99690800.0,-192279.0,78.934,73.6022,0.932452,264152.0,246310.0,3346.5,3242.19,17.5013,65.5234,4.54941
normalized-BA_RDC4.dot_luby_10null50mast_rapportOE1.0_TMAX15_K67_cod3.opb,33299.0,33806.0,0.0,0.0,1e+20,1e+20,-1e+20,1e+20,0.0,0.0,5.036534,0.0,0.0,-102.73881980667969,124.38040111542301,0.0,0.7146424068626239,0.7146424068626239,0.0,0.0,0.0,0.0,40950.0,40451.0,2.442e-05,0.0951404,0.625348,0.279487,0.115267,0.884733,0.455087,0.0,90303200.0,426032.0,358.474,3943.23,11.0,38715.2,425868.0,108.0,33.7051,1.53917,52745.9,4.88987
normalized-bogr_14.opb,3295.0,4973.0,3295.0,1.0,1e+20,1e+20,91.0,1e+20,0.0,15764.0,5.001233,4.784218512898331,0.0,0.06614077669902912,2.0408139342337175,0.0024271844660194173,0.0,0.0024271844660194173,5.47093837535014e-06,0.0005063796058075709,-0.015625,47.03675589292848,6384.0,3296.0,0.000156642,0.0,0.0,0.999843,4.28348e-05,0.999957,0.5,1.0,121972000.0,-38571.8,5.56068,-13.796,-2.48099,27973.0,-69400.7,5030.5,1779.48,23.3485,118.494,4.89635
normalized-BA_RDC4.dot_luby_50null0mast_rapportOE1.0_TMAX180_K67_cod2_pbEq1_newVersion_sequential.opb,71579.0,145712.0,0.0,0.0,1e+20,1e+20,-1e+20,1e+20,0.0,0.0,5.223737,0.0,0.0,-0.010095669068640713,0.4288011593616247,0.0,0.0029881212955903693,0.0029881212955903693,0.0,0.0,0.0,0.0,161483.0,81322.0,6.1926e-06,0.770954,0.15858,0.0704594,0.000573485,0.999427,0.504753,0.0,112957000.0,-608269.0,55.2014,-462.023,-8.36976,76812.8,-642904.0,1391.5,1333.12,8.73743,255.807,4.77572
normalized-j1207_5.std.opb,56360.0,118555.0,0.0,0.0,1e+20,1e+20,-1e+20,1e+20,0.0,0.0,5.003955,0.0,0.0,0.6198347107438017,11.126066629782756,0.004118503061420609,0.0,0.004118503061420609,0.0,0.0,0.0,0.0,234036.0,72842.0,0.00305509,0.839264,0.152553,0.00512742,0.000523323,0.999477,0.405856,1.0,115057000.0,-143501.0,54.7437,-82.753,-1.51164,155855.0,-235598.0,2847.0,2636.27,15.4028,53.7252,4.61817
normalized-j12017_2.std.opb,58269.0,121055.0,0.0,0.0,1e+20,1e+20,-1e+20,1e+20,0.0,0.0,5.027067,0.0,0.0,0.6198347107438017,11.126066629782756,0.004118503061420609,0.0,0.004118503061420609,0.0,0.0,0.0,0.0,234378.0,72842.0,0.00305063,0.839166,0.152664,0.00511993,0.000464596,0.999535,0.36082,1.0,116784000.0,332020.0,85.6065,62.122,0.725669,230624.0,167357.0,2694.0,2347.36,14.6953,81.6515,4.56871
normalized-BA_RDC4.dot_fibo_50null20mast_rapportOE2.0_TMAX120_K67_cod2.opb,21989.0,22058.0,0.0,0.0,1e+20,1e+20,-1e+20,1e+20,0.0,0.0,5.014967,0.0,0.0,-29.91721425605198,551.1823941050886,0.0,0.005935950362752522,0.005935950362752522,0.0,0.0,0.0,0.0,41436.0,40937.0,2.41336e-05,0.0940245,0.618013,0.287938,0.00108743,0.998913,0.598238,0.0,93494300.0,792041.0,107.128,938.329,8.75895,84684.7,741749.0,790.5,120.419,5.50759,-7011.01,4.85142
normalized-BA_RDC4.dot_unif_20null10mast_rapportOE1.0_TMAX180_K67_cod1.opb,30434.0,30891.0,0.0,0.0,1e+20,1e+20,-1e+20,1e+20,0.0,0.0,5.064497,0.0,0.0,-351.245111369311,366.8253626343125,0.0,0.6346938270994537,0.6346938270994537,0.0,0.0,0.0,0.0,40950.0,40451.0,2.442e-05,0.0951404,0.625348,0.279487,0.103709,0.896291,0.455087,0.0,99922200.0,366612.0,76.8232,227.931,2.96695,100831.0,299159.0,1312.5,584.989,8.4246,1260.7,4.73934
normalized-11_22.opb,253.0,242.0,0.0,0.0,8908.0,8908.0,8908.0,0.0,0.0,178.0,0.026518,0.7035573122529645,4.0,495.6640316205534,326.8441291406448,1.0,0.0,1.0,0.0,0.0,0.0,0.0,264.0,253.0,0.0,0.916667,0.0,0.0833333,0.258427,0.741573,0.666667,1.0,73209700.0,68056.5,11.155,84.9324,7.61381,7847.58,59750.0,703.5,258.659,4.98438,242.462,0.21529
normalized-NG.dot_luby_20null50mast_rapportOE1.0_TMAX15_K192_cod1.opb,331117.0,332434.0,0.0,0.0,1e+20,1e+20,-1e+20,1e+20,0.0,0.0,5.373904,0.0,0.0,-437.8011941480232,505.49526807858734,0.0,0.6829068459308517,0.6829068459308517,0.0,0.0,0.0,0.0,400980.0,399113.0,0.0,0.0609706,0.331051,0.607978,0.104571,0.895429,0.48797,0.0,134218000.0,607627.0,56721.8,42357.7,0.746762,368692.0,275325.0,6.5,0.0,1.0,0.0,4.44558
normalized-658.cudf.trendy.opb,379.0,2633.0,0.0,0.0,1e+20,1e+20,-1e+20,0.0,0.0,0.0,0.007212,0.0,0.0,9602.307692307691,13970.45282871261,0.6416510318949343,0.0,0.6416510318949343,0.0,0.0,0.0,0.0,2638.0,533.0,0.0583776,0.851782,0.0898408,0.0,0.0599895,0.940011,0.476022,1.0,0.0,0.0,0.0,0.0,0.0,0.0,0.0,0.0,0.0,0.0,0.0,0.00554
normalized-fir04_trarea_ac.opb,1083.0,193.0,0.0,0.0,41202.0,41202.0,41202.0,0.0,0.0,123.0,0.103673,0.11357340720221606,5.0,859.388174807198,815.6854653413669,0.5326478149100257,0.0,0.5326478149100257,0.0,0.0,0.0,0.0,3355.0,1945.0,0.00119225,0.72459,0.196423,0.0777943,0.108527,0.891473,0.499177,1.0,98943800.0,-39468.3,20.1715,-27.5237,-1.36449,121029.0,-165142.0,6000.0,2717.32,27.1174,-53.9169,4.80616
normalized-BA_RDC4.dot_unif_0null50mast_rapportOE2.0_TMAX300_K67_cod1.opb,36184.0,36738.0,0.0,0.0,1e+20,1e+20,-1e+20,1e+20,0.0,0.0,5.064619,0.0,0.0,-597.4361573261477,414.43889892991285,0.0,0.7929593829571581,0.7929593829571581,0.0,0.0,0.0,0.0,40950.0,40451.0,2.442e-05,0.0951404,0.625348,0.279487,0.126304,0.873696,0.455087,0.0,107717000.0,597785.0,348.502,545.835,1.56623,245171.0,383995.0,703.5,219.391,5.00213,-6168.87,4.54439
normalized-BA_RDC4.dot_unif_10null20mast_rapportOE1.0_TMAX300_K67_cod2_pbEq1_newVersion_binary.opb,43616.0,288563.0,0.0,0.0,1e+20,1e+20,-1e+20,1e+20,0.0,0.0,5.053758,0.0,0.0,-5.973442835144725,68.61973054030514,0.0,0.009774822022361579,0.009774822022361579,0.0,0.0,0.0,0.0,297596.0,44809.0,3.36026e-06,0.875714,0.0860495,0.038233,0.000629178,0.999371,0.385501,0.0,70839400.0,1238380.0,149.424,1329.3,8.89619,127608.0,1135220.0,854.0,436.511,5.88297,-2066.63,4.66176
normalized-BA_RDC4.dot_luby_0null0mast_rapportOE2.0_TMAX60_K67_cod2_pbEq1_newVersion.opb,36668.0,36737.0,0.0,0.0,1e+20,1e+20,-1e+20,1e+20,0.0,0.0,5.014371,0.0,0.0,-0.04299289151623226,1.0277239136097096,0.0,0.011871900725505044,0.011871900725505044,0.0,0.0,0.0,0.0,40882.0,40937.0,2.44606e-05,0.0952742,0.626388,0.278313,0.00265914,0.997341,0.729932,0.0,93111100.0,-116238.0,45.3868,-111.007,-2.44581,53919.5,-131877.0,1188.0,195.886,7.83509,1923.02,4.86998
normalized-522.cudf.paranoid.opb,6138.0,36697.0,0.0,0.0,1e+20,1e+20,-1e+20,0.0,0.0,0.0,0.140686,0.0,0.0,431.2943161173112,859.870199954427,0.47910718920321826,0.0,0.47910718920321826,0.0,0.0,0.0,0.0,40211.0,7706.0,0.000721196,0.882768,0.107881,0.00862948,0.0404603,0.95954,0.502912,1.0,0.0,0.0,0.0,0.0,0.0,0.0,0.0,0.0,0.0,0.0,0.0,0.072666
normalized-rmine15.opb,42366.0,358323.0,0.0,0.0,0.0,0.0,-1e+20,1e+20,0.0,0.0,5.141913,0.0,1.0,-7280.957538055516,16754.18325879099,0.324025637400443,0.675974362599557,1.0,0.0,0.0,0.0,0.0,358395.0,42438.0,0.0,0.999916,0.0,8.37065e-05,0.0460197,0.95398,0.496164,0.324026,134218000.0,200807.0,100426.0,386404.0,3.84765,50213.0,193202.0,0.5,20.0,1.0,718.775,4.70675
normalized-maxcut_opt_complete_6-partite_block_nvert_78.opb,3003.0,304304.0,0.0,0.0,0.0,0.0,-1e+20,1e+20,0.0,0.0,6.6796299999999995,0.0,1.0,-0.8441558441558441,0.36270753360438807,0.0,0.8441558441558441,0.8441558441558441,0.0,0.0,0.0,0.0,304304.0,3003.0,0.0,0.0,1.0,0.0,0.00276914,0.997231,0.5,0.0,91390900.0,-417441.0,89.9332,-370.78,-4.12284,133551.0,-550608.0,1485.0,1053.66,9.08246,638.333,4.67273
normalized-j12047_6.std.opb,51567.0,120711.0,0.0,0.0,1e+20,1e+20,-1e+20,1e+20,0.0,0.0,5.018002,0.0,0.0,0.6198347107438017,11.126066629782756,0.004118503061420609,0.0,0.004118503061420609,0.0,0.0,0.0,0.0,256151.0,72842.0,0.00336911,0.852407,0.139539,0.00468474,0.000485923,0.999514,0.412555,1.0,113963000.0,-63790.4,46.7107,-46.3652,-0.992605,153655.0,-152518.0,3289.5,3044.29,17.2616,70.0755,4.65454
normalized-BA_RDC4.dot_unif_10null0mast_rapportOE1.0_TMAX60_K67_cod2_pbEq1_newVersion_sequential.opb,72518.0,145100.0,0.0,0.0,1e+20,1e+20,-1e+20,1e+20,0.0,0.0,5.142901,0.0,0.0,-2.776813162489855,43.13766319891749,0.0,0.005385996409335727,0.005385996409335727,0.0,0.0,0.0,0.0,161483.0,81322.0,6.1926e-06,0.770954,0.15858,0.0704594,0.00103321,0.998967,0.504753,0.0,98978400.0,-184049.0,108.064,-293.424,-2.71527,75266.9,-204370.0,696.5,226.001,4.96987,-6328.27,4.7566
normalized-BA_RDC4.dot_luby_10null10mast_rapportOE2.0_TMAX60_K67_cod1.opb,33311.0,33818.0,0.0,0.0,1e+20,1e+20,-1e+20,1e+20,0.0,0.0,5.052644,0.0,0.0,-22.414971199723123,68.524904683991,0.0,0.7146424068626239,0.7146424068626239,0.0,0.0,0.0,0.0,40950.0,40451.0,2.442e-05,0.0951404,0.625348,0.279487,0.115267,0.884733,0.455087,0.0,103732000.0,196315.0,226.692,1171.08,5.16595,38311.0,197913.0,169.0,35.5044,1.81121,71737.5,4.89108
normalized-vtxcov_v2000_e4000_7.opb.PB06.opb,1429.0,2742.0,1429.0,1.0,1075.0,1075.0,1000.4641745558293,0.0745012438623921,0.0,8771.0,5.002187,6.137858642407278,17.0,1.0,0.0,1.0,0.0,1.0,0.0,0.0,0.0,1.917860887801468,4000.0,1968.0,0.0,1.0,0.0,0.0,0.197432,0.802568,1.0,1.0,102872000.0,-18168.4,30.3008,-35.1582,-1.16031,130506.0,-151426.0,4307.0,578.691,19.868,237.977,4.82074
normalized-BA_RDC4.dot_luby_20null0mast_rapportOE2.0_TMAX60_K67_cod3.opb,30418.0,30875.0,0.0,0.0,1e+20,1e+20,-1e+20,1e+20,0.0,0.0,5.020264,0.0,0.0,-2.3348248498182986,7.315712153726834,0.0,0.6346938270994537,0.6346938270994537,0.0,0.0,0.0,0.0,40950.0,40451.0,2.442e-05,0.0951404,0.625348,0.279487,0.103709,0.896291,0.455087,0.0,109565000.0,383568.0,197.41,1968.43,9.97131,38593.6,384829.0,195.5,33.9311,1.97449,96217.9,4.87956
normalized-minisat25_6_4_0_mh.opb,28850.0,57429.0,0.0,0.0,1e+20,1e+20,-1e+20,1e+20,0.0,0.0,5.004975,0.0,0.0,391341.55282296654,3381248.561479127,0.5358851674641149,0.0007974481658692185,0.5366826156299841,0.0,0.0,0.0,0.0,73332.0,31350.0,0.0,0.597625,0.380461,0.021914,0.070486,0.929514,0.342085,0.998514,97012600.0,1916420.0,132.393,3551.83,26.8279,69903.6,1875370.0,528.0,163.269,4.10312,-7728.95,4.81335
normalized-evencolouring_opt_unit_random6regular_nvert_951.opb,2853.0,972.0,2853.0,1.0,1.0,1.0,0.0,1e+20,0.0,9532.0,5.000632,3.3410445145460916,2.0,0.25,0.4330127018922193,0.25,0.0,0.25,1.0000000000000001e+99,1.2141680576410807e+83,1e+99,0.3156843156843157,951.0,3804.0,0.0,0.0,0.0,1.0,0.125,0.875,1.0,1.0,88750300.0,-97417.5,8.59902,-27.5646,-3.20555,44899.8,-143929.0,5221.5,2170.27,24.0989,77.6213,4.88851
normalized-j12016_5.std.opb,54118.0,111260.0,0.0,0.0,1e+20,1e+20,-1e+20,1e+20,0.0,0.0,5.017769,0.0,0.0,0.6198347107438017,11.126066629782756,0.004118503061420609,0.0,0.004118503061420609,0.0,0.0,0.0,0.0,234355.0,72842.0,0.00305093,0.839197,0.152632,0.00512044,0.000464637,0.999535,0.360816,1.0,114680000.0,248894.0,24.1334,73.1841,3.03248,77576.8,235250.0,3214.5,2999.79,16.9695,63.8041,4.73532
normalized-BA_RDC4.dot_fibo_0null0mast_rapportOE2.0_TMAX120_K67_cod2_pbEq1_newVersion_product.opb,52558.0,135477.0,0.0,0.0,1e+20,1e+20,-1e+20,1e+20,0.0,0.0,5.032024,0.0,0.0,-7.207494348808903,170.7671062371057,0.0,0.008450704225352112,0.008450704225352112,0.0,0.0,0.0,0.0,149401.0,57510.0,6.6934e-06,0.752431,0.171404,0.0761575,0.0012156,0.998784,0.589766,0.0,102682000.0,820877.0,121.885,1290.1,10.5845,74898.5,792764.0,614.5,213.541,4.4935,4477.8,4.80442
normalized-minisat50_4_16_4_mh_ic.opb,360300.0,843055.0,0.0,0.0,1e+20,1e+20,-1e+20,1e+20,0.0,0.0,5.028065,0.0,0.0,152166.17270861464,1857798.081542402,0.3572778827977316,0.00013502565487442613,0.357412908452606,0.0,0.0,0.0,0.0,847958.0,370300.0,0.0,0.430564,0.556189,0.0132471,0.045532,0.954468,0.393202,0.999622,95252200.0,186566.0,3074.18,5735.76,1.86579,189062.0,352750.0,61.5,29.9758,1.18548,7700.87,4.04982
normalized-BA_RDC4.dot_luby_0null0mast_rapportOE1.0_TMAX60_K67_cod2.opb,36668.0,36737.0,0.0,0.0,1e+20,1e+20,-1e+20,1e+20,0.0,0.0,5.041804,0.0,0.0,-0.04299289151623226,1.0277239136097096,0.0,0.011871900725505044,0.011871900725505044,0.0,0.0,0.0,0.0,41436.0,40937.0,2.41336e-05,0.0940245,0.618013,0.287938,0.0021725,0.997827,0.598238,0.0,98070600.0,-1090970.0,66.574,-1248.15,-18.7484,59417.3,-1113980.0,892.5,202.493,6.16293,-2173.29,4.82434
normalized-NG.dot_fibo_20null20mast_rapportOE1.0_TMAX180_K192_cod2.opb,400896.0,400786.0,0.0,0.0,1e+20,1e+20,-1e+20,1e+20,0.0,0.0,5.388835,0.0,0.0,-12.048356681034482,340.1989668362209,0.0,0.0035595266602809704,0.0035595266602809704,0.0,0.0,0.0,0.0,402763.0,400896.0,0.0,0.0607007,0.329586,0.609713,0.000609734,0.99939,0.63328,0.0,116819000.0,2690990.0,14725.3,93937.5,6.37931,390221.0,2489340.0,26.5,9.42593,1.0,8072.36,4.45433
normalized-ped3.E.recomb10-0.20-13.opb,34594.0,291457.0,0.0,0.0,1e+20,1e+20,-1e+20,1e+20,0.0,0.0,5.304829,0.0,0.0,25.56580758589672,89.79284135076567,0.07959331089092718,0.0,0.07959331089092718,0.0,0.0,0.0,0.0,830787.0,73373.0,0.0202049,0.529931,0.449459,0.000404436,0.00280648,0.997194,0.681602,1.0,77363800.0,-352268.0,1421.69,-1908.85,-1.34266,897087.0,-1204490.0,631.0,387.086,4.5867,451.445,3.78198
normalized-BA_RDC4.dot_fibo_0null20mast_rapportOE2.0_TMAX15_K67_cod2_pbEq1_newVersion_binary.opb,43616.0,288563.0,0.0,0.0,1e+20,1e+20,-1e+20,1e+20,0.0,0.0,5.045755,0.0,0.0,-31.38141891137941,538.5463136458744,0.0,0.010846035394675177,0.010846035394675177,0.0,0.0,0.0,0.0,297596.0,44809.0,3.36026e-06,0.875714,0.0860495,0.038233,0.000698081,0.999302,0.385501,0.0,106686000.0,1644080.0,122.306,2663.31,21.7758,73872.6,1608640.0,604.0,126.441,4.42349,7796.45,4.65682
normalized-KE_340_006.opb,6050.0,217.0,0.0,0.0,-10524.0,-10524.0,-10524.0,0.0,0.0,694.0,0.441293,0.11471074380165289,6.0,-113.9238637561953,47.58286425543365,0.0,0.9998945481387747,0.9998945481387747,0.0,0.0,0.0,0.0,257.0,9483.0,0.0,0.0389105,0.0350195,0.92607,0.253536,0.746464,0.0,0.0,71250000.0,235427.0,74.5946,362.054,4.85363,41698.4,202388.0,559.0,27.8418,4.21895,34032.9,4.90471
normalized-sporttournament30.lin.opb,1275.0,841.0,1275.0,1.0,-155.0,-155.0,-221.82701348771494,0.43114202250138667,0.0,28884.0,5.000847,22.654117647058822,4.0,0.0,1.0373420030889278,0.46588235294117647,0.40784313725490196,0.8737254901960785,0.0,0.0,0.0,0.840729001584786,1680.0,1275.0,0.0,0.0,1.0,0.0,0.18102,0.81898,0.5,0.533214,87947000.0,-39310.6,22.0896,-29.4949,-1.33524,131952.0,-176188.0,5973.5,986.695,26.9961,136.662,4.82455
normalized-j9037_6.std.opb,38314.0,91055.0,0.0,0.0,1e+20,1e+20,-1e+20,1e+20,0.0,0.0,5.008288,0.0,0.0,0.8241758241758241,12.823050507610667,0.0054762513234274035,0.0,0.0054762513234274035,0.0,0.0,0.0,0.0,192439.0,54782.0,0.0033621,0.850987,0.139416,0.00623574,0.000647585,0.999352,0.412478,1.0,108609000.0,-47974.7,32.076,-32.1612,-1.00266,133468.0,-133823.0,4161.0,3852.58,20.0488,-52.6059,4.73471
normalized-mps-v2-20-10-mkc1.opb,27273.0,45631.0,0.0,0.0,0.0,0.0,-1e+20,1e+20,0.0,0.0,5.01042,0.0,1.0,-1987566.6062430162,3747174.7678883383,0.00951591392423314,0.9026421079191147,0.9121580218433478,0.0,0.0,0.0,0.0,5584.0,27743.0,0.0,0.127507,0.0,0.872493,0.162297,0.837703,0.218132,0.0104323,65755200.0,286696.0,914.383,882.306,0.96492,157274.0,151757.0,172.0,49.2087,1.84058,49504.8,4.79257
normalized-BA_RDC4.dot_fibo_0null20mast_rapportOE2.0_TMAX120_K67_cod2_pbEq1_newVersion_sequential.opb,71568.0,143199.0,0.0,0.0,1e+20,1e+20,-1e+20,1e+20,0.0,0.0,5.127726,0.0,0.0,-16.265610781830254,393.4875001683722,0.0,0.005976242591180739,0.005976242591180739,0.0,0.0,0.0,0.0,161483.0,81322.0,6.1926e-06,0.770954,0.15858,0.0704594,0.00114631,0.998854,0.504753,0.0,103915000.0,-1153130.0,121.765,-2439.05,-20.0308,57107.8,-1143920.0,469.0,99.9318,3.87007,10546.8,4.77912
normalized-BA_RDC4.dot_luby_0null0mast_rapportOE1.0_TMAX300_K67_cod2_pbEq1_newVersion.opb,36668.0,36737.0,0.0,0.0,1e+20,1e+20,-1e+20,1e+20,0.0,0.0,5.013466,0.0,0.0,-0.04299289151623226,1.0277239136097096,0.0,0.011871900725505044,0.011871900725505044,0.0,0.0,0.0,0.0,40882.0,40937.0,2.44606e-05,0.0952742,0.626388,0.278313,0.00265914,0.997341,0.729932,0.0,95938000.0,-592953.0,70.6923,-468.555,-6.6281,99358.0,-658555.0,1405.5,619.314,8.78414,869.833,4.77088
normalized-j6013_9.std.opb,29302.0,62059.0,0.0,0.0,1e+20,1e+20,-1e+20,1e+20,0.0,0.0,5.011436,0.0,0.0,1.2295081967213115,15.646078901885646,0.008169489679211371,0.0,0.008169489679211371,0.0,0.0,0.0,0.0,117866.0,36722.0,0.00301189,0.833998,0.152809,0.0101811,0.000927965,0.999072,0.360753,1.0,110172000.0,112232.0,13.9432,3.44722,0.247233,111908.0,27667.4,8026.0,7419.99,35.1121,2.20483,4.78143
normalized-BA_RDC4.dot_fibo_20null0mast_rapportOE1.0_TMAX300_K67_cod2.opb,30807.0,30876.0,0.0,0.0,1e+20,1e+20,-1e+20,1e+20,0.0,0.0,5.024049,0.0,0.0,-9.071426826587196,197.9095855406063,0.0,0.009502406136258152,0.009502406136258152,0.0,0.0,0.0,0.0,41436.0,40937.0,2.41336e-05,0.0940245,0.618013,0.287938,0.00173965,0.99826,0.598238,0.0,96093200.0,-234212.0,47.7959,-159.279,-3.33248,86128.1,-287020.0,1802.0,814.149,10.2702,-215.903,4.82281
normalized-minisat85_4_27_2.opb,7310.0,7569.0,7310.0,1.0,69913411.0,69913411.0,-3.0,1e+20,0.0,9671.0,5.001997,1.3229822161422709,1.0,6907374.121682626,13961900.149777375,0.9767441860465116,0.005813953488372093,0.9825581395348837,9.999999999999998e+98,1.2141680576410807e+83,1e+99,3.6609855991544458,21851.0,14620.0,0.0,0.657407,0.163379,0.179214,0.132341,0.867659,0.615523,0.994083,82481200.0,1073370.0,64.9078,2615.46,40.295,26320.1,1060570.0,405.5,96.4089,3.53695,15219.8,4.89299
normalized-NG.dot_luby_50null20mast_rapportOE1.0_TMAX60_K192_cod2.opb,400896.0,400786.0,0.0,0.0,1e+20,1e+20,-1e+20,1e+20,0.0,0.0,5.335196,0.0,0.0,-0.9140949273627076,30.502812034857634,0.0,0.002225015964240102,0.002225015964240102,0.0,0.0,0.0,0.0,402763.0,400896.0,0.0,0.0607007,0.329586,0.609713,0.000381224,0.999619,0.63328,0.0,134218000.0,1473450.0,95270.6,356552.0,3.74252,381082.0,1426210.0,4.0,2.11111,1.0,24502.3,4.43843
Init-x2-i4_pp_81.opb,593415.0,593416.0,0.0,0.0,1e+20,1e+20,-1e+20,1e+20,0.0,0.0,5.170013,0.0,0.0,0.004857602282131155,0.06952701620377356,0.004857602282131155,0.0,0.004857602282131155,0.0,0.0,0.0,0.0,594533.0,594532.0,6.72797e-06,0.935156,0.00621496,0.0586225,0.000847398,0.999153,0.988843,1.0,131560000.0,5083350.0,825.041,107349.0,130.113,41252.0,5367440.0,50.0,16.3663,1.0099,1141.23,4.37862
normalized-NG.dot_fibo_20null0mast_rapportOE1.0_TMAX180_K192_cod1.opb,331117.0,332434.0,0.0,0.0,1e+20,1e+20,-1e+20,1e+20,0.0,0.0,5.506944,0.0,0.0,-530.3089901857369,1349.1648798275426,0.0,0.6829068459308517,0.6829068459308517,0.0,0.0,0.0,0.0,400980.0,399113.0,0.0,0.0609706,0.331051,0.607978,0.104571,0.895429,0.48797,0.0,134218000.0,449212.0,52656.4,13218.6,0.251035,368595.0,92530.3,7.0,0.0,1.0,0.0,4.36659
normalized-pdc.r.opb,3583.0,3311.0,0.0,0.0,94.0,94.0,94.0,0.0,0.0,3982.0,3.814234,1.1113591962042981,26.0,1.0,0.0,1.0,0.0,1.0,0.0,0.0,0.0,0.0,6904.0,19021.0,0.0,0.000724218,0.000579374,0.998696,0.0414999,0.9585,1.0,1.0,132220000.0,-2093000.0,147.38,4190.1,28.4305,74206.0,2109720.0,503.5,51.3026,3.99702,-29391.4,4.79837
normalized-randaefc7c.cudf.trendy.opb,2142.0,1497.0,0.0,0.0,394243446.0,394243446.0,394243446.0,0.0,0.0,944.0,3.117892,0.4407096171802054,5.0,232475430.66575578,719838676.8909229,0.46080273270708794,0.0,0.46080273270708794,0.0,0.0,0.0,0.0,24760.0,5855.0,0.0180937,0.473708,0.376171,0.132027,0.0375693,0.962431,0.540598,1.0,124911000.0,93732.8,80.7216,635.33,7.87064,11018.5,86722.6,136.5,123.427,1.63504,75.9226,0.125459
normalized-Generated_notes_20140709_1000_0.10-012.opb,119168.0,878.0,0.0,0.0,-100.0,-100.0,-1e+20,1e+20,0.0,0.0,5.045622,0.0,2.0,-167.59651200640027,319.755250298055,0.0,0.926761546576519,0.926761546576519,0.0,0.0,0.0,0.0,1848.0,254989.0,0.0633117,0.00703463,0.00703463,0.922619,0.253142,0.746858,0.0235295,0.0,118731000.0,3335210.0,36950.7,100631.0,2.72338,942243.0,2566080.0,25.5,0.980769,1.0,488100.0,4.11713
normalized-BA_RDC4.dot_fibo_0null20mast_rapportOE2.0_TMAX120_K67_cod2_pbEq1_newVersion_product.opb,52558.0,135477.0,0.0,0.0,1e+20,1e+20,-1e+20,1e+20,0.0,0.0,5.048549,0.0,0.0,-23.00038254216658,467.745474854585,0.0,0.008450704225352112,0.008450704225352112,0.0,0.0,0.0,0.0,149401.0,57510.0,6.6934e-06,0.752431,0.171404,0.0761575,0.0012156,0.998784,0.589766,0.0,98204200.0,184576.0,87.3972,188.271,2.1542,73894.4,159183.0,845.5,221.269,5.84693,-2500.35,4.76952
normalized-NG.dot_fibo_20null10mast_rapportOE1.0_TMAX180_K192_cod1.opb,331117.0,332434.0,0.0,0.0,1e+20,1e+20,-1e+20,1e+20,0.0,0.0,5.27217,0.0,0.0,-1488.5579422369103,3193.179993071781,0.0,0.6829068459308517,0.6829068459308517,0.0,0.0,0.0,0.0,400980.0,399113.0,0.0,0.0609706,0.331051,0.607978,0.104571,0.895429,0.48797,0.0,134218000.0,442413.0,49146.6,11230.0,0.2285,368599.0,84224.8,7.5,0.0,1.0,0.0,4.35272
normalized-BA_RDC4.dot_unif_10null20mast_rapportOE2.0_TMAX15_K67_cod2_pbEq1_newVersion.opb,33717.0,33783.0,0.0,0.0,1e+20,1e+20,-1e+20,1e+20,0.0,0.0,5.218548,0.0,0.0,-6.509416908908811,71.20453637882154,0.0,0.010699367320516892,0.010699367320516892,0.0,0.0,0.0,0.0,40882.0,40937.0,2.44606e-05,0.0952742,0.626388,0.278313,0.00239714,0.997603,0.729932,0.0,104337000.0,1062190.0,146.09,1860.17,12.7331,79984.1,1018440.0,547.5,97.0064,4.16515,9696.22,4.86722
normalized-minisat50_6_9_9_mh.opb,240200.0,599279.0,0.0,0.0,1e+20,1e+20,-1e+20,1e+20,0.0,0.0,5.004521,0.0,0.0,275109.7723261391,2666753.0733954213,0.5185851318944844,0.00019984012789768185,0.518784972022382,0.0,0.0,0.0,0.0,605407.0,250200.0,0.0,0.599019,0.390522,0.0104591,0.0664431,0.933557,0.337519,0.999615,99421100.0,55727.4,3197.0,4428.76,1.38528,127880.0,177150.0,40.0,17.5062,1.0,3829.27,4.39313
normalized-j6025_5.std.opb,29817.0,68028.0,0.0,0.0,1e+20,1e+20,-1e+20,1e+20,0.0,0.0,5.011253,0.0,0.0,1.2295081967213115,15.646078901885646,0.008169489679211371,0.0,0.008169489679211371,0.0,0.0,0.0,0.0,123704.0,36722.0,0.00317694,0.840991,0.146131,0.00970058,0.000945501,0.999054,0.385934,1.0,106235000.0,48137.1,27.6486,-13.9843,-0.505787,156408.0,-79109.3,5657.0,5338.83,25.6968,1.31892,4.76938
normalized-single-obj-f10-DCTotalLoss.seq-A-3-2-irEDCBA.opb,5239.0,13161.0,0.0,0.0,1e+20,1e+20,-1e+20,1e+20,0.0,0.0,5.002132,0.0,0.0,12571313.96301256,82503462.62120236,0.02294975988178796,0.008311784263021796,0.03126154414480975,0.0,0.0,0.0,0.0,79163.0,21656.0,0.0160428,0.65782,0.177709,0.148428,0.00344812,0.996552,0.454099,0.734121,71000900.0,-82099.1,7.02786,-17.5838,-2.50202,48467.6,-121267.0,6896.5,5212.39,30.8878,-24.6057,4.81402
normalized-NG.dot_fibo_10null50mast_rapportOE1.0_TMAX300_K192_cod1.opb,365115.0,366610.0,0.0,0.0,1e+20,1e+20,-1e+20,1e+20,0.0,0.0,5.3120519999999996,0.0,0.0,-4947.215515405412,5268.923987029677,0.0,0.7680907412186524,0.7680907412186524,0.0,0.0,0.0,0.0,400980.0,399113.0,0.0,0.0609706,0.331051,0.607978,0.1161,0.8839,0.48797,0.0,134218000.0,475229.0,21064.5,6663.56,0.31634,368629.0,116612.0,17.5,0.0,1.0,0.0,4.34824
normalized-BA_RDC4.dot_unif_10null0mast_rapportOE1.0_TMAX300_K67_cod2_pbEq1_newVersion_sequential.opb,72651.0,145487.0,0.0,0.0,1e+20,1e+20,-1e+20,1e+20,0.0,0.0,5.025486,0.0,0.0,-2.631956912028725,41.48613252324529,0.0,0.005385996409335727,0.005385996409335727,0.0,0.0,0.0,0.0,161483.0,81322.0,6.1926e-06,0.770954,0.15858,0.0704594,0.00103321,0.998967,0.504753,0.0,78564200.0,-1500710.0,186.413,2061.51,11.0588,130955.0,1448210.0,702.5,413.988,4.96942,2826.23,4.70095
normalized-mps-v2-20-10-atlanta-ip.opb,32869.0,48920.0,0.0,0.0,1e+20,1e+20,-1e+20,1e+20,0.0,0.0,5.025744,0.0,0.0,1053502734.7615222,34104797534.253506,0.4049375048521078,0.0,0.4049375048521078,0.0,0.0,0.0,0.0,23680.0,77286.0,0.00743243,0.042652,0.095777,0.854139,0.0586782,0.941322,0.450961,1.0,103202000.0,454284.0,100.219,108.026,1.0779,229801.0,247703.0,2293.0,700.875,12.6058,123.347,3.39615
normalized-BA_RDC4.dot_fibo_20null20mast_rapportOE2.0_TMAX15_K67_cod2_pbEq1_newVersion_product.opb,52559.0,135477.0,0.0,0.0,1e+20,1e+20,-1e+20,1e+20,0.0,0.0,5.035289,0.0,0.0,-23.383863675882456,473.3530852084892,0.0,0.0067640410363415055,0.0067640410363415055,0.0,0.0,0.0,0.0,149401.0,57510.0,6.6934e-06,0.752431,0.171404,0.0761575,0.000973213,0.999027,0.589766,0.0,103170000.0,-971104.0,96.2059,-1586.56,-16.4913,59840.1,-986842.0,622.0,157.681,4.51406,4044.9,4.80401
normalized-domset_v500_e2000_w30_mw19_12.opb.PB06.opb,465.0,543.0,465.0,1.0,204.0,204.0,159.39852592779636,0.27981108239612595,0.0,15829.0,5.000264,34.04086021505376,78.0,1.0,0.0,1.0,0.0,1.0,0.0,0.0,0.0,37.2683858643744,465.0,465.0,0.0,0.0,0.00215054,0.997849,0.0997854,0.900215,1.0,1.0,70709000.0,45321.4,16.387,-9.30258,-0.567679,92701.5,-52624.7,5657.0,1227.36,25.7688,112.104,4.83013
normalized-BA_RDC4.dot_unif_10null0mast_rapportOE2.0_TMAX120_K67_cod2_pbEq1_newVersion_binary.opb,43616.0,288563.0,0.0,0.0,1e+20,1e+20,-1e+20,1e+20,0.0,0.0,5.035251,0.0,0.0,-4.897788390725077,56.91462559947744,0.0,0.009774822022361579,0.009774822022361579,0.0,0.0,0.0,0.0,297596.0,44809.0,3.36026e-06,0.875714,0.0860495,0.038233,0.000629178,0.999371,0.385501,0.0,97775000.0,671597.0,65.7591,690.287,10.4972,61846.4,649215.0,940.5,352.682,6.46918,-1947.31,4.67349
normalized-g100x100.opb,10000.0,10000.0,10000.0,1.0,2535.0,2535.0,0.0,1e+20,0.0,11165.0,5.000979,1.1165,2.0,1.0,0.0,1.0,0.0,1.0,0.0,0.0,0.0,0.0,10000.0,10000.0,0.0,0.0,0.0004,0.9996,0.167785,0.832215,1.0,1.0,114642000.0,-1056910.0,22.6699,1071.69,47.2736,22681.3,1072230.0,1000.5,100.931,4.13836,-1190.68,4.87174
normalized-market-split_4_30_2.opb,30.0,15.0,30.0,1.0,1e+20,1e+20,0.0,1e+20,0.0,58283.0,5.003191,1942.7666666666667,0.0,0.03225806451612903,0.17668469596940847,0.03225806451612903,0.0,0.03225806451612903,-0.04550829210095148,0.8205730989269199,-1.7994369788070284,418.08502402282693,9.0,31.0,0.111111,0.0,0.0,0.888889,0.00423729,0.995763,0.497872,1.0,87569400.0,7714.72,1.37403,-1.79985,-1.30991,18530.8,-24273.7,13486.5,7404.94,51.8097,10.0425,4.89373
normalized-BA_RDC4.dot_luby_20null50mast_rapportOE1.0_TMAX180_K67_cod2.opb,30792.0,30861.0,0.0,0.0,1e+20,1e+20,-1e+20,1e+20,0.0,0.0,5.012521,0.0,0.0,-1.5320126047341036,19.667722668970796,0.0,0.009502406136258152,0.009502406136258152,0.0,0.0,0.0,0.0,41436.0,40937.0,2.41336e-05,0.0940245,0.618013,0.287938,0.00173965,0.99826,0.598238,0.0,98300300.0,703971.0,625.795,9827.77,15.7045,44118.5,692858.0,70.5,29.8099,1.28873,5616.0,4.90745
normalized-BA_RDC4.dot_fibo_0null10mast_rapportOE1.0_TMAX120_K67_cod3.opb,36184.0,36738.0,0.0,0.0,1e+20,1e+20,-1e+20,1e+20,0.0,0.0,5.046925,0.0,0.0,-1458.37630713703,3093.773640244361,0.0,0.7929593829571581,0.7929593829571581,0.0,0.0,0.0,0.0,40950.0,40451.0,2.442e-05,0.0951404,0.625348,0.279487,0.126304,0.873696,0.455087,0.0,95520300.0,-1288770.0,119.821,-1823.77,-15.2207,88667.7,-1349590.0,740.0,237.248,5.21742,1336.61,4.77874
Init-x2-i1_pp_96.opb,37328.0,33943.0,0.0,0.0,1e+20,1e+20,-1e+20,1e+20,0.0,0.0,5.016088,0.0,0.0,0.07216932803558487,0.2587680740092893,0.07216932803558487,0.0,0.07216932803558487,0.0,0.0,0.0,0.0,40018.0,40017.0,0.02229,0.798316,0.0238643,0.15553,0.0140932,0.985907,0.964214,1.0,91262500.0,-866832.0,261.094,-1134.13,-4.34378,251956.0,-1094440.0,965.0,211.255,6.6204,3243.54,4.6973
normalized-BA_RDC4.dot_unif_20null10mast_rapportOE2.0_TMAX15_K67_cod3.opb,30405.0,30859.0,0.0,0.0,1e+20,1e+20,-1e+20,1e+20,0.0,0.0,5.023387,0.0,0.0,-363.8100912214778,371.8880722128675,0.0,0.6346938270994537,0.6346938270994537,0.0,0.0,0.0,0.0,40950.0,40451.0,2.442e-05,0.0951404,0.625348,0.279487,0.103709,0.896291,0.455087,0.0,112065000.0,581745.0,406.621,5640.18,13.8708,41678.7,578119.0,102.5,30.4515,1.51456,43473.3,4.8772
normalized-BA_RDC4.dot_luby_0null0mast_rapportOE1.0_TMAX120_K67_cod2_pbEq1_newVersion_product.opb,52558.0,135477.0,0.0,0.0,1e+20,1e+20,-1e+20,1e+20,0.0,0.0,5.04553,0.0,0.0,-0.03060337332637802,0.867305832111908,0.0,0.008450704225352112,0.008450704225352112,0.0,0.0,0.0,0.0,149401.0,57510.0,6.6934e-06,0.752431,0.171404,0.0761575,0.0012156,0.998784,0.589766,0.0,98346800.0,1297680.0,73.9113,1766.96,23.9064,54029.2,1291640.0,731.0,364.106,5.14901,3923.49,4.76506
normalized-aim-200-3_4-yes1-3.opb,400.0,947.0,0.0,0.0,200.0,200.0,200.0,0.0,0.0,9419.0,0.7012729999999999,23.5475,1.0,1.0,0.0,1.0,0.0,1.0,0.0,0.0,0.0,0.0,880.0,400.0,0.0,0.229545,0.770455,0.0,0.140944,0.859056,0.835931,1.0,130489000.0,11069.3,21.5224,66.7116,3.09964,2701.06,8372.3,125.5,123.131,1.60317,6.29337,0.019141
normalized-NG.dot_fibo_10null0mast_rapportOE1.0_TMAX120_K192_cod1.opb,365115.0,366610.0,0.0,0.0,1e+20,1e+20,-1e+20,1e+20,0.0,0.0,5.522578,0.0,0.0,-673.1226620029917,1523.0352477186948,0.0,0.7680907412186524,0.7680907412186524,0.0,0.0,0.0,0.0,400980.0,399113.0,0.0,0.0609706,0.331051,0.607978,0.1161,0.8839,0.48797,0.0,134218000.0,444200.0,49150.7,11508.9,0.234156,368630.0,86317.0,7.5,0.0,1.0,0.0,4.39818
normalized-BA_RDC4.dot_luby_20null0mast_rapportOE2.0_TMAX120_K67_cod2_pbEq1_newVersion_product.opb,52559.0,135477.0,0.0,0.0,1e+20,1e+20,-1e+20,1e+20,0.0,0.0,5.044418,0.0,0.0,-0.02281342375239089,0.5978874998644146,0.0,0.0067640410363415055,0.0067640410363415055,0.0,0.0,0.0,0.0,149401.0,57510.0,6.6934e-06,0.752431,0.171404,0.0761575,0.000973213,0.999027,0.589766,0.0,100917000.0,222286.0,48.0055,220.297,4.589,47573.5,218315.0,991.0,576.062,6.7761,-1500.13,4.77589
normalized-j9029_1.std.opb,40333.0,88061.0,0.0,0.0,1e+20,1e+20,-1e+20,1e+20,0.0,0.0,5.008819,0.0,0.0,0.8241758241758241,12.823050507610667,0.0054762513234274035,0.0,0.0054762513234274035,0.0,0.0,0.0,0.0,184574.0,54782.0,0.00320197,0.844312,0.145985,0.00650146,0.000598322,0.999402,0.365443,1.0,114491000.0,-205655.0,34.5613,30.0414,0.86922,161298.0,140203.0,4667.0,4183.91,21.8554,-28.5362,4.73982
normalized-BA_RDC4.dot_unif_20null0mast_rapportOE2.0_TMAX120_K67_cod2_pbEq1_newVersion.opb,30849.0,30918.0,0.0,0.0,1e+20,1e+20,-1e+20,1e+20,0.0,0.0,5.03009,0.0,0.0,-4.749102279111806,55.57588677381291,0.0,0.009502406136258152,0.009502406136258152,0.0,0.0,0.0,0.0,40882.0,40937.0,2.44606e-05,0.0952742,0.626388,0.278313,0.00212953,0.99787,0.729932,0.0,59121600.0,407347.0,52.9909,193.363,3.64898,90799.9,331327.0,1713.5,872.59,9.90986,593.822,4.82956
normalized-NG.dot_luby_10null20mast_rapportOE2.0_TMAX180_K192_cod2.opb,400896.0,400786.0,0.0,0.0,1e+20,1e+20,-1e+20,1e+20,0.0,0.0,5.461938,0.0,0.0,-0.9251451748084292,30.526660842191866,0.0,0.004003532088122605,0.004003532088122605,0.0,0.0,0.0,0.0,402763.0,400896.0,0.0,0.0607007,0.329586,0.609713,0.000685739,0.999314,0.63328,0.0,134218000.0,1543620.0,106958.0,428870.0,4.0097,374353.0,1501040.0,3.5,1.625,1.0,31579.7,4.44447
normalized-BA_RDC4.dot_luby_20null20mast_rapportOE1.0_TMAX300_K67_cod2_pbEq1_newVersion_sequential.opb,72824.0,145712.0,0.0,0.0,1e+20,1e+20,-1e+20,1e+20,0.0,0.0,5.044604,0.0,0.0,-0.3183517375371978,8.848441467555054,0.0,0.004783453432035611,0.004783453432035611,0.0,0.0,0.0,0.0,161483.0,81322.0,6.1926e-06,0.770954,0.15858,0.0704594,0.000917732,0.999082,0.504753,0.0,120497000.0,1639080.0,457.131,5828.83,12.7509,122740.0,1565040.0,268.5,139.286,2.57621,6704.44,4.63349
normalized-BA_RDC4.dot_unif_0null50mast_rapportOE2.0_TMAX15_K67_cod1.opb,36115.0,36666.0,0.0,0.0,1e+20,1e+20,-1e+20,1e+20,0.0,0.0,5.016503,0.0,0.0,-600.1935675261427,414.88356482366095,0.0,0.7929593829571581,0.7929593829571581,0.0,0.0,0.0,0.0,40950.0,40451.0,2.442e-05,0.0951404,0.625348,0.279487,0.126304,0.873696,0.455087,0.0,122589000.0,683073.0,304.413,4929.01,16.1919,42009.0,680204.0,138.0,21.9711,1.63538,138574.0,4.86322
normalized-NG.dot_unif_10null50mast_rapportOE2.0_TMAX120_K192_cod1.opb,365115.0,366610.0,0.0,0.0,1e+20,1e+20,-1e+20,1e+20,0.0,0.0,5.44397,0.0,0.0,-602.554983175191,427.4707488077847,0.0,0.7680907412186524,0.7680907412186524,0.0,0.0,0.0,0.0,400980.0,399113.0,0.0,0.0609706,0.331051,0.607978,0.1161,0.8839,0.48797,0.0,134218000.0,510257.0,15361.5,6674.07,0.434467,368676.0,160178.0,24.0,0.0,1.0,0.0,4.37154
normalized-NG.dot_luby_10null20mast_rapportOE1.0_TMAX180_K192_cod2.opb,400896.0,400786.0,0.0,0.0,1e+20,1e+20,-1e+20,1e+20,0.0,0.0,5.443567,0.0,0.0,-0.9233965916347382,30.522292044916504,0.0,0.004003532088122605,0.004003532088122605,0.0,0.0,0.0,0.0,402763.0,400896.0,0.0,0.0607007,0.329586,0.609713,0.000685739,0.999314,0.63328,0.0,134218000.0,1541920.0,106967.0,428775.0,4.00849,374384.0,1500710.0,3.5,1.875,1.0,27366.9,4.42389
normalized-maxcut_opt_complete_5-partite_inlv_nvert_62.opb,1891.0,151280.0,1891.0,1.0,-859.0,-859.0,-1537.0,0.789289871944121,0.0,708.0,5.004977,0.3744050766790058,2.0,-0.812797461660497,0.3900740288442052,0.0,0.812797461660497,0.812797461660497,0.0,0.0,0.0,1.5,151280.0,1891.0,0.0,0.0,1.0,0.0,0.00337523,0.996625,0.5,0.0,87239200.0,-137002.0,18.0706,-66.2929,-3.66855,51799.4,-190029.0,2866.5,2032.15,15.5192,131.067,4.80312
normalized-NG.dot_unif_50null50mast_rapportOE1.0_TMAX300_K192_cod1.opb,228932.0,229714.0,0.0,0.0,1e+20,1e+20,-1e+20,1e+20,0.0,0.0,5.449258,0.0,0.0,-426.8110359722685,494.55717037991604,0.0,0.4268765988579675,0.4268765988579675,0.0,0.0,0.0,0.0,400980.0,399113.0,0.0,0.0609706,0.331051,0.607978,0.068033,0.931967,0.48797,0.0,134218000.0,513695.0,13406.6,5894.58,0.439676,368683.0,162101.0,27.5,0.0,1.0,0.0,4.415
normalized-BA_RDC4.dot_unif_20null0mast_rapportOE1.0_TMAX60_K67_cod2_pbEq1_newVersion.opb,30789.0,30858.0,0.0,0.0,1e+20,1e+20,-1e+20,1e+20,0.0,0.0,5.037179,0.0,0.0,-4.586657546962406,54.398289245504614,0.0,0.009502406136258152,0.009502406136258152,0.0,0.0,0.0,0.0,40882.0,40937.0,2.44606e-05,0.0952742,0.626388,0.278313,0.00212953,0.99787,0.729932,0.0,98519200.0,-196376.0,64.9731,-239.861,-3.69171,59450.3,-219473.0,915.0,224.341,6.31076,-554.671,4.87372
normalized-t1722.opb,6418.0,472.0,6418.0,1.0,254727.0,254727.0,99022.572987277,1.5724134640768102,0.0,14311.0,5.000409,2.2298223745715178,1.0,2342.0287196287195,651.6563490553751,1.0,0.0,1.0,0.0,0.0,0.0,91.15428571428572,338.0,36630.0,0.0,0.0,0.0,1.0,0.215818,0.784182,1.0,1.0,125702000.0,387415.0,526.341,2042.53,3.88062,86846.3,337017.0,165.0,11.7069,1.78852,225998.0,4.86632
normalized-BA_RDC4.dot_unif_0null50mast_rapportOE2.0_TMAX120_K67_cod2_pbEq1_newVersion.opb,36668.0,36737.0,0.0,0.0,1e+20,1e+20,-1e+20,1e+20,0.0,0.0,5.027117,0.0,0.0,-9.015707062070987,89.13255098296665,0.0,0.011871900725505044,0.011871900725505044,0.0,0.0,0.0,0.0,40882.0,40937.0,2.44606e-05,0.0952742,0.626388,0.278313,0.00265914,0.997341,0.729932,0.0,92653500.0,2140070.0,468.276,5136.9,10.9698,181223.0,1987980.0,387.0,53.8323,3.41161,25920.4,4.66745
normalized-BA_RDC4.dot_fibo_0null20mast_rapportOE1.0_TMAX15_K67_cod2_pbEq1_newVersion_product.opb,52558.0,135477.0,0.0,0.0,1e+20,1e+20,-1e+20,1e+20,0.0,0.0,5.036424,0.0,0.0,-24.668561989219267,477.4221658251169,0.0,0.008450704225352112,0.008450704225352112,0.0,0.0,0.0,0.0,149401.0,57510.0,6.6934e-06,0.752431,0.171404,0.0761575,0.0012156,0.998784,0.589766,0.0,101120000.0,547680.0,113.402,832.861,7.34435,70762.6,519706.0,624.0,221.244,4.53323,4376.94,4.73963
normalized-ii32c3.opb,552.0,3737.0,552.0,1.0,272.0,272.0,191.31532649862234,0.42173659046578615,0.0,10438.0,5.00061,18.909420289855074,1.0,1.0,0.0,1.0,0.0,1.0,4.545454545454546e+97,2.0829889522526548e+98,0.0,1.5516014234875444,3551.0,558.0,0.0,0.889609,0.00816671,0.102225,0.0300339,0.969966,0.969036,1.0,75955700.0,-32412.7,9.019,5.54612,0.614938,97076.0,59695.7,10763.5,6261.96,42.831,4.35443,4.84202
normalized-s3-3-3-2pb.opb,176.0,468.0,0.0,0.0,36.0,36.0,36.0,0.0,0.0,49.0,0.020175,0.2784090909090909,1.0,1.0,0.0,1.0,0.0,1.0,0.0,0.0,0.0,0.0,712.0,264.0,0.0,0.356742,0.519663,0.123596,0.107755,0.892245,0.403477,1.0,120796000.0,2191.43,8.97401,70.3311,7.83719,264.733,2074.77,29.5,14.0833,1.0,60.116,0.004665
normalized-BA_RDC4.dot_fibo_20null50mast_rapportOE1.0_TMAX300_K67_cod1.opb,30406.0,30863.0,0.0,0.0,1e+20,1e+20,-1e+20,1e+20,0.0,0.0,5.036044,0.0,0.0,-4461.781760648686,5288.89984957479,0.0,0.6346938270994537,0.6346938270994537,0.0,0.0,0.0,0.0,40950.0,40451.0,2.442e-05,0.0951404,0.625348,0.279487,0.103709,0.896291,0.455087,0.0,91657200.0,-749384.0,191.047,456.911,2.39161,256863.0,614317.0,1344.5,542.604,8.51747,189.542,4.53675
normalized-mult_diagcomm_opt_less_teq_nbits_40.opb,7920.0,4732.0,7920.0,1.0,0.0,0.0,-1e+20,1e+20,0.0,20247.0,5.000928,2.556439393939394,1.0,0.0,9.991463697187722e+21,0.00819672131147541,0.00819672131147541,0.01639344262295082,1.0000000000000001e+99,1.2141680576410807e+83,1e+99,0.0,14560.0,9760.0,0.0,0.565934,0.21978,0.214286,0.00383142,0.996169,0.425,0.5,109777000.0,-383027.0,11.9484,-241.207,-20.1874,19679.0,-397268.0,1647.0,984.42,9.63642,323.869,4.85381
normalized-NG.dot_fibo_50null10mast_rapportOE2.0_TMAX300_K192_cod2.opb,400896.0,400786.0,0.0,0.0,1e+20,1e+20,-1e+20,1e+20,0.0,0.0,5.284807,0.0,0.0,-6.267193985472542,242.52829520131127,0.0,0.002225015964240102,0.002225015964240102,0.0,0.0,0.0,0.0,402763.0,400896.0,0.0,0.0607007,0.329586,0.609713,0.000381224,0.999619,0.63328,0.0,114735000.0,2230120.0,6242.99,33350.6,5.34209,383944.0,2051060.0,61.5,25.1613,1.17742,3465.06,4.38511
normalized-minisat70_4_22_4.opb,4970.0,5188.0,4970.0,1.0,109825189.0,109825189.0,2021650.5789122635,53.3245158909166,0.0,10485.0,5.000622,2.1096579476861166,1.0,7786698.644869215,15517747.819369862,0.971830985915493,0.007042253521126761,0.9788732394366197,9.999999999999998e+98,1.2141680576410807e+83,1e+99,3.888348570317059,14846.0,9940.0,0.0,0.655395,0.16267,0.181935,0.132129,0.867871,0.615553,0.992806,84685200.0,538881.0,55.7821,1131.89,20.2913,25743.4,522369.0,461.5,145.298,3.83117,12450.2,4.90978
normalized-BA_RDC4.dot_luby_20null50mast_rapportOE2.0_TMAX15_K67_cod3.opb,30394.0,30848.0,0.0,0.0,1e+20,1e+20,-1e+20,1e+20,0.0,0.0,5.044347,0.0,0.0,-102.47613161602926,124.50046731597638,0.0,0.6346938270994537,0.6346938270994537,0.0,0.0,0.0,0.0,40950.0,40451.0,2.442e-05,0.0951404,0.625348,0.279487,0.103709,0.896291,0.455087,0.0,112453000.0,300060.0,419.542,3268.63,7.79095,38597.9,300714.0,92.0,21.7568,1.45405,74656.8,4.89302
normalized-BA_RDC4.dot_luby_0null20mast_rapportOE1.0_TMAX60_K67_cod2_pbEq1_newVersion_sequential.opb,72127.0,144310.0,0.0,0.0,1e+20,1e+20,-1e+20,1e+20,0.0,0.0,5.021972,0.0,0.0,-0.3233565332874253,8.863652578816263,0.0,0.005976242591180739,0.005976242591180739,0.0,0.0,0.0,0.0,161483.0,81322.0,6.1926e-06,0.770954,0.15858,0.0704594,0.00114631,0.998854,0.504753,0.0,100358000.0,-485442.0,87.535,-795.844,-9.09173,52871.1,-480690.0,604.0,175.237,4.44169,6850.06,4.7944
normalized-BA_RDC4.dot_luby_10null10mast_rapportOE2.0_TMAX60_K67_cod2_pbEq1_newVersion.opb,33740.0,33809.0,0.0,0.0,1e+20,1e+20,-1e+20,1e+20,0.0,0.0,5.217294,0.0,0.0,-0.332901775899553,8.793182473152527,0.0,0.010699367320516892,0.010699367320516892,0.0,0.0,0.0,0.0,40882.0,40937.0,2.44606e-05,0.0952742,0.626388,0.278313,0.00239714,0.997603,0.729932,0.0,93915300.0,-739475.0,53.4115,-700.801,-13.1208,57871.3,-759318.0,1083.5,117.306,7.32057,2846.16,4.85228
normalized-aries-da_network_100_3__3_91__8.opb,94.0,44.0,0.0,0.0,70998.0,70998.0,70998.0,0.0,0.0,198.0,0.43362799999999996,2.106382978723404,4.0,34673.841473178545,21745.834781363534,0.9607686148919136,0.0,0.9607686148919136,0.0,0.0,0.0,0.0,400.0,2498.0,0.0,0.0,0.0,1.0,0.247474,0.752526,0.657714,1.0,55870000.0,243858.0,24.394,56.6499,2.32229,73181.9,169950.0,3000.0,134.676,16.1381,1033.97,4.86462
normalized-aries-da_network_500_3__212_366__32.opb,47179.0,3272.0,47179.0,1.0,1e+20,1e+20,0.0,1e+20,0.0,0.0,5.055348,0.0,0.0,33855.66349127799,21133.48806247844,0.9897315353210442,0.0,0.9897315353210442,0.0,0.0,0.0,0.0,2000.0,48498.0,0.0,0.0,0.0,1.0,0.249353,0.750647,0.664369,1.0,122016000.0,3797350.0,940.335,17462.3,18.5703,196060.0,3640890.0,208.5,52.201,2.08612,82689.5,4.60165
normalized-BA_RDC4.dot_luby_10null10mast_rapportOE1.0_TMAX300_K67_cod2_pbEq1_newVersion_ladder.opb,54702.0,54881.0,0.0,0.0,1e+20,1e+20,-1e+20,1e+20,0.0,0.0,5.005244,0.0,0.0,-0.16806030348491183,6.255348779671006,0.0,0.005385996409335727,0.005385996409335727,0.0,0.0,0.0,0.0,201868.0,81322.0,4.95373e-06,0.622204,0.324167,0.0536242,0.000867859,0.999132,0.503992,0.0,105586000.0,108468.0,66.2482,142.742,2.15465,49189.3,105986.0,742.5,423.507,5.214,2472.55,4.77263
normalized-BA_RDC4.dot_unif_0null50mast_rapportOE2.0_TMAX180_K67_cod2_pbEq1_newVersion_ladder.opb,40856.0,41022.0,0.0,0.0,1e+20,1e+20,-1e+20,1e+20,0.0,0.0,5.113952,0.0,0.0,-4.4882688571358305,63.011688221067935,0.0,0.005976242591180739,0.005976242591180739,0.0,0.0,0.0,0.0,201868.0,81322.0,4.95373e-06,0.622204,0.324167,0.0536242,0.000962876,0.999037,0.503992,0.0,93075600.0,570508.0,252.718,1775.64,7.0262,75309.8,529142.0,298.0,101.353,2.82245,12249.5,4.72556
normalized-injcomp_opt_4layers_maxfirst_lastlayerdiv2_size_25.opb,1900.0,1859.0,1900.0,1.0,-12.0,-12.0,-25.0,1.0833333333333333,0.0,21929.0,5.000345,11.541578947368421,16.0,-0.24752475247524752,0.43157415282580924,0.0,0.24752475247524752,0.24752475247524752,0.0,0.0,0.0,1.1984505363528009,1087.0,2525.0,0.0,0.0,0.850966,0.149034,0.0865052,0.913495,0.287879,0.0,68850100.0,107976.0,20.0865,-5.85645,-0.291561,143990.0,-41982.0,7168.5,3344.78,32.0346,36.0421,4.77491
normalized-NG.dot_fibo_0null20mast_rapportOE1.0_TMAX300_K192_cod2.opb,400896.0,400786.0,0.0,0.0,1e+20,1e+20,-1e+20,1e+20,0.0,0.0,5.275109,0.0,0.0,-12.915596563697317,346.0083429848951,0.0,0.00444753751596424,0.00444753751596424,0.0,0.0,0.0,0.0,402763.0,400896.0,0.0,0.0607007,0.329586,0.609713,0.000761731,0.999238,0.63328,0.0,134218000.0,1849740.0,42646.5,187945.0,4.40704,383818.0,1691500.0,9.0,3.89474,1.0,13793.0,4.39413
normalized-BA_RDC4.dot_fibo_10null20mast_rapportOE2.0_TMAX120_K67_cod1.opb,33334.0,33841.0,0.0,0.0,1e+20,1e+20,-1e+20,1e+20,0.0,0.0,5.037979,0.0,0.0,-2256.483399668735,4016.751676238895,0.0,0.7146424068626239,0.7146424068626239,0.0,0.0,0.0,0.0,40950.0,40451.0,2.442e-05,0.0951404,0.625348,0.279487,0.115267,0.884733,0.455087,0.0,123087000.0,359104.0,294.959,161.686,0.548164,243489.0,133472.0,825.5,240.647,5.72821,-697.599,4.46508
normalized-matrix_5x3_5.opb,4873.0,5114.0,4873.0,1.0,27.0,27.0,11.265769468211005,1.3966405558170523,0.0,5081.0,5.004627,1.0426841781243588,5.0,0.11147481360247317,0.3147192074449334,0.11147481360247317,0.0,0.11147481360247317,4.568527918781726e+97,2.0880166295637693e+98,0.0,-0.46176792283981305,19319.0,5499.0,0.000258813,0.74683,0.224546,0.0283659,0.0123281,0.987672,0.506037,1.0,77774000.0,-321970.0,14.016,-178.451,-12.7319,27289.2,-347445.0,1947.0,922.929,10.8896,36.8357,4.88416
normalized-BA_RDC4.dot_fibo_0null20mast_rapportOE2.0_TMAX60_K67_cod2_pbEq1_newVersion_binary.opb,43616.0,288563.0,0.0,0.0,1e+20,1e+20,-1e+20,1e+20,0.0,0.0,5.062838,0.0,0.0,-31.475127764511594,541.0145120802758,0.0,0.010846035394675177,0.010846035394675177,0.0,0.0,0.0,0.0,297596.0,44809.0,3.36026e-06,0.875714,0.0860495,0.038233,0.000698081,0.999302,0.385501,0.0,102248000.0,797886.0,75.2647,1041.46,13.8373,56523.8,782138.0,751.0,151.85,5.26813,9089.96,4.69265
normalized-BA_RDC4.dot_luby_20null50mast_rapportOE1.0_TMAX15_K67_cod3.opb,30466.0,30923.0,0.0,0.0,1e+20,1e+20,-1e+20,1e+20,0.0,0.0,5.025129,0.0,0.0,-102.43207831697609,124.55159018044934,0.0,0.6346938270994537,0.6346938270994537,0.0,0.0,0.0,0.0,40950.0,40451.0,2.442e-05,0.0951404,0.625348,0.279487,0.103709,0.896291,0.455087,0.0,103672000.0,776769.0,348.704,5285.74,15.1583,50387.7,763790.0,144.5,49.1172,1.65172,41636.8,4.89153
normalized-BA_RDC4.dot_fibo_0null10mast_rapportOE1.0_TMAX180_K67_cod3.opb,36184.0,36738.0,0.0,0.0,1e+20,1e+20,-1e+20,1e+20,0.0,0.0,5.053517,0.0,0.0,-1508.8940199253418,3138.9370315575693,0.0,0.7929593829571581,0.7929593829571581,0.0,0.0,0.0,0.0,40950.0,40451.0,2.442e-05,0.0951404,0.625348,0.279487,0.126304,0.873696,0.455087,0.0,98171700.0,-825897.0,96.3812,-801.385,-8.31474,108333.0,-900757.0,1124.0,515.098,7.48777,732.89,4.53549
normalized-BA_RDC4.dot_fibo_50null20mast_rapportOE1.0_TMAX300_K67_cod2.opb,22005.0,22074.0,0.0,0.0,1e+20,1e+20,-1e+20,1e+20,0.0,0.0,5.099205,0.0,0.0,-28.71595378264162,541.650330171295,0.0,0.005935950362752522,0.005935950362752522,0.0,0.0,0.0,0.0,41436.0,40937.0,2.41336e-05,0.0940245,0.618013,0.287938,0.00108743,0.998913,0.598238,0.0,90855100.0,-359505.0,96.4256,-293.782,-3.04673,159777.0,-486797.0,1657.0,685.834,9.66244,-76.8932,4.76837
normalized-50-750-false-45-90-4-4000opt.opb,1422.0,25010.0,1422.0,1.0,-14.0,-14.0,-255.0,17.214285714285715,0.0,7807.0,5.001505,5.490154711673699,4.0,-0.15604938271604937,0.6579760943767059,0.0,0.06666666666666667,0.06666666666666667,0.0,0.0,0.0,2.13374139862378,30390.0,2025.0,0.0,0.0384995,0.9615,0.0,0.00149775,0.998502,0.326667,0.0,53036600.0,18323.8,3.21771,-3.07914,-0.956936,52377.9,-50122.3,16278.0,14140.9,61.3717,2.93349,3.95702
normalized-maxcut_opt_complete_6-partite_block_nvert_81.opb,3240.0,341280.0,0.0,0.0,0.0,0.0,-1e+20,1e+20,0.0,0.0,5.036771,0.0,1.0,-0.8435185185185186,0.3633111991596767,0.0,0.8435185185185186,0.8435185185185186,0.0,0.0,0.0,0.0,341280.0,3240.0,0.0,0.0,1.0,0.0,0.00266226,0.997338,0.5,0.0,87077000.0,-697661.0,116.649,-706.014,-6.05248,137937.0,-834861.0,1182.5,794.735,7.806,739.027,4.67699
normalized-BA_RDC4.dot_fibo_20null0mast_rapportOE1.0_TMAX120_K67_cod1.opb,30443.0,30900.0,0.0,0.0,1e+20,1e+20,-1e+20,1e+20,0.0,0.0,5.038924,0.0,0.0,-560.0593804850313,1436.525660452009,0.0,0.6346938270994537,0.6346938270994537,0.0,0.0,0.0,0.0,40950.0,40451.0,2.442e-05,0.0951404,0.625348,0.279487,0.103709,0.896291,0.455087,0.0,119795000.0,2001520.0,200.411,3745.4,18.6886,103412.0,1932630.0,516.0,244.637,4.06196,4132.34,4.79256
normalized-BA_RDC4.dot_fibo_0null50mast_rapportOE2.0_TMAX15_K67_cod2_pbEq1_newVersion_binary.opb,43616.0,288563.0,0.0,0.0,1e+20,1e+20,-1e+20,1e+20,0.0,0.0,5.038356,0.0,0.0,-64.12191747193644,816.4299310335039,0.0,0.010846035394675177,0.010846035394675177,0.0,0.0,0.0,0.0,297596.0,44809.0,3.36026e-06,0.875714,0.0860495,0.038233,0.000698081,0.999302,0.385501,0.0,101583000.0,-1055010.0,142.329,-1610.32,-11.3141,98562.5,-1115150.0,692.5,179.921,4.95166,7337.18,4.60861
normalized-codebreaker.cudf.trendy.opb,12177.0,69340.0,0.0,0.0,1e+20,1e+20,-1e+20,1e+20,0.0,0.0,5.001826,0.0,0.0,11124138285.206501,27530652436.55483,0.406937073540561,0.0,0.406937073540561,0.0,0.0,0.0,0.0,100042.0,21104.0,0.0117551,0.342996,0.272526,0.372723,0.0251563,0.974844,0.627139,1.0,132522000.0,-516037.0,-1597.84,618.121,-0.386849,-821288.0,317714.0,514.0,593.085,4.05637,87.6487,3.17524
normalized-BA_RDC4.dot_unif_20null20mast_rapportOE1.0_TMAX15_K67_cod2_pbEq1_newVersion.opb,30804.0,30873.0,0.0,0.0,1e+20,1e+20,-1e+20,1e+20,0.0,0.0,5.01749,0.0,0.0,-5.861885336004104,67.9472131910908,0.0,0.009502406136258152,0.009502406136258152,0.0,0.0,0.0,0.0,40882.0,40937.0,2.44606e-05,0.0952742,0.626388,0.278313,0.00212953,0.99787,0.729932,0.0,99092200.0,169842.0,119.475,219.317,1.83567,71386.5,131042.0,597.5,172.145,4.40134,5429.64,4.82587
normalized-domset_opt_hexgrid_nrowsdiv30add5_ncols_080.opb,560.0,560.0,0.0,0.0,140.0,140.0,140.0,0.0,0.0,3492.0,0.231098,6.235714285714286,3.0,1.0,0.0,1.0,0.0,1.0,0.0,0.0,0.0,0.0,560.0,560.0,0.0,0.0,0.0,1.0,0.2,0.8,1.0,1.0,76042600.0,115660.0,11.8578,3.05855,0.257935,86485.2,22307.5,7293.5,1795.77,32.5188,-35.0943,4.82505
normalized-BA_RDC4.dot_luby_50null20mast_rapportOE1.0_TMAX300_K67_cod1.opb,21750.0,22076.0,0.0,0.0,1e+20,1e+20,-1e+20,1e+20,0.0,0.0,5.003664,0.0,0.0,-41.307310078860844,93.16494525310728,0.0,0.39647969147857903,0.39647969147857903,0.0,0.0,0.0,0.0,40950.0,40451.0,2.442e-05,0.0951404,0.625348,0.279487,0.0674089,0.932591,0.455087,0.0,109427000.0,681828.0,117.475,582.054,4.95471,118238.0,585837.0,1006.5,265.181,6.88282,1096.63,4.76434
SMTI_25000_10_0.85_10.opb,296811.0,296508.0,0.0,0.0,1e+20,1e+20,-1e+20,1e+20,0.0,0.0,5.114946,0.0,0.0,0.16666666666666666,0.3726779962499649,0.16666666666666666,0.0,0.16666666666666666,0.0,0.0,0.0,0.0,300001.0,300000.0,0.000176666,0.000719998,0.00181333,0.99729,0.010819,0.989181,0.994531,1.0,134218000.0,1309930.0,10194.0,7167.74,0.703132,790036.0,555499.0,77.5,12.8846,1.35897,53.1721,3.43761
normalized-p6b.opb,462.0,5852.0,462.0,1.0,-54.0,-54.0,-76.8479641834151,0.42311044784102037,0.0,24422.0,5.000313,52.86147186147186,51.0,-1.0,0.0,0.0,1.0,1.0,0.0,0.0,0.0,2.2505951436279954,5852.0,462.0,0.0,1.0,0.0,0.0,0.0379747,0.962025,0.0,0.0,56977100.0,-58933.8,5.59981,2.15788,0.385349,70952.4,27341.5,12670.5,7327.03,49.0921,-3.16736,4.83868
normalized-BA_RDC4.dot_luby_10null10mast_rapportOE2.0_TMAX60_K67_cod2.opb,33740.0,33809.0,0.0,0.0,1e+20,1e+20,-1e+20,1e+20,0.0,0.0,5.240928,0.0,0.0,-0.332901775899553,8.793182473152527,0.0,0.010699367320516892,0.010699367320516892,0.0,0.0,0.0,0.0,41436.0,40937.0,2.41336e-05,0.0940245,0.618013,0.287938,0.00195836,0.998042,0.598238,0.0,94526100.0,771382.0,54.9668,750.65,13.6564,55269.1,754779.0,1005.5,109.061,6.88022,-243.789,4.83154
normalized-opt-market-split_5_40_1.opb,90.0,37.0,90.0,1.0,12.0,12.0,0.0,1e+20,2.0,24414.0,5.000215,271.26666666666665,18.0,21.25,36.99802922679351,0.6666666666666666,0.0,0.6666666666666666,-0.02446615275562643,0.4209301196128294,-1.4826555023923444,387.4416774508365,10.0,120.0,0.0,0.0,0.0,1.0,0.125392,0.874608,0.5,1.0,63073300.0,72366.5,1.6084,2.84921,1.77145,21356.4,37831.9,13278.0,7768.65,51.1486,-1.96571,4.91832
normalized-evencolouring_opt_linear_random6regular_nvert_851.opb,2703.0,875.0,2703.0,1.0,151.0,151.0,0.0,1e+20,0.0,28222.0,5.000453,10.440991490935996,2.0,106.5,221.6173504037985,0.25,0.0,0.25,1.0000000000000001e+99,1.2141680576410807e+83,1e+99,3.856060606060606,851.0,3404.0,0.0,0.0,0.0,1.0,0.125,0.875,1.0,1.0,91251600.0,240735.0,9.12891,55.452,6.07433,33973.2,206365.0,3721.5,1403.58,18.7718,25.8429,4.9203
normalized-BA_RDC4.dot_luby_0null10mast_rapportOE1.0_TMAX300_K67_cod2_pbEq1_newVersion_binary.opb,43616.0,288563.0,0.0,0.0,1e+20,1e+20,-1e+20,1e+20,0.0,0.0,5.050129,0.0,0.0,-0.30650092615322816,8.40512797967734,0.0,0.010846035394675177,0.010846035394675177,0.0,0.0,0.0,0.0,297596.0,44809.0,3.36026e-06,0.875714,0.0860495,0.038233,0.000698081,0.999302,0.385501,0.0,98822800.0,-67601.9,190.708,-260.241,-1.36461,90300.1,-123224.0,473.5,158.403,3.88397,9193.46,4.64755
normalized-vertexcover_opt_grid_evenrowoddcolsquare_dim_160.opb,25760.0,51520.0,25760.0,1.0,12960.0,12960.0,0.0,1e+20,0.0,80.0,5.596779,0.003105590062111801,2.0,1.0,0.0,1.0,0.0,1.0,0.0,0.0,0.0,2.0,51520.0,25760.0,0.0,1.0,0.0,0.0,0.2,0.8,1.0,1.0,0.0,0.0,0.0,0.0,0.0,0.0,0.0,0.0,0.0,0.0,0.0,4.89436
normalized-NG.dot_luby_20null20mast_rapportOE2.0_TMAX300_K192_cod1.opb,331117.0,332434.0,0.0,0.0,1e+20,1e+20,-1e+20,1e+20,0.0,0.0,5.311619,0.0,0.0,-176.79199625168812,384.2189050244093,0.0,0.6829068459308517,0.6829068459308517,0.0,0.0,0.0,0.0,400980.0,399113.0,0.0,0.0609706,0.331051,0.607978,0.104571,0.895429,0.48797,0.0,134218000.0,472596.0,33510.4,10493.1,0.31313,368614.0,115424.0,11.0,0.0,1.0,0.0,4.32778
normalized-j909_6.std.opb,42065.0,88068.0,0.0,0.0,1e+20,1e+20,-1e+20,1e+20,0.0,0.0,5.010553,0.0,0.0,0.8241758241758241,12.823050507610667,0.0054762513234274035,0.0,0.0054762513234274035,0.0,0.0,0.0,0.0,176046.0,54782.0,0.00303898,0.83744,0.152704,0.0068164,0.000655537,0.999344,0.381825,1.0,116599000.0,62249.2,50.8717,-17.8649,-0.351175,170293.0,-59802.7,3347.5,3118.16,17.5,77.8685,4.66614
normalized-BA_RDC4.dot_unif_20null20mast_rapportOE1.0_TMAX60_K67_cod1.opb,30457.0,30914.0,0.0,0.0,1e+20,1e+20,-1e+20,1e+20,0.0,0.0,5.021869,0.0,0.0,-398.3658253195224,397.0534296972957,0.0,0.6346938270994537,0.6346938270994537,0.0,0.0,0.0,0.0,40950.0,40451.0,2.442e-05,0.0951404,0.625348,0.279487,0.103709,0.896291,0.455087,0.0,113512000.0,385115.0,192.468,2154.0,11.1915,34836.7,389874.0,181.0,71.4325,1.89807,30007.7,4.89907
normalized-mps-v2-20-10-van.opb,135360.0,39767.0,0.0,0.0,1e+20,1e+20,-1e+20,1e+20,0.0,0.0,5.005558,0.0,0.0,2364066.1933806147,65923163.83436321,0.0014184397163120568,0.0,0.0014184397163120568,0.0,0.0,0.0,0.0,39616.0,135360.0,0.0,0.00323102,0.0,0.996769,3.59299e-05,0.999964,0.342232,1.0,83949600.0,157190.0,15.1731,679.783,44.8018,6008.55,269194.0,396.0,308.358,3.4628,1730.26,4.86363
normalized-BA_RDC4.dot_unif_50null20mast_rapportOE2.0_TMAX60_K67_cod2_pbEq1_newVersion.opb,22002.0,22071.0,0.0,0.0,1e+20,1e+20,-1e+20,1e+20,0.0,0.0,5.020076,0.0,0.0,-4.117522046070792,59.6345298283434,0.0,0.005935950362752522,0.005935950362752522,0.0,0.0,0.0,0.0,40882.0,40937.0,2.44606e-05,0.0952742,0.626388,0.278313,0.00133134,0.998669,0.729932,0.0,96407100.0,904807.0,44.2922,883.249,19.9414,45023.0,897823.0,1016.5,147.056,6.94641,-5866.17,4.86836
normalized-injcomp_opt_4layers_maxfirst_lastlayerdiv2_size_35.opb,3710.0,3274.0,3710.0,1.0,-6.0,-6.0,-35.0,4.833333333333333,0.0,22204.0,5.005432,5.9849056603773585,7.0,-0.24822695035460993,0.4319841796550655,0.0,0.24822695035460993,0.24822695035460993,0.0,0.0,0.0,2.7920702179176757,2047.0,4935.0,0.0,0.0,0.889106,0.110894,0.0866337,0.913366,0.287263,0.0,84513100.0,227054.0,56.3525,15.4004,0.273287,177933.0,48626.8,3157.5,859.578,16.7027,-19.879,4.69534
normalized-single-obj-f41-DC_DoubleLoss.seq-A-3-combined-irEDCBA.opb,1815.0,5632.0,1815.0,1.0,1e+20,1e+20,160839475035.16666,1e+20,0.0,12356.0,5.000149,6.807713498622589,0.0,12068573.743344925,74495221.56860834,0.025987986089155864,0.010749288650015808,0.036737274739171676,2.9411764705882353e+97,1.6895772489817727e+98,0.0,-0.03179839028895633,61016.0,15815.0,0.0189295,0.694244,0.144192,0.142635,0.0038344,0.996166,0.446821,0.707401,65600800.0,41834.4,1.84177,-0.141686,-0.0769295,35816.0,-2755.31,19446.5,18095.3,71.5958,1.41347,4.84023
normalized-BA_RDC4.dot_fibo_10null0mast_rapportOE1.0_TMAX180_K67_cod2_pbEq1_newVersion_ladder.opb,54928.0,55127.0,0.0,0.0,1e+20,1e+20,-1e+20,1e+20,0.0,0.0,5.005981,0.0,0.0,-4.8485895575613,145.95744868448014,0.0,0.005385996409335727,0.005385996409335727,0.0,0.0,0.0,0.0,201868.0,81322.0,4.95373e-06,0.622204,0.324167,0.0536242,0.000867859,0.999132,0.503992,0.0,99517500.0,-251854.0,87.022,-478.744,-5.50141,44555.3,-245117.0,512.0,282.743,4.03415,2806.11,4.73682
normalized-NG.dot_luby_10null20mast_rapportOE1.0_TMAX15_K192_cod1.opb,365115.0,366610.0,0.0,0.0,1e+20,1e+20,-1e+20,1e+20,0.0,0.0,5.438008,0.0,0.0,-177.36866250911396,383.99342632942444,0.0,0.7680907412186524,0.7680907412186524,0.0,0.0,0.0,0.0,400980.0,399113.0,0.0,0.0609706,0.331051,0.607978,0.1161,0.8839,0.48797,0.0,134218000.0,580811.0,35111.3,22745.1,0.647801,368669.0,238824.0,10.5,0.0,1.0,0.0,4.44013
normalized-BA_RDC4.dot_fibo_0null50mast_rapportOE1.0_TMAX180_K67_cod3.opb,36184.0,36738.0,0.0,0.0,1e+20,1e+20,-1e+20,1e+20,0.0,0.0,5.021669,0.0,0.0,-4694.794343773949,5203.156506996913,0.0,0.7929593829571581,0.7929593829571581,0.0,0.0,0.0,0.0,40950.0,40451.0,2.442e-05,0.0951404,0.625348,0.279487,0.126304,0.873696,0.455087,0.0,108391000.0,2188690.0,594.666,3948.52,6.63989,290197.0,1926880.0,488.0,160.997,3.94678,9331.74,4.55391
normalized-BA_RDC4.dot_unif_10null10mast_rapportOE1.0_TMAX60_K67_cod1.opb,33329.0,33836.0,0.0,0.0,1e+20,1e+20,-1e+20,1e+20,0.0,0.0,5.026009,0.0,0.0,-408.27781760648685,368.270271609879,0.0,0.7146424068626239,0.7146424068626239,0.0,0.0,0.0,0.0,40950.0,40451.0,2.442e-05,0.0951404,0.625348,0.279487,0.115267,0.884733,0.455087,0.0,107901000.0,684231.0,174.851,2983.29,17.0619,40040.9,683173.0,229.0,84.9434,2.25054,30899.3,4.86451
normalized-NG.dot_fibo_20null50mast_rapportOE2.0_TMAX120_K192_cod2.opb,400896.0,400786.0,0.0,0.0,1e+20,1e+20,-1e+20,1e+20,0.0,0.0,5.258765,0.0,0.0,-25.550903476213282,520.2066084809912,0.0,0.0035595266602809704,0.0035595266602809704,0.0,0.0,0.0,0.0,402763.0,400896.0,0.0,0.0607007,0.329586,0.609713,0.000609734,0.99939,0.63328,0.0,124961000.0,7736590.0,6878.01,133337.0,19.386,395486.0,7666890.0,57.5,9.83621,1.13793,107093.0,4.37929
normalized-NG.dot_fibo_0null50mast_rapportOE1.0_TMAX300_K192_cod2.opb,400896.0,400786.0,0.0,0.0,1e+20,1e+20,-1e+20,1e+20,0.0,0.0,5.486543,0.0,0.0,-26.260269496328224,522.733134403007,0.0,0.00444753751596424,0.00444753751596424,0.0,0.0,0.0,0.0,402763.0,400896.0,0.0,0.0607007,0.329586,0.609713,0.000761731,0.999238,0.63328,0.0,126095000.0,-5684540.0,2342.13,-33451.9,-14.2826,405189.0,-5787170.0,173.0,52.8761,1.8415,2280.79,4.43989
normalized-BA_RDC4.dot_luby_10null20mast_rapportOE1.0_TMAX300_K67_cod2_pbEq1_newVersion_binary.opb,43616.0,288563.0,0.0,0.0,1e+20,1e+20,-1e+20,1e+20,0.0,0.0,5.054163,0.0,0.0,-0.5809100850275615,11.926855446360316,0.0,0.009774822022361579,0.009774822022361579,0.0,0.0,0.0,0.0,297596.0,44809.0,3.36026e-06,0.875714,0.0860495,0.038233,0.000629178,0.999371,0.385501,0.0,86095800.0,3898990.0,422.741,18822.2,44.5242,86450.5,3849140.0,204.5,96.239,2.0439,8288.59,4.58778
normalized-BA_RDC4.dot_luby_0null0mast_rapportOE1.0_TMAX15_K67_cod2_pbEq1_newVersion_product.opb,52558.0,135477.0,0.0,0.0,1e+20,1e+20,-1e+20,1e+20,0.0,0.0,5.046263,0.0,0.0,-0.03060337332637802,0.867305832111908,0.0,0.008450704225352112,0.008450704225352112,0.0,0.0,0.0,0.0,149401.0,57510.0,6.6934e-06,0.752431,0.171404,0.0761575,0.0012156,0.998784,0.589766,0.0,102605000.0,-153524.0,266.173,-451.877,-1.69768,163164.0,-277001.0,613.0,218.375,4.49226,2719.31,4.61097
normalized-j12037_9.std.opb,55857.0,124567.0,0.0,0.0,1e+20,1e+20,-1e+20,1e+20,0.0,0.0,5.030001,0.0,0.0,0.6198347107438017,11.126066629782756,0.004118503061420609,0.0,0.004118503061420609,0.0,0.0,0.0,0.0,245283.0,72842.0,0.00321669,0.846055,0.145836,0.00489231,0.000449473,0.999551,0.36536,1.0,114239000.0,40553.8,36.0448,0.0905365,0.00251178,105197.0,264.231,2918.5,2657.29,15.7501,67.6504,4.67579
normalized-NG.dot_unif_10null0mast_rapportOE2.0_TMAX60_K192_cod2.opb,400896.0,400786.0,0.0,0.0,1e+20,1e+20,-1e+20,1e+20,0.0,0.0,5.286661,0.0,0.0,-2.046401061621967,37.127344198302836,0.0,0.004003532088122605,0.004003532088122605,0.0,0.0,0.0,0.0,402763.0,400896.0,0.0,0.0607007,0.329586,0.609713,0.000685739,0.999314,0.63328,0.0,134218000.0,4114900.0,7789.62,74420.4,9.5538,424534.0,4055910.0,54.5,5.29091,1.09091,59920.0,4.35089
normalized-BA_RDC4.dot_unif_10null20mast_rapportOE1.0_TMAX180_K67_cod2_pbEq1_newVersion_product.opb,52558.0,135477.0,0.0,0.0,1e+20,1e+20,-1e+20,1e+20,0.0,0.0,5.037128,0.0,0.0,-4.4177012693444615,58.59130230348435,0.0,0.007616066770996349,0.007616066770996349,0.0,0.0,0.0,0.0,149401.0,57510.0,6.6934e-06,0.752431,0.171404,0.0761575,0.00109567,0.998904,0.589766,0.0,81422200.0,140694.0,105.094,26.7744,0.254767,131262.0,33441.2,1249.0,762.617,8.12645,-4.29066,4.74966
normalized-BA_RDC4.dot_luby_50null10mast_rapportOE1.0_TMAX60_K67_cod1.opb,21756.0,22085.0,0.0,0.0,1e+20,1e+20,-1e+20,1e+20,0.0,0.0,5.002378,0.0,0.0,-21.56164248102643,68.73956150302482,0.0,0.39647969147857903,0.39647969147857903,0.0,0.0,0.0,0.0,40950.0,40451.0,2.442e-05,0.0951404,0.625348,0.279487,0.0674089,0.932591,0.455087,0.0,101168000.0,795622.0,147.045,2995.65,20.3724,39040.3,795345.0,265.5,102.761,2.54887,19223.3,4.88309
normalized-BA_RDC4.dot_luby_50null10mast_rapportOE2.0_TMAX120_K67_cod2_pbEq1_newVersion_sequential.opb,71613.0,145712.0,0.0,0.0,1e+20,1e+20,-1e+20,1e+20,0.0,0.0,5.075776,0.0,0.0,-0.1602149479845552,6.229327790540706,0.0,0.0029881212955903693,0.0029881212955903693,0.0,0.0,0.0,0.0,161483.0,81322.0,6.1926e-06,0.770954,0.15858,0.0704594,0.000573485,0.999427,0.504753,0.0,97210500.0,2685440.0,113.618,7141.04,62.8515,43004.3,2702890.0,378.5,112.037,3.34828,4509.12,4.78403
normalized-NG.dot_fibo_50null0mast_rapportOE2.0_TMAX120_K192_cod2.opb,400896.0,400786.0,0.0,0.0,1e+20,1e+20,-1e+20,1e+20,0.0,0.0,5.316161,0.0,0.0,-1.956751875798212,89.01025766863474,0.0,0.002225015964240102,0.002225015964240102,0.0,0.0,0.0,0.0,402763.0,400896.0,0.0,0.0607007,0.329586,0.609713,0.000381224,0.999619,0.63328,0.0,115915000.0,2330750.0,8845.79,52645.3,5.95145,384792.0,2290070.0,43.5,24.3636,1.0,16384.7,4.42915
normalized-maxcut_opt_complete_5-partite_inlv_nvert_60.opb,1770.0,136880.0,1770.0,1.0,-806.0,-806.0,-1440.0,0.7866004962779156,0.0,1003.0,5.004993,0.5666666666666667,2.0,-0.8135593220338984,0.38946187434156126,0.0,0.8135593220338984,0.8135593220338984,0.0,0.0,0.0,1.5,136880.0,1770.0,0.0,0.0,1.0,0.0,0.00349447,0.996506,0.5,0.0,62444200.0,22839.4,14.6596,-8.01801,-0.546947,46075.1,-25200.6,3143.0,2273.59,16.7135,-49.33,4.78136
normalized-BA_RDC4.dot_unif_50null20mast_rapportOE1.0_TMAX15_K67_cod2_pbEq1_newVersion_product.opb,52342.0,134829.0,0.0,0.0,1e+20,1e+20,-1e+20,1e+20,0.0,0.0,5.040851,0.0,0.0,-2.9679186228482,50.43202087055548,0.0,0.004225352112676056,0.004225352112676056,0.0,0.0,0.0,0.0,149401.0,57510.0,6.6934e-06,0.752431,0.171404,0.0761575,0.000608167,0.999392,0.589766,0.0,98819700.0,-845995.0,168.571,-2152.16,-12.7671,68945.6,-880233.0,409.0,164.327,3.55311,3394.03,4.78848
normalized-BA_RDC4.dot_unif_10null10mast_rapportOE1.0_TMAX15_K67_cod2_pbEq1_newVersion_ladder.opb,55434.0,55682.0,0.0,0.0,1e+20,1e+20,-1e+20,1e+20,0.0,0.0,5.006363,0.0,0.0,-3.049101104252232,47.20634759313541,0.0,0.005385996409335727,0.005385996409335727,0.0,0.0,0.0,0.0,201868.0,81322.0,4.95373e-06,0.622204,0.324167,0.0536242,0.000867859,0.999132,0.503992,0.0,103291000.0,255828.0,157.316,538.161,3.4209,70241.4,240289.0,446.5,146.07,3.75839,3952.5,4.73417
normalized-domset_v500_e2000_w30_mw19_22.opb.PB06.opb,470.0,554.0,470.0,1.0,207.0,207.0,162.7132834381333,0.27217640518394043,0.0,15765.0,5.000302,33.54255319148936,83.0,1.0,0.0,1.0,0.0,1.0,0.0,0.0,0.0,44.42467248908297,470.0,470.0,0.0,0.0,0.0,1.0,0.0988225,0.901177,1.0,1.0,73988700.0,62737.9,13.6233,-3.95174,-0.290071,80656.9,-23396.3,5920.5,1475.02,26.7969,-69.2232,4.83503
normalized-data4_3.opb,144.0,761.0,0.0,0.0,8276.0,8276.0,8276.0,0.0,0.0,4761.0,1.743296,33.0625,3.0,174.22222222222223,296.1136335102072,0.3333333333333333,0.0,0.3333333333333333,0.0,0.0,0.0,0.0,704.0,144.0,0.0,0.221591,0.488636,0.289773,0.0194175,0.980583,0.247525,1.0,92233800.0,80573.7,1.39182,46.8122,33.6338,2281.89,76748.5,1639.5,1517.24,9.60579,22.8755,0.143707
normalized-injcomp_opt_4layers_maxall_lastlayerdecr1_size_50.opb,10000.0,7652.0,10000.0,1.0,-115.00000000000027,-115.00000000000027,-149.0,0.29565217391304044,0.0,6749.0,5.001267,0.6749,4.0,-0.596,0.4906974628016738,0.0,0.596,0.596,0.0,0.0,0.0,2.208430307732092,5299.0,12500.0,0.0,0.0,0.934139,0.0658615,0.186717,0.813283,0.308166,0.0,95763900.0,-454508.0,90.0291,320.301,3.55775,162412.0,577822.0,1804.0,314.195,10.2918,1532.02,4.72069
normalized-BA_RDC4.dot_fibo_10null20mast_rapportOE2.0_TMAX15_K67_cod2_pbEq1_newVersion_ladder.opb,44521.0,44727.0,0.0,0.0,1e+20,1e+20,-1e+20,1e+20,0.0,0.0,5.004387,0.0,0.0,-16.73534836821524,397.848277907457,0.0,0.005385996409335727,0.005385996409335727,0.0,0.0,0.0,0.0,201868.0,81322.0,4.95373e-06,0.622204,0.324167,0.0536242,0.000867859,0.999132,0.503992,0.0,105321000.0,925399.0,116.586,2043.64,17.5291,53279.6,933945.0,457.0,75.2852,3.81311,13481.0,4.77416
normalized-BA_RDC4.dot_fibo_50null0mast_rapportOE1.0_TMAX180_K67_cod2_pbEq1_newVersion_product.opb,52342.0,134829.0,0.0,0.0,1e+20,1e+20,-1e+20,1e+20,0.0,0.0,5.041627,0.0,0.0,-3.2302729960006955,113.25779015144968,0.0,0.004225352112676056,0.004225352112676056,0.0,0.0,0.0,0.0,149401.0,57510.0,6.6934e-06,0.752431,0.171404,0.0761575,0.000608167,0.999392,0.589766,0.0,102251000.0,-26561.7,46.5906,-37.7165,-0.809531,58075.2,-47013.6,1246.5,1119.48,8.12991,414.507,4.78321
normalized-50-250-false-45-90-4-5000opt.opb,1827.0,62432.0,1827.0,1.0,-142.0,-142.0,-295.0,1.0774647887323943,0.0,3899.0,5.002989,2.1340996168582373,5.0,-0.15654320987654322,0.6574833434379449,0.0,0.06666666666666667,0.06666666666666667,0.0,0.0,0.0,2.003894917373255,63342.0,2025.0,0.0,0.0184712,0.981529,0.0,0.00071432,0.999286,0.330156,0.0,52200100.0,-46796.6,2.09284,4.75064,2.26995,28976.4,65775.0,13845.5,11254.2,52.9004,5.63276,4.84148
normalized-BA_RDC4.dot_unif_10null0mast_rapportOE1.0_TMAX15_K67_cod2_pbEq1_newVersion_product.opb,52558.0,135477.0,0.0,0.0,1e+20,1e+20,-1e+20,1e+20,0.0,0.0,5.036882,0.0,0.0,-3.8041905755520777,50.187796514410294,0.0,0.007616066770996349,0.007616066770996349,0.0,0.0,0.0,0.0,149401.0,57510.0,6.6934e-06,0.752431,0.171404,0.0761575,0.00109567,0.998904,0.589766,0.0,84070400.0,1004200.0,134.487,2147.3,15.9666,61124.5,975949.0,454.5,178.032,3.7956,4333.67,4.79642
normalized-mps-v2-20-10-lseu.opb,64.0,207.0,0.0,0.0,1120.0,1120.0,1120.0,0.0,0.0,2698.0,0.7680079999999999,42.15625,56.0,174.08988764044943,111.2389512705089,0.9550561797752809,0.0,0.9550561797752809,-0.0005720823798627002,0.0026833042104253023,-0.013157894736842105,0.0,28.0,89.0,0.0,0.0714286,0.178571,0.75,0.215736,0.784264,0.631068,1.0,54090600.0,-57080.7,2.36811,1.06651,0.450364,39069.1,17595.3,16498.0,3916.34,62.2264,0.195997,4.86344
normalized-BA_RDC4.dot_fibo_20null10mast_rapportOE1.0_TMAX300_K67_cod1.opb,30431.0,30888.0,0.0,0.0,1e+20,1e+20,-1e+20,1e+20,0.0,0.0,5.025502,0.0,0.0,-1379.462164099775,3139.9561360666944,0.0,0.6346938270994537,0.6346938270994537,0.0,0.0,0.0,0.0,40950.0,40451.0,2.442e-05,0.0951404,0.625348,0.279487,0.103709,0.896291,0.455087,0.0,89876000.0,-299488.0,84.3148,-209.678,-2.48685,180265.0,-448292.0,2138.0,1030.5,11.8751,60.5006,4.69272
normalized-NG.dot_luby_0null50mast_rapportOE1.0_TMAX120_K192_cod1.opb,399113.0,400786.0,0.0,0.0,1e+20,1e+20,-1e+20,1e+20,0.0,0.0,5.504834,0.0,0.0,-438.5860345315738,504.85584210926703,0.0,0.8532746365064531,0.8532746365064531,0.0,0.0,0.0,0.0,400980.0,399113.0,0.0,0.0609706,0.331051,0.607978,0.127336,0.872664,0.48797,0.0,134218000.0,510316.0,17147.5,7514.18,0.438208,368672.0,161555.0,21.5,0.0,1.0,0.0,4.37735
normalized-BA_RDC4.dot_unif_0null0mast_rapportOE2.0_TMAX15_K67_cod3.opb,36184.0,36738.0,0.0,0.0,1e+20,1e+20,-1e+20,1e+20,0.0,0.0,5.047324,0.0,0.0,-410.0073174952412,329.3487434909087,0.0,0.7929593829571581,0.7929593829571581,0.0,0.0,0.0,0.0,40950.0,40451.0,2.442e-05,0.0951404,0.625348,0.279487,0.126304,0.873696,0.455087,0.0,103493000.0,246642.0,510.563,2955.37,5.78847,42121.4,243818.0,82.5,26.3795,1.39759,46124.9,4.89996
normalized-j12016_10.std.opb,54181.0,112251.0,0.0,0.0,1e+20,1e+20,-1e+20,1e+20,0.0,0.0,5.022549,0.0,0.0,0.6198347107438017,11.126066629782756,0.004118503061420609,0.0,0.004118503061420609,0.0,0.0,0.0,0.0,234117.0,72842.0,0.00305403,0.839239,0.152582,0.00512564,0.000465015,0.999535,0.36074,1.0,114269000.0,208156.0,16.587,65.7735,3.96537,54620.9,216592.0,3293.0,3034.16,17.308,61.436,4.76917
normalized-1077.cudf.paranoid.opb,617.0,4725.0,0.0,0.0,1e+20,1e+20,-1e+20,0.0,0.0,0.0,0.013954999999999999,0.0,0.0,0.47419354838709676,0.4993335829434577,0.47419354838709676,0.0,0.47419354838709676,0.0,0.0,0.0,0.0,4743.0,620.0,0.000632511,0.872233,0.126713,0.000421674,0.0282883,0.971712,0.530449,1.0,0.0,0.0,0.0,0.0,0.0,0.0,0.0,0.0,0.0,0.0,0.0,0.009252
normalized-NG.dot_fibo_20null20mast_rapportOE2.0_TMAX60_K192_cod2.opb,400896.0,400786.0,0.0,0.0,1e+20,1e+20,-1e+20,1e+20,0.0,0.0,5.229786,0.0,0.0,-12.111560105363985,340.99599856792526,0.0,0.0035595266602809704,0.0035595266602809704,0.0,0.0,0.0,0.0,402763.0,400896.0,0.0,0.0607007,0.329586,0.609713,0.000609734,0.99939,0.63328,0.0,134218000.0,1621010.0,74628.3,292475.0,3.91909,373141.0,1462380.0,5.0,2.09091,1.0,21356.1,4.34714
normalized-BA_RDC4.dot_unif_50null10mast_rapportOE1.0_TMAX15_K67_cod2_pbEq1_newVersion_sequential.opb,72824.0,145712.0,0.0,0.0,1e+20,1e+20,-1e+20,1e+20,0.0,0.0,5.032895,0.0,0.0,-1.7235803349647083,36.29312248966798,0.0,0.0029881212955903693,0.0029881212955903693,0.0,0.0,0.0,0.0,161483.0,81322.0,6.1926e-06,0.770954,0.15858,0.0704594,0.000573485,0.999427,0.504753,0.0,102951000.0,1230700.0,115.146,2290.4,19.8912,60739.6,1208180.0,527.5,234.526,4.10038,2463.78,4.77225
normalized-opm2-z7-s2.opb,1896.0,26710.0,1896.0,1.0,-6398.0,-6398.0,-109436.0,16.104720225070334,0.0,541.0,5.000654,0.285337552742616,3.0,-24.03163618388532,106.97358314785001,0.4176964903608502,0.569451309935739,0.9871478002965892,0.0,0.0,0.0,710.3215316024128,31798.0,2023.0,0.0,0.999748,0.0,0.000251588,0.0244254,0.975575,0.398561,0.423135,80454600.0,673948.0,13.3959,751.035,56.0646,11815.2,662413.0,882.0,627.462,6.08159,700.024,4.92447
normalized-NG.dot_unif_50null20mast_rapportOE1.0_TMAX60_K192_cod2.opb,400896.0,400786.0,0.0,0.0,1e+20,1e+20,-1e+20,1e+20,0.0,0.0,5.239123,0.0,0.0,-1.5836152019476373,36.88620820794259,0.0,0.002225015964240102,0.002225015964240102,0.0,0.0,0.0,0.0,402763.0,400896.0,0.0,0.0607007,0.329586,0.609713,0.000381224,0.999619,0.63328,0.0,134218000.0,799758.0,738564.0,1660710.0,2.24856,369282.0,830354.0,0.5,0.0,1.0,0.0,4.33559
normalized-NG.dot_luby_20null10mast_rapportOE1.0_TMAX300_K192_cod2.opb,400896.0,400786.0,0.0,0.0,1e+20,1e+20,-1e+20,1e+20,0.0,0.0,5.283005,0.0,0.0,-0.4698101253192848,21.604190255778246,0.0,0.0035595266602809704,0.0035595266602809704,0.0,0.0,0.0,0.0,402763.0,400896.0,0.0,0.0607007,0.329586,0.609713,0.000609734,0.99939,0.63328,0.0,129590000.0,1767290.0,26946.1,125422.0,4.65456,377246.0,1755910.0,14.0,10.5862,1.0,8372.13,4.41444
normalized-domset_opt_hexgrid_nrowsdiv30add5_ncols_460.opb,9200.0,9200.0,0.0,0.0,2300.0,2300.0,2300.0,0.0,0.0,9160.0,3.860362,0.9956521739130435,2.0,1.0,0.0,1.0,0.0,1.0,0.0,0.0,0.0,0.0,9200.0,9200.0,0.0,0.0,0.0,1.0,0.2,0.8,1.0,1.0,117391000.0,835527.0,23.1773,810.417,34.9659,23374.3,817306.0,1008.5,84.0377,4.87413,-12464.2,4.8671
normalized-BA_RDC4.dot_unif_20null0mast_rapportOE2.0_TMAX60_K67_cod2.opb,30846.0,30915.0,0.0,0.0,1e+20,1e+20,-1e+20,1e+20,0.0,0.0,5.016996,0.0,0.0,-4.783569875662604,55.83243087422942,0.0,0.009502406136258152,0.009502406136258152,0.0,0.0,0.0,0.0,41436.0,40937.0,2.41336e-05,0.0940245,0.618013,0.287938,0.00173965,0.99826,0.598238,0.0,89745600.0,191143.0,73.1875,148.148,2.02423,73516.8,148815.0,1004.5,192.4,6.86716,-1167.4,4.8139
normalized-BA_RDC4.dot_unif_50null50mast_rapportOE2.0_TMAX300_K67_cod2.opb,21974.0,22043.0,0.0,0.0,1e+20,1e+20,-1e+20,1e+20,0.0,0.0,5.01778,0.0,0.0,-0.005935950362752522,0.0768161106542336,0.0,0.005935950362752522,0.005935950362752522,0.0,0.0,0.0,0.0,41436.0,40937.0,2.41336e-05,0.0940245,0.618013,0.287938,0.00108743,0.998913,0.598238,0.0,95529700.0,3210360.0,474.142,13927.4,29.374,106682.0,3133680.0,225.0,43.1264,2.22616,21337.5,4.82396
normalized-injcomp_opt_4layers_maxfirst_lastlayerdiv2_size_14.opb,616.0,674.0,616.0,1.0,-7.000000000000002,-7.0,-14.0,1.0,0.0,11982.0,5.000289,19.4512987012987,25.0,-0.2413793103448276,0.42791978089623645,0.0,0.2413793103448276,0.2413793103448276,0.0,0.0,0.0,1.0034722222222223,385.0,812.0,0.0,0.0,0.763636,0.236364,0.0848485,0.915152,0.291391,0.0,61981600.0,64415.9,6.00947,-1.73223,-0.288251,73736.2,-21254.5,12270.0,6727.64,47.7437,4.70035,4.83477
normalized-BA_RDC4.dot_unif_0null10mast_rapportOE2.0_TMAX15_K67_cod2_pbEq1_newVersion_product.opb,52558.0,135477.0,0.0,0.0,1e+20,1e+20,-1e+20,1e+20,0.0,0.0,5.04442,0.0,0.0,-4.630342549121892,58.182434895309484,0.0,0.008450704225352112,0.008450704225352112,0.0,0.0,0.0,0.0,149401.0,57510.0,6.6934e-06,0.752431,0.171404,0.0761575,0.0012156,0.998784,0.589766,0.0,82435500.0,-371320.0,101.573,-635.744,-6.25896,62213.7,-389393.0,612.5,108.115,4.48858,7813.85,4.82121
normalized-NG.dot_unif_0null50mast_rapportOE1.0_TMAX120_K192_cod2.opb,400896.0,400786.0,0.0,0.0,1e+20,1e+20,-1e+20,1e+20,0.0,0.0,5.238579,0.0,0.0,-3.3052861590038316,54.115278606192156,0.0,0.00444753751596424,0.00444753751596424,0.0,0.0,0.0,0.0,402763.0,400896.0,0.0,0.0607007,0.329586,0.609713,0.000761731,0.999238,0.63328,0.0,134218000.0,799758.0,738600.0,1660670.0,2.24841,369300.0,830336.0,0.5,0.0,1.0,0.0,4.36288
normalized-maxcut_opt_complete_6-partite_block_nvert_48.opb,1128.0,69184.0,1128.0,1.0,-544.0,-544.0,-960.0,0.7647058823529411,0.0,2172.0,5.00176,1.925531914893617,2.0,-0.851063829787234,0.35602554320598956,0.0,0.851063829787234,0.851063829787234,0.0,0.0,0.0,1.5,69184.0,1128.0,0.0,0.0,1.0,0.0,0.00460405,0.995396,0.5,0.0,33805500.0,131609.0,10.7918,21.2585,1.96988,43269.6,85235.9,4009.5,3182.17,19.5976,37.6017,4.87507
normalized-oct6.5.opb,9561.0,27507.0,9561.0,1.0,1e+20,1e+20,0.0,1e+20,0.0,5051.0,5.01387,0.5282920196632152,0.0,0.021906146179401995,0.564779692292501,0.0026993355481727574,0.0,0.0026993355481727574,9.999999999999996e+98,3.642504172923242e+83,1e+99,2.0243991392829788,29620.0,9632.0,0.0,0.557731,0.175827,0.266442,0.000249554,0.99975,0.415323,1.0,51161600.0,24.069,-0.6107,-0.279723,0.458037,-11067.1,-5069.15,18122.0,12763.6,67.7101,0.0523913,4.69988
normalized-maxcut_opt_complete_6-partite_inlv_nvert_57.opb,1596.0,117040.0,1596.0,1.0,-746.0,-746.0,-1353.0,0.8136729222520107,0.0,1369.0,5.002876,0.8577694235588973,2.0,-0.8477443609022557,0.35926850607961974,0.0,0.8477443609022557,0.8477443609022557,0.0,0.0,0.0,1.5,117040.0,1596.0,0.0,0.0,1.0,0.0,0.00383859,0.996161,0.5,0.0,45601900.0,-64725.7,12.7496,-34.3296,-2.6926,39338.9,-105924.0,3085.5,2422.49,16.4525,-58.3123,4.82388
normalized-NG.dot_luby_50null50mast_rapportOE1.0_TMAX180_K192_cod2.opb,400896.0,400786.0,0.0,0.0,1e+20,1e+20,-1e+20,1e+20,0.0,0.0,5.254016,0.0,0.0,-2.275864563378033,48.22139775664185,0.0,0.002225015964240102,0.002225015964240102,0.0,0.0,0.0,0.0,402763.0,400896.0,0.0,0.0607007,0.329586,0.609713,0.000381224,0.999619,0.63328,0.0,134218000.0,1551950.0,63538.0,256160.0,4.03161,381228.0,1536960.0,6.0,4.07692,1.0,13530.9,4.39293
normalized-BA_RDC4.dot_luby_20null0mast_rapportOE1.0_TMAX300_K67_cod2.opb,30847.0,30916.0,0.0,0.0,1e+20,1e+20,-1e+20,1e+20,0.0,0.0,5.052585,0.0,0.0,-0.037716491193785576,1.0080866781704156,0.0,0.009502406136258152,0.009502406136258152,0.0,0.0,0.0,0.0,41436.0,40937.0,2.41336e-05,0.0940245,0.618013,0.287938,0.00173965,0.99826,0.598238,0.0,90441900.0,-189394.0,49.9315,-138.867,-2.78116,86930.7,-241768.0,1741.0,824.631,10.0161,-675.812,4.83246
normalized-NG.dot_unif_50null50mast_rapportOE1.0_TMAX300_K192_cod2.opb,400896.0,400786.0,0.0,0.0,1e+20,1e+20,-1e+20,1e+20,0.0,0.0,5.441058,0.0,0.0,-2.224694185025543,47.111194541348446,0.0,0.002225015964240102,0.002225015964240102,0.0,0.0,0.0,0.0,402763.0,400896.0,0.0,0.0607007,0.329586,0.609713,0.000381224,0.999619,0.63328,0.0,134218000.0,1537560.0,68528.2,266236.0,3.88506,376905.0,1464300.0,5.5,3.75,1.0,14432.4,4.4576
normalized-market-split_8_70_3.opb,70.0,17.0,70.0,1.0,1e+20,1e+20,0.0,1e+20,0.0,45881.0,5.000076,655.4428571428572,0.0,0.014084507042253521,0.11783944035691203,0.014084507042253521,0.0,0.014084507042253521,-0.0024789544540404235,0.20891237690749945,-0.2942863579121776,837.3,17.0,71.0,0.0588235,0.0,0.0,0.941176,0.000909091,0.999091,0.499545,1.0,79158800.0,-98187.6,2.62668,11.7523,4.47419,23770.2,106352.0,9049.5,3538.09,38.188,7.03348,4.92753
normalized-NG.dot_fibo_0null20mast_rapportOE1.0_TMAX60_K192_cod1.opb,399113.0,400786.0,0.0,0.0,1e+20,1e+20,-1e+20,1e+20,0.0,0.0,5.666641,0.0,0.0,-2493.5331322206994,4113.102356083451,0.0,0.8532746365064531,0.8532746365064531,0.0,0.0,0.0,0.0,400980.0,399113.0,0.0,0.0609706,0.331051,0.607978,0.127336,0.872664,0.48797,0.0,134218000.0,509722.0,18433.5,8091.06,0.438933,368670.0,161821.0,20.0,0.0,1.0,0.0,4.43175
normalized-minisat70_4_22_8.opb,4970.0,5188.0,4970.0,1.0,216369947.0,216369947.0,1795507.015834552,119.50632222087488,0.0,10586.0,5.001195,2.129979879275654,1.0,9179757.08028169,17467019.53228674,0.971830985915493,0.007042253521126761,0.9788732394366197,9.999999999999998e+98,1.2141680576410807e+83,1e+99,3.73080586778434,14846.0,9940.0,0.0,0.655395,0.16267,0.181935,0.132129,0.867871,0.615553,0.992806,73069000.0,585188.0,31.2554,1341.16,42.9098,13533.6,580723.0,433.0,98.1753,3.67705,19128.9,4.90685
normalized-BA_RDC4.dot_unif_0null50mast_rapportOE1.0_TMAX60_K67_cod2_pbEq1_newVersion.opb,36668.0,36737.0,0.0,0.0,1e+20,1e+20,-1e+20,1e+20,0.0,0.0,5.015431,0.0,0.0,-8.685883186359527,87.52037814509886,0.0,0.011871900725505044,0.011871900725505044,0.0,0.0,0.0,0.0,40882.0,40937.0,2.44606e-05,0.0952742,0.626388,0.278313,0.00265914,0.997341,0.729932,0.0,99876300.0,-1164770.0,166.045,-1770.16,-10.6607,116729.0,-1244420.0,703.0,246.587,5.00853,-5938.69,4.76212
normalized-methanosarcina.opb,7927.0,16105.0,7927.0,1.0,2997.0,2997.0,249.33333333333334,11.020053475935828,0.0,6752.0,5.001922,0.8517724233631891,6.0,0.9208070617906684,0.2700396577303131,0.9208070617906684,0.0,0.9208070617906684,0.0,0.0,0.0,0.9572558111883954,14604.0,7930.0,0.0,0.0,1.0,0.0,0.142857,0.857143,0.666667,1.0,40234900.0,-1219150.0,32.3686,-1958.54,-60.5072,20392.2,-1233880.0,630.0,273.925,4.58763,-979.03,4.93168
normalized-BA_RDC4.dot_fibo_10null20mast_rapportOE2.0_TMAX180_K67_cod2_pbEq1_newVersion_ladder.opb,54097.0,54300.0,0.0,0.0,1e+20,1e+20,-1e+20,1e+20,0.0,0.0,5.001767,0.0,0.0,-17.13938417648361,400.1521655597762,0.0,0.005385996409335727,0.005385996409335727,0.0,0.0,0.0,0.0,201868.0,81322.0,4.95373e-06,0.622204,0.324167,0.0536242,0.000867859,0.999132,0.503992,0.0,113337000.0,-637924.0,51.8653,-458.737,-8.84478,73985.8,-654388.0,1426.5,1201.29,8.863,-524.131,4.7546
normalized-BA_RDC4.dot_fibo_10null0mast_rapportOE2.0_TMAX180_K67_cod2_pbEq1_newVersion_ladder.opb,54932.0,55170.0,0.0,0.0,1e+20,1e+20,-1e+20,1e+20,0.0,0.0,5.007931,0.0,0.0,-4.3048375593320385,130.63314173910052,0.0,0.005385996409335727,0.005385996409335727,0.0,0.0,0.0,0.0,201868.0,81322.0,4.95373e-06,0.622204,0.324167,0.0536242,0.000867859,0.999132,0.503992,0.0,96168900.0,233897.0,247.385,308.193,1.24581,134701.0,167811.0,544.5,214.567,4.15046,7521.08,4.6756
normalized-BA_RDC4.dot_fibo_10null50mast_rapportOE1.0_TMAX15_K67_cod2_pbEq1_newVersion_sequential.opb,72651.0,145234.0,0.0,0.0,1e+20,1e+20,-1e+20,1e+20,0.0,0.0,5.004891,0.0,0.0,-34.63109613634687,603.5303775199811,0.0,0.005385996409335727,0.005385996409335727,0.0,0.0,0.0,0.0,161483.0,81322.0,6.1926e-06,0.770954,0.15858,0.0704594,0.00103321,0.998967,0.504753,0.0,105162000.0,1348070.0,126.013,2425.17,19.2454,69496.0,1337480.0,551.5,177.505,4.18659,4991.64,4.75544
normalized-BA_RDC4.dot_unif_10null0mast_rapportOE1.0_TMAX15_K67_cod2_pbEq1_newVersion_sequential.opb,72651.0,145430.0,0.0,0.0,1e+20,1e+20,-1e+20,1e+20,0.0,0.0,5.025141,0.0,0.0,-2.6902806128722854,42.24066991831024,0.0,0.005385996409335727,0.005385996409335727,0.0,0.0,0.0,0.0,161483.0,81322.0,6.1926e-06,0.770954,0.15858,0.0704594,0.00103321,0.998967,0.504753,0.0,91900300.0,-221282.0,115.448,-452.64,-3.92073,60725.6,-238089.0,526.0,217.5,4.09402,3338.72,4.79214
normalized-minisat15_5_3_5_ic.opb,1710.0,1835.0,1710.0,1.0,144852864.0,144852864.0,2202899.564102564,64.75554617217031,0.0,7113.0,5.000534,4.159649122807018,1.0,803119.3429403203,4881041.8632310955,0.18340611353711792,0.004366812227074236,0.18777292576419213,0.0,0.7071067811865476,-1.0,-0.11513859275053305,6802.0,3435.0,0.0,0.0948251,0.818142,0.0870332,0.0245154,0.975485,0.513735,0.976744,85043600.0,-218108.0,5.47113,-63.3166,-11.5729,20694.5,-239495.0,3782.5,596.149,18.9666,-204.02,4.9071
normalized-ped3.G.recomb10-0.10-7.opb,34377.0,242883.0,0.0,0.0,1e+20,1e+20,-1e+20,1e+20,0.0,0.0,5.102843,0.0,0.0,42.03931982069772,112.10127358906162,0.12741181056324302,0.0,0.12741181056324302,0.0,0.0,0.0,0.0,903603.0,82096.0,0.023974,0.594662,0.380993,0.000371845,0.00476016,0.99524,0.691026,1.0,106702000.0,-2147640.0,3315.74,3919.88,1.1822,1389300.0,1642430.0,419.0,387.99,3.61144,125.009,3.55282
normalized-g9x3.opb,27.0,27.0,0.0,0.0,7.0,7.0,7.0,0.0,1.0,38.0,0.008316,1.4074074074074074,6.0,1.0,0.0,1.0,0.0,1.0,0.0,0.0,0.0,0.0,27.0,27.0,0.0,0.0,0.148148,0.851852,0.195652,0.804348,1.0,1.0,111077000.0,254.172,4.95074,13.8054,2.78856,69.3103,193.276,14.0,2.89655,1.0,53.9286,0.000184
normalized-BA_RDC4.dot_unif_10null0mast_rapportOE2.0_TMAX15_K67_cod1.opb,33310.0,33817.0,0.0,0.0,1e+20,1e+20,-1e+20,1e+20,0.0,0.0,5.030083,0.0,0.0,-350.4505203826852,329.3657205109255,0.0,0.7146424068626239,0.7146424068626239,0.0,0.0,0.0,0.0,40950.0,40451.0,2.442e-05,0.0951404,0.625348,0.279487,0.115267,0.884733,0.455087,0.0,101444000.0,577127.0,422.976,4368.75,10.3286,54352.5,561384.0,128.5,26.2209,1.6124,84132.3,4.87966
normalized-BA_RDC4.dot_luby_10null20mast_rapportOE2.0_TMAX300_K67_cod2_pbEq1_newVersion_sequential.opb,72823.0,145712.0,0.0,0.0,1e+20,1e+20,-1e+20,1e+20,0.0,0.0,5.042102,0.0,0.0,-0.3208848774009493,8.861155377871397,0.0,0.005385996409335727,0.005385996409335727,0.0,0.0,0.0,0.0,161483.0,81322.0,6.1926e-06,0.770954,0.15858,0.0704594,0.00103321,0.998967,0.504753,0.0,98897300.0,-3919490.0,645.816,-18339.5,-28.3975,140788.0,-3998020.0,218.0,55.9497,2.16934,20231.3,4.69421
normalized-j1208_2.std.opb,54467.0,114182.0,0.0,0.0,1e+20,1e+20,-1e+20,1e+20,0.0,0.0,5.020364,0.0,0.0,0.6198347107438017,11.126066629782756,0.004118503061420609,0.0,0.004118503061420609,0.0,0.0,0.0,0.0,234185.0,72842.0,0.00305314,0.839251,0.152572,0.00512415,0.000523026,0.999477,0.405885,1.0,113210000.0,-161813.0,51.1436,45.7876,0.895275,216286.0,193636.0,4229.0,3760.79,20.2818,-40.2356,4.66373
normalized-mps-v2-20-10-degen2.opb,6009.0,713.0,6009.0,1.0,1e+20,1e+20,-146962227.2,1e+20,0.0,14649.0,5.048888,2.437843235147279,0.0,-23942163800.092136,110883576469.38474,0.08614232209737828,0.7940074906367042,0.8801498127340824,1.0000000000000001e+99,1.2141680576410807e+83,1e+99,5112.938337497657,444.0,16020.0,0.0,0.0,0.0,1.0,0.105665,0.894335,0.545249,0.0978723,75485900.0,640600.0,169.571,431.251,2.54319,183985.0,467908.0,1085.0,25.1069,7.31783,30365.8,4.63301
normalized-BA_RDC4.dot_luby_50null10mast_rapportOE2.0_TMAX180_K67_cod2_pbEq1_newVersion_sequential.opb,71581.0,145712.0,0.0,0.0,1e+20,1e+20,-1e+20,1e+20,0.0,0.0,5.103078,0.0,0.0,-0.1602149479845552,6.242301334972625,0.0,0.0029881212955903693,0.0029881212955903693,0.0,0.0,0.0,0.0,161483.0,81322.0,6.1926e-06,0.770954,0.15858,0.0704594,0.000573485,0.999427,0.504753,0.0,99922400.0,5216890.0,528.268,32815.4,62.1189,83466.3,5184840.0,158.0,45.9274,1.73186,17139.5,4.75438
normalized-BA_RDC4.dot_fibo_20null50mast_rapportOE2.0_TMAX60_K67_cod2_pbEq1_newVersion_ladder.opb,75039.0,75274.0,0.0,0.0,1e+20,1e+20,-1e+20,1e+20,0.0,0.0,5.005822,0.0,0.0,-34.289429674626795,603.0077308284236,0.0,0.004783453432035611,0.004783453432035611,0.0,0.0,0.0,0.0,201868.0,81322.0,4.95373e-06,0.622204,0.324167,0.0536242,0.000770845,0.999229,0.503992,0.0,96253100.0,-271815.0,62.5073,-314.645,-5.03373,51568.5,-259582.0,825.0,131.468,5.72199,7275.17,4.76889
normalized-ped3.F.recomb10-0.20-11.opb,31250.0,300335.0,0.0,0.0,1e+20,1e+20,-1e+20,1e+20,0.0,0.0,5.011436,0.0,0.0,22.3565966261368,84.39278360742017,0.07037157896230296,0.0,0.07037157896230296,0.0,0.0,0.0,0.0,857327.0,70483.0,0.0185005,0.486531,0.494577,0.000391916,0.00227012,0.99773,0.683953,1.0,102109000.0,460159.0,721.895,-144.002,-0.199478,636350.0,-126938.0,881.5,749.17,6.07823,125.118,3.96497
normalized-BA_RDC4.dot_luby_50null20mast_rapportOE2.0_TMAX300_K67_cod2_pbEq1_newVersion.opb,21966.0,22035.0,0.0,0.0,1e+20,1e+20,-1e+20,1e+20,0.0,0.0,5.018985,0.0,0.0,-0.6200503212252975,12.466001116478733,0.0,0.005935950362752522,0.005935950362752522,0.0,0.0,0.0,0.0,40882.0,40937.0,2.44606e-05,0.0952742,0.626388,0.278313,0.00133134,0.998669,0.729932,0.0,104163000.0,1340270.0,506.275,3705.95,7.32002,164793.0,1206290.0,325.5,19.842,3.00613,67580.3,4.70031
normalized-NG.dot_unif_0null50mast_rapportOE2.0_TMAX60_K192_cod2.opb,400896.0,400786.0,0.0,0.0,1e+20,1e+20,-1e+20,1e+20,0.0,0.0,5.4190439999999995,0.0,0.0,-3.3384793063537677,54.38591640418792,0.0,0.00444753751596424,0.00444753751596424,0.0,0.0,0.0,0.0,402763.0,400896.0,0.0,0.0607007,0.329586,0.609713,0.000761731,0.999238,0.63328,0.0,101622000.0,2657010.0,5506.41,37771.1,6.85948,382695.0,2625090.0,69.5,39.1357,1.28571,5038.43,4.40458
normalized-BA_RDC4.dot_fibo_20null10mast_rapportOE1.0_TMAX300_K67_cod2_pbEq1_newVersion_ladder.opb,74813.0,75044.0,0.0,0.0,1e+20,1e+20,-1e+20,1e+20,0.0,0.0,5.011789,0.0,0.0,-10.861427412016429,300.5668484802841,0.0,0.004783453432035611,0.004783453432035611,0.0,0.0,0.0,0.0,201868.0,81322.0,4.95373e-06,0.622204,0.324167,0.0536242,0.000770845,0.999229,0.503992,0.0,83282300.0,-1444050.0,269.333,-3339.58,-12.3994,123355.0,-1529530.0,458.0,51.9335,3.81897,41896.1,4.60873
normalized-BA_RDC4.dot_fibo_10null20mast_rapportOE1.0_TMAX300_K67_cod3.opb,33345.0,33852.0,0.0,0.0,1e+20,1e+20,-1e+20,1e+20,0.0,0.0,5.032179,0.0,0.0,-2177.942893871598,3996.8178249104453,0.0,0.7146424068626239,0.7146424068626239,0.0,0.0,0.0,0.0,40950.0,40451.0,2.442e-05,0.0951404,0.625348,0.279487,0.115267,0.884733,0.455087,0.0,126180000.0,376089.0,982.883,-471.997,-0.480217,762717.0,-366269.0,776.0,75.8416,5.42176,-15497.6,4.07599
normalized-BA_RDC4.dot_luby_10null50mast_rapportOE2.0_TMAX120_K67_cod2_pbEq1_newVersion_binary.opb,43616.0,288563.0,0.0,0.0,1e+20,1e+20,-1e+20,1e+20,0.0,0.0,5.06802,0.0,0.0,-1.4024414738110647,18.806991034097624,0.0,0.009774822022361579,0.009774822022361579,0.0,0.0,0.0,0.0,297596.0,44809.0,3.36026e-06,0.875714,0.0860495,0.038233,0.000629178,0.999371,0.385501,0.0,107466000.0,-1840300.0,236.914,-4370.66,-18.4483,103295.0,-1905610.0,436.0,100.691,3.70447,10585.4,4.61113
normalized-BA_RDC4.dot_unif_10null20mast_rapportOE1.0_TMAX15_K67_cod2_pbEq1_newVersion_ladder.opb,55628.0,55844.0,0.0,0.0,1e+20,1e+20,-1e+20,1e+20,0.0,0.0,5.011565,0.0,0.0,-3.203401293622882,49.99502724087512,0.0,0.005385996409335727,0.005385996409335727,0.0,0.0,0.0,0.0,201868.0,81322.0,4.95373e-06,0.622204,0.324167,0.0536242,0.000867859,0.999132,0.503992,0.0,106442000.0,2948680.0,132.887,8578.98,64.5584,45846.1,2959750.0,345.0,120.41,3.11288,3102.35,4.78339
normalized-vtxcov_v2000_e4000_0.opb.PB06.opb,1578.0,3099.0,1578.0,1.0,1088.0,1088.0,1003.0262965668371,0.08471732368733627,0.0,11405.0,5.002936,7.227503168567807,16.0,1.0,0.0,1.0,0.0,1.0,0.0,0.0,0.0,1.9263157894736842,4000.0,1961.0,0.0,1.0,0.0,0.0,0.196868,0.803132,1.0,1.0,104766000.0,84044.5,36.3127,-9.12095,-0.251178,110027.0,-27636.5,3030.0,483.59,15.6243,-658.425,4.82499
normalized-BA_RDC4.dot_luby_10null50mast_rapportOE2.0_TMAX120_K67_cod3.opb,33303.0,33810.0,0.0,0.0,1e+20,1e+20,-1e+20,1e+20,0.0,0.0,5.064243,0.0,0.0,-102.23954908407703,124.63691449607975,0.0,0.7146424068626239,0.7146424068626239,0.0,0.0,0.0,0.0,40950.0,40451.0,2.442e-05,0.0951404,0.625348,0.279487,0.115267,0.884733,0.455087,0.0,124837000.0,2202690.0,731.808,7266.32,9.92928,203808.0,2023670.0,278.5,45.3746,2.65591,45355.9,4.64145
normalized-mps-v2-20-10-n3705.opb,93871.0,11465.0,0.0,0.0,1e+20,1e+20,-1e+20,1e+20,0.0,0.0,5.124886,0.0,0.0,190924559.03072903,611518877.6740013,1.0,0.0,1.0,0.0,0.0,0.0,0.0,5150.0,155000.0,0.0,0.0,0.0,1.0,0.254098,0.745902,0.67033,1.0,123380000.0,478235.0,1558.17,5940.02,3.81217,124654.0,475201.0,80.0,9.45342,1.37888,19945.7,4.09257
normalized-knapPI_15_50_1000_5_-1047.opb,0.0,0.0,0.0,0.0,-354.0,-354.0,-354.0,0.0,0.0,0.0,0.00374,0.0,2.0,-169.86,94.73124299828437,0.0,1.0,1.0,0.0,0.0,0.0,0.0,1.0,250.0,0.0,0.0,0.0,1.0,0.5,0.5,0.0,0.0,79831700.0,77040.4,3.7062,8.44795,2.27941,21775.8,49635.9,5875.5,1576.43,26.6044,78.3031,4.91961
normalized-519.cudf.trendy.opb,4879.0,38008.0,0.0,0.0,1e+20,1e+20,-1e+20,0.0,0.0,0.0,0.146432,0.0,0.0,1845150479.4633265,3852892570.547888,0.5166807178128388,0.0,0.5166807178128388,0.0,0.0,0.0,0.0,41485.0,8303.0,0.0453658,0.837869,0.109148,0.00761721,0.0462928,0.953707,0.468856,1.0,0.0,0.0,0.0,0.0,0.0,0.0,0.0,0.0,0.0,0.0,0.0,0.078262
normalized-NG.dot_luby_10null50mast_rapportOE2.0_TMAX180_K192_cod1.opb,365115.0,366610.0,0.0,0.0,1e+20,1e+20,-1e+20,1e+20,0.0,0.0,5.187422,0.0,0.0,-438.0763668434754,505.2154125896467,0.0,0.7680907412186524,0.7680907412186524,0.0,0.0,0.0,0.0,400980.0,399113.0,0.0,0.0609706,0.331051,0.607978,0.1161,0.8839,0.48797,0.0,134218000.0,479163.0,18904.4,6143.61,0.324984,368635.0,119800.0,19.5,0.0,1.0,0.0,4.34364
normalized-autocorr_bern30-23.lin.opb,5376.0,5362.0,5376.0,1.0,-2684.0,-2684.0,-135608.0,49.52459016393443,0.0,7153.0,5.000963,1.3305431547619047,5.0,0.0,216.98458017959314,0.3723958333333333,0.6276041666666666,1.0,0.0,0.0,0.0,-1.5038312662927562,10692.0,5376.0,0.0,0.0,0.0761317,0.923868,0.106413,0.893587,0.5,0.372396,130590000.0,85294.3,5.14644,1227.42,238.499,378.264,90215.5,73.5,67.5068,1.32432,2671.67,4.97525
normalized-BA_RDC4.dot_unif_10null20mast_rapportOE2.0_TMAX300_K67_cod3.opb,33354.0,33861.0,0.0,0.0,1e+20,1e+20,-1e+20,1e+20,0.0,0.0,5.028291,0.0,0.0,-436.6611950260809,385.3264814861539,0.0,0.7146424068626239,0.7146424068626239,0.0,0.0,0.0,0.0,40950.0,40451.0,2.442e-05,0.0951404,0.625348,0.279487,0.115267,0.884733,0.455087,0.0,106875000.0,-1115070.0,94.0716,-1643.52,-17.471,65756.0,-1148820.0,699.0,283.68,4.98356,1881.9,4.7794
normalized-aug4.5.opb,9561.0,27495.0,9561.0,1.0,1e+20,1e+20,0.0,1e+20,0.0,4941.0,5.013117,0.5167869469720741,0.0,0.021906146179401995,0.564779692292501,0.0026993355481727574,0.0,0.0026993355481727574,9.999999999999996e+98,3.642504172923242e+83,1e+99,2.0468653123746305,29620.0,9632.0,0.0,0.557731,0.175827,0.266442,0.000249554,0.99975,0.415323,1.0,100555000.0,13780.2,1.22311,-1.36949,-1.11967,27828.3,-31158.6,22752.0,13014.8,79.5603,-1.31418,4.61758
Init-x2-i5_pp_93.opb,192314.0,188182.0,0.0,0.0,1e+20,1e+20,-1e+20,1e+20,0.0,0.0,5.147575,0.0,0.0,0.014857877813504823,0.12098397117132412,0.014857877813504823,0.0,0.014857877813504823,0.0,0.0,0.0,0.0,194376.0,194375.0,0.000725398,0.915952,0.00700189,0.0763212,0.0026339,0.997366,0.985651,1.0,133069000.0,-26186.6,799.522,-455.02,-0.569115,279833.0,-159257.0,350.0,126.576,3.14693,728.908,4.46494
normalized-NG.dot_luby_50null50mast_rapportOE1.0_TMAX60_K192_cod1.opb,228932.0,229714.0,0.0,0.0,1e+20,1e+20,-1e+20,1e+20,0.0,0.0,5.40307,0.0,0.0,-436.63206911325864,506.4219440602212,0.0,0.4268765988579675,0.4268765988579675,0.0,0.0,0.0,0.0,400980.0,399113.0,0.0,0.0609706,0.331051,0.607978,0.068033,0.931967,0.48797,0.0,134218000.0,509758.0,14747.1,6366.22,0.431693,368678.0,159156.0,25.0,0.0,1.0,0.0,4.39478
normalized-NG.dot_fibo_20null50mast_rapportOE2.0_TMAX15_K192_cod2.opb,400896.0,400786.0,0.0,0.0,1e+20,1e+20,-1e+20,1e+20,0.0,0.0,5.235239,0.0,0.0,-25.531679038952745,520.2482575610616,0.0,0.0035595266602809704,0.0035595266602809704,0.0,0.0,0.0,0.0,402763.0,400896.0,0.0,0.0607007,0.329586,0.609713,0.000609734,0.99939,0.63328,0.0,85411500.0,1479090.0,76490.6,279770.0,3.65758,382453.0,1398850.0,5.0,3.54545,1.0,673.718,4.39198
normalized-BA_RDC4.dot_luby_20null0mast_rapportOE2.0_TMAX300_K67_cod2_pbEq1_newVersion_ladder.opb,54854.0,55027.0,0.0,0.0,1e+20,1e+20,-1e+20,1e+20,0.0,0.0,5.345195,0.0,0.0,-0.015383291114335604,0.4510651516890835,0.0,0.004783453432035611,0.004783453432035611,0.0,0.0,0.0,0.0,201868.0,81322.0,4.95373e-06,0.622204,0.324167,0.0536242,0.000770845,0.999229,0.503992,0.0,107789000.0,744028.0,43.9338,556.415,12.6648,58212.3,737250.0,1325.0,1273.58,8.45002,261.163,4.75568
normalized-BA_RDC4.dot_luby_0null0mast_rapportOE2.0_TMAX120_K67_cod2.opb,36668.0,36737.0,0.0,0.0,1e+20,1e+20,-1e+20,1e+20,0.0,0.0,5.025294,0.0,0.0,-0.04299289151623226,1.0277239136097096,0.0,0.011871900725505044,0.011871900725505044,0.0,0.0,0.0,0.0,41436.0,40937.0,2.41336e-05,0.0940245,0.618013,0.287938,0.0021725,0.997827,0.598238,0.0,95359600.0,91880.2,45.4724,57.4977,1.26445,57227.0,72360.8,1258.5,438.367,8.18348,-482.416,4.83501
normalized-BA_RDC4.dot_luby_0null20mast_rapportOE2.0_TMAX180_K67_cod2.opb,36668.0,36737.0,0.0,0.0,1e+20,1e+20,-1e+20,1e+20,0.0,0.0,5.030609,0.0,0.0,-0.6423040281408017,12.484140226104559,0.0,0.011871900725505044,0.011871900725505044,0.0,0.0,0.0,0.0,41436.0,40937.0,2.41336e-05,0.0940245,0.618013,0.287938,0.0021725,0.997827,0.598238,0.0,98951900.0,678791.0,887.772,1319.06,1.48581,286751.0,426058.0,323.0,27.4621,2.99073,51505.4,4.55276
normalized-BA_RDC4.dot_fibo_20null50mast_rapportOE2.0_TMAX60_K67_cod2_pbEq1_newVersion_sequential.opb,72824.0,145712.0,0.0,0.0,1e+20,1e+20,-1e+20,1e+20,0.0,0.0,5.040239,0.0,0.0,-34.289429674626795,603.0077308284236,0.0,0.004783453432035611,0.004783453432035611,0.0,0.0,0.0,0.0,161483.0,81322.0,6.1926e-06,0.770954,0.15858,0.0704594,0.000917732,0.999082,0.504753,0.0,98611000.0,6096.74,94.5872,6.02586,0.0637069,64130.1,4085.53,678.0,129.734,4.86146,9309.62,4.76968
normalized-comppebvc_opt_200.opb,79999.0,159403.0,0.0,0.0,40202.0,40202.0,-1e+20,1e+20,0.0,0.0,5.647892,0.0,1.0,0.5000248756218906,0.49999999938120343,0.5000248756218906,0.0,0.5000248756218906,0.0,0.0,0.0,0.0,160200.0,80400.0,0.0,0.503121,0.0,0.496879,0.077341,0.922659,0.668057,1.0,0.0,0.0,0.0,0.0,0.0,0.0,0.0,0.0,0.0,0.0,0.0,4.82812
