nombre,opt_gurobi,obj_gurobi,time_gurobi,opt_scip,obj_scip,time_scip,opt_roundingsat,obj_roundingsat,time_roundingsat,opt_rs_default,obj_rs_default,time_rs_default,opt_mixed-bag,obj_mixed-bag,time_mixed-bag,opt_naps,obj_naps,time_naps,min,max,vbs,opt_vbs,obj_vbs
normalized-BA_RDC4.dot_fibo_0null0mast_rapportOE2.0_TMAX180_K67_cod2_pbEq1_newVersion_sequential.opb,0,0.0,3600.01,0,2.0,,0,0.0524075146029574,1687.2,0,0.0711992843235278,3310.96,0,0.4459874756617376,3600.03,0,1.0,2.639384,-190030.0,0.0,0.0,0,0.0
normalized-BA_RDC4.dot_luby_20null50mast_rapportOE2.0_TMAX15_K67_cod2_pbEq1_newVersion_ladder.opb,1,0.0,23.72,1,0.0,246.26,1,0.0,3423.29,1,0.0,1890.53,1,0.0,1373.09,1,0.0,117.019258,-58.0,-58.0,0.0,1,0.0
normalized-BA_RDC4.dot_luby_20null0mast_rapportOE2.0_TMAX180_K67_cod2_pbEq1_newVersion_ladder.opb,0,0.0,3600.02,0,0.4017467248908297,3600.0,0,0.0436681222707423,3249.78,0,0.0873362445414847,1946.77,0,0.4017467248908297,3600.02,0,1.0,1370.493899,-708.0,-479.0,0.0,0,0.0
normalized-BA_RDC4.dot_fibo_20null20mast_rapportOE2.0_TMAX180_K67_cod1.opb,0,0.0,3600.01,0,0.0,3600.01,0,0.2618504194932268,2870.06,0,0.1630634628796043,3298.76,0,2.0,,0,1.0,16.677259,-189276.0,0.0,0.0,0,0.0
normalized-BA_RDC4.dot_luby_20null0mast_rapportOE1.0_TMAX60_K67_cod3.opb,0,0.0,3600.0,0,0.0398406374501992,3600.01,0,0.0318725099601593,1547.27,0,0.0318725099601593,3567.54,0,0.3665338645418327,3598.9,0,1.0,338.747609,-504.0,-2.0,0.0,0,0.0
normalized-BA_RDC4.dot_unif_50null10mast_rapportOE2.0_TMAX15_K67_cod2_pbEq1_newVersion_binary.opb,1,0.0,94.45,1,0.0,966.42,1,0.0,41.9364,1,0.0,76.2429,1,0.0,649.806,1,0.0,656.143528,-3212.0,-3212.0,0.0,1,0.0
normalized-vertexcover_opt_grid_oddrowoddcolsquare_dim_121.opb,0,0.0019342359767891,3600.03,0,0.002321083172147,3600.0,0,1.0,2275.07,0,0.0098646034816247,2403.53,0,2.0,,1,0.0,154.279315,7381.0,12551.0,0.0,1,0.0
normalized-minisat50_6_9_0_ic.opb,0,0.6898180782687598,3600.1,0,1.0,3600.02,0,0.1544986050698062,542.937,0,0.0,3215.41,0,0.209754302445293,3600.0,0,0.2552675391811763,942.285152,54491143.0,129817493.0,0.0,0,0.0
normalized-aries-da_network_1000_5__369_766__512.opb,1,0.0,5.28,1,0.0,66.77,0,2.0,,0,2.0,,0,2.0,,0,2.0,,87132.0,87132.0,0.0,1,0.0
normalized-NG.dot_unif_50null0mast_rapportOE2.0_TMAX120_K192_cod2.opb,0,0.0,3600.03,0,2.0,,0,0.8021058645880096,3520.17,0,0.1503693425294862,3551.22,0,2.0,,0,1.0,32.709758,-49006.0,0.0,0.0,0,0.0
normalized-NG.dot_unif_10null50mast_rapportOE1.0_TMAX180_K192_cod2.opb,0,0.0,3600.03,0,2.0,,0,0.6056379243074522,3425.91,0,0.3534676160749122,3021.13,0,0.5735100468201326,3600.09,0,1.0,31.7913,-82016.0,0.0,0.0,0,0.0
normalized-NG.dot_fibo_50null0mast_rapportOE1.0_TMAX180_K192_cod2.opb,0,0.0,3600.06,0,2.0,,0,0.3374373605677066,3470.75,0,0.2458268405062723,3436.21,0,0.999991592022511,3600.02,0,1.0,32.965454,-356804.0,0.0,0.0,0,0.0
normalized-BA_RDC4.dot_unif_10null50mast_rapportOE2.0_TMAX120_K67_cod2_pbEq1_newVersion_ladder.opb,0,0.0225942450165773,3600.01,0,0.0221030657770864,3600.0,0,0.0,3588.71,0,0.2153002333101387,3479.39,0,0.505955548278826,3537.08,0,1.0,864.613043,-24879.0,-448.0,0.0,0,0.0
normalized-BA_RDC4.dot_unif_50null0mast_rapportOE2.0_TMAX15_K67_cod2.opb,1,0.0,28.03,1,0.0,797.12,1,0.0,159.114,1,0.0,231.801,1,0.0,254.93,1,0.0,1495.514514,-2656.0,-2656.0,0.0,1,0.0
normalized-BA_RDC4.dot_fibo_0null50mast_rapportOE1.0_TMAX120_K67_cod2_pbEq1_newVersion_ladder.opb,1,0.0,20.48,1,0.0,1064.34,0,0.4783634063355975,3042.08,0,0.4677836054029045,3585.79,0,0.0276982791446083,3600.01,0,1.0,178.569471,-247577.0,-3338.0,0.0,1,0.0
normalized-mps-v2-20-10-n3706.opb,1,0.0,3.01,0,2.0,,0,1.0,3590.89,0,0.7280429357434077,3595.24,0,0.6694562828425402,3600.0,0,2.0,,1323009024.0,5121059484.0,0.0,1,0.0
normalized-BA_RDC4.dot_unif_20null0mast_rapportOE2.0_TMAX180_K67_cod2_pbEq1_newVersion_sequential.opb,0,0.0,3600.02,0,2.0,,0,0.049545305981197,2647.49,0,0.1969315363466825,1840.93,0,0.5915059696614308,3600.0,0,1.0,2.7738,-52013.0,0.0,0.0,0,0.0
normalized-BA_RDC4.dot_unif_10null20mast_rapportOE2.0_TMAX60_K67_cod2.opb,1,0.0,418.11,1,0.0,928.12,0,0.0,246.596,1,0.0,960.324,0,0.7497245317038966,307.181,0,1.0,3.176361,-19966.0,0.0,0.0,1,0.0
normalized-BA_RDC4.dot_fibo_0null0mast_rapportOE1.0_TMAX120_K67_cod1.opb,0,0.0,3600.0,0,0.0677326336893432,3600.02,0,0.216854572231229,3032.37,0,0.2008650668910807,3315.69,0,0.4223853074762075,3600.05,0,1.0,15.075551,-161606.0,0.0,0.0,0,0.0
normalized-mps-v2-20-10-set1al.opb,1,0.0,0.08,0,2.0,,0,0.3100836848429222,3598.82,0,0.2306011353546566,3393.99,0,0.5451654459394074,3598.95,0,1.0,3222.369189,65002496.0,121064978.0,0.0,1,0.0
normalized-BA_RDC4.dot_fibo_0null10mast_rapportOE2.0_TMAX300_K67_cod2_pbEq1_newVersion_binary.opb,0,0.0,3600.06,0,0.0918903168610238,3600.01,0,0.0468905958425552,737.311,0,0.0648012101598874,3587.08,0,0.1517163563772078,3600.0,0,1.0,3.149871,-322602.0,0.0,0.0,0,0.0
normalized-BA_RDC4.dot_unif_20null50mast_rapportOE2.0_TMAX180_K67_cod2_pbEq1_newVersion_binary.opb,0,0.0,3600.04,0,0.2151884576669276,3600.01,0,0.0097677366439249,2404.35,0,0.0710211385751034,1526.86,0,0.4459232748014763,3600.0,0,1.0,1477.620615,-31784.0,-4961.0,0.0,0,0.0
normalized-comppebvc_opt_110.opb,0,0.0,3600.01,0,0.0,3600.0,0,1.0,3285.04,1,0.0,610.871,0,2.0,,1,0.0,0.928171,6161.0,6753.0,0.0,1,0.0
normalized-BA_RDC4.dot_fibo_50null0mast_rapportOE1.0_TMAX180_K67_cod2.opb,0,0.0,3600.0,0,0.0507721931858372,3600.03,0,0.0895586906118599,2747.84,0,0.0969662435650567,3066.14,0,0.4449640429127205,3600.0,0,1.0,557.841562,-159920.0,-109026.0,0.0,0,0.0
normalized-NG.dot_fibo_0null10mast_rapportOE2.0_TMAX120_K192_cod2.opb,0,0.0064565948638333,3600.59,0,2.0,,0,0.0,3304.67,0,0.0611577398279319,3565.59,0,2.0,,0,1.0,31.895227,-247344.0,0.0,0.0,0,0.0
normalized-NG.dot_fibo_50null10mast_rapportOE2.0_TMAX15_K192_cod2.opb,1,0.0,159.58,1,0.0,2112.42,1,0.0,1324.58,1,0.0,1216.62,1,0.0,472.885,0,1.0,32.693566,-32838.0,0.0,0.0,1,0.0
normalized-BA_RDC4.dot_luby_50null10mast_rapportOE2.0_TMAX180_K67_cod2_pbEq1_newVersion_ladder.opb,0,0.0,3600.01,1,0.0,638.53,0,0.79375,3599.46,0,1.0,1957.99,0,0.0203125,3593.98,0,0.09375,2965.972828,-4128.0,-2848.0,0.0,1,0.0
normalized-NG.dot_luby_0null10mast_rapportOE2.0_TMAX120_K192_cod1.opb,1,0.0,2225.4,0,0.0054945054945054,3436.0,0,0.903073489010989,1162.6,0,0.9931318681318682,1528.07,0,2.0,,0,1.0,95.511789,-11648.0,0.0,0.0,1,0.0
normalized-BA_RDC4.dot_luby_10null0mast_rapportOE2.0_TMAX15_K67_cod2_pbEq1_newVersion_binary.opb,1,0.0,77.57,1,0.0,489.11,1,0.0,251.751,1,0.0,65.2675,1,0.0,322.481,1,0.0,547.726354,-72.0,-72.0,0.0,1,0.0
normalized-BA_RDC4.dot_luby_10null0mast_rapportOE1.0_TMAX120_K67_cod2_pbEq1_newVersion_product.opb,0,0.0217391304347826,3600.01,0,0.1630434782608695,3600.0,0,0.0,1206.64,0,0.0760869565217391,2845.95,0,0.3043478260869565,3600.01,0,1.0,2.603769,-736.0,0.0,0.0,0,0.0
normalized-BA_RDC4.dot_fibo_50null50mast_rapportOE1.0_TMAX180_K67_cod2_pbEq1_newVersion.opb,1,0.0,36.78,1,0.0,263.87,1,0.0,1011.42,1,0.0,147.503,1,0.0,238.86,0,1.0,1309.403994,-33.0,-31.0,0.0,1,0.0
normalized-NG.dot_luby_20null10mast_rapportOE2.0_TMAX15_K192_cod2.opb,1,0.0,245.6,1,0.0,2837.37,1,0.0,2174.72,1,0.0,1359.27,1,0.0,875.013,0,1.0,33.351796,-1152.0,0.0,0.0,1,0.0
Init-x2-i5_pp_85.opb,0,2.0,,0,2.0,,1,0.0,220.116,1,0.0,56.1133,1,0.0,1610.72,0,2.0,,688.0,688.0,0.0,1,0.0
normalized-j12026_4.std.opb,0,1.0,3600.01,0,2.0,,0,0.01,352.333,0,0.0,2753.75,0,2.0,,0,0.01,437.733942,174.0,274.0,0.0,0,0.0
normalized-BA_RDC4.dot_luby_0null0mast_rapportOE1.0_TMAX15_K67_cod2_pbEq1_newVersion_product.opb,1,0.0,27.64,1,0.0,388.27,1,0.0,28.9395,1,0.0,94.3596,1,0.0,241.03,1,0.0,111.422856,-200.0,-200.0,0.0,1,0.0
normalized-BA_RDC4.dot_fibo_0null20mast_rapportOE2.0_TMAX60_K67_cod2.opb,0,0.0,3600.0,0,0.0241775543881428,3600.0,0,0.0,538.779,0,0.0,3423.93,0,0.2980182580654928,3600.01,0,1.0,115.678316,-74415.0,-8362.0,0.0,0,0.0
normalized-NG.dot_unif_50null10mast_rapportOE1.0_TMAX180_K192_cod1.opb,0,2.0,,0,2.0,,0,0.0,2988.5,0,0.0258379734577546,562.661,0,1.0,3361.06,0,2.0,,-47435.0,-1998.0,0.0,0,0.0
normalized-BA_RDC4.dot_luby_10null50mast_rapportOE2.0_TMAX15_K67_cod2_pbEq1_newVersion_sequential.opb,1,0.0,23.35,0,1.0,3600.0,1,0.0,506.208,1,0.0,297.157,1,0.0,379.096,1,0.0,129.822618,-48.0,-24.0,0.0,1,0.0
normalized-j12027_8.std.opb,0,0.9363057324840764,3600.04,0,1.0,3548.0,0,0.019108280254777,401.98,0,0.0,2916.95,0,2.0,,0,0.0063694267515923,89.583251,143.0,300.0,0.0,0,0.0
normalized-BA_RDC4.dot_unif_20null0mast_rapportOE2.0_TMAX120_K67_cod3.opb,0,0.0,3600.0,0,0.0194454447245228,3600.01,0,0.1917236826311367,1815.61,0,0.3836874324810947,1284.48,0,0.440553354939383,3600.01,0,1.0,17.323433,-33324.0,0.0,0.0,0,0.0
normalized-BA_RDC4.dot_luby_10null50mast_rapportOE1.0_TMAX120_K67_cod2_pbEq1_newVersion_product.opb,1,0.0,1035.77,1,0.0,1758.81,1,0.0,67.1587,1,0.0,325.08,1,0.0,431.983,0,1.0,475.534298,-5638.0,-8.0,0.0,1,0.0
normalized-BA_RDC4.dot_fibo_50null20mast_rapportOE2.0_TMAX60_K67_cod2_pbEq1_newVersion_sequential.opb,0,0.0,3600.01,0,0.0450849705133126,3600.0,0,0.0623058938479254,3352.62,0,0.0,3365.12,0,1.0,3600.03,0,0.0450849705133126,553.350919,-57314.0,0.0,0.0,0,0.0
normalized-BA_RDC4.dot_luby_10null50mast_rapportOE1.0_TMAX300_K67_cod2_pbEq1_newVersion_ladder.opb,0,0.0,3600.01,1,0.0,999.34,0,0.1395348837209302,2409.07,0,0.1759233926128591,2323.7,1,0.0,3089.33,0,1.0,2.176566,-14620.0,0.0,0.0,1,0.0
normalized-BA_RDC4.dot_luby_50null20mast_rapportOE2.0_TMAX120_K67_cod2_pbEq1_newVersion_sequential.opb,1,0.0,35.93,1,0.0,2016.23,0,1.0,2800.82,1,0.0,141.489,1,0.0,452.082,0,0.0,690.106151,-2822.0,-2584.0,0.0,1,0.0
normalized-minisat15_4_4_3_mh_ic.opb,1,0.0,22.03,1,0.0,144.65,0,0.0,2378.48,1,0.0,570.483,1,0.0,134.43,0,1.0,400.150453,4323015.0,6202987.0,0.0,1,0.0
normalized-mps-v2-20-10-core2586-950.opb,0,0.0,3600.0,0,0.0505494505494505,3600.0,0,0.6791208791208792,2531.05,0,0.6307692307692307,3235.32,0,2.0,,0,1.0,1.471771,951.0,1406.0,0.0,0,0.0
normalized-BA_RDC4.dot_luby_20null0mast_rapportOE2.0_TMAX15_K67_cod1.opb,1,0.0,31.06,1,0.0,104.61,1,0.0,123.811,1,0.0,233.526,1,0.0,127.57,0,1.0,57.500832,-132.0,-1.0,0.0,1,0.0
normalized-mps-v2-20-10-markshare2_1.opb,0,0.0005690594260629,3600.0,0,0.0022762377042516,3600.0,0,0.0,3507.47,0,0.0032517681489309,319.979,0,0.0108121290951955,3600.0,0,1.0,1772.878222,79.0,12380.0,0.0,0,0.0
normalized-NG.dot_unif_0null50mast_rapportOE1.0_TMAX180_K192_cod2.opb,0,0.0,3600.03,0,2.0,,0,0.7815336837075968,3185.06,0,0.5217988533205925,3323.07,0,0.5480649784997611,3600.22,0,1.0,32.85957,-83720.0,0.0,0.0,0,0.0
normalized-BA_RDC4.dot_unif_20null0mast_rapportOE2.0_TMAX15_K67_cod2_pbEq1_newVersion_ladder.opb,1,0.0,15.28,1,0.0,782.32,1,0.0,537.252,1,0.0,590.887,1,0.0,281.0,1,0.0,1507.991804,-3289.0,-3289.0,0.0,1,0.0
normalized-BA_RDC4.dot_unif_50null50mast_rapportOE1.0_TMAX180_K67_cod2.opb,1,0.0,15.59,1,0.0,230.98,1,0.0,601.073,1,0.0,238.025,1,0.0,154.16,0,1.0,1383.537981,-33.0,-11.0,0.0,1,0.0
normalized-NG.dot_fibo_20null50mast_rapportOE2.0_TMAX300_K192_cod2.opb,0,0.7228935778776061,3600.04,0,1.0,3600.12,0,0.8066527215106132,2602.53,0,0.4597711650295809,2284.44,0,0.0,3600.11,0,0.9705482084464804,3026.547701,-317434.0,0.0,0.0,0,0.0
normalized-BA_RDC4.dot_luby_20null50mast_rapportOE2.0_TMAX60_K67_cod2_pbEq1_newVersion_binary.opb,1,0.0,141.77,1,0.0,512.33,1,0.0,51.4071,1,0.0,104.012,1,0.0,415.506,0,0.0,2358.152199,-1312.0,-1312.0,0.0,1,0.0
normalized-BA_RDC4.dot_fibo_10null10mast_rapportOE1.0_TMAX120_K67_cod2_pbEq1_newVersion_product.opb,0,0.0,3600.01,1,0.0,3514.75,0,0.25,3024.03,0,0.2524798764127164,3484.82,0,0.4724977640458573,3600.0,0,1.0,2.264799,-245980.0,0.0,0.0,1,0.0
normalized-BA_RDC4.dot_luby_20null0mast_rapportOE1.0_TMAX120_K67_cod2_pbEq1_newVersion_ladder.opb,0,0.0,3600.02,0,0.6545454545454545,3600.0,0,0.509090909090909,262.782,0,0.4363636363636363,3466.11,0,1.0,3600.01,0,0.8090909090909091,1379.10436,-700.0,-480.0,0.0,0,0.0
normalized-BA_RDC4.dot_unif_20null0mast_rapportOE1.0_TMAX15_K67_cod2_pbEq1_newVersion_sequential.opb,1,0.0,17.62,1,0.0,1779.51,1,0.0,294.852,1,0.0,250.377,1,0.0,585.195,1,0.0,2384.352091,-4324.0,-4324.0,0.0,1,0.0
normalized-BA_RDC4.dot_unif_10null0mast_rapportOE1.0_TMAX300_K67_cod2_pbEq1_newVersion_sequential.opb,0,0.0,3600.01,0,1.0,3600.54,0,0.0112638794243796,2041.89,0,0.0747985729747063,3091.23,0,0.2789112919389105,3600.0,0,1.0,2.310578,-99788.0,0.0,0.0,0,0.0
normalized-BA_RDC4.dot_fibo_0null50mast_rapportOE2.0_TMAX120_K67_cod2_pbEq1_newVersion_sequential.opb,0,0.0,3600.01,0,0.0153127756683158,3588.0,0,0.3608042802899551,1359.17,0,0.4843612165842059,3376.68,0,0.0554021401449775,3600.0,0,1.0,478.442051,-126184.0,-21892.0,0.0,0,0.0
normalized-BA_RDC4.dot_luby_20null20mast_rapportOE2.0_TMAX300_K67_cod2_pbEq1_newVersion_ladder.opb,0,0.0,3600.01,0,0.0022962112514351,3600.0,0,0.1113662456946039,1727.88,0,0.1107921928817451,3434.38,0,0.9173363949483352,3600.0,0,1.0,2.332237,-6968.0,0.0,0.0,0,0.0
normalized-BA_RDC4.dot_unif_50null10mast_rapportOE2.0_TMAX15_K67_cod1.opb,1,0.0,18.52,1,0.0,178.58,1,0.0,660.222,1,0.0,153.977,1,0.0,91.12,0,1.0,276.427679,-3479.0,-75.0,0.0,1,0.0
normalized-minisat50_6_9_4_ic.opb,0,1.0,3600.02,0,0.0,3600.0,0,0.5453813081581059,1830.17,0,0.1400499144003587,3381.74,0,0.0987567025504793,3600.01,0,0.1832104182687635,1063.917949,56569349.0,172732219.0,0.0,0,0.0
normalized-BA_RDC4.dot_luby_0null10mast_rapportOE1.0_TMAX300_K67_cod2_pbEq1_newVersion_binary.opb,0,0.0086311530681051,3600.01,0,1.0,3600.03,0,0.0345246122724207,1530.84,0,0.0,2717.64,0,2.0,,0,0.2254888739042481,3067.920621,-11392.0,-3977.0,0.0,0,0.0
normalized-BA_RDC4.dot_unif_20null10mast_rapportOE2.0_TMAX180_K67_cod2_pbEq1_newVersion_binary.opb,0,0.0304771893025694,3600.01,0,0.6978710015731515,3600.01,0,0.0,2561.09,0,0.0937808075511274,3486.6,0,0.5203985317252229,3600.0,0,1.0,7.857892,-47675.0,0.0,0.0,0,0.0
normalized-j12032_4.std.opb,0,1.0,3600.01,0,2.0,,0,0.0,3020.59,0,0.0149253731343283,2201.23,0,2.0,,0,0.6716417910447762,6.763081,142.0,209.0,0.0,0,0.0
normalized-BA_RDC4.dot_unif_50null10mast_rapportOE2.0_TMAX60_K67_cod2_pbEq1_newVersion_sequential.opb,0,0.0,3600.06,0,0.0375834756949836,3600.0,0,0.0017083398043174,937.781,0,0.7170368069576021,3591.44,0,0.4356266501009473,3600.01,0,1.0,5.862427,-12878.0,0.0,0.0,0,0.0
normalized-BA_RDC4.dot_unif_50null20mast_rapportOE2.0_TMAX120_K67_cod2_pbEq1_newVersion_binary.opb,0,0.015757931352416,3600.01,0,0.2431163823812916,3600.02,0,0.0112736264196806,3087.34,0,0.0,2389.65,0,0.4397552491513348,3600.0,0,1.0,3.608116,-23861.0,0.0,0.0,0,0.0
Init-x2-i2_pp_97-checkpoint.opb,1,0.0,43.61,1,0.0,2775.68,0,0.0,916.764,0,0.0,692.565,0,0.0229885057471264,3600.0,0,1.0,26.764062,1544.0,1718.0,0.0,1,0.0
normalized-NG.dot_fibo_50null20mast_rapportOE1.0_TMAX15_K192_cod2.opb,1,0.0,414.36,1,0.0,1331.52,1,0.0,666.805,1,0.0,2967.24,0,0.0,3431.87,0,1.0,31.87328,-40590.0,0.0,0.0,1,0.0
normalized-autocorr_bern30-23.lin.opb,0,0.0,3600.0,0,0.0099755700325732,3600.0,0,0.0401058631921824,2507.61,0,0.0085504885993485,2323.76,0,2.0,,0,1.0,0.215532,-7596.0,-2684.0,0.0,0,0.0
normalized-NG.dot_fibo_20null50mast_rapportOE1.0_TMAX180_K192_cod2.opb,1,0.0,3177.36,0,2.0,,0,0.8023449452676916,1735.95,0,0.1331920210953229,2873.56,0,2.0,,0,1.0,32.679741,-413741.0,0.0,0.0,1,0.0
normalized-NG.dot_fibo_10null20mast_rapportOE2.0_TMAX15_K192_cod2.opb,1,0.0,347.63,1,0.0,2331.66,1,0.0,387.29,1,0.0,1099.02,1,0.0,1148.78,0,1.0,32.256328,-54120.0,0.0,0.0,1,0.0
normalized-BA_RDC4.dot_unif_10null10mast_rapportOE2.0_TMAX120_K67_cod2_pbEq1_newVersion_binary.opb,0,0.0,3600.03,0,0.1288049515949849,3600.01,0,0.0281542612283764,2968.08,0,0.3063958101888589,3599.71,0,0.4920806221234725,3600.25,0,1.0,4.141549,-31505.0,0.0,0.0,0,0.0
normalized-BA_RDC4.dot_fibo_0null20mast_rapportOE1.0_TMAX300_K67_cod2_pbEq1_newVersion.opb,0,0.0,3600.0,0,0.0356568718310386,3600.0,0,0.0356568718310386,1526.56,0,0.075522466337548,3165.73,0,0.3209037026661215,3600.05,0,1.0,3.289956,-613963.0,0.0,0.0,0,0.0
normalized-BA_RDC4.dot_fibo_0null50mast_rapportOE2.0_TMAX15_K67_cod2_pbEq1_newVersion_binary.opb,1,0.0,144.24,1,0.0,1195.43,1,0.0,277.76,1,0.0,376.586,1,0.0,854.048,1,0.0,289.042167,-12543.0,-12543.0,0.0,1,0.0
normalized-maxcut_opt_complete_5-partite_block_nvert_42.opb,1,0.0,219.07,1,0.0,212.29,0,0.0636363636363636,12.4731,0,0.0,1059.82,1,0.0,263.92,0,1.0,0.376915,-432.0,-322.0,0.0,1,0.0
normalized-BA_RDC4.dot_fibo_50null10mast_rapportOE2.0_TMAX60_K67_cod3.opb,0,0.0,3600.01,1,0.0,1543.64,0,0.0,2147.09,0,0.2360679785889292,3084.63,0,2.0,,0,1.0,13.197279,-64079.0,0.0,0.0,1,0.0
normalized-NG.dot_fibo_0null20mast_rapportOE2.0_TMAX15_K192_cod1.opb,1,0.0,1684.84,0,0.1359785297058359,3599.0,0,0.3796242698521286,1372.33,0,0.6402147029416408,2684.2,0,2.0,,0,1.0,95.447824,-38006.0,0.0,0.0,1,0.0
normalized-BA_RDC4.dot_luby_50null0mast_rapportOE1.0_TMAX180_K67_cod2_pbEq1_newVersion_sequential.opb,0,0.0,3600.01,0,2.0,,0,0.0390625,1433.96,0,0.0234375,2237.69,0,0.3359375,3600.02,0,1.0,44.504391,-542.0,-286.0,0.0,0,0.0
normalized-BA_RDC4.dot_luby_0null20mast_rapportOE2.0_TMAX180_K67_cod2.opb,0,0.0,3600.0,1,0.0,500.7,1,0.0,1129.31,1,0.0,552.179,1,0.0,292.27,0,1.0,398.216278,-4320.0,-3200.0,0.0,1,0.0
normalized-NG.dot_luby_10null20mast_rapportOE2.0_TMAX60_K192_cod2.opb,0,0.0,3600.03,0,1.0,3600.57,0,0.0287878787878787,2867.6,0,0.0,1852.83,0,0.0261363636363636,1152.58,0,1.0,32.360083,-5280.0,0.0,0.0,0,0.0
normalized-NG.dot_luby_50null10mast_rapportOE2.0_TMAX60_K192_cod2.opb,0,0.0,3600.04,1,0.0,3422.46,0,0.0521449704142011,3292.66,1,0.0,805.692,0,2.0,,0,1.0,33.529796,-5408.0,0.0,0.0,1,0.0
normalized-BA_RDC4.dot_unif_10null10mast_rapportOE1.0_TMAX180_K67_cod2.opb,0,0.0,3600.01,0,0.0285170504592928,3600.0,0,0.0189379640115766,3083.92,0,0.3914842078771863,3599.83,0,0.5037907386435133,3600.01,0,1.0,3.201163,-63576.0,0.0,0.0,0,0.0
normalized-BA_RDC4.dot_fibo_50null0mast_rapportOE2.0_TMAX300_K67_cod3.opb,0,0.0,3600.0,0,0.133694127079575,3600.0,0,0.0231194341837757,823.658,0,0.019626034418578,3487.88,0,0.1183861638461758,3600.02,0,1.0,11.597915,-174615.0,0.0,0.0,0,0.0
normalized-BA_RDC4.dot_unif_10null50mast_rapportOE1.0_TMAX180_K67_cod2.opb,0,0.0,3600.0,0,0.0365980411752948,3600.0,0,0.0094143513891665,1719.49,0,0.0496302218668798,3561.16,0,0.2896262242654407,3600.0,0,1.0,2.766713,-50030.0,0.0,0.0,0,0.0
normalized-mps-v2-20-10-biella1.opb,1,0.0,2937.71,0,2.0,,0,1.0,2757.02,0,0.0591852052171974,2830.2,0,0.0059687771375248,3543.37,0,2.0,,31385659187200.0,5226906791219200.0,0.0,1,0.0
normalized-cvs08r139-94.opb,0,0.0,3600.01,0,0.0294117647058823,3600.0,0,0.1764705882352941,3570.9,0,0.088235294117647,1670.7,0,0.4705882352941176,3600.0,0,1.0,0.794608,-116.0,-82.0,0.0,0,0.0
normalized-BA_RDC4.dot_unif_20null10mast_rapportOE1.0_TMAX60_K67_cod1.opb,1,0.0,582.76,1,0.0,2356.72,0,0.2994055452194037,3594.64,0,0.2553886645187639,3396.85,0,2.0,,0,1.0,39.303506,-22037.0,0.0,0.0,1,0.0
normalized-j12016_5.std.opb,0,2.0,,0,2.0,,0,0.0,1132.96,0,0.1071428571428571,2264.0,0,2.0,,0,1.0,7.665097,216.0,300.0,0.0,0,0.0
normalized-BA_RDC4.dot_fibo_10null10mast_rapportOE2.0_TMAX120_K67_cod2_pbEq1_newVersion_binary.opb,0,0.0,3600.03,0,0.0148058143197875,3600.0,0,0.1060558330708189,2917.04,0,0.1419903094670206,3247.47,0,0.4925970928401062,3600.0,0,1.0,3.345773,-133326.0,0.0,0.0,0,0.0
normalized-BA_RDC4.dot_luby_10null50mast_rapportOE2.0_TMAX300_K67_cod2_pbEq1_newVersion_binary.opb,1,0.0,537.07,1,0.0,802.71,1,0.0,70.0389,1,0.0,80.7751,1,0.0,415.689,0,1.0,358.676464,-7424.0,-7040.0,0.0,1,0.0
normalized-BA_RDC4.dot_luby_50null10mast_rapportOE1.0_TMAX120_K67_cod2_pbEq1_newVersion_binary.opb,0,0.0,3600.06,0,1.0,3600.0,0,0.1995841995841996,2072.36,0,0.7096327096327096,3238.43,0,0.0166320166320166,3600.01,0,0.3714483714483714,394.011643,-4896.0,-3453.0,0.0,0,0.0
normalized-BA_RDC4.dot_luby_20null0mast_rapportOE2.0_TMAX120_K67_cod3.opb,0,0.0,3600.0,0,0.1219512195121951,3600.0,0,0.1463414634146341,3550.18,0,0.0853658536585365,2389.12,0,0.2439024390243902,3600.09,0,1.0,363.242681,-672.0,-16.0,0.0,0,0.0
normalized-BA_RDC4.dot_fibo_0null50mast_rapportOE2.0_TMAX180_K67_cod3.opb,0,0.0,3600.01,1,0.0,821.06,0,0.3048296419464567,2499.61,0,0.3622307501229336,3174.42,0,2.0,,0,1.0,14.699027,-197261.0,0.0,0.0,1,0.0
normalized-macrophage.opb,1,0.0,0.88,1,0.0,204.26,0,0.0297872340425531,1923.1,0,0.0127659574468085,1911.95,1,0.0,279.78,0,1.0,0.040278,374.0,609.0,0.0,1,0.0
normalized-BA_RDC4.dot_luby_10null0mast_rapportOE1.0_TMAX180_K67_cod2_pbEq1_newVersion_product.opb,0,0.0363636363636363,3600.01,0,0.5272727272727272,3600.48,0,0.0,2043.2,0,0.0727272727272727,3126.03,0,0.8181818181818182,3600.01,0,1.0,1285.608592,-884.0,-664.0,0.0,0,0.0
normalized-NG.dot_luby_20null0mast_rapportOE1.0_TMAX180_K192_cod2.opb,0,0.0225165562913907,3600.03,0,2.0,,0,0.0,3068.29,0,0.386092715231788,3583.24,0,0.343046357615894,3600.02,0,1.0,32.291991,-3020.0,0.0,0.0,0,0.0
SMTI_25000_10_0.95_2.opb,1,0.0,687.96,0,2.0,,1,0.0,79.2086,1,0.0,77.5658,1,0.0,371.202,1,0.0,83.555713,2.0,2.0,0.0,1,0.0
normalized-BA_RDC4.dot_unif_0null50mast_rapportOE1.0_TMAX60_K67_cod2_pbEq1_newVersion.opb,0,0.0,3600.0,1,0.0,1461.6,0,0.0,331.938,1,0.0,2079.46,0,0.5115577889447236,3600.01,0,1.0,1179.085253,-23113.0,-1223.0,0.0,1,0.0
normalized-BA_RDC4.dot_luby_20null20mast_rapportOE1.0_TMAX15_K67_cod1.opb,1,0.0,91.12,1,0.0,293.35,1,0.0,356.626,1,0.0,376.393,1,0.0,69.49,0,1.0,2213.068127,-272.0,-5.0,0.0,1,0.0
SMTI_50000_3_0.85_3.opb,1,0.0,24.32,1,0.0,345.83,0,1.0,3535.72,1,0.0,1550.83,1,0.0,282.75,0,2.0,,6202.0,6478.0,0.0,1,0.0
normalized-j12029_3.std.opb,0,0.0588235294117647,3600.01,0,1.0,3600.0,0,0.0588235294117647,76.6372,0,0.0588235294117647,2111.44,0,2.0,,1,0.0,2263.351474,97.0,114.0,0.0,1,0.0
normalized-BA_RDC4.dot_unif_10null50mast_rapportOE2.0_TMAX180_K67_cod2_pbEq1_newVersion_product.opb,0,0.0180521804149865,3600.01,0,0.0,3600.04,0,0.0405907015248217,2006.8,0,0.0841990012551072,3529.76,0,0.5173979223969878,3600.01,0,1.0,2.496198,-37447.0,0.0,0.0,0,0.0
normalized-BA_RDC4.dot_luby_10null20mast_rapportOE2.0_TMAX300_K67_cod2_pbEq1_newVersion_product.opb,0,0.0,3600.01,0,0.0707964601769911,3600.01,0,0.1415929203539823,3116.55,0,0.706858407079646,2174.58,0,0.0,3600.01,0,1.0,3434.492817,-7184.0,-5376.0,0.0,0,0.0
normalized-mps-v2-20-10-vtp.base.opb,0,0.0,3600.01,0,2.0,,0,2.0,,0,2.0,,0,2.0,,0,2.0,,1206754103.0,1206754103.0,0.0,0,0.0
normalized-j909_10.std.opb,0,1.0,3600.03,0,2.0,,0,0.1666666666666666,71.7094,0,0.0,2161.16,0,2.0,,0,0.3333333333333333,45.833779,115.0,127.0,0.0,0,0.0
normalized-BA_RDC4.dot_unif_0null50mast_rapportOE1.0_TMAX60_K67_cod2_pbEq1_newVersion_product.opb,0,0.0,3600.01,0,0.0,3600.01,0,0.5031981756493688,3537.74,0,0.0547305189387618,2643.49,0,0.6344624283886757,3600.0,0,1.0,911.959392,-23113.0,-5134.0,0.0,0,0.0
normalized-BA_RDC4.dot_fibo_20null0mast_rapportOE1.0_TMAX60_K67_cod2_pbEq1_newVersion_binary.opb,0,0.0,3600.05,0,0.2028193883886991,3600.0,0,0.025069854082583,561.86,0,0.256616733933561,3558.26,0,0.7256286867432474,3600.03,0,1.0,8.536128,-103072.0,0.0,0.0,0,0.0
SMTI_50000_5_0.85_10.opb,1,0.0,1607.29,0,2.0,,1,0.0,1280.47,1,0.0,204.258,1,0.0,481.148,0,2.0,,720.0,720.0,0.0,1,0.0
normalized-autocorr_bern50-50.lin.opb,0,0.0,3600.05,0,0.013451004260499,3600.01,0,0.0909312233718807,3589.51,0,0.0724893487522824,2693.86,0,0.1602556299452221,312.779,0,1.0,1.299039,-20293.0,-3863.0,0.0,0,0.0
normalized-Generated_notes_20140709_1000_0.01-029.opb,1,0.0,5.72,1,0.0,78.0,0,0.4477989400062922,3398.57,0,0.4924130587352678,3589.44,1,0.0,63.81,0,1.0,35.759232,-125991.0,-43349.0,0.0,1,0.0
normalized-NG.dot_fibo_50null10mast_rapportOE1.0_TMAX180_K192_cod2.opb,1,0.0,1175.23,0,2.0,,0,0.553026591772769,3556.35,0,0.6561856430110391,3593.81,0,2.0,,0,1.0,34.176641,-420506.0,0.0,0.0,1,0.0
normalized-minisat35_4_11_9_mh_ic.opb,0,0.0,3600.02,0,0.0245080959496051,3600.02,0,0.0749023816590556,3006.02,0,0.0123738010656378,2919.96,0,0.0161794698896188,3600.01,0,1.0,7.456998,3542584.0,284812986.0,0.0,0,0.0
normalized-BA_RDC4.dot_luby_20null10mast_rapportOE1.0_TMAX300_K67_cod2.opb,0,0.0,3600.02,0,0.6517311608961304,3600.0,0,0.2932790224032586,257.548,0,0.1608961303462321,3545.06,0,2.0,,0,1.0,724.642695,-11968.0,-10004.0,0.0,0,0.0
normalized-BA_RDC4.dot_unif_0null20mast_rapportOE2.0_TMAX15_K67_cod3.opb,1,0.0,39.47,1,0.0,73.8,1,0.0,559.897,1,0.0,773.129,1,0.0,148.88,0,1.0,18.411498,-3383.0,0.0,0.0,1,0.0
normalized-mult_diagcomm_opt_greater_teq_nbits_34.opb,1,0.0,0.68,1,0.0,80.35,0,0.0,18.1674,0,0.0,0.299187,0,2.0,,0,0.0,0.258465,0.0,0.0,0.0,1,0.0
normalized-BA_RDC4.dot_unif_50null50mast_rapportOE2.0_TMAX300_K67_cod2.opb,1,0.0,40.89,1,0.0,300.41,1,0.0,217.933,1,0.0,189.586,1,0.0,245.46,0,1.0,6.372038,-28.0,0.0,0.0,1,0.0
normalized-NG.dot_fibo_10null0mast_rapportOE1.0_TMAX15_K192_cod1.opb,1,0.0,1281.79,1,0.0,2929.69,0,1.0,3355.8,0,0.2003294289897511,857.078,0,2.0,,0,2.0,,-65676.0,-11036.0,0.0,1,0.0
normalized-queens-30.opb,0,0.0,3600.0,0,0.0,3600.3,0,0.0,563.652,0,0.125,1629.6,0,0.5,3600.0,0,1.0,114.702634,-39.0,-31.0,0.0,0,0.0
normalized-BA_RDC4.dot_fibo_10null50mast_rapportOE2.0_TMAX300_K67_cod2_pbEq1_newVersion_ladder.opb,0,0.0,3600.01,0,0.0652475839586427,3600.01,0,0.3452769043807025,1968.17,0,0.2646264539650084,3117.7,0,0.2596014737370035,3585.27,0,1.0,224.386171,-322602.0,-218920.0,0.0,0,0.0
normalized-BA_RDC4.dot_unif_10null50mast_rapportOE1.0_TMAX15_K67_cod2_pbEq1_newVersion_sequential.opb,1,0.0,18.56,1,0.0,1559.44,1,0.0,507.589,1,0.0,845.327,1,0.0,1096.75,1,0.0,1204.278746,-3436.0,-3436.0,0.0,1,0.0
normalized-BA_RDC4.dot_unif_20null10mast_rapportOE2.0_TMAX15_K67_cod1.opb,1,0.0,134.63,1,0.0,221.08,1,0.0,943.754,1,0.0,374.23,1,0.0,229.09,0,1.0,34.010073,-3441.0,0.0,0.0,1,0.0
normalized-BA_RDC4.dot_luby_10null0mast_rapportOE1.0_TMAX180_K67_cod2_pbEq1_newVersion.opb,0,0.0206896551724137,3600.01,0,0.1517241379310344,3600.23,0,0.1034482758620689,3217.02,0,0.0,3060.94,0,0.6103448275862069,3600.01,0,1.0,749.68938,-900.0,-610.0,0.0,0,0.0
normalized-j12020_3.std.opb,0,0.1111111111111111,3600.01,0,1.0,3600.01,0,0.0,951.634,0,0.1111111111111111,62.3453,0,2.0,,0,0.3333333333333333,65.78183,78.0,87.0,0.0,0,0.0
normalized-mps-v2-20-10-n370b.opb,1,0.0,2.11,0,2.0,,0,1.0,3596.1,0,0.2686216126011651,3589.39,0,0.3060477044091877,3600.01,0,2.0,,1364649984.0,10231586043.0,0.0,1,0.0
normalized-BA_RDC4.dot_unif_20null10mast_rapportOE1.0_TMAX60_K67_cod2_pbEq1_newVersion_sequential.opb,1,0.0,2160.56,0,0.0486965465406068,3600.01,0,0.0,1574.26,0,0.0,3588.35,0,0.6284663159143954,3600.0,0,1.0,3.044597,-25279.0,0.0,0.0,1,0.0
normalized-BA_RDC4.dot_unif_0null50mast_rapportOE1.0_TMAX60_K67_cod2_pbEq1_newVersion_sequential.opb,1,0.0,719.5,0,0.0,3600.02,0,0.0,215.633,0,0.1015257695378337,3331.13,0,0.4943227179987581,3600.06,0,1.0,1077.446515,-23113.0,-567.0,0.0,1,0.0
normalized-hw128-vm95p-opt.opb.negationfix.opb,1,0.0,29.34,0,1.0,3600.08,0,2.0,,0,2.0,,0,2.0,,0,2.0,,122.0,127.0,0.0,1,0.0
normalized-BA_RDC4.dot_luby_10null50mast_rapportOE1.0_TMAX15_K67_cod3.opb,1,0.0,25.61,1,0.0,258.05,1,0.0,414.227,1,0.0,667.514,1,0.0,828.792,0,1.0,2158.491652,-388.0,-256.0,0.0,1,0.0
normalized-BA_RDC4.dot_fibo_10null50mast_rapportOE1.0_TMAX180_K67_cod2.opb,0,0.0,3600.0,1,0.0,619.9,0,0.8654126067326146,210.379,0,1.0,823.736,0,2.0,,0,0.0866747633572216,479.420842,-370567.0,-262704.0,0.0,1,0.0
normalized-single-obj-f58-fob_fxl_loss.seq-A-3-combined-abcdeir.opb,0,0.0,3600.02,0,1.0,3600.01,0,2.213786907332446e-09,172.359,0,1.423148726142287e-09,78.0451,0,3.004425088522606e-09,3600.0,0,2.213786907332446e-09,11.100651,13458780449.0,19782785688.0,0.0,0,0.0
normalized-comppebvc_opt_150.opb,0,0.0,3600.01,0,0.0,3427.0,0,1.0,2823.97,0,0.0,49.2641,0,2.0,,1,0.0,2.396715,11401.0,14925.0,0.0,1,0.0
normalized-BA_RDC4.dot_luby_10null20mast_rapportOE1.0_TMAX120_K67_cod2.opb,1,0.0,32.67,1,0.0,1066.97,0,0.0,3355.61,1,0.0,236.387,1,0.0,623.613,0,1.0,603.738769,-5504.0,-5248.0,0.0,1,0.0
normalized-BA_RDC4.dot_fibo_20null0mast_rapportOE2.0_TMAX180_K67_cod3.opb,0,0.0,3600.03,0,0.0382088853791933,3600.01,0,0.082711824749203,3277.7,0,0.1316252815068292,2812.54,0,2.0,,0,1.0,13.41056,-170955.0,0.0,0.0,0,0.0
normalized-BA_RDC4.dot_luby_50null20mast_rapportOE1.0_TMAX300_K67_cod2_pbEq1_newVersion_product.opb,0,0.0,3600.02,0,0.0117469879518072,3600.0,0,0.0554216867469879,3474.26,0,0.1117469879518072,2879.07,0,1.0,3600.03,0,0.3620481927710843,3.062586,-13344.0,-64.0,0.0,0,0.0
SMTI_25000_10_0.85_10.opb,0,2.0,,0,2.0,,1,0.0,438.193,1,0.0,307.12,1,0.0,661.086,1,0.0,228.181953,2.0,2.0,0.0,1,0.0
normalized-BA_RDC4.dot_fibo_0null10mast_rapportOE1.0_TMAX120_K67_cod2.opb,0,0.0,3600.0,0,0.0351909359531741,3600.01,0,0.0,2867.08,0,0.2532249261287712,3558.36,0,2.0,,0,1.0,3.326151,-265665.0,0.0,0.0,0,0.0
normalized-BA_RDC4.dot_luby_10null50mast_rapportOE2.0_TMAX15_K67_cod1.opb,1,0.0,33.78,1,0.0,235.07,1,0.0,152.391,1,0.0,79.765,1,0.0,249.56,0,1.0,976.81431,-133.0,-8.0,0.0,1,0.0
normalized-BA_RDC4.dot_unif_0null10mast_rapportOE1.0_TMAX120_K67_cod2_pbEq1_newVersion_sequential.opb,0,0.0,3600.01,0,0.1482004085672767,3600.03,0,0.0280310848093001,2515.25,0,0.3149127055998989,3553.68,0,0.542531011098709,3600.01,0,1.0,2.818819,-47483.0,0.0,0.0,0,0.0
normalized-BA_RDC4.dot_fibo_0null50mast_rapportOE1.0_TMAX120_K67_cod2_pbEq1_newVersion.opb,1,0.0,25.98,1,0.0,563.57,0,0.1331020254303583,3598.08,0,0.414724801692655,2849.29,0,0.0717351740686546,3600.0,0,1.0,285.375652,-247577.0,-864.0,0.0,1,0.0
normalized-BA_RDC4.dot_unif_50null10mast_rapportOE1.0_TMAX15_K67_cod2_pbEq1_newVersion_product.opb,1,0.0,30.54,1,0.0,371.41,1,0.0,89.0318,1,0.0,249.623,1,0.0,508.084,1,0.0,1113.588563,-4128.0,-4128.0,0.0,1,0.0
normalized-NG.dot_fibo_50null50mast_rapportOE2.0_TMAX60_K192_cod1.opb,0,0.0,3600.04,0,2.0,,0,2.0,,0,1.0,3598.0,0,2.0,,0,2.0,,-54730.0,-43784.0,0.0,0,0.0
normalized-mult_diagcomm_opt_less_teq_nbits_32.opb,1,0.0,3.28,1,0.0,7.15,0,0.0,14.8472,0,0.0,0.199804,0,2.0,,0,0.0,0.258632,0.0,0.0,0.0,1,0.0
normalized-NG.dot_unif_20null20mast_rapportOE2.0_TMAX120_K192_cod1.opb,0,0.0,3600.04,0,2.0,,0,2.0,,0,1.0,1665.98,0,2.0,,0,2.0,,-52748.0,-12903.0,0.0,0,0.0
normalized-BA_RDC4.dot_unif_0null50mast_rapportOE2.0_TMAX60_K67_cod1.opb,0,0.0,3600.01,0,0.0,3600.01,0,0.0396279557214908,3565.39,0,0.4361695159494334,2783.15,0,0.5086788498067728,3600.58,0,1.0,12.530725,-15267.0,0.0,0.0,0,0.0
normalized-BA_RDC4.dot_fibo_20null20mast_rapportOE1.0_TMAX180_K67_cod2.opb,1,0.0,297.39,1,0.0,689.45,0,0.2949744205428901,288.297,0,0.3173835793016768,156.416,0,2.0,,0,1.0,2.917904,-373151.0,0.0,0.0,1,0.0
normalized-BA_RDC4.dot_luby_10null50mast_rapportOE1.0_TMAX180_K67_cod2_pbEq1_newVersion_sequential.opb,0,0.0,3600.01,0,2.0,,0,0.0,3503.52,0,0.0,2337.16,1,0.0,1222.9,0,1.0,586.142097,-8472.0,-7168.0,0.0,1,0.0
normalized-NG.dot_fibo_20null0mast_rapportOE2.0_TMAX15_K192_cod2.opb,1,0.0,312.11,1,0.0,2191.62,1,0.0,2233.68,1,0.0,210.397,1,0.0,2364.57,0,1.0,31.642319,-51536.0,0.0,0.0,1,0.0
normalized-BA_RDC4.dot_fibo_0null50mast_rapportOE1.0_TMAX15_K67_cod2.opb,1,0.0,15.99,1,0.0,1064.76,1,0.0,98.7686,1,0.0,140.761,1,0.0,349.668,1,0.0,644.441307,-17711.0,-17711.0,0.0,1,0.0
normalized-j9026_5.std.opb,0,0.3333333333333333,3600.01,0,1.0,3600.01,1,0.0,1236.34,1,0.0,1856.58,1,0.0,1610.36,1,0.0,104.038128,85.0,88.0,0.0,1,0.0
normalized-ped2.G.recomb10-0.01-3.opb,0,0.0,3600.08,0,1.0,1281.0,0,0.1461272771476237,1747.97,0,2.095856073371729e-06,2607.61,1,0.0,1213.89,1,0.0,123.187338,47737.0,524869.0,0.0,1,0.0
normalized-BA_RDC4.dot_luby_10null0mast_rapportOE2.0_TMAX300_K67_cod2_pbEq1_newVersion_binary.opb,0,0.0331325301204819,3600.02,0,0.8313253012048193,3600.0,0,0.0,808.963,0,0.0210843373493975,2413.69,0,0.7048192771084337,3600.0,0,1.0,1069.838897,-1002.0,-670.0,0.0,0,0.0
normalized-mps-v2-20-10-set1ch.opb,1,0.0,0.31,0,2.0,,0,0.0408432102156225,3209.71,0,0.0757307627252426,3589.73,0,0.4324794869933407,3600.01,0,1.0,1587.611412,223386624.0,509196871.0,0.0,1,0.0
normalized-BA_RDC4.dot_fibo_50null20mast_rapportOE1.0_TMAX180_K67_cod2_pbEq1_newVersion_product.opb,0,0.0,3600.01,0,0.0185952798500283,3600.01,0,0.2089378288189729,3549.61,0,0.1947322994376061,2997.46,0,0.0300822975134826,3600.0,0,1.0,2.313197,-363802.0,0.0,0.0,0,0.0
normalized-BA_RDC4.dot_luby_0null0mast_rapportOE2.0_TMAX120_K67_cod2.opb,0,0.0118343195266272,3600.01,0,0.0355029585798816,3600.0,0,0.0,3555.61,0,0.0059171597633136,2025.8,0,0.1715976331360946,3600.0,0,1.0,2.839659,-676.0,0.0,0.0,0,0.0
normalized-BA_RDC4.dot_luby_10null0mast_rapportOE1.0_TMAX300_K67_cod2_pbEq1_newVersion_sequential.opb,0,0.0,3600.02,0,2.0,,0,0.0098039215686274,2616.87,0,0.0269607843137254,1490.58,0,0.2647058823529412,3600.04,0,1.0,139.342297,-1016.0,-608.0,0.0,0,0.0
normalized-clique-coloring-max-clique-n=23-t=2.opb,1,0.0,167.64,0,0.0,3600.0,0,0.0,22.529,0,0.0,598.585,1,0.0,86.32,0,0.0,3054.514622,21.0,21.0,0.0,1,0.0
normalized-BA_RDC4.dot_fibo_50null10mast_rapportOE1.0_TMAX60_K67_cod2_pbEq1_newVersion_binary.opb,1,0.0,272.16,1,0.0,1485.1,1,0.0,1110.7,1,0.0,683.18,0,1.0,3600.01,0,0.7639320029563932,3576.865145,-114628.0,-107863.0,0.0,1,0.0
normalized-BA_RDC4.dot_luby_20null50mast_rapportOE1.0_TMAX120_K67_cod3.opb,1,0.0,28.15,1,0.0,1244.44,0,0.5757809487080602,3331.12,0,0.6378711916698805,2645.98,0,2.0,,0,1.0,1987.582837,-5698.0,-512.0,0.0,1,0.0
normalized-BA_RDC4.dot_fibo_10null10mast_rapportOE2.0_TMAX15_K67_cod2_pbEq1_newVersion_binary.opb,1,0.0,1050.66,1,0.0,936.97,1,0.0,167.307,1,0.0,136.535,1,0.0,667.179,1,0.0,1122.605793,-10946.0,-10946.0,0.0,1,0.0
normalized-BA_RDC4.dot_fibo_10null10mast_rapportOE1.0_TMAX300_K67_cod3.opb,0,0.0,3600.0,0,0.0083467623791385,3600.0,0,0.089642543217111,2989.68,0,0.4524172282449458,3479.14,0,0.0943744506299443,3600.06,0,1.0,15.306774,-546080.0,0.0,0.0,0,0.0
normalized-mps-v2-20-10-n3709.opb,1,0.0,1.53,0,2.0,,0,1.0,3576.5,0,0.2243909850279255,3521.41,0,0.1681835138127309,3600.01,0,2.0,,1338719232.0,12470035843.0,0.0,1,0.0
normalized-NG.dot_luby_0null10mast_rapportOE1.0_TMAX300_K192_cod1.opb,1,0.0,790.84,0,0.0010559662090813,3600.12,0,0.9415753695881732,626.421,0,0.1997096092925026,3182.81,0,0.518479408658923,1997.51,0,1.0,71.896073,-60608.0,0.0,0.0,1,0.0
normalized-BA_RDC4.dot_fibo_20null50mast_rapportOE1.0_TMAX300_K67_cod1.opb,1,0.0,61.54,1,0.0,1216.31,0,0.1844615816796994,3599.47,0,0.3530298677780652,2134.86,0,2.0,,0,1.0,15.856631,-630077.0,0.0,0.0,1,0.0
normalized-hw32-vm95p-opt.opb.negationfix.opb,1,0.0,0.22,1,0.0,7.76,0,1.0,14.2117,1,0.0,728.066,1,0.0,849.284,0,2.0,,31.0,32.0,0.0,1,0.0
normalized-maxcut_opt_complete_6-partite_inlv_nvert_69.opb,0,0.0,3600.01,0,0.3377483443708609,3600.01,0,0.0,377.201,0,0.0132450331125827,3526.18,0,2.0,,0,1.0,2.006784,-1190.0,-1039.0,0.0,0,0.0
normalized-maxcut_opt_complete_5-partite_inlv_nvert_72.opb,0,0.0,3600.03,0,1.0,3600.01,0,0.1911764705882352,885.898,0,0.1911764705882352,521.86,0,0.6029411764705882,3600.03,0,0.75,2.247214,-1260.0,-1192.0,0.0,0,0.0
normalized-BA_RDC4.dot_unif_0null10mast_rapportOE1.0_TMAX60_K67_cod2.opb,1,0.0,262.38,1,0.0,1367.87,0,0.0,3089.18,0,0.0,3589.6,0,0.5993549543092636,3600.0,0,1.0,3.681599,-27905.0,0.0,0.0,1,0.0
normalized-NG.dot_fibo_20null20mast_rapportOE1.0_TMAX60_K192_cod2.opb,0,0.0,3600.03,0,0.3699660056657223,3600.02,0,2.0,,0,0.1093937677053824,3500.65,0,0.1735467422096317,2271.41,0,1.0,33.754962,-176500.0,0.0,0.0,0,0.0
normalized-autocorr_bern45-23.lin.opb,0,0.0,3600.01,0,0.0274191309176731,3600.0,0,0.1180758017492711,1707.05,0,0.000624739691795,3090.16,0,0.0658059142024156,3600.01,0,1.0,0.467393,-21248.0,-6842.0,0.0,0,0.0
normalized-BA_RDC4.dot_fibo_0null10mast_rapportOE1.0_TMAX180_K67_cod3.opb,0,0.0,3600.04,0,0.0115118174409127,3600.0,0,0.2827567787836736,1746.38,0,0.3156126786933633,3589.54,0,2.0,,0,1.0,14.513077,-363192.0,0.0,0.0,0,0.0
normalized-j12053_10.std.opb,0,0.6557377049180327,3600.15,0,2.0,,0,0.0327868852459016,1555.69,0,0.0,3423.3,0,2.0,,0,1.0,9.274136,134.0,195.0,0.0,0,0.0
normalized-maxcut_opt_complete_6-partite_inlv_nvert_33.opb,1,0.0,223.9,1,0.0,90.96,0,0.0,12.0408,0,0.0,1749.8,1,0.0,100.13,0,1.0,827.871557,-272.0,-267.0,0.0,1,0.0
normalized-BA_RDC4.dot_fibo_0null0mast_rapportOE2.0_TMAX60_K67_cod2.opb,1,0.0,1937.2,1,0.0,987.47,1,0.0,3515.64,1,0.0,2968.24,0,0.9371037034332518,3600.0,0,1.0,3.695733,-82167.0,0.0,0.0,1,0.0
normalized-BA_RDC4.dot_fibo_10null20mast_rapportOE1.0_TMAX300_K67_cod2.opb,0,0.0,3600.01,0,0.0569401307981718,3600.0,0,0.417156949389356,693.277,0,0.3736585612201096,3494.14,0,0.981423966197847,3600.0,0,1.0,1306.73233,-589487.0,-470678.0,0.0,0,0.0
normalized-BA_RDC4.dot_unif_10null10mast_rapportOE2.0_TMAX180_K67_cod2_pbEq1_newVersion.opb,0,0.00692730312923,3600.01,0,0.0425591209491201,3600.0,0,0.0,893.458,0,0.0282864877776893,2703.13,0,0.7007524484433474,3600.01,0,1.0,2.8188,-50236.0,0.0,0.0,0,0.0
normalized-BA_RDC4.dot_fibo_50null20mast_rapportOE1.0_TMAX300_K67_cod2_pbEq1_newVersion_sequential.opb,0,0.0,3600.01,0,2.0,,0,0.9059654827413708,1472.96,0,0.416852176088044,3503.99,0,0.7951350675337668,3600.0,0,1.0,38.392091,-581735.0,-421815.0,0.0,0,0.0
normalized-BA_RDC4.dot_luby_10null20mast_rapportOE1.0_TMAX60_K67_cod1.opb,1,0.0,28.96,1,0.0,158.72,1,0.0,3070.29,1,0.0,717.872,1,0.0,164.93,0,1.0,636.155838,-2632.0,-2.0,0.0,1,0.0
normalized-BA_RDC4.dot_luby_10null10mast_rapportOE2.0_TMAX60_K67_cod2.opb,0,0.0,3600.01,1,0.0,387.45,1,0.0,758.826,1,0.0,297.894,0,0.0892857142857142,3600.0,0,1.0,1456.817975,-1136.0,-1024.0,0.0,1,0.0
normalized-BA_RDC4.dot_luby_20null20mast_rapportOE2.0_TMAX180_K67_cod2.opb,0,0.0,3600.0,1,0.0,453.84,1,0.0,2211.16,0,0.0,3352.74,1,0.0,260.15,0,1.0,232.548962,-4192.0,-3072.0,0.0,1,0.0
normalized-BA_RDC4.dot_luby_50null10mast_rapportOE1.0_TMAX60_K67_cod1.opb,1,0.0,189.15,1,0.0,417.28,1,0.0,3540.4,0,1.0,3575.62,1,0.0,161.59,0,0.8600823045267489,725.358097,-2456.0,-512.0,0.0,1,0.0
normalized-BA_RDC4.dot_luby_10null0mast_rapportOE1.0_TMAX60_K67_cod2_pbEq1_newVersion.opb,0,0.0,3600.01,0,0.0081967213114754,3600.0,1,0.0,3057.64,1,0.0,2246.54,0,2.0,,0,1.0,2.878888,-488.0,0.0,0.0,1,0.0
normalized-BA_RDC4.dot_luby_20null10mast_rapportOE1.0_TMAX120_K67_cod2_pbEq1_newVersion_ladder.opb,0,0.0,3600.01,1,0.0,1693.69,0,0.2905079292116754,2822.48,0,0.4615031027350034,3413.17,0,1.0,3600.03,0,0.0,2946.238878,-5152.0,-801.0,0.0,1,0.0
normalized-NG.dot_unif_20null20mast_rapportOE1.0_TMAX180_K192_cod2.opb,0,0.0,3600.03,0,2.0,,0,0.1087955766754008,2797.89,0,0.3920704356708265,521.75,0,0.5699915619309854,2673.07,0,1.0,31.0143,-90068.0,0.0,0.0,0,0.0
normalized-j6013_5.std.opb,0,0.12,3600.01,0,1.0,3600.01,0,0.0,2283.92,0,0.12,1315.33,0,2.0,,0,0.12,2654.762823,99.0,124.0,0.0,0,0.0
normalized-NG.dot_luby_20null10mast_rapportOE1.0_TMAX15_K192_cod1.opb,1,0.0,1138.92,0,0.0,2424.0,0,1.0,3401.36,0,0.4901511681172698,3277.58,0,0.0439761795693999,3529.04,0,2.0,,-2208.0,-25.0,0.0,1,0.0
normalized-BA_RDC4.dot_unif_50null50mast_rapportOE2.0_TMAX120_K67_cod3.opb,1,0.0,5.71,1,0.0,117.18,1,0.0,782.139,1,0.0,610.743,1,0.0,63.06,0,1.0,1706.298515,-11.0,-3.0,0.0,1,0.0
normalized-BA_RDC4.dot_luby_10null10mast_rapportOE1.0_TMAX120_K67_cod3.opb,0,0.0,3600.0,1,0.0,1678.34,0,0.1692405331076792,3200.5,0,0.4061772794584303,3579.99,0,2.0,,0,1.0,1706.764522,-4992.0,-265.0,0.0,1,0.0
normalized-NG.dot_luby_50null50mast_rapportOE1.0_TMAX60_K192_cod1.opb,0,0.0,3600.03,0,2.0,,0,1.0,2433.52,0,0.857023294741247,1447.28,0,2.0,,0,2.0,,-11265.0,-4096.0,0.0,0,0.0
normalized-BA_RDC4.dot_luby_50null0mast_rapportOE1.0_TMAX120_K67_cod2_pbEq1_newVersion_product.opb,0,0.0,3600.01,0,0.2071428571428571,3600.01,0,0.2142857142857142,312.643,0,0.0571428571428571,3062.97,0,0.2785714285714286,3600.0,0,1.0,129.247219,-640.0,-360.0,0.0,0,0.0
normalized-BA_RDC4.dot_unif_0null50mast_rapportOE2.0_TMAX15_K67_cod1.opb,1,0.0,27.97,1,0.0,52.8,1,0.0,354.596,1,0.0,675.917,1,0.0,82.51,0,1.0,15.075638,-4355.0,0.0,0.0,1,0.0
normalized-BA_RDC4.dot_luby_0null50mast_rapportOE2.0_TMAX15_K67_cod2_pbEq1_newVersion_product.opb,1,0.0,57.82,1,0.0,554.75,1,0.0,105.764,1,0.0,69.111,1,0.0,502.641,1,0.0,263.185575,-49.0,-49.0,0.0,1,0.0
normalized-BA_RDC4.dot_luby_50null20mast_rapportOE1.0_TMAX180_K67_cod2_pbEq1_newVersion.opb,0,0.0,3600.01,1,0.0,751.49,0,0.0607976653696498,1937.29,0,0.2823443579766537,3553.53,1,0.0,2189.87,0,1.0,2.484155,-8224.0,0.0,0.0,1,0.0
normalized-BA_RDC4.dot_luby_50null50mast_rapportOE1.0_TMAX300_K67_cod2_pbEq1_newVersion_sequential.opb,1,0.0,11.09,1,0.0,2935.07,1,0.0,2289.04,1,0.0,558.294,1,0.0,638.977,0,1.0,2.598769,-57.0,0.0,0.0,1,0.0
normalized-faclay30.lin.opb,0,0.0928371348539415,3600.01,0,0.2637054821928771,3600.0,0,0.0012004801920768,1335.94,0,0.0,2403.19,0,0.4281712685074029,3600.0,0,1.0,0.327036,8666.0,11165.0,0.0,0,0.0
normalized-NG.dot_luby_20null20mast_rapportOE1.0_TMAX15_K192_cod1.opb,1,0.0,448.42,0,2.0,,0,0.9679962894248608,1767.13,0,1.0,3551.17,0,0.0556586270871985,3484.01,0,2.0,,-2176.0,-20.0,0.0,1,0.0
normalized-BA_RDC4.dot_luby_0null0mast_rapportOE2.0_TMAX180_K67_cod2_pbEq1_newVersion_sequential.opb,0,0.0,3600.01,0,2.0,,0,0.0101010101010101,2055.53,0,0.0101010101010101,1371.49,0,0.3131313131313131,3600.0,0,1.0,2.506054,-792.0,0.0,0.0,0,0.0
normalized-BA_RDC4.dot_fibo_20null20mast_rapportOE2.0_TMAX60_K67_cod3.opb,0,0.0,3600.0,0,0.0,3600.0,0,0.0205775103402955,1335.53,0,0.4897112448298522,3270.63,0,2.0,,0,1.0,17.288581,-77609.0,0.0,0.0,0,0.0
normalized-NG.dot_luby_50null10mast_rapportOE2.0_TMAX60_K192_cod1.opb,0,0.0,3600.11,0,0.0014992503748125,3600.19,0,2.0,,0,0.7612443778110944,501.84,0,0.1829085457271364,3586.83,0,1.0,101.536406,-5336.0,0.0,0.0,0,0.0
normalized-BA_RDC4.dot_unif_20null0mast_rapportOE1.0_TMAX300_K67_cod1.opb,0,0.0,3600.0,0,0.022371136126831,3600.0,0,0.0195415449363597,3195.41,0,0.0497068257503013,3260.57,0,0.2146301101191084,3600.05,0,1.0,31.067606,-97894.0,0.0,0.0,0,0.0
normalized-BA_RDC4.dot_luby_10null10mast_rapportOE1.0_TMAX300_K67_cod2.opb,0,0.0,3600.01,0,0.6217616580310881,3600.01,0,0.4145077720207253,1649.82,0,0.2072538860103626,3471.96,0,2.0,,0,1.0,1831.38374,-11968.0,-10424.0,0.0,0,0.0
normalized-BA_RDC4.dot_luby_50null10mast_rapportOE2.0_TMAX120_K67_cod2_pbEq1_newVersion_sequential.opb,0,0.0,3600.01,1,0.0,1740.69,0,0.8095238095238095,2928.58,0,1.0,3508.36,1,0.0,1444.38,0,0.238095238095238,2152.59495,-2676.0,-2592.0,0.0,1,0.0
normalized-BA_RDC4.dot_luby_10null10mast_rapportOE2.0_TMAX300_K67_cod2_pbEq1_newVersion_binary.opb,0,0.0,3600.06,0,0.0481927710843373,3600.0,0,0.016867469879518,650.776,0,0.1204819277108433,3598.9,0,1.0,3600.05,0,0.0962349397590361,2227.166163,-6768.0,-128.0,0.0,0,0.0
normalized-BA_RDC4.dot_unif_50null0mast_rapportOE1.0_TMAX300_K67_cod1.opb,0,0.0,3600.01,0,0.0592387101525771,3600.0,0,0.0378189941939681,2519.53,0,0.0524506855536597,2208.2,0,0.1266770594228337,3600.15,0,1.0,11.231132,-81467.0,0.0,0.0,0,0.0
normalized-NG.dot_fibo_20null0mast_rapportOE2.0_TMAX300_K192_cod2.opb,0,0.0,3600.03,0,1.0,3600.43,0,0.4088721727312274,2422.51,0,0.5308631968030348,3592.19,0,0.5955887717136673,3600.0,0,1.0,29.923172,-370101.0,0.0,0.0,0,0.0
normalized-BA_RDC4.dot_unif_10null50mast_rapportOE1.0_TMAX15_K67_cod1.opb,1,0.0,53.3,1,0.0,229.85,1,0.0,214.83,1,0.0,887.559,1,0.0,93.3,0,1.0,248.843012,-3505.0,-363.0,0.0,1,0.0
normalized-Generated_notes_20140709_1000_0.10-005.opb,1,0.0,5.1,1,0.0,81.07,0,0.5281855590835955,3596.57,0,0.5473936011163162,3543.69,1,0.0,66.85,0,1.0,21.556083,-115167.0,-44936.0,0.0,1,0.0
normalized-BA_RDC4.dot_fibo_0null10mast_rapportOE1.0_TMAX180_K67_cod2_pbEq1_newVersion_ladder.opb,0,0.0,3600.01,0,0.0,3600.0,0,0.2108527698226897,2863.8,0,0.2516518322620897,3140.63,0,0.9809874176894302,3600.0,0,1.0,2.248212,-355817.0,0.0,0.0,0,0.0
normalized-NG.dot_fibo_20null0mast_rapportOE2.0_TMAX60_K192_cod2.opb,0,0.0,3600.04,0,2.0,,0,0.0118901372167995,1719.71,0,0.7390200501812929,2346.15,0,0.9496325746577026,3600.39,0,1.0,32.785915,-134313.0,0.0,0.0,0,0.0
normalized-BA_RDC4.dot_luby_20null10mast_rapportOE1.0_TMAX180_K67_cod3.opb,0,0.0,3600.01,0,0.0905610121524887,3600.01,0,0.2876643915431996,2058.73,0,0.3782254036956883,1076.89,0,2.0,,0,1.0,3148.054167,-7360.0,-1353.0,0.0,0,0.0
normalized-wnq_n100_mw99_12.opb.PB06.opb,0,0.0,3600.2,0,0.0199395770392749,3600.0,0,0.0211480362537764,1255.34,0,0.0131419939577039,814.606,0,2.0,,0,1.0,12.78134,241.0,6861.0,0.0,0,0.0
normalized-BA_RDC4.dot_unif_20null10mast_rapportOE1.0_TMAX120_K67_cod2_pbEq1_newVersion_sequential.opb,0,0.0,3600.01,0,0.1055756517400523,3145.0,0,0.0395409754272171,3181.59,0,0.3482100536360235,3595.42,0,0.950230759635774,3600.05,0,1.0,2.955784,-40085.0,0.0,0.0,0,0.0
normalized-BA_RDC4.dot_unif_20null20mast_rapportOE2.0_TMAX180_K67_cod2_pbEq1_newVersion_binary.opb,0,0.0390870864517493,3600.02,0,0.2005394969983868,3600.01,0,0.0,1887.81,0,0.0380821410625975,3017.23,0,0.5704651839314522,3600.01,0,1.0,3.40234,-37813.0,0.0,0.0,0,0.0
normalized-BA_RDC4.dot_unif_20null0mast_rapportOE1.0_TMAX15_K67_cod1.opb,1,0.0,28.02,1,0.0,243.77,1,0.0,238.565,1,0.0,65.1542,1,0.0,79.24,0,1.0,32.767976,-5213.0,0.0,0.0,1,0.0
normalized-ped2.G.recomb5-0.20-12.opb,0,0.0,3540.0,0,1.0,3600.09,0,4.141959876006289e-06,269.44,1,0.0,1198.94,1,0.0,1356.79,1,0.0,86.998555,20972.0,1228130.0,0.0,1,0.0
normalized-vertexcover_opt_grid_oddrowoddcolsquare_dim_051.opb,1,1.0,79.28,0,1.0,3600.0,1,1.0,1839.59,1,1.0,220.839,1,0.0,298.808,1,1.0,8.870136,0.0,1326.0,0.0,1,0.0
SMTI_50000_5_0.85_4.opb,1,0.0,206.56,0,2.0,,0,1.0,2262.11,1,0.0,242.196,1,0.0,506.39,0,2.0,,800.0,2914.0,0.0,1,0.0
normalized-mps-v2-20-10-atlanta-ip.opb,1,0.0,1871.76,0,0.075931143975028,3600.0,0,1.0,3527.22,0,0.0887788578882639,818.226,0,0.0001199544007429,3599.83,0,2.0,,8900979821341.0,16802610758843.0,0.0,1,0.0
normalized-BA_RDC4.dot_unif_10null10mast_rapportOE1.0_TMAX60_K67_cod1.opb,1,0.0,1994.2,0,0.0,3600.0,0,0.4058134981071319,3073.8,0,0.235281319350768,2941.09,0,1.0,3600.1,0,1.0,13.80898,-22981.0,0.0,0.0,1,0.0
Init-x2-i7_pp_97.opb,1,0.0,17.63,1,0.0,560.84,1,0.0,282.903,1,0.0,535.35,0,0.0,3600.02,0,1.0,16.046947,1532.0,1650.0,0.0,1,0.0
normalized-BA_RDC4.dot_fibo_20null50mast_rapportOE1.0_TMAX120_K67_cod3.opb,1,0.0,79.32,1,0.0,1475.83,0,0.4390226391614416,2647.36,0,0.6038745034221988,607.274,0,2.0,,0,1.0,208.89339,-251758.0,-1042.0,0.0,1,0.0
normalized-j12058_5.std.opb,0,1.0,3600.01,0,0.1153846153846153,3600.01,0,0.0064102564102564,228.809,0,0.0,1171.51,0,2.0,,0,0.25,17.765908,124.0,280.0,0.0,0,0.0
normalized-NG.dot_fibo_0null10mast_rapportOE1.0_TMAX15_K192_cod2.opb,1,0.0,112.46,1,0.0,454.63,1,0.0,1253.48,0,0.439681948068083,2452.07,0,0.0440910534089811,3600.02,0,1.0,33.662282,-72441.0,0.0,0.0,1,0.0
Init-x2-i3_pp_80.opb,0,2.0,,0,2.0,,1,0.0,34.7921,1,0.0,73.7809,0,0.0,3600.05,0,2.0,,688.0,688.0,0.0,1,0.0
normalized-BA_RDC4.dot_unif_10null10mast_rapportOE1.0_TMAX60_K67_cod2_pbEq1_newVersion_binary.opb,0,0.0,3600.02,0,0.067195988299206,3600.0,0,0.0,943.732,0,0.0,2809.22,0,0.5760133723359799,336.754,0,1.0,3.401207,-23930.0,0.0,0.0,0,0.0
normalized-j9021_5.std.opb,0,0.7222222222222222,3600.01,0,1.0,3600.0,0,0.0,61.5383,1,0.0,3405.99,0,2.0,,1,0.0,116.035696,112.0,130.0,0.0,1,0.0
normalized-j909_6.std.opb,0,0.1016949152542373,3600.03,0,1.0,3600.01,0,0.0,231.184,0,0.0169491525423728,1142.75,0,2.0,,0,0.0056497175141242,269.098764,123.0,300.0,0.0,0,0.0
normalized-vtxcov_v2000_e4000_18.opb.PB06.opb,0,0.0,3600.0,0,0.0,3600.0,0,0.0060975609756097,2334.3,0,0.0,958.367,0,2.0,,0,1.0,0.036676,1038.0,1202.0,0.0,0,0.0
normalized-BA_RDC4.dot_fibo_50null20mast_rapportOE2.0_TMAX300_K67_cod2_pbEq1_newVersion_ladder.opb,0,0.0,3600.01,0,0.0,3600.01,0,0.1045490288948194,2138.53,0,0.1915553167135748,3557.38,0,0.044051164810075,3599.18,0,1.0,2.363661,-329367.0,0.0,0.0,0,0.0
normalized-BA_RDC4.dot_fibo_50null20mast_rapportOE2.0_TMAX60_K67_cod2_pbEq1_newVersion_product.opb,0,0.2763932156455521,3600.01,0,0.0,3600.0,0,0.7236067843544479,3272.28,0,1.0,2975.08,0,0.4472135687088958,3600.08,0,0.3416407061266874,574.295687,-57314.0,-51536.0,0.0,0,0.0
normalized-NG.dot_luby_10null20mast_rapportOE2.0_TMAX180_K192_cod2.opb,1,0.0,494.91,0,0.9425493716337524,3600.26,0,0.0664272890484739,3568.69,1,0.0,782.514,0,0.0008976660682226,3548.53,0,1.0,33.728632,-17824.0,0.0,0.0,1,0.0
normalized-BA_RDC4.dot_unif_50null50mast_rapportOE1.0_TMAX180_K67_cod2_pbEq1_newVersion_ladder.opb,1,0.0,20.43,1,0.0,376.85,1,0.0,914.025,1,0.0,268.4,1,0.0,987.093,0,1.0,1393.222064,-33.0,-32.0,0.0,1,0.0
normalized-minisat50_4_16_4_mh_ic.opb,0,0.0,3600.04,0,2.0,,0,0.2545580410646983,2979.11,0,0.1770736689088428,3553.73,0,0.1372096999440706,3138.45,0,1.0,1678.760406,2983710.0,61992009.0,0.0,0,0.0
normalized-j6029_2.std.opb,0,1.0,3600.01,0,2.0,,0,0.0129870129870129,51.8429,0,0.0,3207.74,0,2.0,,0,0.0259740259740259,79.75854,133.0,287.0,0.0,0,0.0
normalized-mps-v2-20-10-neos12.opb,1,0.0,40.84,1,0.0,1533.3,0,0.2857142857142857,2947.04,1,0.0,3283.36,0,1.0,3600.03,1,0.0,1080.062677,13312.0,20480.0,0.0,1,0.0
normalized-evencolouring_opt_unit_random6regular_nvert_951.opb,1,0.0,0.22,0,0.0,3600.02,1,0.0,41.6547,1,0.0,471.261,0,2.0,,0,0.0,0.133721,1.0,1.0,0.0,1,0.0
normalized-BA_RDC4.dot_fibo_0null10mast_rapportOE2.0_TMAX120_K67_cod2.opb,0,0.0,3600.01,0,0.0766066571303632,3600.0,0,0.274371308079423,1090.29,0,0.2506985465784188,2826.9,0,0.799441162737265,3600.01,0,1.0,3.066884,-134923.0,0.0,0.0,0,0.0
normalized-BA_RDC4.dot_luby_0null50mast_rapportOE2.0_TMAX180_K67_cod2.opb,1,0.0,16.51,1,0.0,393.66,1,0.0,24.194,1,0.0,75.7407,1,0.0,420.327,0,1.0,247.938897,-4384.0,-4.0,0.0,1,0.0
normalized-BA_RDC4.dot_luby_50null0mast_rapportOE1.0_TMAX120_K67_cod1.opb,0,0.0041493775933609,3600.01,0,0.0,3600.01,0,0.0871369294605809,1165.1,0,0.0871369294605809,1859.76,0,0.1369294605809128,3600.0,0,1.0,2781.961608,-498.0,-16.0,0.0,0,0.0
normalized-single-obj-f4-DataDisplay_2_order9.seq-B-3-2-abcdeir.opb,1,0.0,23.04,1,0.0,84.97,1,0.0,841.674,1,0.0,408.584,0,2.0,,1,0.0,5.708456,739338.0,739338.0,0.0,1,0.0
normalized-mult_diagcomm_opt_less_teq_nbits_43.opb,1,0.0,2.77,1,0.0,19.7,0,0.0,33.3516,0,0.0,0.279985,0,2.0,,0,0.0,0.409323,0.0,0.0,0.0,1,0.0
normalized-minisat70_4_22_7.opb,1,0.0,363.55,1,0.0,2745.06,0,0.012182861082093,2909.77,0,0.0243920248642957,2000.69,1,0.0,2512.31,0,1.0,62.892942,4570125.0,35137329.0,0.0,1,0.0
normalized-NG.dot_fibo_50null10mast_rapportOE1.0_TMAX120_K192_cod2.opb,0,0.0,3600.03,0,2.0,,0,0.2471139946187844,3384.14,0,0.6326317464050298,3529.67,0,2.0,,0,1.0,31.554542,-289154.0,0.0,0.0,0,0.0
normalized-BA_RDC4.dot_fibo_0null10mast_rapportOE2.0_TMAX15_K67_cod2_pbEq1_newVersion_binary.opb,1,0.0,126.96,1,0.0,611.25,1,0.0,189.055,1,0.0,294.557,1,0.0,537.117,1,0.0,594.80472,-17711.0,-17711.0,0.0,1,0.0
Init-x2-i3_pp_84.opb,0,2.0,,0,2.0,,1,0.0,61.9298,1,0.0,61.7209,1,0.0,592.117,0,2.0,,688.0,688.0,0.0,1,0.0
normalized-BA_RDC4.dot_fibo_50null20mast_rapportOE1.0_TMAX15_K67_cod2.opb,1,0.0,82.73,1,0.0,203.1,1,0.0,158.614,1,0.0,87.3095,1,0.0,337.636,1,0.0,265.579275,-12022.0,-12022.0,0.0,1,0.0
normalized-BA_RDC4.dot_unif_50null20mast_rapportOE1.0_TMAX300_K67_cod2_pbEq1_newVersion.opb,0,0.0,3600.01,0,0.0107910980913805,3600.0,0,0.0558088092426801,3504.51,0,0.0491876784192984,3517.82,0,0.9861150552259106,3600.06,0,1.0,2.695224,-66907.0,0.0,0.0,0,0.0
normalized-BA_RDC4.dot_fibo_0null20mast_rapportOE2.0_TMAX120_K67_cod2_pbEq1_newVersion_product.opb,0,0.0,3600.01,1,0.0,2645.42,0,0.2556077119235954,2060.6,0,0.2846086377442461,3419.03,0,2.0,,0,1.0,155.906824,-123600.0,-466.0,0.0,1,0.0
normalized-NG.dot_unif_50null50mast_rapportOE1.0_TMAX300_K192_cod1.opb,0,0.0,3600.04,0,0.9701864331226892,3600.05,0,0.973778745050738,2805.13,0,1.0,3590.28,0,2.0,,0,2.0,,-59000.0,-20863.0,0.0,0,0.0
normalized-BA_RDC4.dot_unif_10null10mast_rapportOE2.0_TMAX300_K67_cod1.opb,0,0.0,3600.0,0,0.0787997646597372,3600.02,0,0.0717787801529711,3331.9,0,0.0862522063149637,2361.0,0,0.6078054520494215,3600.04,0,1.0,19.09952,-76485.0,0.0,0.0,0,0.0
normalized-BA_RDC4.dot_fibo_10null0mast_rapportOE1.0_TMAX15_K67_cod2_pbEq1_newVersion_sequential.opb,1,0.0,21.78,1,0.0,1436.16,1,0.0,165.371,1,0.0,345.208,1,0.0,1000.15,1,0.0,1067.073205,-27060.0,-27060.0,0.0,1,0.0
normalized-BA_RDC4.dot_fibo_10null10mast_rapportOE2.0_TMAX300_K67_cod2_pbEq1_newVersion_ladder.opb,0,0.0,3600.02,0,0.0740620507350554,3600.01,0,0.2984742382785326,1011.28,0,0.5664332421277187,3162.6,0,1.0,3600.05,0,0.8563279692065111,491.725642,-347078.0,-282389.0,0.0,0,0.0
normalized-BA_RDC4.dot_fibo_0null10mast_rapportOE2.0_TMAX60_K67_cod2_pbEq1_newVersion_binary.opb,0,0.0,3600.01,0,0.0,3600.01,0,0.1028103075556027,3094.09,0,0.0685402050370684,3589.91,0,0.2741608201482739,3600.03,0,1.0,677.119797,-75402.0,-1.0,0.0,0,0.0
normalized-BA_RDC4.dot_luby_50null20mast_rapportOE2.0_TMAX180_K67_cod2_pbEq1_newVersion_product.opb,0,0.0,3600.01,1,0.0,1545.97,0,0.740036231884058,3292.63,1,0.0,1037.42,0,0.0,3600.01,0,1.0,250.383882,-4176.0,-3072.0,0.0,1,0.0
normalized-BA_RDC4.dot_unif_50null0mast_rapportOE2.0_TMAX120_K67_cod2_pbEq1_newVersion_product.opb,0,0.0,3600.01,0,0.0131546112438059,3600.02,0,0.0344729243164236,1887.98,0,0.0510855227977612,2573.77,0,2.0,,0,1.0,2.202755,-28051.0,0.0,0.0,0,0.0
normalized-sorrell7.opb,0,0.0,3600.0,0,0.3333333333333333,3600.02,0,1.0,2972.25,0,0.5757575757575758,3521.17,0,0.8484848484848485,3600.01,0,0.9696969696969696,3456.500908,-184.0,-151.0,0.0,0,0.0
normalized-mps-v2-20-10-neos13.opb,0,0.0,3600.03,1,1.0,284.05,0,0.295602748020578,3555.0,0,0.5455713569051525,3059.71,0,0.0958831693331999,3600.0,0,2.0,,-97540842.0,-25139783.0,0.0,1,0.0
Init-x2-i2_pp_95.opb,1,0.0,1123.76,0,0.2702702702702703,3600.01,0,0.0135135135135135,401.832,0,0.027027027027027,1084.08,0,0.2837837837837837,3600.01,0,1.0,77.875339,1108.0,1256.0,0.0,1,0.0
normalized-NG.dot_fibo_10null10mast_rapportOE2.0_TMAX15_K192_cod1.opb,1,0.0,1392.39,1,0.0,1490.02,0,0.9851941856802124,842.728,0,0.2896359299761487,2192.89,0,2.0,,0,1.0,99.37099,-66663.0,0.0,0.0,1,0.0
normalized-NG.dot_unif_0null50mast_rapportOE1.0_TMAX15_K192_cod1.opb,1,0.0,1406.44,1,0.0,1053.07,0,0.8559398992817634,184.269,0,0.9150499463386444,818.233,0,2.0,,0,1.0,103.72462,-12113.0,0.0,0.0,1,0.0
normalized-NG.dot_unif_0null50mast_rapportOE1.0_TMAX300_K192_cod1.opb,0,0.0,3600.03,0,0.8216717463199533,3600.04,0,0.7496352376629272,733.271,0,0.809488684261721,1847.62,0,2.0,,0,1.0,104.077238,-123368.0,0.0,0.0,0,0.0
normalized-injcomp_opt_4layers_maxall_lastlayerdiv2_size_23.opb,1,0.0,12.27,0,0.0,3600.0,0,0.0,11.951,0,0.0,113.791,0,2.0,,0,1.0,0.039438,-45.0,-34.0,0.0,1,0.0
normalized-frb35-17-4.opb,0,0.3333333333333333,3600.0,1,0.0,2635.38,0,1.0,146.962,0,0.8333333333333334,1131.53,0,2.0,,1,0.0,34.590921,-35.0,-29.0,0.0,1,0.0
normalized-j9013_1.std.opb,0,1.0,3600.01,0,2.0,,0,0.0,1062.52,0,0.0,3488.21,0,2.0,,0,0.1985294117647058,24.939457,144.0,280.0,0.0,0,0.0
normalized-j9025_9.std.opb,0,1.0,3600.04,0,0.0948905109489051,3600.0,0,0.0,317.176,0,0.0,3548.45,0,2.0,,0,0.0,76.990868,108.0,245.0,0.0,0,0.0
normalized-ivu52.opb,0,0.0,3600.03,0,0.3346929710321908,3600.16,0,2.0,,0,2.0,,0,1.0,3600.17,0,2.0,,615043.0,10101884.0,0.0,0,0.0
normalized-BA_RDC4.dot_unif_20null10mast_rapportOE2.0_TMAX180_K67_cod2_pbEq1_newVersion.opb,0,0.0,3600.01,0,0.0466435614968849,3600.0,0,0.0069315509345215,1416.64,0,0.2497627594174196,722.672,0,0.6905557618517143,3600.03,0,1.0,2.886966,-48474.0,0.0,0.0,0,0.0
normalized-BA_RDC4.dot_fibo_20null10mast_rapportOE2.0_TMAX180_K67_cod2_pbEq1_newVersion_product.opb,0,0.0,3600.11,0,0.0078363829964719,3600.03,0,0.1768068579391833,2974.85,0,0.1290819606169004,3498.16,0,0.1719637082726099,3600.0,0,1.0,5.919999,-203793.0,0.0,0.0,0,0.0
normalized-comppebvc_opt_175.opb,0,0.0,3600.06,0,0.025,3600.01,0,1.0,3401.06,0,0.0,201.457,0,2.0,,0,0.0,4.121028,15489.0,17409.0,0.0,0,0.0
normalized-NG.dot_unif_10null20mast_rapportOE1.0_TMAX60_K192_cod2.opb,1,0.0,2735.92,0,2.0,,0,0.1655272278402886,3589.34,0,0.0749655794521198,2522.1,0,0.6915444143759198,3600.14,0,1.0,74.223267,-42126.0,0.0,0.0,1,0.0
normalized-BA_RDC4.dot_luby_0null0mast_rapportOE1.0_TMAX300_K67_cod2_pbEq1_newVersion_binary.opb,0,0.0,3600.03,0,2.0,,0,0.0080971659919028,259.447,0,0.0182186234817813,3436.64,0,0.2024291497975708,3600.01,0,1.0,262.769316,-1196.0,-702.0,0.0,0,0.0
normalized-j9045_4.std.opb,0,1.0,3600.01,0,2.0,,0,0.0,2221.49,0,0.0,2578.59,0,2.0,,0,0.6428571428571429,7.373593,144.0,186.0,0.0,0,0.0
normalized-j9029_1.std.opb,0,1.0,3600.02,0,2.0,,0,0.0328947368421052,296.385,0,0.0263157894736842,1364.23,0,2.0,,0,0.0,1488.268807,138.0,290.0,0.0,0,0.0
normalized-BA_RDC4.dot_fibo_50null0mast_rapportOE2.0_TMAX180_K67_cod2_pbEq1_newVersion.opb,0,0.0209456242993811,3600.01,0,0.2648147295035395,3600.0,0,0.0,3275.18,0,0.0303128023218316,1740.42,0,0.4819489872698515,3600.0,0,1.0,150.606796,-130509.0,-65388.0,0.0,0,0.0
normalized-BA_RDC4.dot_fibo_20null10mast_rapportOE1.0_TMAX300_K67_cod2_pbEq1_newVersion_ladder.opb,0,0.0,3600.02,0,0.0336280018368945,3600.01,0,0.0477457521813123,2624.77,0,0.06186350252573,3480.9,0,1.0,3600.0,0,0.7271570004592236,126.216733,-563414.0,-267262.0,0.0,0,0.0
normalized-BA_RDC4.dot_unif_50null10mast_rapportOE1.0_TMAX180_K67_cod2_pbEq1_newVersion.opb,0,0.0,3600.01,0,0.030088964436301,3600.0,0,0.0292721693635621,3591.33,0,0.0770657188900417,2220.71,0,0.9543036270116338,3600.05,0,1.0,2.811309,-45299.0,0.0,0.0,0,0.0
normalized-NG.dot_unif_20null20mast_rapportOE2.0_TMAX60_K192_cod2.opb,1,0.0,522.55,0,2.0,,0,0.633203378817414,3441.75,0,0.0101364522417154,3588.52,0,0.7845029239766081,3600.05,0,1.0,32.916477,-30780.0,0.0,0.0,1,0.0
normalized-BA_RDC4.dot_unif_10null50mast_rapportOE1.0_TMAX180_K67_cod3.opb,0,0.0,3600.0,0,0.1410738609795271,3600.01,0,0.1626446012157684,3021.85,0,0.2062740154918982,2681.06,0,2.0,,0,1.0,14.922303,-49187.0,0.0,0.0,0,0.0
normalized-minisat50_4_16_6_mh_ic.opb,0,0.0,3600.04,0,2.0,,0,0.9374132264515536,3558.25,0,0.0871039482749392,2770.27,0,0.0601510228237275,3600.0,0,1.0,28.227208,3928654.0,153320378.0,0.0,0,0.0
normalized-single-obj-f11-DCTotalLoss.seq-B-3-2-irabcde.opb,1,1.0,52.25,1,1.0,166.42,1,1.0,160.173,1,1.0,207.329,1,0.0,299.292,1,1.0,208.663105,0.0,192984614615.0,0.0,1,0.0
normalized-mult_diagcomm_opt_less_teq_nbits_50.opb,1,0.0,2.93,1,0.0,632.07,0,0.0,10.7051,0,0.0,0.312627,0,2.0,,0,0.0,0.589948,0.0,0.0,0.0,1,0.0
normalized-BA_RDC4.dot_fibo_0null20mast_rapportOE2.0_TMAX180_K67_cod2_pbEq1_newVersion_ladder.opb,0,0.0,3600.02,0,0.1216605643802815,3600.02,0,0.4126908994723726,2911.33,0,0.5068702927705309,3520.82,0,1.0,3599.35,0,0.6867369241692306,1938.815542,-202573.0,-130742.0,0.0,0,0.0
normalized-BA_RDC4.dot_fibo_10null0mast_rapportOE1.0_TMAX120_K67_cod2_pbEq1_newVersion_binary.opb,0,0.0,3600.03,0,1.0,3600.86,0,0.0160500973530495,2813.12,0,0.8120823027942956,3004.88,0,2.0,,0,0.7105457033100037,2936.455528,-143285.0,-105279.0,0.0,0,0.0
normalized-NG.dot_unif_20null20mast_rapportOE1.0_TMAX15_K192_cod2.opb,1,0.0,91.79,1,0.0,416.8,1,0.0,579.575,1,0.0,1407.67,1,0.0,1102.88,0,1.0,34.24668,-11577.0,0.0,0.0,1,0.0
SMTI_50000_3_0.85_8.opb,1,0.0,10.98,1,0.0,304.01,0,1.0,3356.85,0,0.0204214360041623,1460.97,1,0.0,485.742,0,2.0,,6222.0,21598.0,0.0,1,0.0
normalized-comppebphp_opt_pyrheightequalsnholes_42.opb,0,0.0,3545.0,0,2.0,,0,0.0,808.097,1,0.0,326.608,1,0.0,826.227,0,2.0,,946.0,946.0,0.0,1,0.0
normalized-BA_RDC4.dot_unif_20null0mast_rapportOE1.0_TMAX120_K67_cod2.opb,0,0.0,3600.01,0,0.0053503076955611,3600.0,0,0.0290566117537589,3416.96,0,0.3179097849303191,2818.96,0,0.6121978556474296,3600.01,0,1.0,2.924278,-47287.0,0.0,0.0,0,0.0
normalized-comppebvc_opt_65.opb,0,0.0,3600.04,0,0.0,3600.2,0,1.0,3224.57,1,0.0,97.1062,0,2.0,,0,0.0,0.21249,2179.0,2188.0,0.0,1,0.0
normalized-BA_RDC4.dot_unif_20null0mast_rapportOE2.0_TMAX120_K67_cod2_pbEq1_newVersion.opb,0,0.0,3600.0,0,0.0173632265139515,3600.0,0,0.027903009625929,2051.65,0,0.0396917265748751,3540.48,0,2.0,,0,1.0,2.969968,-32828.0,0.0,0.0,0,0.0
normalized-BA_RDC4.dot_unif_50null10mast_rapportOE1.0_TMAX180_K67_cod2.opb,0,0.0,3600.01,0,0.0748886293845421,3600.01,0,0.0685740236148955,2372.8,0,0.0958868561048397,2431.23,0,0.6974828078370313,3600.0,0,1.0,6.342383,-46242.0,0.0,0.0,0,0.0
normalized-BA_RDC4.dot_luby_10null50mast_rapportOE1.0_TMAX180_K67_cod3.opb,0,0.0,3600.0,1,0.0,753.94,0,0.3522044088176352,1690.39,0,0.4160821643286573,1450.04,0,2.0,,0,1.0,172.834529,-8528.0,-544.0,0.0,1,0.0
normalized-NG.dot_unif_20null10mast_rapportOE2.0_TMAX300_K192_cod2.opb,0,0.0,3600.03,0,1.0,3600.03,0,0.4109691549552838,3597.07,0,0.4504106588793575,2588.16,0,0.7160613250593174,3600.0,0,1.0,32.672621,-109580.0,0.0,0.0,0,0.0
normalized-j12018_5.std.opb,0,0.0285714285714285,3600.01,0,0.9142857142857144,3600.09,0,0.0,545.977,0,0.0,1953.47,0,2.0,,0,1.0,18.211605,124.0,159.0,0.0,0,0.0
normalized-BA_RDC4.dot_fibo_50null10mast_rapportOE2.0_TMAX60_K67_cod2.opb,1,0.0,2891.13,1,0.0,1003.85,1,0.0,2871.1,0,0.2200214655088301,2284.93,0,0.313981851887989,3600.02,0,1.0,157.601791,-61495.0,-1.0,0.0,1,0.0
normalized-BA_RDC4.dot_unif_0null10mast_rapportOE2.0_TMAX15_K67_cod2.opb,1,0.0,21.57,1,0.0,336.28,1,0.0,218.087,1,0.0,177.136,1,0.0,163.62,1,0.0,2268.100876,-3619.0,-3619.0,0.0,1,0.0
normalized-BA_RDC4.dot_fibo_20null50mast_rapportOE2.0_TMAX60_K67_cod3.opb,1,0.0,35.31,1,0.0,531.11,0,0.3671601938106595,1223.93,0,0.5609558525718914,3531.54,1,0.0,181.75,0,1.0,15.365628,-66663.0,0.0,0.0,1,0.0
normalized-j12048_6.std.opb,0,1.0,3600.01,0,0.320754716981132,3600.02,0,0.0094339622641509,184.24,0,0.0,855.29,0,2.0,,0,0.0,197.815059,105.0,211.0,0.0,0,0.0
normalized-injcomp_opt_4layers_maxfirst_lastlayerdiv2_size_35.opb,1,0.0,44.71,0,0.0,3600.0,0,0.0,13.0835,0,0.0,4.24238,0,2.0,,0,1.0,0.077471,-17.0,0.0,0.0,1,0.0
normalized-BA_RDC4.dot_unif_20null50mast_rapportOE1.0_TMAX60_K67_cod2_pbEq1_newVersion_sequential.opb,1,0.0,1306.42,0,2.0,,0,0.0,1706.03,0,0.3678891134854172,2966.97,0,2.0,,0,1.0,271.743904,-17335.0,-20.0,0.0,1,0.0
normalized-BA_RDC4.dot_fibo_10null0mast_rapportOE1.0_TMAX120_K67_cod2_pbEq1_newVersion_product.opb,0,0.0,3600.01,0,0.0996275815370725,3600.01,0,0.0137681977203475,261.093,0,0.4718429071210924,3408.02,0,2.0,,0,1.0,2083.704027,-151647.0,-107342.0,0.0,0,0.0
Init-x2-i2_pp_80.opb,0,2.0,,0,2.0,,1,0.0,233.455,1,0.0,143.292,0,2.0,,0,2.0,,688.0,688.0,0.0,1,0.0
normalized-mps-v2-20-10-pp08a.opb,1,0.0,1.23,0,2.0,,0,0.2670726528082762,3389.79,0,0.3214521919787114,3515.92,0,1.0,3600.0,0,2.0,,7526400.0,10095289.0,0.0,1,0.0
normalized-mps-v2-20-10-pk1.opb,1,0.0,250.46,1,0.0,278.55,1,0.0,2274.48,0,0.0,2688.62,1,0.0,274.83,0,1.0,255.964481,11264.0,48899.0,0.0,1,0.0
normalized-cardqp_inlp.lin.opb,1,0.0,161.38,0,0.0153321297827144,3600.0,0,0.0198654724655357,150.989,0,0.0198654724655357,3504.23,0,0.1076269229928741,3600.02,0,1.0,0.045406,752143013291.0,992019193647.0,0.0,1,0.0
normalized-BA_RDC4.dot_luby_10null50mast_rapportOE2.0_TMAX120_K67_cod3.opb,1,0.0,36.8,1,0.0,577.69,0,0.4601006470165348,628.575,0,0.5456506110711719,3571.26,0,2.0,,0,1.0,470.301278,-2824.0,-42.0,0.0,1,0.0
normalized-j12057_7.std.opb,0,1.0,3600.01,0,2.0,,0,0.0985915492957746,283.616,0,0.0,3021.7,0,2.0,,0,0.323943661971831,12.19257,176.0,247.0,0.0,0,0.0
normalized-BA_RDC4.dot_unif_0null0mast_rapportOE1.0_TMAX15_K67_cod2_pbEq1_newVersion_product.opb,1,0.0,24.44,1,0.0,629.96,1,0.0,202.201,1,0.0,174.115,0,1.0,437.354,0,0.0,3358.075634,-5503.0,-483.0,0.0,1,0.0
normalized-BA_RDC4.dot_luby_0null50mast_rapportOE1.0_TMAX180_K67_cod2_pbEq1_newVersion_sequential.opb,0,0.0,3600.02,1,0.0,3402.79,0,1.0,839.67,0,0.0,2360.86,0,0.0,3600.0,0,0.8068862275449101,1264.0105,-8512.0,-7176.0,0.0,1,0.0
normalized-BA_RDC4.dot_unif_0null20mast_rapportOE1.0_TMAX120_K67_cod2_pbEq1_newVersion_sequential.opb,0,0.0,3600.01,0,2.0,,0,0.0545596936999651,3482.53,0,0.1564566655064392,3358.04,0,0.542420814479638,3600.02,0,1.0,2.620027,-45968.0,0.0,0.0,0,0.0
normalized-BA_RDC4.dot_fibo_0null20mast_rapportOE1.0_TMAX60_K67_cod2_pbEq1_newVersion_sequential.opb,1,0.0,148.68,0,0.0557280995336677,3600.01,0,0.0,1493.66,0,0.1790048487433132,2525.87,0,2.0,,0,1.0,432.025021,-114628.0,-6765.0,0.0,1,0.0
normalized-j12027_3.std.opb,0,0.625,3600.01,0,2.0,,0,0.0,976.317,0,0.0,2813.31,0,2.0,,0,1.0,15.897534,147.0,155.0,0.0,0,0.0
normalized-NG.dot_unif_0null50mast_rapportOE2.0_TMAX300_K192_cod1.opb,0,0.0,3600.04,0,0.8400790881600372,3600.09,0,0.7162566876017679,481.885,0,0.9801116538729936,1049.53,0,2.0,,0,1.0,107.901959,-68784.0,0.0,0.0,0,0.0
normalized-NG.dot_unif_20null20mast_rapportOE1.0_TMAX300_K192_cod2.opb,0,0.0,3600.03,0,1.0,3600.04,0,0.167158752090757,3184.16,0,0.5330739582575813,2734.11,0,0.5323249218238674,3600.07,0,1.0,32.068334,-137510.0,0.0,0.0,0,0.0
normalized-BA_RDC4.dot_unif_10null20mast_rapportOE2.0_TMAX180_K67_cod2_pbEq1_newVersion_binary.opb,0,0.0,3600.01,0,0.3659402156604031,3600.18,0,0.0783702625233177,3487.65,0,0.0044360525956594,3477.3,0,0.5510259793439192,3600.01,0,1.0,3.670222,-43958.0,0.0,0.0,0,0.0
normalized-j9013_3.std.opb,0,0.2,3600.01,0,2.0,,0,0.0,210.965,0,0.0571428571428571,1553.07,0,2.0,,0,1.0,8.84745,112.0,147.0,0.0,0,0.0
normalized-BA_RDC4.dot_unif_50null10mast_rapportOE2.0_TMAX180_K67_cod3.opb,0,0.0,3600.01,0,0.0296549293865712,3600.0,0,0.1237429183269632,3559.34,0,0.3820715079558699,3564.3,0,0.3643436068417771,3600.04,0,1.0,13.182646,-36891.0,0.0,0.0,0,0.0
normalized-BA_RDC4.dot_fibo_10null10mast_rapportOE1.0_TMAX120_K67_cod2_pbEq1_newVersion_sequential.opb,0,0.0,3600.01,0,0.0,3328.0,0,0.3389991056183429,1682.88,0,0.2475201235872835,3453.47,0,0.4709651191153752,3600.0,0,1.0,2.296074,-245980.0,0.0,0.0,0,0.0
normalized-NG.dot_unif_20null20mast_rapportOE2.0_TMAX60_K192_cod1.opb,0,2.0,,0,2.0,,0,1.0,461.625,0,0.0,3547.0,0,2.0,,0,2.0,,-14514.0,-4902.0,0.0,0,0.0
normalized-BA_RDC4.dot_luby_10null0mast_rapportOE2.0_TMAX60_K67_cod3.opb,0,0.0,3600.0,0,0.0,3600.0,0,0.0859188544152744,3589.0,0,0.0,3310.56,0,0.2386634844868735,3600.0,0,1.0,1432.233304,-424.0,-5.0,0.0,0,0.0
normalized-rail01.opb,1,0.0,566.77,0,2.0,,0,0.1419072701709752,2878.45,0,0.0058055785674034,2245.17,0,0.0089252139782202,3600.01,0,1.0,1904.810847,-16948846.0,-8606525.0,0.0,1,0.0
normalized-BA_RDC4.dot_luby_50null10mast_rapportOE1.0_TMAX60_K67_cod2_pbEq1_newVersion.opb,1,0.0,1222.42,1,0.0,197.89,1,0.0,1366.82,1,0.0,122.602,1,0.0,341.661,0,0.0,2721.083301,-2400.0,-2400.0,0.0,1,0.0
SMTI_25000_5_0.75_4.opb,1,0.0,931.75,0,2.0,,1,0.0,101.08,1,0.0,101.167,1,0.0,403.387,0,1.0,2083.577634,490.0,1726.0,0.0,1,0.0
normalized-j1206_2.std.opb,0,1.0,3600.02,0,1.0,3600.01,0,0.0,2941.5,0,0.0124223602484472,2372.72,0,2.0,,0,0.0496894409937888,70.87597,139.0,300.0,0.0,0,0.0
normalized-NG.dot_luby_20null10mast_rapportOE1.0_TMAX180_K192_cod2.opb,1,0.0,140.41,0,0.0,3600.02,0,0.882853982300885,3196.32,1,0.0,1208.05,1,0.0,3077.62,0,1.0,31.87874,-36160.0,0.0,0.0,1,0.0
normalized-BA_RDC4.dot_unif_0null0mast_rapportOE1.0_TMAX15_K67_cod2_pbEq1_newVersion_binary.opb,1,0.0,63.72,1,0.0,520.22,1,0.0,151.255,1,0.0,168.995,1,0.0,890.295,0,1.0,3088.131252,-5503.0,-4719.0,0.0,1,0.0
normalized-BA_RDC4.dot_fibo_0null10mast_rapportOE2.0_TMAX60_K67_cod1.opb,0,0.0,3600.01,0,0.0,3600.01,0,0.050844320414614,3198.62,0,0.5043426260785374,3343.65,0,2.0,,0,1.0,16.091202,-70234.0,0.0,0.0,0,0.0
normalized-NG.dot_unif_50null50mast_rapportOE1.0_TMAX300_K192_cod2.opb,0,0.0,3600.06,0,1.0,3600.04,0,0.6293050847457627,212.913,1,0.0,617.813,1,0.0,657.61,0,1.0,31.534985,-59000.0,0.0,0.0,1,0.0
normalized-NG.dot_unif_50null10mast_rapportOE2.0_TMAX15_K192_cod1.opb,1,0.0,1193.51,1,0.0,1259.3,0,0.5150420092149246,516.636,0,0.3357123498057638,1520.12,0,2.0,,0,1.0,106.763597,-11069.0,0.0,0.0,1,0.0
normalized-BA_RDC4.dot_luby_20null50mast_rapportOE2.0_TMAX15_K67_cod3.opb,1,0.0,19.36,1,0.0,581.65,1,0.0,428.684,1,0.0,1113.96,1,0.0,612.798,0,1.0,2190.779483,-81.0,-33.0,0.0,1,0.0
normalized-BA_RDC4.dot_luby_0null20mast_rapportOE2.0_TMAX60_K67_cod2_pbEq1_newVersion_product.opb,1,0.0,1007.87,1,0.0,355.8,1,0.0,120.069,1,0.0,83.7761,0,0.0,3600.35,0,1.0,2902.142649,-1288.0,-1284.0,0.0,1,0.0
normalized-BA_RDC4.dot_fibo_50null20mast_rapportOE1.0_TMAX60_K67_cod2_pbEq1_newVersion.opb,1,0.0,6.51,1,0.0,165.6,1,0.0,862.668,0,1.0,734.931,0,2.0,,0,0.473016228673858,1513.523208,-117212.0,-54730.0,0.0,1,0.0
normalized-BA_RDC4.dot_fibo_10null0mast_rapportOE2.0_TMAX180_K67_cod2_pbEq1_newVersion_ladder.opb,0,0.0,3600.01,0,0.1017884909934831,3600.01,0,0.093844818850497,1424.43,0,0.2478845022683726,3599.5,0,0.5064265705350331,3600.02,0,1.0,2.217451,-171709.0,0.0,0.0,0,0.0
normalized-NG.dot_unif_50null20mast_rapportOE1.0_TMAX60_K192_cod2.opb,1,0.0,770.44,0,0.1895175915850562,3600.03,0,0.0,420.489,0,0.0318885261757949,2956.94,0,0.6384959497037843,1192.56,0,1.0,32.77754,-33084.0,0.0,0.0,1,0.0
normalized-BA_RDC4.dot_luby_50null50mast_rapportOE1.0_TMAX300_K67_cod1.opb,1,0.0,9.84,1,0.0,105.63,1,0.0,925.939,0,0.4375,1072.46,1,0.0,169.34,0,1.0,2445.37693,-57.0,-41.0,0.0,1,0.0
normalized-NG.dot_unif_50null20mast_rapportOE1.0_TMAX300_K192_cod2.opb,0,0.0,3600.03,0,1.0,3600.02,0,0.4997933348072246,3527.3,0,0.3536666250132169,1689.47,0,0.3782838137898551,3600.0,0,1.0,31.560175,-104033.0,0.0,0.0,0,0.0
normalized-BA_RDC4.dot_fibo_20null50mast_rapportOE1.0_TMAX15_K67_cod2_pbEq1_newVersion_product.opb,1,0.0,37.01,1,0.0,266.93,1,0.0,180.415,1,0.0,495.839,1,0.0,360.159,1,0.0,155.772061,-16724.0,-16724.0,0.0,1,0.0
normalized-ped2.G.recomb10-0.01-2.opb,0,2.142837245082724e-06,3600.07,0,1.0,799.0,0,0.0038121074590021,3104.53,0,0.0,2099.07,0,2.0,,1,0.0,83.340892,46566.0,513237.0,0.0,1,0.0
normalized-clique-coloring-max-clique-n=12-t=4.opb,1,0.0,11.06,0,0.0,3600.01,0,0.0,1.1893,0,0.0,2463.16,0,2.0,,0,1.0,0.061171,8.0,12.0,0.0,1,0.0
normalized-BA_RDC4.dot_unif_0null0mast_rapportOE2.0_TMAX60_K67_cod2_pbEq1_newVersion_binary.opb,0,0.0,3600.04,0,0.0278857142857142,3600.01,0,0.0,356.578,0,0.0,1671.64,0,0.6824685714285714,3600.01,0,1.0,3.26001,-21875.0,0.0,0.0,0,0.0
normalized-BA_RDC4.dot_fibo_20null10mast_rapportOE2.0_TMAX60_K67_cod3.opb,0,0.0,3600.01,0,0.0,3600.01,0,0.1533561560092921,2504.42,0,0.4210172392713046,2906.74,0,2.0,,0,1.0,35.21295,-81790.0,0.0,0.0,0,0.0
normalized-maxcut_opt_complete_5-partite_inlv_nvert_60.opb,0,0.0,3600.02,0,0.3055555555555556,3600.01,0,0.0,14.0687,0,0.0,3533.13,0,0.2222222222222222,3600.01,0,1.0,1.256223,-864.0,-792.0,0.0,0,0.0
normalized-opm2-z11-s8.opb,0,0.0,3600.01,0,0.4228200972447326,3600.02,0,0.913387358184765,3559.93,0,0.4490113452188006,3308.55,0,1.0,3600.0,0,2.0,,-43485.0,-28060.0,0.0,0,0.0
normalized-BA_RDC4.dot_fibo_0null50mast_rapportOE1.0_TMAX120_K67_cod2.opb,1,0.0,26.11,1,0.0,2745.75,0,0.1521322530564719,3273.8,0,0.4136667960411411,2775.96,0,0.0273505724820492,3600.0,0,1.0,274.279516,-247577.0,-233.0,0.0,1,0.0
normalized-j9045_10.std.opb,0,1.0,3600.01,0,2.0,,0,0.0285714285714285,557.37,0,0.0,1706.78,0,2.0,,0,0.3428571428571428,7.315967,175.0,245.0,0.0,0,0.0
normalized-NG.dot_luby_20null0mast_rapportOE2.0_TMAX180_K192_cod2.opb,0,0.0,3600.51,0,2.0,,0,0.3855810616929698,3222.82,0,0.3802008608321377,2623.31,0,0.4031563845050215,3600.01,0,1.0,35.479312,-2788.0,0.0,0.0,0,0.0
normalized-NG.dot_fibo_0null0mast_rapportOE1.0_TMAX120_K192_cod2.opb,0,0.0,3600.53,0,2.0,,0,0.3654140678756131,3522.33,0,0.6415364760868945,3485.47,0,1.0,3600.01,0,1.0,31.413434,-315371.0,0.0,0.0,0,0.0
normalized-comppebvc_opt_170.opb,0,0.0,3600.02,0,0.054229934924078,1888.0,0,1.0,1976.2,0,0.0,185.135,0,2.0,,1,0.0,3.523748,14621.0,16465.0,0.0,1,0.0
normalized-knapPI_12_5000_1000_4_-135954.opb,1,0.0,0.41,0,0.0,3600.01,0,0.0265865350218215,3558.12,0,0.0,179.576,0,2.0,,0,1.0,52.618595,-139770.0,0.0,0.0,1,0.0
normalized-NG.dot_unif_20null10mast_rapportOE2.0_TMAX15_K192_cod1.opb,1,0.0,2296.33,1,0.0,1206.0,1,0.0,1346.19,0,0.0,1544.35,0,2.0,,0,2.0,,-11355.0,-11355.0,0.0,1,0.0
normalized-BA_RDC4.dot_fibo_0null10mast_rapportOE2.0_TMAX180_K67_cod2_pbEq1_newVersion_sequential.opb,0,0.0,3600.01,0,0.0363059025192137,3600.0,0,0.0616010753141406,2939.45,0,0.2526332551201532,3382.46,0,2.0,,0,1.0,2.252663,-213519.0,0.0,0.0,0,0.0
normalized-j12037_1.std.opb,0,1.0,3600.02,0,2.0,,0,0.0,3410.9,0,0.0073529411764705,1514.9,0,2.0,,0,0.3161764705882353,12.246846,152.0,288.0,0.0,0,0.0
normalized-BA_RDC4.dot_fibo_0null0mast_rapportOE2.0_TMAX180_K67_cod2_pbEq1_newVersion_binary.opb,0,0.0,3600.04,0,2.0,,0,0.0033946598105668,3448.99,0,0.2174919585517602,3160.12,0,0.5681046668224872,3600.0,0,1.0,3.124315,-179694.0,0.0,0.0,0,0.0
normalized-BA_RDC4.dot_fibo_10null20mast_rapportOE1.0_TMAX300_K67_cod2_pbEq1_newVersion_ladder.opb,0,0.0471432772088623,3600.02,0,0.0,3600.0,0,0.2570539127322006,2713.71,0,0.5573517943210728,3015.51,0,1.0,3600.0,0,0.8066070903488922,130.704044,-597849.0,-441411.0,0.0,0,0.0
normalized-BA_RDC4.dot_unif_20null20mast_rapportOE1.0_TMAX180_K67_cod2_pbEq1_newVersion.opb,0,0.015888947484817,3600.01,0,0.0219451201878094,3600.0,0,0.0,2749.68,0,0.1084497218583604,3056.5,0,0.4328292193321198,3600.0,0,1.0,6.952672,-58783.0,0.0,0.0,0,0.0
Init-x2-i2_pp_97.opb,1,0.0,43.09,1,0.0,2908.68,0,0.0,982.28,0,0.0,857.97,0,0.0229885057471264,3600.06,0,1.0,23.868812,1544.0,1718.0,0.0,1,0.0
normalized-BA_RDC4.dot_unif_0null10mast_rapportOE1.0_TMAX300_K67_cod2.opb,0,0.0,3600.0,0,0.1155669618368466,3600.0,0,0.0221867408510304,998.396,0,0.140114411096309,3598.83,0,2.0,,0,1.0,2.658576,-102088.0,0.0,0.0,0,0.0
normalized-NG.dot_luby_50null10mast_rapportOE2.0_TMAX300_K192_cod2.opb,0,0.0,3600.03,0,0.0080171031533939,3600.01,0,0.985636023516836,3467.42,1,0.0,1980.14,1,0.0,1383.46,0,1.0,34.366411,-29936.0,0.0,0.0,1,0.0
normalized-BA_RDC4.dot_unif_20null10mast_rapportOE2.0_TMAX60_K67_cod2.opb,0,0.0,3600.0,0,0.0312602184291413,3600.0,0,0.0,1180.58,0,0.0397619514747236,3503.67,0,0.5482963834935582,3600.01,0,1.0,3.81998,-15291.0,0.0,0.0,0,0.0
normalized-vertexcover_opt_grid_oddrowoddcolsquare_dim_151.opb,0,0.005627275736511,3600.01,0,0.0089374379344587,3600.01,0,1.0,3038.79,0,0.0168818272095332,2374.93,0,2.0,,1,0.0,411.56314,11476.0,14497.0,0.0,1,0.0
normalized-BA_RDC4.dot_fibo_20null20mast_rapportOE1.0_TMAX300_K67_cod2_pbEq1_newVersion_sequential.opb,0,0.0,3600.01,0,2.0,,0,0.0869565217391304,3257.33,0,0.3272984373882855,3472.97,0,1.0,3600.04,0,0.6750808315922433,402.31685,-612366.0,-360608.0,0.0,0,0.0
normalized-j12051_9.std.opb,0,2.0,,0,2.0,,0,0.0394736842105263,919.655,0,0.0,3526.57,0,2.0,,0,1.0,5.009499,224.0,300.0,0.0,0,0.0
normalized-NG.dot_fibo_10null10mast_rapportOE2.0_TMAX180_K192_cod1.opb,0,0.0,3600.04,0,2.0,,0,0.8219892304624064,752.576,0,0.9163152796375964,1647.45,0,2.0,,0,1.0,92.130462,-280792.0,0.0,0.0,0,0.0
normalized-j12033_5.std.opb,0,1.0,3600.01,0,2.0,,0,0.0132450331125827,1373.32,0,0.0,2560.49,0,2.0,,0,0.2516556291390728,7.187394,149.0,300.0,0.0,0,0.0
normalized-BA_RDC4.dot_luby_50null0mast_rapportOE1.0_TMAX120_K67_cod2_pbEq1_newVersion.opb,0,0.0,3600.01,0,0.1785714285714285,3600.0,0,0.0428571428571428,3379.75,0,0.2428571428571428,2226.24,0,0.2857142857142857,3600.02,0,1.0,157.271086,-640.0,-360.0,0.0,0,0.0
normalized-BA_RDC4.dot_fibo_20null20mast_rapportOE1.0_TMAX180_K67_cod2_pbEq1_newVersion_product.opb,1,0.0,1623.31,0,0.5056022896896967,3600.03,0,0.2096175542876744,3017.13,0,0.2501561030253168,3519.11,0,0.1199594802104242,3600.02,0,1.0,2.328932,-373151.0,0.0,0.0,1,0.0
SMTI_10000_10_0.75_6.opb,1,0.0,2333.76,0,2.0,,1,0.0,133.771,1,0.0,133.011,1,0.0,366.15,1,0.0,1046.257795,0.0,0.0,0.0,1,0.0
normalized-edgecross24-057.lin.opb,1,0.0,2009.56,1,0.0,1192.08,0,0.0,3228.58,0,0.0040983606557377,2276.28,0,0.4077868852459016,3572.88,0,1.0,0.097717,178.0,666.0,0.0,1,0.0
normalized-BA_RDC4.dot_fibo_0null50mast_rapportOE2.0_TMAX15_K67_cod2_pbEq1_newVersion_product.opb,1,0.0,172.25,1,0.0,636.9,1,0.0,185.906,1,0.0,200.423,1,0.0,455.272,1,0.0,393.743889,-12543.0,-12543.0,0.0,1,0.0
normalized-BA_RDC4.dot_fibo_0null50mast_rapportOE2.0_TMAX120_K67_cod2_pbEq1_newVersion.opb,0,0.0,3600.01,0,0.0,3600.0,0,0.2398875437489242,1662.33,0,0.0,3597.92,0,0.1370785964279567,3600.04,0,1.0,691.452423,-126184.0,-4181.0,0.0,0,0.0
normalized-opt-market-split_4_30_1.opb,1,0.0,97.7,1,0.0,118.49,1,0.0,88.5043,1,0.0,114.941,1,0.0,188.16,1,0.0,416.991955,2.0,2.0,0.0,1,0.0
normalized-injcomp_opt_4layers_maxfirst_lastlayerdecr1_size_34.opb,1,0.0,0.84,1,0.0,474.48,0,0.0,11.4622,0,0.0,1.52326,1,0.0,94.33,0,1.0,0.0883,-33.0,0.0,0.0,1,0.0
normalized-BA_RDC4.dot_fibo_10null50mast_rapportOE1.0_TMAX60_K67_cod2_pbEq1_newVersion_sequential.opb,1,0.0,29.52,1,0.0,2060.01,1,0.0,1449.78,1,0.0,1439.28,0,1.0,3600.0,0,0.6180339631667066,1278.701336,-113641.0,-109460.0,0.0,1,0.0
normalized-BA_RDC4.dot_luby_10null10mast_rapportOE1.0_TMAX15_K67_cod2.opb,1,0.0,113.54,1,0.0,133.55,1,0.0,271.369,1,0.0,84.104,1,0.0,366.541,1,0.0,181.164902,-272.0,-272.0,0.0,1,0.0
normalized-BA_RDC4.dot_unif_20null20mast_rapportOE1.0_TMAX180_K67_cod3.opb,0,0.0,3600.0,0,0.0414330763840224,3600.0,0,0.1079362298528381,3118.28,0,0.2956377014716188,773.189,0,0.6985809390329363,3600.11,0,1.0,16.522717,-57080.0,0.0,0.0,0,0.0
normalized-NG.dot_unif_0null0mast_rapportOE1.0_TMAX120_K192_cod2.opb,0,0.0,3600.03,0,2.0,,0,0.646255078925605,3218.23,0,0.0,3318.18,0,0.9640909472271164,3600.0,0,1.0,32.352369,-83433.0,0.0,0.0,0,0.0
normalized-NG.dot_fibo_10null0mast_rapportOE2.0_TMAX120_K192_cod1.opb,0,0.0,3600.05,0,2.0,,0,0.898306562795874,350.973,0,0.8576275268674318,3239.75,0,2.0,,0,1.0,110.266004,-240812.0,0.0,0.0,0,0.0
normalized-j9041_10.std.opb,0,1.0,3600.01,0,2.0,,0,0.0,2843.32,0,0.0434782608695652,3099.35,0,2.0,,0,0.217391304347826,128.586995,154.0,177.0,0.0,0,0.0
normalized-50-750-false-45-90-4-8000opt.opb,1,0.0,852.46,0,0.0,3600.0,1,0.0,114.244,1,0.0,371.757,1,0.0,303.597,1,0.0,3.204364,-76.0,-76.0,0.0,1,0.0
normalized-aries-da_network_1000_5__369_766__256.opb,1,0.0,3.7,1,0.0,29.88,0,1.0,58.666,0,1.0,52.1081,0,2.0,,0,2.0,,87132.0,2730517.0,0.0,1,0.0
normalized-BA_RDC4.dot_unif_20null50mast_rapportOE1.0_TMAX180_K67_cod2_pbEq1_newVersion_ladder.opb,0,0.0,3600.01,0,0.1208901036142612,3600.0,0,0.3027453699926573,3390.69,0,0.2055764053194093,3033.43,0,0.3269152321122623,3600.01,0,1.0,2.281328,-49028.0,0.0,0.0,0,0.0
normalized-BA_RDC4.dot_luby_0null20mast_rapportOE1.0_TMAX300_K67_cod1.opb,0,0.0105645427533839,3600.01,0,0.0,3600.02,0,0.1126884560360955,3361.45,0,0.3063717398481347,3304.95,0,2.0,,0,1.0,46.945637,-13568.0,-4481.0,0.0,0,0.0
normalized-NG.dot_fibo_50null20mast_rapportOE1.0_TMAX60_K192_cod2.opb,1,0.0,1393.75,0,2.0,,0,0.2337855754735829,3344.51,0,0.0,2031.88,0,0.2710486326788838,3600.85,0,1.0,30.983098,-165177.0,0.0,0.0,1,0.0
normalized-NG.dot_luby_0null10mast_rapportOE2.0_TMAX15_K192_cod1.opb,1,0.0,1929.28,0,1.0,3600.1,0,0.9178082191780822,1304.64,0,0.9717465753424658,2013.04,0,2.0,,0,2.0,,-1168.0,0.0,0.0,1,0.0
normalized-BA_RDC4.dot_fibo_50null50mast_rapportOE1.0_TMAX60_K67_cod1.opb,1,0.0,3.28,1,0.0,56.39,1,0.0,934.633,1,0.0,1544.29,1,0.0,83.97,0,1.0,2603.84801,-10.0,-6.0,0.0,1,0.0
normalized-BA_RDC4.dot_luby_0null20mast_rapportOE2.0_TMAX60_K67_cod2_pbEq1_newVersion_sequential.opb,1,0.0,91.0,1,0.0,1349.79,1,0.0,39.1126,0,1.0,3560.72,0,2.0,,0,0.0,2112.314536,-1288.0,-898.0,0.0,1,0.0
normalized-BA_RDC4.dot_fibo_20null0mast_rapportOE1.0_TMAX180_K67_cod2_pbEq1_newVersion.opb,0,0.0,3600.01,0,0.4940052791705978,3600.0,0,0.1643539376464227,197.648,0,0.1409580952582871,2404.75,0,0.5269205898254058,3600.0,0,1.0,199.475865,-216480.0,-122147.0,0.0,0,0.0
normalized-BA_RDC4.dot_luby_20null10mast_rapportOE1.0_TMAX15_K67_cod2.opb,1,0.0,5.71,1,0.0,47.63,1,0.0,144.18,1,0.0,77.1878,1,0.0,72.92,1,0.0,94.432193,-328.0,-328.0,0.0,1,0.0
normalized-NG.dot_luby_10null20mast_rapportOE2.0_TMAX15_K192_cod2.opb,1,0.0,471.22,0,1.0,3600.04,1,0.0,3269.12,1,0.0,2522.92,1,0.0,354.657,0,1.0,31.973604,-1072.0,0.0,0.0,1,0.0
normalized-Generated_notes_20140709_1000_0.10-012.opb,1,0.0,5.07,1,0.0,79.53,0,0.4096842724102454,2956.74,0,0.5889795972903278,3349.72,1,0.0,65.59,0,1.0,35.536846,-115487.0,-40644.0,0.0,1,0.0
normalized-BA_RDC4.dot_unif_50null10mast_rapportOE1.0_TMAX15_K67_cod2_pbEq1_newVersion_sequential.opb,1,0.0,7.76,1,0.0,1882.54,1,0.0,278.21,1,0.0,236.747,1,0.0,975.351,1,0.0,1063.266984,-4128.0,-4128.0,0.0,1,0.0
normalized-NG.dot_fibo_50null10mast_rapportOE2.0_TMAX180_K192_cod2.opb,0,0.0,3600.04,0,2.0,,0,0.8982621093279131,597.4,0,0.4555468266141267,3259.57,0,0.2265243433549894,3600.01,0,1.0,31.332097,-240579.0,0.0,0.0,0,0.0
normalized-BA_RDC4.dot_fibo_10null20mast_rapportOE2.0_TMAX15_K67_cod2_pbEq1_newVersion_sequential.opb,1,0.0,33.3,1,0.0,2892.85,1,0.0,306.848,1,0.0,256.807,1,0.0,1131.96,1,0.0,395.349779,-13530.0,-13530.0,0.0,1,0.0
normalized-ped3.F.recomb10-0.10-10.opb,0,0.0,3600.23,0,1.0,3600.03,1,0.0,8.12929,1,0.0,326.94,1,0.0,326.033,1,0.0,22.617425,7537.0,7539.0,0.0,1,0.0
normalized-BA_RDC4.dot_luby_20null10mast_rapportOE1.0_TMAX15_K67_cod2_pbEq1_newVersion_ladder.opb,1,0.0,21.73,1,0.0,268.83,1,0.0,197.289,1,0.0,2528.47,1,1.0,116.86,1,0.0,155.310455,-328.0,-320.0,0.0,1,0.0
normalized-mps-v2-20-10-ran12x21.opb,1,0.0,50.96,0,0.0205772639782256,3600.0,0,0.0831004891428345,3164.11,0,0.1519551801468974,903.498,0,2.0,,0,1.0,6.216353,3751936.0,10221212.0,0.0,1,0.0
normalized-OGR_16.opb,0,2.0,,0,2.0,,0,1.0,3125.93,0,0.0,3213.41,0,2.0,,0,2.0,,227.0,229.0,0.0,0,0.0
normalized-BA_RDC4.dot_fibo_10null20mast_rapportOE2.0_TMAX120_K67_cod1.opb,0,0.0,3600.0,0,0.0,3600.0,0,0.2431452188028499,2899.15,0,0.3567338843873316,3212.09,0,2.0,,0,1.0,18.42509,-147233.0,0.0,0.0,0,0.0
normalized-BA_RDC4.dot_unif_20null10mast_rapportOE2.0_TMAX120_K67_cod2.opb,0,0.0,3600.0,0,0.0240963855421686,3600.0,0,0.0370761396099863,3487.23,0,0.0545273879021239,3130.36,0,0.4657806483666625,3600.02,0,1.0,2.903991,-32204.0,0.0,0.0,0,0.0
normalized-glass-sc.opb,0,0.0,3600.01,0,0.0,3600.0,0,0.0,1766.98,0,0.0,232.809,0,2.0,,0,1.0,0.149566,23.0,32.0,0.0,0,0.0
normalized-NG.dot_fibo_0null50mast_rapportOE1.0_TMAX300_K192_cod2.opb,1,0.0,2340.99,0,1.0,3600.03,0,0.4712168093313235,3105.28,0,0.783248476405053,2559.93,0,0.0666739889789565,3600.01,0,1.0,31.587959,-691949.0,0.0,0.0,1,0.0
normalized-vertexcover_opt_grid_oddrowoddcolsquare_dim_065.opb,0,0.9580169718624386,3600.01,0,0.9580169718624386,3600.0,0,1.0,3323.29,1,0.9580169718624386,1316.84,1,0.0,298.519,1,0.9580169718624386,17.695761,0.0,2239.0,0.0,1,0.0
normalized-BA_RDC4.dot_fibo_50null20mast_rapportOE1.0_TMAX120_K67_cod2.opb,1,0.0,2072.51,1,0.0,425.27,0,0.228208068383196,3378.06,0,1.0,3312.09,0,0.1949129573647451,3600.15,0,0.3692484102991765,1243.846611,-236631.0,-188666.0,0.0,1,0.0
normalized-BA_RDC4.dot_fibo_10null50mast_rapportOE1.0_TMAX120_K67_cod2_pbEq1_newVersion_product.opb,1,0.0,144.36,1,0.0,1224.49,0,0.29193495669227,2856.19,1,0.0,1042.22,0,0.0170820395489459,3600.01,0,1.0,332.787651,-244993.0,-233.0,0.0,1,0.0
normalized-mps-v2-20-10-a1c1s1.opb,0,0.0,3600.07,0,2.0,,0,2.0,,0,2.0,,0,2.0,,0,2.0,,119073538295.0,119073538295.0,0.0,0,0.0
normalized-BA_RDC4.dot_fibo_0null0mast_rapportOE2.0_TMAX60_K67_cod2_pbEq1_newVersion_binary.opb,0,0.0,3600.01,0,0.0,3600.0,1,0.0,3503.05,0,0.1766767680455657,3405.19,0,0.9371037034332518,3600.01,0,1.0,3.515481,-82167.0,0.0,0.0,1,0.0
normalized-j9045_1.std.opb,0,1.0,3600.03,0,2.0,,0,0.017391304347826,1558.19,0,0.0,2865.58,0,2.0,,0,0.408695652173913,7.045804,152.0,267.0,0.0,0,0.0
normalized-methanosarcina.opb,0,0.0,3600.01,0,0.1234782608695652,3600.0,0,1.0,3590.63,0,0.5234782608695652,3441.75,0,2.0,,0,0.4347826086956521,85.814525,2742.0,3892.0,0.0,0,0.0
normalized-NG.dot_luby_0null50mast_rapportOE2.0_TMAX120_K192_cod1.opb,0,0.0,3600.03,0,2.0,,0,0.9905563186813188,711.088,0,0.8958619505494505,1331.88,0,2.0,,0,1.0,115.482869,-11648.0,0.0,0.0,0,0.0
normalized-BA_RDC4.dot_luby_0null10mast_rapportOE2.0_TMAX300_K67_cod3.opb,0,0.0,3600.01,0,0.0,3600.0,0,0.1201838105337575,856.749,0,0.2205726405090138,3203.03,0,2.0,,0,1.0,50.584991,-6784.0,-1126.0,0.0,0,0.0
normalized-BA_RDC4.dot_fibo_50null0mast_rapportOE1.0_TMAX180_K67_cod3.opb,0,0.0,3600.01,0,0.0363104734481052,3600.01,0,0.0464831872279632,2453.44,0,0.0608472814395223,291.089,0,0.15800503632715,3600.08,0,1.0,413.743854,-204170.0,-24277.0,0.0,0,0.0
normalized-BA_RDC4.dot_unif_50null20mast_rapportOE2.0_TMAX60_K67_cod1.opb,1,0.0,3021.19,1,0.0,2829.85,0,0.0563299910328523,2931.95,0,0.5404744436292492,2359.23,0,2.0,,0,1.0,105.919619,-13172.0,-905.0,0.0,1,0.0
normalized-NG.dot_unif_20null50mast_rapportOE2.0_TMAX300_K192_cod1.opb,0,0.0,3600.04,0,0.8585772875123745,3600.03,0,0.6074876897957084,754.617,0,0.3433743459199547,1480.23,0,2.0,,0,1.0,69.741699,-77781.0,0.0,0.0,0,0.0
normalized-maxcut_opt_complete_6-partite_block_nvert_90.opb,0,0.0,3600.06,0,0.1485411140583554,3600.03,0,0.0,1609.05,0,0.0,2895.81,0,0.1339522546419098,3600.02,0,1.0,4.130173,-2025.0,-1271.0,0.0,0,0.0
normalized-BA_RDC4.dot_fibo_0null50mast_rapportOE2.0_TMAX60_K67_cod2_pbEq1_newVersion.opb,1,0.0,86.66,1,0.0,1471.26,1,0.0,1015.54,0,0.0433207868759321,2978.44,0,0.0458774234784461,3600.0,0,1.0,593.223919,-57314.0,-990.0,0.0,1,0.0
normalized-j609_8.std.opb,0,0.0196078431372549,3600.01,0,1.0,3600.0,0,0.0049019607843137,16.769,0,0.0,1915.3,0,2.0,,1,0.0,390.038901,96.0,300.0,0.0,1,0.0
normalized-j1206_5.std.opb,0,1.0,3600.03,0,2.0,,0,0.0,2845.21,0,0.0120481927710843,2949.63,0,2.0,,0,0.0180722891566265,52.64497,128.0,294.0,0.0,0,0.0
normalized-frb30-15-4.opb,1,0.0,601.91,1,0.0,87.35,0,1.0,13.2001,0,1.0,160.091,0,2.0,,1,0.0,12.432438,-30.0,-27.0,0.0,1,0.0
normalized-BA_RDC4.dot_fibo_0null50mast_rapportOE1.0_TMAX180_K67_cod3.opb,1,0.0,3014.09,1,0.0,674.4,0,0.3478737711742291,3434.8,0,0.6276537833424061,3262.49,0,0.4010241548987586,3579.6,0,1.0,14.194055,-374748.0,0.0,0.0,1,0.0
normalized-BA_RDC4.dot_unif_20null50mast_rapportOE2.0_TMAX60_K67_cod1.opb,1,0.0,1317.78,1,0.0,3194.05,0,0.4793396138419923,3050.52,0,0.2191959705251376,2992.05,0,2.0,,0,1.0,176.284138,-10871.0,-150.0,0.0,1,0.0
normalized-BA_RDC4.dot_luby_20null0mast_rapportOE2.0_TMAX60_K67_cod2_pbEq1_newVersion_ladder.opb,0,0.0,3600.01,0,0.0,3600.0,0,0.0,3035.36,0,0.1376146788990825,3455.32,0,0.2660550458715596,3600.09,0,1.0,2.997991,-436.0,0.0,0.0,0,0.0
normalized-NG.dot_unif_10null0mast_rapportOE2.0_TMAX120_K192_cod1.opb,0,0.0,3600.03,0,2.0,,0,0.7868821049942522,952.425,0,0.2208934729850555,1243.2,0,2.0,,0,1.0,226.556896,-62632.0,0.0,0.0,0,0.0
normalized-BA_RDC4.dot_fibo_10null10mast_rapportOE2.0_TMAX60_K67_cod2_pbEq1_newVersion_ladder.opb,0,0.0,3600.01,0,0.039620337306188,3600.01,0,0.0094297330303451,2056.17,0,0.8025011980398522,2222.08,0,1.0,3597.06,0,0.9353676822952898,235.73965,-64689.0,0.0,0.0,0,0.0
normalized-BA_RDC4.dot_fibo_10null0mast_rapportOE1.0_TMAX180_K67_cod2.opb,0,0.0,3600.0,0,0.1899612341910926,3600.01,0,0.0593327369362732,689.119,0,0.4379922468382185,626.771,0,2.0,,0,1.0,2473.283076,-260497.0,-146479.0,0.0,0,0.0
normalized-vertexcover_opt_grid_oddrowoddcolsquare_dim_057.opb,1,0.9856887298747764,923.53,0,0.9856887298747764,3600.0,0,1.0,3575.18,1,0.9856887298747764,2646.46,1,0.0,298.944,1,0.9856887298747764,11.057055,0.0,1677.0,0.0,1,0.0
normalized-minisat70_4_22_8.opb,1,0.0,332.59,1,0.0,1798.06,0,0.0069607812595093,688.795,0,0.0115963053708991,3583.79,1,0.0,2009.45,0,1.0,62.80064,4371395.0,106705023.0,0.0,1,0.0
normalized-minisat15_4_4_7_mh_ic.opb,1,0.0,9.96,1,0.0,98.21,1,0.0,1144.88,1,0.0,617.695,1,0.0,111.45,0,1.0,1299.791671,6493694.0,6877477.0,0.0,1,0.0
normalized-BA_RDC4.dot_fibo_10null50mast_rapportOE1.0_TMAX180_K67_cod2_pbEq1_newVersion_sequential.opb,0,0.0,3600.01,0,0.2820575995441929,3032.0,0,0.0037996758533871,2923.04,0,0.3990968551619001,3439.6,0,0.0359910532455083,3600.01,0,1.0,272.376078,-370567.0,-110808.0,0.0,0,0.0
normalized-BA_RDC4.dot_fibo_20null0mast_rapportOE2.0_TMAX180_K67_cod2_pbEq1_newVersion_ladder.opb,0,0.0,3600.01,0,0.2729759017493163,3600.0,0,0.0164817586046751,3454.68,0,0.3451984106507044,857.495,0,1.0,3600.06,0,0.7248464833066721,690.151786,-192847.0,-95952.0,0.0,0,0.0
normalized-BA_RDC4.dot_fibo_20null0mast_rapportOE2.0_TMAX120_K67_cod2_pbEq1_newVersion_ladder.opb,0,0.0,3600.02,0,0.0337239971930277,3600.0,0,0.2360679803511941,2299.4,0,0.2182662913282302,2739.26,0,0.6983634061156505,3600.02,0,1.0,2.314037,-123977.0,0.0,0.0,0,0.0
normalized-minisat25_6_4_6_mh.opb,0,0.0,3600.03,0,0.0001152277126547,3600.0,0,3.0474186487123825e-05,2015.95,0,0.0,482.373,0,0.000279584953021,3600.0,0,1.0,17.893893,5454585.0,751889605.0,0.0,0,0.0
normalized-BA_RDC4.dot_luby_50null20mast_rapportOE1.0_TMAX60_K67_cod2_pbEq1_newVersion_ladder.opb,1,0.0,17.86,1,0.0,608.63,0,1.0,3504.89,1,0.0,223.622,1,0.0,420.399,1,0.0,1434.090162,-2564.0,-1352.0,0.0,1,0.0
normalized-BA_RDC4.dot_luby_20null10mast_rapportOE1.0_TMAX300_K67_cod2_pbEq1_newVersion.opb,0,0.0,3600.01,0,1.0,3600.0,0,0.5328467153284672,284.511,0,0.2956204379562044,3528.38,0,2.0,,0,0.8540145985401459,2511.228766,-11976.0,-10880.0,0.0,0,0.0
normalized-BA_RDC4.dot_luby_0null50mast_rapportOE2.0_TMAX300_K67_cod2_pbEq1_newVersion_ladder.opb,0,0.0,3600.02,1,0.0,510.18,0,1.0,2834.9,0,0.0,1602.18,0,0.0053333333333333,3600.01,0,0.048,2506.71801,-7240.0,-5740.0,0.0,1,0.0
normalized-minisat70_4_22_2.opb,1,0.0,226.88,1,0.0,1110.66,0,0.0033050051492017,2169.38,0,0.0020673087194367,1570.68,0,0.0,3600.03,0,1.0,46.46347,3858825.0,72290791.0,0.0,1,0.0
normalized-NG.dot_unif_0null10mast_rapportOE2.0_TMAX180_K192_cod1.opb,0,2.0,,0,2.0,,0,1.0,73.1087,0,0.0,3116.34,0,2.0,,0,2.0,,-44252.0,-11303.0,0.0,0,0.0
normalized-j12038_5.std.opb,0,0.5,3600.01,0,2.0,,0,0.0,1917.29,0,0.25,304.923,0,2.0,,0,1.0,116.684164,117.0,121.0,0.0,0,0.0
normalized-clique-coloring-max-clique-n=13-t=7.opb,1,0.0,20.31,0,0.0,3600.0,0,0.0,11.2642,0,0.0,507.368,0,2.0,,0,0.0,0.101487,6.0,6.0,0.0,1,0.0
normalized-BA_RDC4.dot_fibo_20null20mast_rapportOE2.0_TMAX60_K67_cod2.opb,0,0.0,3600.0,1,0.0,873.95,1,0.0,3571.86,0,0.0502622600193512,3525.07,0,0.0980801548097978,3600.0,0,1.0,103.877512,-65676.0,-6765.0,0.0,1,0.0
normalized-BA_RDC4.dot_fibo_20null0mast_rapportOE2.0_TMAX120_K67_cod2_pbEq1_newVersion_sequential.opb,0,0.0,3600.01,0,0.2639320269940645,3600.0,0,0.042019676396455,1353.87,0,0.3158712090413855,3454.3,0,0.5729490202455484,3600.05,0,1.0,2.412521,-122990.0,0.0,0.0,0,0.0
normalized-BA_RDC4.dot_luby_10null20mast_rapportOE2.0_TMAX300_K67_cod1.opb,1,0.0,1327.59,1,0.0,1067.63,0,0.2799287939474855,3563.76,0,0.3386737872719181,3454.63,0,2.0,,0,1.0,135.605015,-7394.0,-2900.0,0.0,1,0.0
normalized-ped3.E.recomb10-0.20-13.opb,0,0.0,3600.03,0,1.0,3600.0,0,0.0,2799.27,1,0.0,77.9676,1,0.0,336.975,1,0.0,12.335847,8559.0,17793.0,0.0,1,0.0
normalized-NG.dot_unif_20null20mast_rapportOE2.0_TMAX180_K192_cod2.opb,0,0.0,3600.03,0,2.0,,0,0.1505806721757657,2804.44,0,0.2899543097821401,2478.32,0,0.7515486643924186,3600.01,0,1.0,33.039883,-81199.0,0.0,0.0,0,0.0
normalized-single-obj-f41-DC_DoubleLoss.seq-A-3-combined-irEDCBA.opb,1,0.0,1.22,1,0.0,50.44,1,0.0,71.9789,1,0.0,136.837,1,0.0,96.24,1,0.0,1.616206,161609795877.0,161609795877.0,0.0,1,0.0
normalized-BA_RDC4.dot_unif_0null0mast_rapportOE1.0_TMAX300_K67_cod1.opb,0,0.0,3600.0,0,0.1060722810050931,3600.02,0,0.04484203800109,3593.46,0,0.0553477795109849,3314.09,0,0.3988892856471649,3600.16,0,1.0,15.935739,-106418.0,0.0,0.0,0,0.0
normalized-BA_RDC4.dot_unif_0null50mast_rapportOE1.0_TMAX120_K67_cod2_pbEq1_newVersion_sequential.opb,0,0.0,3600.01,0,0.1541447040620984,3600.02,0,0.0217134765164031,2207.93,0,0.1126845514383867,2180.85,0,0.4065507565625573,3600.0,0,1.0,2.129236,-38133.0,0.0,0.0,0,0.0
normalized-BA_RDC4.dot_fibo_50null20mast_rapportOE1.0_TMAX60_K67_cod2_pbEq1_newVersion_ladder.opb,1,0.0,9.37,1,0.0,616.37,0,0.3062554890581002,3586.58,0,0.466612945575706,2774.71,0,2.0,,0,1.0,57.466239,-117212.0,-6765.0,0.0,1,0.0
normalized-comppebphp_opt_pyrheightequalsnholes_38.opb,0,0.0,3600.7,0,2.0,,0,0.0,60.7849,1,0.0,155.537,1,0.0,496.352,0,2.0,,780.0,780.0,0.0,1,0.0
normalized-BA_RDC4.dot_unif_20null50mast_rapportOE2.0_TMAX15_K67_cod1.opb,1,0.0,57.25,1,0.0,139.17,1,0.0,2951.06,1,0.0,478.937,1,0.0,118.33,0,1.0,12.916886,-1962.0,0.0,0.0,1,0.0
normalized-j1207_6.std.opb,0,0.9771428571428572,3600.01,0,1.0,3600.01,0,0.0057142857142857,96.4257,0,0.0,1920.2,0,2.0,,0,0.0171428571428571,34.35957,125.0,300.0,0.0,0,0.0
normalized-BA_RDC4.dot_unif_50null50mast_rapportOE2.0_TMAX300_K67_cod1.opb,1,0.0,2.35,1,0.0,118.62,1,0.0,411.553,0,0.625,2736.17,1,0.0,159.1,0,1.0,2331.838976,-29.0,-21.0,0.0,1,0.0
normalized-BA_RDC4.dot_unif_10null20mast_rapportOE1.0_TMAX300_K67_cod2_pbEq1_newVersion_binary.opb,0,0.0,3600.01,0,1.0,3600.02,0,0.0054901876352362,3368.8,0,0.0318107930629864,3469.28,0,0.9892349262054192,3600.06,0,1.0,3.557945,-92893.0,0.0,0.0,0,0.0
normalized-BA_RDC4.dot_fibo_0null20mast_rapportOE2.0_TMAX15_K67_cod2_pbEq1_newVersion_binary.opb,1,0.0,83.45,1,0.0,954.01,1,0.0,193.918,1,0.0,612.453,1,0.0,461.941,1,0.0,626.911198,-14140.0,-14140.0,0.0,1,0.0
normalized-BA_RDC4.dot_unif_0null0mast_rapportOE2.0_TMAX15_K67_cod3.opb,1,0.0,30.73,1,0.0,137.24,1,0.0,584.582,1,0.0,120.559,1,0.0,88.26,0,1.0,25.048811,-5085.0,0.0,0.0,1,0.0
normalized-NG.dot_fibo_20null10mast_rapportOE1.0_TMAX15_K192_cod2.opb,1,0.0,196.5,1,0.0,540.38,1,0.0,1585.38,1,0.0,1340.39,1,0.0,3373.74,0,1.0,33.319538,-63092.0,0.0,0.0,1,0.0
normalized-vertexcover_opt_grid_oddrowoddcolsquare_dim_047.opb,1,1.0,146.07,0,1.0,3600.0,1,1.0,694.992,0,1.0,2406.14,1,0.0,298.905,1,1.0,6.900927,0.0,1128.0,0.0,1,0.0
normalized-BA_RDC4.dot_luby_10null10mast_rapportOE1.0_TMAX180_K67_cod2_pbEq1_newVersion_ladder.opb,0,0.0,3600.01,0,0.0085470085470085,3600.02,0,0.0341880341880341,2201.74,0,0.2628205128205128,2875.35,0,1.0,3587.05,0,0.4014423076923077,188.474813,-7616.0,-128.0,0.0,0,0.0
normalized-j12028_8.std.opb,0,0.125,3600.01,0,1.0,3600.01,1,0.0,2877.19,1,0.0,1146.73,1,0.0,580.935,1,0.0,60.491664,99.0,115.0,0.0,1,0.0
normalized-BA_RDC4.dot_unif_0null50mast_rapportOE2.0_TMAX120_K67_cod2_pbEq1_newVersion_product.opb,0,0.0263089176132654,3600.02,0,0.3984528006267137,3600.01,0,0.0,2609.31,0,0.1129716673194934,2279.26,0,0.5662619140880011,3600.01,0,1.0,1253.440262,-30903.0,-267.0,0.0,0,0.0
normalized-BA_RDC4.dot_fibo_0null10mast_rapportOE1.0_TMAX120_K67_cod3.opb,0,0.0,3600.01,0,0.0,3600.0,0,0.2092025435213176,2354.77,0,0.4897112477848431,1871.05,0,2.0,,0,1.0,15.825189,-239825.0,0.0,0.0,0,0.0
normalized-NG.dot_fibo_0null0mast_rapportOE1.0_TMAX60_K192_cod2.opb,0,0.0,3601.0,0,2.0,,0,0.0,149.746,0,0.3357232853916557,3536.35,0,0.9678354926898848,3594.87,0,1.0,33.602536,-210325.0,0.0,0.0,0,0.0
normalized-BA_RDC4.dot_unif_0null0mast_rapportOE1.0_TMAX120_K67_cod2_pbEq1_newVersion_ladder.opb,0,0.0045263368716202,3600.01,0,0.0,3600.0,0,0.3364109753655117,3172.63,0,0.3408171440016022,3108.46,0,0.5703785299419187,3600.0,0,1.0,2.342855,-49930.0,0.0,0.0,0,0.0
normalized-BA_RDC4.dot_luby_10null10mast_rapportOE1.0_TMAX60_K67_cod2_pbEq1_newVersion_binary.opb,1,0.0,3006.92,1,0.0,495.69,1,0.0,345.309,1,0.0,417.745,0,0.0,3600.01,0,0.0,2893.641352,-2432.0,-2432.0,0.0,1,0.0
normalized-NG.dot_fibo_0null0mast_rapportOE2.0_TMAX120_K192_cod1.opb,0,2.0,,0,2.0,,0,1.0,678.743,0,0.0,3504.79,0,2.0,,0,2.0,,-38006.0,-26487.0,0.0,0,0.0
normalized-mps-v2-20-10-bell3b.opb,1,0.0,2.78,0,0.0638071910845971,3600.01,0,0.0422236467718842,3184.1,0,0.0218761565657857,3598.36,0,0.0464367909960681,3600.03,0,1.0,1605.908361,1206897563443000.0,2016317638176040.0,0.0,1,0.0
normalized-BA_RDC4.dot_luby_0null10mast_rapportOE1.0_TMAX180_K67_cod2_pbEq1_newVersion_binary.opb,0,0.0,3600.01,0,0.2372093023255814,3600.01,0,0.1627906976744186,2215.65,0,0.0790697674418604,2897.52,0,1.0,3600.02,0,0.3441860465116279,1203.502078,-7008.0,-128.0,0.0,0,0.0
normalized-NG.dot_unif_20null50mast_rapportOE2.0_TMAX180_K192_cod2.opb,0,0.0,3600.03,0,2.0,,0,0.0956422730566194,3551.58,0,0.7550978159610806,2205.74,0,0.5298968360763207,3600.02,0,1.0,3476.28839,-33965.0,-4982.0,0.0,0,0.0
normalized-injcomp_opt_4layers_maxfirst_lastlayerdiv2_size_28.opb,1,0.0,40.77,0,0.0,3600.0,0,0.0,12.2035,0,0.0,778.967,0,2.0,,0,1.0,0.048579,-14.0,0.0,0.0,1,0.0
normalized-BA_RDC4.dot_luby_20null20mast_rapportOE1.0_TMAX180_K67_cod3.opb,1,0.0,148.88,1,0.0,373.94,0,0.3360547800895443,1276.0,0,0.4666842243876745,585.138,0,2.0,,0,1.0,3094.470978,-8456.0,-862.0,0.0,1,0.0
SMTI_25000_3_0.85_4.opb,1,0.0,4.87,1,0.0,77.9,1,0.0,456.055,1,0.0,178.279,1,0.0,153.93,0,1.0,1545.09141,3020.0,3550.0,0.0,1,0.0
normalized-NG.dot_fibo_10null0mast_rapportOE1.0_TMAX120_K192_cod1.opb,0,0.0,3600.04,0,2.0,,0,1.0,981.886,0,0.789770108685791,2165.24,0,2.0,,0,2.0,,-311800.0,-36235.0,0.0,0,0.0
normalized-BA_RDC4.dot_fibo_10null20mast_rapportOE1.0_TMAX300_K67_cod2_pbEq1_newVersion_sequential.opb,0,0.0,3600.03,0,2.0,,0,0.2365219520406445,3409.57,0,0.2528144622808494,3503.07,0,1.0,3600.01,0,0.7146005172387409,582.220133,-589487.0,-393446.0,0.0,0,0.0
normalized-BA_RDC4.dot_unif_10null0mast_rapportOE1.0_TMAX60_K67_cod2_pbEq1_newVersion_sequential.opb,1,0.0,2692.85,0,0.0612645743658322,3082.0,0,0.0204354548873751,1488.32,0,0.1863847214676752,3142.59,0,0.8121108278657696,3286.15,0,1.0,2.451516,-23929.0,0.0,0.0,1,0.0
normalized-BA_RDC4.dot_fibo_50null20mast_rapportOE2.0_TMAX120_K67_cod2_pbEq1_newVersion.opb,0,0.0,3600.01,0,0.0,3600.0,0,0.1439643096412692,1654.13,0,0.1441241853949692,3436.47,0,2.0,,0,1.0,165.425762,-133936.0,-2584.0,0.0,0,0.0
normalized-BA_RDC4.dot_unif_20null0mast_rapportOE2.0_TMAX300_K67_cod1.opb,0,0.0,3600.0,0,0.0442704916837947,3600.01,0,0.0522732904768152,3325.1,0,0.0635559248407457,3415.46,0,0.369644757365053,3600.15,0,1.0,31.896052,-68601.0,0.0,0.0,0,0.0
normalized-BA_RDC4.dot_fibo_0null0mast_rapportOE1.0_TMAX15_K67_cod2_pbEq1_newVersion_ladder.opb,1,0.0,10.92,1,0.0,167.78,1,0.0,575.148,1,0.0,2051.44,1,1.0,160.38,1,0.0,990.958517,-23256.0,-22879.0,0.0,1,0.0
normalized-NG.dot_fibo_10null50mast_rapportOE1.0_TMAX60_K192_cod2.opb,1,0.0,728.42,0,2.0,,0,0.0976116545654051,2380.91,0,0.3495260663507109,3074.24,0,0.2972357761539,3600.01,0,1.0,33.034811,-171332.0,0.0,0.0,1,0.0
normalized-BA_RDC4.dot_fibo_20null50mast_rapportOE2.0_TMAX15_K67_cod3.opb,1,0.0,91.46,1,0.0,438.43,1,0.0,1073.23,1,0.0,572.194,1,0.0,546.094,0,1.0,136.631398,-9959.0,-2584.0,0.0,1,0.0
normalized-NG.dot_luby_10null10mast_rapportOE1.0_TMAX180_K192_cod2.opb,1,0.0,254.14,0,0.0035523978685612,3600.45,0,0.5876998223801065,2946.41,1,0.0,255.51,0,0.0022202486678507,3600.02,0,1.0,33.344079,-36032.0,0.0,0.0,1,0.0
normalized-NG.dot_unif_10null0mast_rapportOE2.0_TMAX300_K192_cod1.opb,0,0.6468118545127974,3600.04,0,0.3495958688819039,3600.03,0,0.4261113605747642,1356.43,0,0.0,2197.35,0,0.3996407723394701,421.331,0,1.0,96.413547,-44540.0,0.0,0.0,0,0.0
normalized-j12034_5.std.opb,0,0.0051282051282051,3600.01,0,1.0,3600.01,0,0.0,55.5986,0,0.0102564102564102,588.416,0,2.0,,0,0.041025641025641,10.326591,105.0,300.0,0.0,0,0.0
normalized-factor-sizeN=400-sizeP=201-sizeQ=400-87904490.opb,0,2.0,,0,2.0,,0,2.0,,0,2.0,,1,0.0,106.98,1,0.0,520.842599,1.0,1.0,0.0,1,0.0
Init-x2-i10_pp_86.opb,0,2.0,,0,2.0,,1,0.0,183.817,1,0.0,1320.97,1,0.0,561.409,0,2.0,,692.0,692.0,0.0,1,0.0
normalized-BA_RDC4.dot_luby_50null0mast_rapportOE2.0_TMAX120_K67_cod2_pbEq1_newVersion_product.opb,0,0.031578947368421,3600.01,0,0.2210526315789473,3600.01,0,0.2421052631578947,285.737,0,0.0,3448.67,0,1.0,3600.01,0,0.7315789473684211,614.920135,-446.0,-256.0,0.0,0,0.0
normalized-mps-v2-20-10-grow22.opb,0,0.0,3600.05,0,0.0,3600.0,0,2.0,,0,0.0,1.04335,0,2.0,,0,2.0,,0.0,0.0,0.0,0,0.0
normalized-j12014_1.std.opb,0,0.1538461538461538,3600.01,0,1.0,3600.02,0,0.0,305.187,0,0.0769230769230769,2316.81,0,2.0,,0,0.3846153846153846,15.437319,86.0,99.0,0.0,0,0.0
normalized-single-obj-f10-DCTotalLoss.seq-B-3-1-irabcde.opb,1,1.0,1148.41,1,1.0,857.36,1,1.0,124.517,1,1.0,806.953,1,0.0,298.717,1,1.0,42.920348,0.0,192985144751.0,0.0,1,0.0
normalized-NG.dot_fibo_50null20mast_rapportOE2.0_TMAX300_K192_cod1.opb,0,0.0,3600.03,0,0.6560211862106794,3600.38,0,0.7428315130599733,818.612,0,0.735043809404095,2162.94,0,2.0,,0,1.0,114.311627,-350039.0,0.0,0.0,0,0.0
normalized-BA_RDC4.dot_fibo_10null50mast_rapportOE1.0_TMAX15_K67_cod1.opb,1,0.0,247.16,1,0.0,265.2,1,0.0,499.132,1,0.0,741.886,1,0.0,285.02,0,1.0,14.480112,-17711.0,0.0,0.0,1,0.0
normalized-NG.dot_fibo_10null0mast_rapportOE2.0_TMAX300_K192_cod2.opb,0,0.9494476599701784,3600.04,0,1.0,3600.06,0,0.2196982572028667,3564.61,0,0.0,3437.57,0,0.9783072261147008,2703.61,0,1.0,33.705054,-311855.0,0.0,0.0,0,0.0
normalized-BA_RDC4.dot_unif_50null20mast_rapportOE2.0_TMAX120_K67_cod3.opb,0,0.0,3600.0,0,0.0,3600.0,0,0.2379192839840702,3272.9,0,0.1800303814098616,2997.58,0,2.0,,0,1.0,13.712282,-24357.0,0.0,0.0,0,0.0
normalized-BA_RDC4.dot_luby_0null0mast_rapportOE1.0_TMAX300_K67_cod2.opb,0,0.0,3600.0,0,0.0397350993377483,3600.0,0,0.0220750551876379,449.721,0,0.0397350993377483,3027.33,0,0.390728476821192,3600.0,0,1.0,128.934168,-1202.0,-749.0,0.0,0,0.0
normalized-BA_RDC4.dot_unif_20null50mast_rapportOE2.0_TMAX120_K67_cod2_pbEq1_newVersion_binary.opb,0,0.0,3600.06,0,0.1559353471118177,3600.0,0,0.009715597950892,1918.31,0,0.0315315315315315,3500.05,0,0.5189454160042395,3600.0,0,1.0,282.329579,-23497.0,-853.0,0.0,0,0.0
normalized-j12046_9.std.opb,0,1.0,3600.02,0,2.0,,0,0.0135135135135135,2106.03,0,0.0675675675675675,3096.41,0,2.0,,0,0.0,871.837517,167.0,241.0,0.0,0,0.0
normalized-BA_RDC4.dot_unif_0null20mast_rapportOE2.0_TMAX300_K67_cod2_pbEq1_newVersion.opb,0,0.0,3600.01,0,0.0312280010137132,3600.0,0,0.0214428519133838,3370.36,0,0.1593078590938529,3300.42,0,0.601469884267733,3600.06,0,1.0,3.409916,-71026.0,0.0,0.0,0,0.0
normalized-BA_RDC4.dot_luby_10null0mast_rapportOE1.0_TMAX180_K67_cod2_pbEq1_newVersion_binary.opb,0,0.0,3600.03,0,0.8709677419354839,3600.0,0,0.0403225806451612,1167.51,0,0.1129032258064516,2933.49,0,0.7419354838709677,3600.0,0,1.0,2787.985308,-888.0,-640.0,0.0,0,0.0
SMTI_50000_3_0.85_2.opb,1,0.3617592065685716,10.51,1,0.3617592065685716,902.35,0,1.0,3379.26,1,0.3617592065685716,2352.93,0,0.0,657.886,0,2.0,,-2656.0,21946.0,0.0,1,0.0
normalized-BA_RDC4.dot_unif_50null0mast_rapportOE2.0_TMAX300_K67_cod2_pbEq1_newVersion.opb,0,0.0163375314023325,3600.01,0,0.0527891926065183,3600.0,0,0.0045585372751925,3324.07,0,0.0,2548.52,0,0.2634468531119504,3600.0,0,1.0,2.99722,-60107.0,0.0,0.0,0,0.0
normalized-BA_RDC4.dot_fibo_0null20mast_rapportOE2.0_TMAX15_K67_cod2_pbEq1_newVersion_ladder.opb,1,0.0,30.77,1,0.0,517.56,1,0.0,1257.22,1,0.0,2076.0,0,1.0,3600.03,1,0.0,490.878152,-14140.0,-6854.0,0.0,1,0.0
normalized-BA_RDC4.dot_unif_50null0mast_rapportOE2.0_TMAX120_K67_cod2.opb,0,0.0,3600.01,0,0.0220097535934291,3600.0,0,0.0264373716632443,3350.87,0,0.0661255133470225,3569.94,0,2.0,,0,1.0,6.204451,-31168.0,0.0,0.0,0,0.0
normalized-NG.dot_unif_0null50mast_rapportOE2.0_TMAX60_K192_cod1.opb,0,0.0,3600.03,0,2.0,,0,2.0,,0,0.3416838038262603,946.082,0,2.0,,0,1.0,110.542136,-32094.0,0.0,0.0,0,0.0
normalized-BA_RDC4.dot_unif_0null10mast_rapportOE2.0_TMAX60_K67_cod2_pbEq1_newVersion_sequential.opb,1,0.0,1226.76,0,0.0,3600.0,0,0.1104193971166448,2823.98,0,0.5631280034949759,3321.04,0,0.6597313237221494,1010.78,0,1.0,2.380091,-18312.0,0.0,0.0,1,0.0
normalized-BA_RDC4.dot_unif_20null0mast_rapportOE2.0_TMAX60_K67_cod2.opb,0,0.0,3600.01,0,0.1458599051068823,3600.06,0,0.0,3401.48,0,0.0,3595.05,0,0.9001071373909495,3600.01,0,1.0,2.77189,-19601.0,0.0,0.0,0,0.0
normalized-clique-coloring-max-clique-n=18-t=3.opb,1,0.0,45.66,0,0.0,3600.0,0,0.0,12.2226,0,0.0,54.424,0,2.0,,0,1.0,0.303507,15.0,18.0,0.0,1,0.0
normalized-BA_RDC4.dot_fibo_20null10mast_rapportOE1.0_TMAX300_K67_cod1.opb,0,0.0,3600.01,0,0.026651045199482,3600.01,0,0.1055294708374809,3290.25,0,0.2994529550119363,2532.41,0,2.0,,0,1.0,14.575207,-567595.0,0.0,0.0,0,0.0
normalized-NG.dot_luby_10null10mast_rapportOE1.0_TMAX180_K192_cod1.opb,1,0.0,1751.4,1,0.0,3488.58,0,0.9950319178462392,802.718,0,1.0,3580.51,0,0.9858451290591174,2561.0,0,2.0,,-36032.0,-2.0,0.0,1,0.0
normalized-BA_RDC4.dot_unif_20null0mast_rapportOE2.0_TMAX15_K67_cod2_pbEq1_newVersion.opb,1,0.0,13.38,1,0.0,452.32,1,0.0,153.879,1,0.0,389.733,1,0.0,404.484,1,0.0,1424.041954,-3289.0,-3289.0,0.0,1,0.0
normalized-NG.dot_fibo_10null20mast_rapportOE1.0_TMAX300_K192_cod2.opb,0,0.0,3600.05,0,1.0,3600.07,0,0.7873888701327931,1281.26,0,0.6417159014179609,3391.23,0,2.0,,0,1.0,33.771689,-710880.0,0.0,0.0,0,0.0
normalized-j6046_10.std.opb,0,0.0,3600.01,0,1.0,3600.0,1,0.0,317.86,1,0.0,238.76,1,0.0,637.516,1,0.0,35.268333,88.0,91.0,0.0,1,0.0
normalized-BA_RDC4.dot_luby_50null20mast_rapportOE2.0_TMAX180_K67_cod2_pbEq1_newVersion_sequential.opb,0,0.0,3600.01,1,0.0,3320.35,1,0.0,1874.95,0,1.0,3463.14,1,0.0,891.165,0,0.2357207615593835,2252.760144,-4176.0,-3073.0,0.0,1,0.0
normalized-ped2.G.recomb5-0.10-7.opb,0,1.6608812635984654e-06,3505.0,0,1.0,3600.03,0,0.0009682937766779,2463.73,1,0.0,1255.43,1,0.0,604.452,1,0.0,80.183724,25626.0,627716.0,0.0,1,0.0
normalized-BA_RDC4.dot_unif_20null0mast_rapportOE2.0_TMAX180_K67_cod2_pbEq1_newVersion_binary.opb,0,0.0,3600.44,0,0.2821807168096921,3600.02,0,0.0624199122432337,671.717,0,0.0372966256358482,3158.84,0,0.5874849532093348,3600.0,0,1.0,3.499935,-51506.0,0.0,0.0,0,0.0
normalized-hw128-vm90p-opt.opb.negationfix.opb,1,0.0,397.2,0,1.0,3600.0,0,0.2,939.741,0,0.3,3504.89,0,0.9,3588.46,0,2.0,,115.0,125.0,0.0,1,0.0
normalized-j9029_2.std.opb,0,0.0,3600.01,0,2.0,,0,0.0526315789473684,20.0263,0,0.0,3420.65,0,2.0,,0,1.0,7.716426,133.0,171.0,0.0,0,0.0
normalized-BA_RDC4.dot_unif_10null10mast_rapportOE2.0_TMAX15_K67_cod2_pbEq1_newVersion_sequential.opb,1,0.0,24.79,1,0.0,1429.45,1,0.0,72.017,1,0.0,287.69,1,0.0,431.413,1,0.0,2097.665826,-5908.0,-5908.0,0.0,1,0.0
normalized-BA_RDC4.dot_luby_20null20mast_rapportOE1.0_TMAX120_K67_cod2_pbEq1_newVersion_ladder.opb,0,0.0,3600.01,1,0.0,689.43,1,0.0,1173.09,0,1.0,2554.87,0,0.0,3600.01,0,0.3125,1595.038941,-5440.0,-4416.0,0.0,1,0.0
normalized-BA_RDC4.dot_luby_50null0mast_rapportOE2.0_TMAX180_K67_cod2_pbEq1_newVersion_ladder.opb,0,0.0044052863436123,3600.01,0,0.092511013215859,3600.0,0,0.0,3165.28,0,0.0616740088105726,2382.11,0,0.4273127753303964,3600.01,0,1.0,73.579227,-529.0,-302.0,0.0,0,0.0
normalized-NG.dot_luby_50null20mast_rapportOE1.0_TMAX15_K192_cod2.opb,1,0.0,214.26,0,0.0857142857142857,3600.29,1,0.0,2950.62,1,0.0,124.626,1,0.0,521.71,0,1.0,33.192041,-2240.0,0.0,0.0,1,0.0
normalized-BA_RDC4.dot_luby_20null50mast_rapportOE1.0_TMAX180_K67_cod2_pbEq1_newVersion_binary.opb,0,0.0,3600.02,1,0.0,1054.04,1,0.0,3366.88,0,0.9466911764705882,3392.94,1,0.0,767.977,0,1.0,951.685747,-8512.0,-7424.0,0.0,1,0.0
normalized-BA_RDC4.dot_fibo_50null10mast_rapportOE2.0_TMAX180_K67_cod3.opb,0,0.0,3600.0,0,0.0,3600.0,0,0.1451588894421032,3594.02,0,0.2777934616904748,2778.32,0,2.0,,0,1.0,12.759877,-194821.0,0.0,0.0,0,0.0
normalized-mps-v2-20-10-danoint.opb,0,0.0,3600.02,0,1.0,3600.0,0,2.0,,0,2.0,,0,2.0,,0,2.0,,67243.0,69228.0,0.0,0,0.0
normalized-BA_RDC4.dot_luby_20null50mast_rapportOE1.0_TMAX300_K67_cod2_pbEq1_newVersion_binary.opb,0,0.0,3600.01,0,0.0153089119737561,3600.0,0,0.1208310552214324,3291.71,1,0.0,2982.39,1,0.0,1487.49,0,1.0,8.234403,-14632.0,0.0,0.0,1,0.0
normalized-BA_RDC4.dot_fibo_10null50mast_rapportOE2.0_TMAX120_K67_cod2_pbEq1_newVersion_binary.opb,0,0.0,3600.02,0,0.0,3600.02,0,0.1879781683152469,3394.7,0,0.1691635455680399,3501.89,0,0.0620378373187361,3600.0,0,1.0,450.9588,-128158.0,-3202.0,0.0,0,0.0
normalized-BA_RDC4.dot_luby_20null10mast_rapportOE2.0_TMAX60_K67_cod2.opb,1,0.0,16.91,1,0.0,221.55,1,0.0,52.7858,1,0.0,92.7745,1,0.0,175.88,0,0.0,2589.050325,-1296.0,-1296.0,0.0,1,0.0
normalized-NG.dot_luby_10null50mast_rapportOE2.0_TMAX180_K192_cod1.opb,0,0.0,3600.06,0,2.0,,0,0.9907870791628752,1214.04,0,0.9367606915377616,2709.24,0,2.0,,0,1.0,98.243538,-17584.0,0.0,0.0,0,0.0
normalized-BA_RDC4.dot_unif_10null50mast_rapportOE1.0_TMAX15_K67_cod3.opb,1,0.0,31.08,1,0.0,69.48,1,0.0,307.426,1,0.0,758.395,1,0.0,78.85,0,1.0,13.310264,-4016.0,0.0,0.0,1,0.0
normalized-BA_RDC4.dot_fibo_10null20mast_rapportOE2.0_TMAX180_K67_cod2_pbEq1_newVersion_ladder.opb,0,0.0,3600.02,0,0.0618472826247744,3600.01,0,0.1491770460440026,1000.14,0,0.3116130686468842,3562.23,0,0.31711093360157,3600.03,0,1.0,2.59995,-202806.0,0.0,0.0,0,0.0
normalized-50-750-false-45-90-4-9000opt.opb,1,0.0,1464.29,0,0.0,3600.0,1,0.0,179.355,1,0.0,263.731,1,0.0,305.017,1,0.0,3.862993,-79.0,-79.0,0.0,1,0.0
normalized-BA_RDC4.dot_unif_50null50mast_rapportOE2.0_TMAX300_K67_cod2_pbEq1_newVersion_binary.opb,1,0.0,827.04,1,0.0,1829.45,1,0.0,469.534,1,0.0,352.143,1,0.0,447.516,0,0.0,2022.531493,-28.0,-28.0,0.0,1,0.0
normalized-BA_RDC4.dot_luby_50null0mast_rapportOE2.0_TMAX180_K67_cod2.opb,0,0.02,3600.0,0,0.13,3600.0,0,0.0,2851.52,0,0.09,3189.16,0,0.5,3600.0,0,1.0,163.629336,-532.0,-332.0,0.0,0,0.0
normalized-BA_RDC4.dot_fibo_10null0mast_rapportOE1.0_TMAX15_K67_cod2_pbEq1_newVersion_binary.opb,1,0.0,85.99,1,0.0,580.81,1,0.0,61.8859,1,0.0,173.852,1,0.0,589.013,1,0.0,1166.851036,-27060.0,-27060.0,0.0,1,0.0
normalized-BA_RDC4.dot_luby_50null20mast_rapportOE1.0_TMAX300_K67_cod3.opb,0,0.0042366469965198,3600.01,0,0.0,3600.0,0,0.2372522318051142,2821.34,0,0.486609169314571,3542.81,0,2.0,,0,1.0,3078.894127,-13600.0,-6991.0,0.0,0,0.0
Init-x2-i6_pp_88.opb,0,2.0,,0,2.0,,1,0.0,23.7741,1,0.0,52.5776,1,0.0,520.69,0,2.0,,692.0,692.0,0.0,1,0.0
normalized-BA_RDC4.dot_unif_20null10mast_rapportOE2.0_TMAX15_K67_cod3.opb,1,0.0,83.89,1,0.0,65.32,1,0.0,649.124,1,0.0,475.199,1,0.0,102.58,0,1.0,27.871333,-3772.0,0.0,0.0,1,0.0
normalized-j12036_3.std.opb,0,2.0,,0,2.0,,0,0.1296296296296296,3423.83,0,0.0,3514.32,0,2.0,,0,1.0,8.635011,246.0,300.0,0.0,0,0.0
normalized-j9022_10.std.opb,1,0.0,8.01,1,0.0,398.93,1,0.0,1.28975,1,0.0,1.37587,1,0.0,273.4,1,0.0,4.862774,75.0,75.0,0.0,1,0.0
normalized-BA_RDC4.dot_luby_50null10mast_rapportOE2.0_TMAX120_K67_cod1.opb,0,0.0,3600.0,1,0.0,555.41,0,0.3647798742138364,2497.04,0,0.6910377358490566,3315.43,0,2.0,,0,1.0,1842.817024,-2600.0,-56.0,0.0,1,0.0
normalized-BA_RDC4.dot_fibo_50null0mast_rapportOE2.0_TMAX120_K67_cod1.opb,0,0.0,3600.01,0,0.0,3600.0,0,0.0896425420933532,3531.12,0,0.2653127756683159,3480.57,0,2.0,,0,1.0,12.224398,-104292.0,0.0,0.0,0,0.0
normalized-comppebphp_opt_pyrheightequalsnholes_48.opb,0,0.0,3600.4,0,2.0,,0,0.0,198.769,1,0.0,710.979,0,2.0,,0,2.0,,1225.0,1225.0,0.0,1,0.0
normalized-BA_RDC4.dot_luby_20null50mast_rapportOE1.0_TMAX15_K67_cod1.opb,1,0.0,57.19,1,0.0,538.32,1,0.0,207.54,1,0.0,958.656,1,0.0,414.709,0,1.0,3006.765459,-384.0,-258.0,0.0,1,0.0
normalized-clique-coloring-max-clique-n=11-t=7.opb,1,0.0,4.87,0,0.0,3600.11,0,0.0,10.9734,0,0.0,12.703,0,2.0,,0,0.0,0.054961,4.0,4.0,0.0,1,0.0
normalized-NG.dot_unif_20null50mast_rapportOE2.0_TMAX120_K192_cod1.opb,0,0.0,3600.04,0,2.0,,0,2.0,,0,0.6971176485166919,923.183,0,2.0,,0,1.0,74.111984,-40349.0,0.0,0.0,0,0.0
normalized-BA_RDC4.dot_unif_0null20mast_rapportOE1.0_TMAX60_K67_cod3.opb,1,0.0,673.31,1,0.0,1083.43,0,0.0,1531.57,0,0.1854003846311223,3448.39,0,0.6197062072916241,3600.51,0,1.0,12.452377,-24439.0,0.0,0.0,1,0.0
normalized-NG.dot_luby_20null20mast_rapportOE2.0_TMAX300_K192_cod1.opb,1,0.0,936.5,0,0.7301266609682182,3600.04,0,1.0,682.425,0,0.8480456911958971,1158.68,0,2.0,,0,2.0,,-30056.0,-4318.0,0.0,1,0.0
normalized-BA_RDC4.dot_luby_50null0mast_rapportOE2.0_TMAX15_K67_cod2_pbEq1_newVersion_ladder.opb,1,0.0,8.83,1,0.0,168.76,1,0.0,85.7305,1,0.0,97.5023,1,0.0,87.13,1,0.0,249.007692,-69.0,-69.0,0.0,1,0.0
normalized-j12047_10.std.opb,0,0.073170731707317,3600.01,0,1.0,3600.02,0,0.0,1515.22,0,0.0,3191.7,0,2.0,,0,0.3841463414634146,5.323135,136.0,300.0,0.0,0,0.0
normalized-BA_RDC4.dot_unif_50null10mast_rapportOE2.0_TMAX15_K67_cod2_pbEq1_newVersion.opb,1,0.0,13.38,1,0.0,366.94,1,0.0,154.023,1,0.0,121.862,1,0.0,185.04,1,0.0,491.810941,-3212.0,-3212.0,0.0,1,0.0
normalized-aries-da_network_500_3__212_366__512.opb,1,0.0,0.97,1,0.0,19.4,1,0.0,1763.98,1,0.0,2428.59,0,2.0,,0,2.0,,95378.0,95378.0,0.0,1,0.0
normalized-BA_RDC4.dot_unif_50null10mast_rapportOE2.0_TMAX120_K67_cod2.opb,0,0.0,3600.01,0,0.0721769499417927,3600.0,0,0.073662237565734,1859.85,0,0.1303038818192766,3359.46,0,0.598570912448316,3600.0,0,1.0,3.636481,-24911.0,0.0,0.0,0,0.0
normalized-maxcut_opt_complete_6-partite_block_nvert_51.opb,1,0.0,985.76,1,0.0,2014.79,0,0.0,32.721,0,0.0,2323.01,0,0.1083333333333333,3584.14,0,1.0,0.864382,-650.0,-530.0,0.0,1,0.0
normalized-BA_RDC4.dot_luby_10null50mast_rapportOE1.0_TMAX15_K67_cod2_pbEq1_newVersion_ladder.opb,1,0.0,12.62,1,0.0,340.55,1,0.0,218.035,1,0.0,712.462,1,0.0,218.57,1,0.0,86.871692,-388.0,-388.0,0.0,1,0.0
SMTI_10000_10_0.75_9.opb,1,0.0,2175.35,0,2.0,,1,0.0,96.9158,1,0.0,99.1582,1,0.0,379.437,1,0.0,2573.103009,2.0,2.0,0.0,1,0.0
normalized-NG.dot_unif_0null10mast_rapportOE1.0_TMAX60_K192_cod2.opb,1,0.0,165.15,0,2.0,,0,0.0,2554.11,0,0.5475014208892581,3425.43,0,0.736654570891444,3600.01,0,1.0,33.015041,-45746.0,0.0,0.0,1,0.0
normalized-BA_RDC4.dot_unif_50null10mast_rapportOE2.0_TMAX15_K67_cod2_pbEq1_newVersion_ladder.opb,1,0.0,11.97,1,0.0,352.59,1,0.0,425.276,1,0.0,2639.55,1,0.0,608.846,1,0.0,725.670613,-3212.0,-3212.0,0.0,1,0.0
normalized-BA_RDC4.dot_unif_50null20mast_rapportOE2.0_TMAX180_K67_cod2_pbEq1_newVersion_ladder.opb,0,0.0,3600.01,0,0.0264576802507837,3600.01,0,0.0813166144200627,1999.57,0,0.2167084639498432,3580.32,0,0.4410971786833856,3600.0,0,1.0,2.546874,-31900.0,0.0,0.0,0,0.0
normalized-BA_RDC4.dot_fibo_10null0mast_rapportOE1.0_TMAX60_K67_cod2_pbEq1_newVersion_binary.opb,0,0.0,3600.03,0,0.0552025910250408,3600.0,0,0.0,2286.07,0,0.2585292684557987,2421.62,0,0.93176585235361,3600.0,0,1.0,3.121911,-104669.0,0.0,0.0,0,0.0
normalized-BA_RDC4.dot_unif_50null20mast_rapportOE2.0_TMAX120_K67_cod2_pbEq1_newVersion_ladder.opb,0,0.0,3600.01,0,0.0354671280276816,3600.0,0,0.1292222771461526,2114.3,0,0.1483769978579667,3544.6,0,0.5192782995551162,3581.64,0,1.0,2.541623,-24276.0,0.0,0.0,0,0.0
normalized-BA_RDC4.dot_luby_0null10mast_rapportOE2.0_TMAX15_K67_cod2_pbEq1_newVersion_ladder.opb,1,0.0,30.32,1,0.0,443.9,1,0.0,166.385,1,0.0,2301.44,1,0.0,230.23,1,0.0,549.109986,-52.0,-52.0,0.0,1,0.0
normalized-j12012_10.std.opb,0,0.7368421052631579,3600.01,0,2.0,,0,0.0,1110.57,0,0.0,766.318,0,2.0,,0,1.0,9.31802,148.0,167.0,0.0,0,0.0
normalized-NG.dot_unif_10null10mast_rapportOE2.0_TMAX180_K192_cod2.opb,0,0.0,3600.03,0,2.0,,0,0.5396557992970549,3588.82,0,0.2061083505029693,3595.06,0,0.7353654102533026,3598.84,0,1.0,33.370085,-82510.0,0.0,0.0,0,0.0
normalized-BA_RDC4.dot_unif_50null50mast_rapportOE2.0_TMAX300_K67_cod2_pbEq1_newVersion_product.opb,1,0.0,84.59,1,0.0,1325.88,1,0.0,577.609,1,0.0,112.629,1,0.0,446.833,0,1.0,1748.22605,-28.0,-19.0,0.0,1,0.0
normalized-NG.dot_fibo_10null10mast_rapportOE1.0_TMAX120_K192_cod1.opb,0,0.0,3600.05,0,2.0,,0,1.0,870.79,0,0.7384401429914873,2457.48,0,2.0,,0,2.0,,-348442.0,-21989.0,0.0,0,0.0
normalized-minisat25_6_4_7_mh.opb,0,0.0,3600.03,0,0.000140260019694,3600.0,0,0.0064562955496723,2370.9,0,6.73876127952515e-05,1756.56,0,0.0003465778637363,3600.0,0,1.0,17.974723,7480504.0,436120113.0,0.0,0,0.0
normalized-NG.dot_luby_20null50mast_rapportOE1.0_TMAX180_K192_cod2.opb,1,0.0,290.45,0,2.0,,0,0.5989352262644189,1582.2,1,0.0,398.387,1,0.0,2648.48,0,1.0,31.125109,-36064.0,0.0,0.0,1,0.0
normalized-BA_RDC4.dot_fibo_10null0mast_rapportOE1.0_TMAX180_K67_cod2_pbEq1_newVersion.opb,0,0.0,3600.0,0,0.2799535362502243,3600.0,0,0.0638876559415992,764.805,0,0.471616504075022,682.461,0,2.0,,0,1.0,162.77201,-260497.0,-154608.0,0.0,0,0.0
normalized-BA_RDC4.dot_luby_10null10mast_rapportOE2.0_TMAX180_K67_cod3.opb,0,0.0,3600.0,1,0.0,1639.56,0,0.2965892239248641,3433.16,0,0.3400889767671775,2662.92,0,2.0,,0,1.0,48.465709,-4048.0,-2.0,0.0,1,0.0
normalized-j12054_5.std.opb,0,1.0,3600.01,0,2.0,,0,1.0,27.6833,0,1.0,2363.83,0,2.0,,0,0.0,97.474583,111.0,112.0,0.0,0,0.0
normalized-BA_RDC4.dot_luby_0null50mast_rapportOE2.0_TMAX300_K67_cod2_pbEq1_newVersion_product.opb,0,0.0,3600.01,1,0.0,3373.86,0,0.0,1669.47,1,0.0,3488.4,1,0.0,544.42,0,1.0,3465.775481,-7240.0,-7168.0,0.0,1,0.0
normalized-NG.dot_fibo_20null0mast_rapportOE2.0_TMAX300_K192_cod1.opb,0,0.0117907097219823,3600.05,0,0.0,3600.05,0,1.0,317.228,0,0.4972681747539285,2852.62,0,2.0,,0,2.0,,-190030.0,-45255.0,0.0,0,0.0
normalized-injcomp_opt_4layers_maxfirst_lastlayerdiv2_size_23.opb,1,0.0,13.84,0,0.0,3600.02,0,0.0,11.3305,0,0.0,109.321,0,2.0,,0,1.0,0.030447,-11.0,0.0,0.0,1,0.0
normalized-BA_RDC4.dot_luby_0null20mast_rapportOE2.0_TMAX180_K67_cod2_pbEq1_newVersion_ladder.opb,0,0.0,3600.01,1,0.0,709.27,0,0.3457446808510638,3531.55,0,1.0,3526.58,0,0.0079787234042553,3600.02,0,0.4893617021276595,251.97634,-4320.0,-2816.0,0.0,1,0.0
normalized-BA_RDC4.dot_unif_10null0mast_rapportOE2.0_TMAX120_K67_cod2.opb,0,0.0,3600.01,0,0.0814674290600117,3600.03,0,0.1653396034842088,2043.64,0,0.0154438091166568,2734.94,0,0.6571367498530434,3600.01,0,1.0,2.931855,-37426.0,0.0,0.0,0,0.0
normalized-BA_RDC4.dot_unif_0null0mast_rapportOE1.0_TMAX60_K67_cod2_pbEq1_newVersion_product.opb,0,0.0,3600.01,0,0.0,3600.0,0,0.0206522638854399,3111.84,0,0.0,1816.16,0,0.7900422150484231,3600.0,0,1.0,2.110495,-24162.0,0.0,0.0,0,0.0
normalized-BA_RDC4.dot_luby_20null20mast_rapportOE1.0_TMAX300_K67_cod2_pbEq1_newVersion_sequential.opb,0,0.0,3600.01,0,2.0,,0,0.0712589073634204,2096.51,0,0.0570071258907363,3306.03,0,1.0,3600.05,0,0.3610451306413301,3.251728,-13600.0,-128.0,0.0,0,0.0
normalized-mult_diagcomm_opt_less_teq_nbits_40.opb,1,0.0,0.74,1,0.0,8.99,0,0.0,14.0373,0,0.0,0.193163,0,2.0,,0,0.0,0.35031,0.0,0.0,0.0,1,0.0
normalized-single-obj-f10-DCTotalLoss.seq-A-3-2-irEDCBA.opb,1,1.0,34.01,1,1.0,413.43,1,1.0,137.426,1,1.0,114.733,1,0.0,299.459,1,1.0,112.134493,0.0,192984219263.0,0.0,1,0.0
normalized-NG.dot_fibo_10null50mast_rapportOE1.0_TMAX300_K192_cod1.opb,1,0.0,734.37,0,0.6475285783287715,3600.84,0,0.6953089094129185,590.841,0,0.983974180705786,1093.27,0,2.0,,0,1.0,87.707378,-683210.0,0.0,0.0,1,0.0
normalized-minisat35_4_11_4_mh_ic.opb,0,0.0,3600.01,0,0.3404888480571572,3600.02,0,0.0568378446529341,2269.98,0,0.0163182420167519,3137.82,0,0.0439612984085356,3600.02,0,1.0,7.811365,4035713.0,173786045.0,0.0,0,0.0
normalized-neos-957143.opb,1,0.0,1490.4,0,0.0298273155416012,3600.01,0,0.1836734693877551,1651.33,0,0.6389324960753532,1880.17,0,2.0,,0,1.0,42.151711,-2064794.0,-2064157.0,0.0,1,0.0
normalized-NG.dot_unif_50null50mast_rapportOE2.0_TMAX180_K192_cod1.opb,0,0.0,3600.04,0,2.0,,0,1.0,1900.73,0,0.6424375,1234.86,0,2.0,,0,2.0,,-17000.0,-1000.0,0.0,0,0.0
normalized-NG.dot_luby_10null50mast_rapportOE1.0_TMAX300_K192_cod2.opb,1,0.0,395.81,0,1.0,3600.77,0,0.939358552631579,3574.24,0,0.949407894736842,1720.28,0,0.84,629.539,0,1.0,32.723011,-60800.0,0.0,0.0,1,0.0
normalized-KE_740_009.opb,1,0.0,9.01,1,0.0,79.83,0,0.5709408443306414,3596.65,0,0.6445407392817281,2934.79,1,0.0,258.49,0,1.0,20.772278,-33502.0,-18271.0,0.0,1,0.0
normalized-BA_RDC4.dot_unif_50null10mast_rapportOE1.0_TMAX300_K67_cod2_pbEq1_newVersion_ladder.opb,0,0.0106319032233826,3600.01,0,0.0735592456232624,3600.0,0,0.0,1655.07,0,0.3278232774814035,3599.3,0,2.0,,0,1.0,24.454423,-76468.0,-49850.0,0.0,0,0.0
normalized-BA_RDC4.dot_unif_0null10mast_rapportOE2.0_TMAX60_K67_cod1.opb,0,2.0,,0,0.0,3600.01,0,0.5298244026068066,2209.33,0,0.3918356263577118,1090.25,0,2.0,,0,1.0,16.149831,-22096.0,0.0,0.0,0,0.0
normalized-single-obj-f10-DCTotalLoss.seq-A-3-1-irEDCBA.opb,1,1.0,372.29,1,1.0,3569.66,1,1.0,368.132,1,1.0,1961.09,1,0.0,298.78,1,1.0,139.396225,0.0,192984207671.0,0.0,1,0.0
normalized-mps-v2-20-10-grow7.opb,0,0.0,3600.01,0,0.0,3600.0,0,2.0,,0,0.0,0.138575,0,2.0,,0,2.0,,0.0,0.0,0.0,0,0.0
normalized-single-obj-f58-fob_fxl_loss.seq-A-3-1-abcdeir.opb,0,0.0,3600.01,0,1.0,3600.01,0,0.0,3207.96,0,0.3225806451612903,2508.72,0,0.3225806451612903,3600.01,0,0.032258064516129,1948.351819,25458174958.0,25458174989.0,0.0,0,0.0
normalized-BA_RDC4.dot_unif_10null50mast_rapportOE2.0_TMAX120_K67_cod2_pbEq1_newVersion_binary.opb,0,0.0,3600.01,0,0.4162109847568352,3600.0,0,0.0324703605129445,3413.3,0,0.0981369465279458,1338.42,0,0.5076699733849503,3600.02,0,1.0,1041.154964,-23621.0,-2956.0,0.0,0,0.0
normalized-NG.dot_unif_0null50mast_rapportOE1.0_TMAX120_K192_cod2.opb,0,0.0,3600.03,0,2.0,,0,0.4120969493839804,3312.9,0,0.2972411010768706,3599.93,0,0.5304751264624648,3600.23,0,1.0,33.17405,-64446.0,0.0,0.0,0,0.0
normalized-j12059_1.std.opb,0,0.125,3600.01,0,2.0,,0,0.125,60.4323,0,0.0,2588.28,0,2.0,,0,1.0,21.701747,116.0,124.0,0.0,0,0.0
normalized-NG.dot_unif_0null0mast_rapportOE2.0_TMAX120_K192_cod2.opb,0,0.0,3600.51,0,2.0,,0,0.4626333401410774,2957.31,0,0.3352237914945093,1651.1,0,0.8435423310763044,3600.54,0,1.0,31.699429,-63653.0,0.0,0.0,0,0.0
normalized-BA_RDC4.dot_fibo_10null20mast_rapportOE2.0_TMAX15_K67_cod2_pbEq1_newVersion_ladder.opb,1,0.0,33.26,1,0.0,160.69,1,0.0,950.578,1,0.0,769.274,1,0.0,2010.93,1,0.0,405.883514,-13530.0,-13530.0,0.0,1,0.0
normalized-BA_RDC4.dot_fibo_50null20mast_rapportOE2.0_TMAX15_K67_cod2_pbEq1_newVersion_product.opb,1,0.0,213.85,1,0.0,361.01,1,0.0,227.944,1,0.0,477.176,1,0.0,421.417,1,0.0,200.70126,-6765.0,-6765.0,0.0,1,0.0
normalized-BA_RDC4.dot_unif_0null50mast_rapportOE2.0_TMAX120_K67_cod3.opb,0,0.0,3600.0,0,0.0278088270162246,3600.0,0,0.1752193205297564,3254.39,0,0.3573823798394472,2567.76,0,0.6568438166852962,462.08,0,1.0,14.62517,-29523.0,0.0,0.0,0,0.0
normalized-BA_RDC4.dot_fibo_50null20mast_rapportOE2.0_TMAX300_K67_cod2_pbEq1_newVersion_binary.opb,0,0.0,3600.01,0,0.0283847501419389,3600.01,0,0.0713155841356298,3270.27,0,0.1198025303081365,3266.38,0,0.0694605106158176,3600.0,0,1.0,3.425427,-329367.0,0.0,0.0,0,0.0
normalized-BA_RDC4.dot_fibo_20null0mast_rapportOE1.0_TMAX60_K67_cod1.opb,0,0.0,3600.0,1,0.0,1921.95,0,0.080863209791117,3239.76,0,0.7521342386368551,2313.36,0,2.0,,0,1.0,13.763642,-115615.0,0.0,0.0,1,0.0
normalized-BA_RDC4.dot_luby_20null20mast_rapportOE1.0_TMAX120_K67_cod2_pbEq1_newVersion_binary.opb,0,0.0,3600.01,1,0.0,888.81,1,0.0,1832.85,0,0.0,3496.65,0,0.0,3600.0,0,1.0,8.368148,-5440.0,0.0,0.0,1,0.0
normalized-NG.dot_luby_10null0mast_rapportOE1.0_TMAX120_K192_cod2.opb,0,0.0,3600.11,0,2.0,,0,2.0,,0,0.1196911196911196,3400.09,0,2.0,,0,1.0,38.155098,-2072.0,0.0,0.0,0,0.0
normalized-vertexcover_opt_grid_oddrowoddcolsquare_dim_161.opb,0,0.0003797949107481,3600.01,0,0.0053171287504747,2977.0,0,1.0,3476.89,0,0.029244208127611,2733.87,0,2.0,,1,0.0,489.838648,13041.0,15674.0,0.0,1,0.0
normalized-NG.dot_luby_0null0mast_rapportOE2.0_TMAX15_K192_cod1.opb,0,0.5,3600.1,0,1.0,3591.0,0,0.6682692307692307,1769.49,0,0.0,2616.07,0,2.0,,0,2.0,,-208.0,0.0,0.0,0,0.0
normalized-j12060_2.std.opb,0,0.0,3600.01,0,1.0,3600.01,0,0.0,86.2744,0,0.1666666666666666,1343.34,0,2.0,,0,0.0,165.594434,84.0,90.0,0.0,0,0.0
normalized-injcomp_opt_4layers_maxfirst_lastlayerdiv2_size_45.opb,0,0.0,3600.0,0,0.0,3600.0,0,0.0,10.9238,0,0.0,10.8099,0,2.0,,0,1.0,0.131362,-22.0,0.0,0.0,0,0.0
normalized-NG.dot_luby_0null0mast_rapportOE1.0_TMAX60_K192_cod1.opb,0,0.0,3600.04,0,2.0,,0,0.9419642857142856,3481.27,0,0.6880580357142857,1832.67,0,0.2857142857142857,1225.74,0,1.0,64.950565,-1792.0,0.0,0.0,0,0.0
normalized-BA_RDC4.dot_fibo_0null0mast_rapportOE1.0_TMAX15_K67_cod2_pbEq1_newVersion_sequential.opb,1,0.0,9.42,1,0.0,1433.86,1,0.0,533.435,1,0.0,371.519,1,0.0,1014.99,1,0.0,652.515605,-23256.0,-23256.0,0.0,1,0.0
normalized-BA_RDC4.dot_unif_0null0mast_rapportOE1.0_TMAX120_K67_cod1.opb,0,0.0,3600.01,0,0.060270841419761,3600.0,0,0.2297839306507957,3436.86,0,0.3682020097468409,3103.22,0,0.6011558200715919,3600.02,0,1.0,14.750038,-46374.0,0.0,0.0,0,0.0
normalized-BA_RDC4.dot_unif_0null0mast_rapportOE2.0_TMAX60_K67_cod3.opb,1,0.0,704.34,1,0.0,2789.18,0,0.0488054171457774,3444.13,0,0.1789531962011839,2578.56,0,0.7206677739448916,3600.03,0,1.0,16.154686,-23481.0,0.0,0.0,1,0.0
SMTI_50000_5_0.95_5.opb,1,0.0,92.55,0,2.0,,0,1.0,2632.1,1,0.0,110.828,1,0.0,530.286,0,2.0,,700.0,16306.0,0.0,1,0.0
SMTI_50000_3_0.85_4.opb,1,0.0,10.36,1,0.0,339.91,0,0.6071240383602066,3164.83,0,1.0,2724.62,1,0.0,287.16,0,2.0,,6142.0,25120.0,0.0,1,0.0
Init-x2-i4_pp_81.opb,0,2.0,,0,2.0,,1,0.0,91.6033,1,0.0,87.2693,1,0.0,865.46,0,2.0,,688.0,688.0,0.0,1,0.0
normalized-j6045_6.std.opb,0,1.0,3600.02,0,2.0,,0,0.0454545454545454,163.79,0,0.0,2500.98,0,2.0,,0,0.0,2653.711138,146.0,168.0,0.0,0,0.0
normalized-minisat100_4_32_9.opb,1,0.0,2642.26,0,0.0020767500465647,3600.0,0,0.1397144576439917,3451.04,0,0.0090772440258701,3519.42,0,0.0011584999486459,3600.07,0,1.0,3.535621,4994331.0,198026709.0,0.0,1,0.0
normalized-NG.dot_unif_10null10mast_rapportOE1.0_TMAX180_K192_cod2.opb,0,0.0,3581.0,0,2.0,,0,0.12485190465672,3596.84,0,0.2579971485371192,3598.01,0,0.6307355569388944,3600.02,0,1.0,31.556533,-99598.0,0.0,0.0,0,0.0
normalized-NG.dot_unif_10null20mast_rapportOE1.0_TMAX300_K192_cod2.opb,0,0.0,3600.11,0,1.0,3600.04,0,0.7432940208447614,2997.72,0,0.4714413055403181,3227.26,0,0.5618280307185958,3147.84,0,1.0,74.489619,-145840.0,0.0,0.0,0,0.0
normalized-BA_RDC4.dot_luby_10null20mast_rapportOE2.0_TMAX15_K67_cod3.opb,1,0.0,27.7,1,0.0,322.75,1,0.0,172.04,1,0.0,361.671,1,0.0,92.04,0,1.0,399.348965,-160.0,-5.0,0.0,1,0.0
normalized-BA_RDC4.dot_unif_0null20mast_rapportOE1.0_TMAX120_K67_cod2_pbEq1_newVersion_ladder.opb,0,0.0,3600.01,0,0.0784438217006743,3600.02,0,0.2002364480252211,3568.16,0,0.1828969261756721,2748.02,0,0.5398458709168928,3576.29,0,1.0,2.278889,-45676.0,0.0,0.0,0,0.0
normalized-BA_RDC4.dot_unif_10null0mast_rapportOE2.0_TMAX300_K67_cod2_pbEq1_newVersion_binary.opb,0,0.2074934022123645,3600.03,0,1.0,3600.02,0,0.0,2970.88,0,0.0051799651861418,2824.21,0,0.6092565556740974,3600.01,0,1.0,3.267485,-71236.0,0.0,0.0,0,0.0
normalized-BA_RDC4.dot_luby_50null20mast_rapportOE1.0_TMAX15_K67_cod1.opb,1,0.0,92.58,1,0.0,299.17,1,0.0,328.0,1,0.0,340.864,1,0.0,188.74,0,0.0,2309.034592,-264.0,-264.0,0.0,1,0.0
normalized-NG.dot_unif_10null50mast_rapportOE2.0_TMAX300_K192_cod1.opb,0,0.0,3600.03,0,0.8737692501893461,3600.03,0,0.8444837162332745,156.293,0,0.8430722269399371,1642.64,0,2.0,,0,1.0,95.826519,-87142.0,0.0,0.0,0,0.0
Init-x2-i7_pp_81.opb,0,2.0,,0,2.0,,1,0.0,274.21,1,0.0,90.1933,1,0.0,629.3,0,2.0,,688.0,688.0,0.0,1,0.0
normalized-comppebvc_opt_80.opb,0,0.0,3600.01,0,0.0,3600.0,0,1.0,3574.92,0,0.0,6.32875,0,2.0,,1,0.0,0.341687,3281.0,3514.0,0.0,1,0.0
normalized-maxcut_opt_complete_6-partite_block_nvert_78.opb,0,0.0,3600.02,0,0.2514970059880239,3600.01,0,0.0,463.286,0,0.2455089820359281,708.503,0,0.1167664670658682,3600.0,0,1.0,2.993449,-1521.0,-1187.0,0.0,0,0.0
normalized-NG.dot_unif_20null50mast_rapportOE1.0_TMAX300_K192_cod2.opb,0,0.7444815584779613,3600.07,0,1.0,3600.03,0,0.6168624886127397,3589.78,0,0.0,2209.16,0,0.2876597136250029,3600.15,0,1.0,32.864299,-85622.0,0.0,0.0,0,0.0
normalized-clique-coloring-max-clique-n=14-t=10.opb,1,0.0,27.76,0,0.0,3600.0,0,0.0,10.7713,0,0.0,0.763167,0,2.0,,0,0.0,0.151445,4.0,4.0,0.0,1,0.0
normalized-BA_RDC4.dot_luby_20null0mast_rapportOE1.0_TMAX60_K67_cod2_pbEq1_newVersion.opb,0,0.0,3600.0,0,0.0153846153846153,3600.01,0,0.0307692307692307,394.298,0,0.0307692307692307,3111.09,0,0.0769230769230769,3600.0,0,1.0,2.802966,-520.0,0.0,0.0,0,0.0
normalized-NG.dot_fibo_20null0mast_rapportOE2.0_TMAX120_K192_cod1.opb,0,0.0,3600.04,0,2.0,,0,0.9242112605522964,953.651,0,1.0,3546.73,0,2.0,,0,2.0,,-179084.0,-67260.0,0.0,0,0.0
normalized-evencolouring_opt_linear_random6regular_nvert_851.opb,1,0.0,0.2,0,0.0,3600.03,1,0.0,30.672,1,0.0,397.998,1,0.0,328.946,0,0.0,3.872126,1.0,1.0,0.0,1,0.0
normalized-BA_RDC4.dot_unif_10null20mast_rapportOE2.0_TMAX180_K67_cod2.opb,0,0.0071412730095364,3600.01,0,0.0565535595475715,3600.0,0,0.0,2458.41,0,0.1543357728986471,3092.54,0,0.5782878687070304,3600.01,0,1.0,3.368971,-45090.0,0.0,0.0,0,0.0
normalized-BA_RDC4.dot_unif_0null50mast_rapportOE2.0_TMAX15_K67_cod2_pbEq1_newVersion_binary.opb,1,0.0,100.24,1,0.0,607.77,1,0.0,282.293,1,0.0,247.461,0,1.0,315.716,1,0.0,1165.707389,-2896.0,-984.0,0.0,1,0.0
normalized-mps-v2-20-10-fit2p.opb,0,0.0,3600.02,0,2.0,,0,2.0,,0,2.0,,0,2.0,,0,2.0,,194637674.0,194637674.0,0.0,0,0.0
normalized-BA_RDC4.dot_luby_20null50mast_rapportOE2.0_TMAX180_K67_cod2_pbEq1_newVersion_ladder.opb,1,0.0,19.54,1,0.0,167.33,1,0.0,108.736,1,0.0,250.286,1,0.0,803.375,0,1.0,489.896163,-4368.0,-768.0,0.0,1,0.0
normalized-BA_RDC4.dot_unif_50null20mast_rapportOE1.0_TMAX15_K67_cod2_pbEq1_newVersion_product.opb,1,0.0,41.38,1,0.0,456.88,1,0.0,379.485,1,0.0,253.048,1,0.0,296.74,1,0.0,570.130384,-4173.0,-4173.0,0.0,1,0.0
normalized-BA_RDC4.dot_luby_20null50mast_rapportOE2.0_TMAX300_K67_cod2_pbEq1_newVersion_sequential.opb,0,0.0,3600.01,0,0.0176701570680628,3600.01,0,0.7879581151832461,3173.79,0,1.0,3120.33,1,0.0,3111.77,0,0.0471204188481675,1887.210793,-7240.0,-5712.0,0.0,1,0.0
normalized-BA_RDC4.dot_fibo_50null10mast_rapportOE2.0_TMAX120_K67_cod2_pbEq1_newVersion_binary.opb,0,0.0,3600.03,0,0.1697626830370193,3600.01,0,0.3919849052592415,1058.65,0,0.836429349703686,2961.12,0,2.0,,0,1.0,3211.828809,-128768.0,-91139.0,0.0,0,0.0
normalized-BA_RDC4.dot_luby_0null20mast_rapportOE1.0_TMAX120_K67_cod2_pbEq1_newVersion_ladder.opb,1,0.0,1449.44,1,0.0,580.26,0,0.861271676300578,3128.04,0,1.0,3529.35,0,0.0043352601156069,3600.03,0,0.1213872832369942,362.815086,-5456.0,-2688.0,0.0,1,0.0
normalized-BA_RDC4.dot_fibo_50null0mast_rapportOE1.0_TMAX180_K67_cod1.opb,0,0.0216444414661931,3600.01,0,0.0,3600.0,0,0.0668850097165449,2879.56,0,0.1318183341151243,3568.64,0,0.3266183073108624,3600.02,0,1.0,307.002699,-193834.0,-74450.0,0.0,0,0.0
normalized-BA_RDC4.dot_luby_50null10mast_rapportOE2.0_TMAX180_K67_cod2_pbEq1_newVersion_sequential.opb,0,0.0,3600.02,1,0.0,3531.42,0,1.0,3394.93,0,0.68,3111.99,0,0.0,3600.02,0,0.08,3096.757878,-4128.0,-3728.0,0.0,1,0.0
normalized-NG.dot_fibo_0null50mast_rapportOE1.0_TMAX60_K192_cod1.opb,0,0.0,3600.04,0,2.0,,0,0.3818415625666674,1628.75,0,0.5405634437148885,2097.09,0,2.0,,0,1.0,91.633093,-168748.0,0.0,0.0,0,0.0
normalized-BA_RDC4.dot_fibo_0null10mast_rapportOE1.0_TMAX180_K67_cod2_pbEq1_newVersion.opb,0,0.0,3600.0,0,0.0,3600.0,0,0.0,546.356,0,0.2997130547444332,294.596,0,0.9809874176894302,3600.05,0,1.0,2.964026,-355817.0,0.0,0.0,0,0.0
Init-x1-i9_pp_95_merged.opb,1,0.0,21.72,1,0.0,213.84,1,0.0,235.193,1,0.0,194.063,1,0.0,279.63,0,1.0,2.384411,570.0,628.0,0.0,1,0.0
normalized-BA_RDC4.dot_unif_0null10mast_rapportOE1.0_TMAX300_K67_cod3.opb,0,0.0,3600.02,0,0.0537432081016511,3600.01,0,0.0918941203830947,3384.42,0,0.1567052157550899,3589.29,0,0.5243662656715787,3600.03,0,1.0,15.892846,-94598.0,0.0,0.0,0,0.0
normalized-BA_RDC4.dot_fibo_50null0mast_rapportOE1.0_TMAX120_K67_cod2_pbEq1_newVersion_binary.opb,0,0.0235257708755345,3600.02,0,1.0,3600.13,0,0.0,2791.09,0,0.0560375872158451,3534.08,0,2.0,,0,0.5107022282241729,306.063245,-177720.0,0.0,0.0,0,0.0
normalized-NG.dot_unif_0null10mast_rapportOE2.0_TMAX60_K192_cod1.opb,0,1.0,3600.04,0,2.0,,0,0.0,1046.42,0,0.3171802221426012,2017.54,0,2.0,,0,2.0,,-11164.0,0.0,0.0,0,0.0
normalized-BA_RDC4.dot_fibo_20null10mast_rapportOE1.0_TMAX120_K67_cod2.opb,0,0.0,3600.01,1,0.0,2664.33,0,0.2479231371360755,3598.15,0,0.184262135023441,3084.01,0,2.0,,0,1.0,3.214424,-237618.0,0.0,0.0,1,0.0
normalized-autocorr_bern60-30.lin.opb,0,0.0,3600.04,0,0.0134328358208955,3600.0,0,0.1617330016583748,1221.6,0,0.0312189054726368,3395.02,0,0.287893864013267,3600.17,0,1.0,1.071655,-32233.0,-8113.0,0.0,0,0.0
normalized-mps-v2-20-10-dc1l.opb,0,0.0,3600.01,0,1.0,3600.0,0,0.0127263294796991,1671.27,0,0.0021599686395157,2886.32,0,0.0022834178699395,3236.89,0,2.0,,181245956106200.0,5.13133935636596e+18,0.0,0,0.0
normalized-j6013_10.std.opb,0,0.0220994475138121,3600.01,0,1.0,3600.01,0,0.0165745856353591,209.297,0,0.0,2498.63,0,2.0,,0,0.011049723756906,1682.404185,119.0,300.0,0.0,0,0.0
normalized-factor-sizeN=200-sizeP=101-sizeQ=200-864124249-max.opb,0,2.0,,0,2.0,,0,2.0,,0,2.0,,0,2.0,,0,0.0,103.671916,-1.0,-1.0,0.0,0,0.0
normalized-BA_RDC4.dot_fibo_20null20mast_rapportOE2.0_TMAX60_K67_cod2_pbEq1_newVersion.opb,0,0.0,3600.0,1,0.0,866.41,1,0.0,3567.03,0,0.0547117516629711,3361.38,0,2.0,,0,1.0,118.27485,-65676.0,-11556.0,0.0,1,0.0
normalized-NG.dot_luby_0null20mast_rapportOE1.0_TMAX120_K192_cod2.opb,1,0.0,141.08,0,2.0,,0,0.46524064171123,2177.07,1,0.0,1132.36,0,0.0053475935828877,3596.53,0,1.0,33.294651,-23936.0,0.0,0.0,1,0.0
normalized-NG.dot_fibo_50null10mast_rapportOE1.0_TMAX180_K192_cod1.opb,1,0.0,582.35,0,2.0,,0,2.0,,0,1.0,1684.98,0,2.0,,0,2.0,,-413741.0,-151755.0,0.0,1,0.0
normalized-NG.dot_luby_10null20mast_rapportOE1.0_TMAX15_K192_cod1.opb,1,0.0,1155.42,0,2.0,,0,0.9927290353853612,3594.93,0,1.0,3593.39,1,0.0,1868.9,0,2.0,,-2240.0,-177.0,0.0,1,0.0
normalized-single-obj-f4-DataDisplay_2_order9.seq-A-3-1-EDCBAir.opb,1,0.0,206.38,1,0.0,260.82,0,0.0,10.8143,1,0.0,68.0239,1,1.0,319.278,1,0.0,0.429522,-1352872.0,0.0,0.0,1,0.0
normalized-BA_RDC4.dot_fibo_20null50mast_rapportOE2.0_TMAX300_K67_cod2_pbEq1_newVersion_binary.opb,1,0.0,320.05,0,0.2460103270727283,3600.03,0,0.1236944883271897,3513.36,0,0.1601135100345211,3482.75,0,0.0953462348604528,634.236,0,1.0,3477.12303,-328380.0,-54924.0,0.0,1,0.0
normalized-j12016_10.std.opb,0,0.9054054054054054,3600.04,0,2.0,,0,0.0,1770.64,0,0.0405405405405405,3181.61,0,2.0,,0,1.0,9.033026,226.0,300.0,0.0,0,0.0
normalized-bab5.opb,1,0.0,43.36,0,0.0,3600.0,0,0.2854672123936226,3525.17,0,0.2770422013199761,3596.03,0,2.0,,0,1.0,2359.071536,-12414004.0,-4559771.0,0.0,1,0.0
SMTI_50000_3_0.95_5.opb,1,0.0,11.19,1,0.0,333.0,0,1.0,2781.29,1,0.0,967.619,1,0.0,383.251,0,2.0,,5998.0,13820.0,0.0,1,0.0
normalized-BA_RDC4.dot_luby_0null20mast_rapportOE1.0_TMAX60_K67_cod2_pbEq1_newVersion_ladder.opb,1,0.0,21.02,1,0.0,527.63,1,0.0,157.715,1,0.0,297.808,0,2.0,,0,1.0,3260.655107,-2568.0,-2560.0,0.0,1,0.0
normalized-BA_RDC4.dot_fibo_50null10mast_rapportOE1.0_TMAX120_K67_cod2.opb,0,0.0,3600.0,0,0.0289682881591895,3600.01,0,0.083082029956874,2912.08,0,0.3736673363051375,1414.0,0,2.0,,0,1.0,6.521134,-220517.0,0.0,0.0,0,0.0
normalized-BA_RDC4.dot_unif_10null50mast_rapportOE2.0_TMAX60_K67_cod2_pbEq1_newVersion_sequential.opb,0,0.0,3600.01,0,0.0085292590669732,3600.03,0,0.0071200771341689,3059.85,0,0.1069494919528294,3465.36,0,0.4818660535489134,3600.05,0,1.0,87.553374,-13694.0,-211.0,0.0,0,0.0
normalized-BA_RDC4.dot_luby_0null0mast_rapportOE1.0_TMAX300_K67_cod2_pbEq1_newVersion.opb,0,0.0,3600.01,0,0.2559055118110236,3600.0,0,0.0118110236220472,497.191,0,0.0275590551181102,3257.35,0,0.3405511811023622,3600.01,0,1.0,357.165597,-1198.0,-690.0,0.0,0,0.0
normalized-BA_RDC4.dot_unif_10null50mast_rapportOE1.0_TMAX300_K67_cod2_pbEq1_newVersion_product.opb,0,0.0247068432413511,3600.02,0,2.0,,0,0.0,2581.56,0,0.1490578145965813,3173.18,0,0.1613966513038912,3600.01,0,1.0,2.525674,-68564.0,0.0,0.0,0,0.0
normalized-NG.dot_fibo_20null10mast_rapportOE2.0_TMAX180_K192_cod2.opb,0,0.0,3600.03,0,2.0,,0,0.2183254905442599,3545.65,0,0.1122517683269703,3597.8,0,0.3116028885140134,3086.45,0,1.0,32.129705,-270312.0,0.0,0.0,0,0.0
normalized-BA_RDC4.dot_fibo_50null0mast_rapportOE2.0_TMAX120_K67_cod2_pbEq1_newVersion_ladder.opb,0,0.0,3600.01,0,0.0,3600.0,0,0.462630897201804,2638.41,0,0.7485525227460711,3317.74,0,1.0,3600.0,0,0.3973812756527303,1331.249088,-105279.0,-41202.0,0.0,0,0.0
normalized-BA_RDC4.dot_fibo_20null50mast_rapportOE1.0_TMAX180_K67_cod2_pbEq1_newVersion.opb,0,0.0,3600.03,1,0.0,981.74,1,0.0,1573.83,0,1.0,1274.55,0,2.0,,0,0.161682814292533,3079.367196,-369580.0,-250161.0,0.0,1,0.0
normalized-BA_RDC4.dot_unif_10null0mast_rapportOE1.0_TMAX15_K67_cod2_pbEq1_newVersion_product.opb,1,0.0,37.18,1,0.0,566.67,1,0.0,178.309,1,0.0,404.945,1,0.0,638.913,1,0.0,2731.881652,-4506.0,-4506.0,0.0,1,0.0
normalized-single-obj-f58-fob_fxl_loss.seq-B-2-2-irabcde.opb,1,0.0,254.92,0,0.0,3600.0,1,0.0,1460.02,1,0.0,570.674,0,2.0,,1,0.0,1.37628,2535538030.0,2535538030.0,0.0,1,0.0
normalized-NG.dot_fibo_10null10mast_rapportOE1.0_TMAX180_K192_cod2.opb,0,2.0,,0,2.0,,0,0.3458823836496045,3548.24,0,0.772169872882462,3176.88,0,0.0,3600.03,0,1.0,31.443649,-383110.0,0.0,0.0,0,0.0
normalized-BA_RDC4.dot_luby_50null20mast_rapportOE1.0_TMAX300_K67_cod2_pbEq1_newVersion.opb,0,0.0,3600.01,0,0.0,3600.02,0,0.0433884297520661,1959.25,0,0.3078512396694214,3016.41,0,1.0,3600.02,0,0.3168044077134986,1684.787515,-13360.0,-7552.0,0.0,0,0.0
normalized-BA_RDC4.dot_unif_20null10mast_rapportOE2.0_TMAX120_K67_cod3.opb,0,0.0,3600.01,0,0.0219636363636363,3600.0,0,0.2124218181818181,3144.16,0,0.2984727272727273,2291.89,0,0.3440290909090909,3600.03,0,1.0,35.62689,-34375.0,0.0,0.0,0,0.0
SMTI_50000_3_0.75_8.opb,1,0.0,28.74,1,0.0,283.89,0,0.6375419511630598,3244.0,0,1.0,3440.95,1,0.0,208.61,0,2.0,,6602.0,23884.0,0.0,1,0.0
normalized-BA_RDC4.dot_luby_10null0mast_rapportOE2.0_TMAX120_K67_cod2.opb,0,0.0,3600.01,0,0.1645569620253164,3600.01,0,0.0759493670886076,1038.97,0,0.0569620253164556,3598.2,0,0.2658227848101265,3600.01,0,1.0,3.307132,-632.0,0.0,0.0,0,0.0
normalized-BA_RDC4.dot_fibo_10null0mast_rapportOE1.0_TMAX120_K67_cod3.opb,0,0.0,3600.0,0,0.0237390914304207,3600.0,0,0.0621497476195613,2575.4,0,0.3051447000107879,882.021,0,2.0,,0,1.0,15.406717,-176123.0,0.0,0.0,0,0.0
normalized-comppebphp_opt_pyrheightequalsnholes_58.opb,0,0.0,3600.22,0,2.0,,0,0.0,545.486,0,2.0,,0,2.0,,0,2.0,,1770.0,1770.0,0.0,0,0.0
normalized-NG.dot_luby_50null10mast_rapportOE1.0_TMAX180_K192_cod2.opb,1,0.0,186.91,1,0.0,2063.87,0,0.9320881438721136,3158.5,1,0.0,347.207,1,0.0,448.931,0,1.0,34.286658,-36032.0,0.0,0.0,1,0.0
normalized-BA_RDC4.dot_unif_10null0mast_rapportOE1.0_TMAX120_K67_cod2_pbEq1_newVersion.opb,0,0.0,3600.02,0,0.0147934890931236,3600.0,0,0.1212711770568043,3486.73,0,0.0812756062451555,3533.03,0,0.5526076846417894,3600.0,0,1.0,2.814899,-45155.0,0.0,0.0,0,0.0
normalized-NG.dot_fibo_0null10mast_rapportOE1.0_TMAX300_K192_cod2.opb,0,0.0,3600.03,0,1.0,3600.04,0,0.7292373867475584,3574.4,0,0.1732351076550224,2057.85,0,2.0,,0,1.0,31.539542,-747666.0,0.0,0.0,0,0.0
normalized-maxcut_opt_complete_6-partite_inlv_nvert_63.opb,0,0.0,3600.03,0,0.2302631578947368,3600.01,0,0.0,190.73,0,0.0,2970.08,0,2.0,,0,1.0,3.718,-992.0,-840.0,0.0,0,0.0
normalized-BA_RDC4.dot_unif_50null20mast_rapportOE2.0_TMAX300_K67_cod2_pbEq1_newVersion_sequential.opb,0,0.0010042625365439,3600.01,0,2.0,,0,0.0,2991.62,0,0.0230534044499988,3503.67,0,0.3538351670423352,3600.05,0,1.0,2.561006,-44809.0,0.0,0.0,0,0.0
normalized-BA_RDC4.dot_unif_50null20mast_rapportOE1.0_TMAX180_K67_cod2_pbEq1_newVersion_product.opb,0,0.0,3600.01,0,0.1957540117611881,3600.02,0,0.0409897338782019,289.788,0,0.286529452805741,3598.62,0,0.2026811521977474,3600.0,0,1.0,2.797648,-40132.0,0.0,0.0,0,0.0
Init-x2-i7_pp_94.opb,1,0.0,958.02,0,2.0,,1,0.0,72.896,1,0.0,286.66,0,0.0476190476190476,3600.05,0,1.0,106.843881,1050.0,1176.0,0.0,1,0.0
normalized-BA_RDC4.dot_luby_0null50mast_rapportOE1.0_TMAX180_K67_cod2.opb,0,0.0,3600.02,1,0.0,337.39,1,0.0,900.092,1,0.0,1012.44,0,0.0,3600.01,0,1.0,1464.631283,-8512.0,-7016.0,0.0,1,0.0
normalized-BA_RDC4.dot_unif_10null20mast_rapportOE2.0_TMAX15_K67_cod2_pbEq1_newVersion_ladder.opb,1,0.0,16.86,1,0.0,1289.21,1,0.0,354.516,1,0.0,2485.01,0,1.0,1710.55,1,0.0,1673.677894,-3353.0,-2185.0,0.0,1,0.0
normalized-NG.dot_fibo_0null0mast_rapportOE1.0_TMAX300_K192_cod2.opb,0,0.9298178444108024,3600.03,0,1.0,3600.03,0,0.3406983444840553,3100.29,0,0.0,3597.88,0,0.7364399081896762,3600.04,0,1.0,34.485935,-511925.0,0.0,0.0,0,0.0
normalized-50-750-false-45-90-4-6000opt.opb,1,0.0,1768.28,0,0.0,3600.0,1,0.0,175.419,1,0.0,595.023,1,0.0,308.355,1,0.0,4.855684,-74.0,-74.0,0.0,1,0.0
normalized-BA_RDC4.dot_unif_50null0mast_rapportOE1.0_TMAX300_K67_cod2_pbEq1_newVersion_ladder.opb,0,0.0,3600.01,0,0.0839066744522582,3600.01,0,0.0558023813755109,1126.66,0,0.1995227093858691,1842.29,0,1.0,3600.0,0,0.9826601335398208,4.014897,-80031.0,-40642.0,0.0,0,0.0
normalized-NG.dot_unif_0null20mast_rapportOE1.0_TMAX300_K192_cod1.opb,0,0.0,3601.0,0,1.0,3600.05,0,0.8956472063094085,749.314,0,0.9562975070219148,1302.75,0,2.0,,0,2.0,,-148034.0,-22000.0,0.0,0,0.0
normalized-j6013_3.std.opb,0,0.0,3600.01,0,1.0,3600.02,0,0.0,2090.99,0,0.0,3051.32,0,2.0,,0,0.0191387559808612,178.142172,91.0,300.0,0.0,0,0.0
normalized-frb45-21-3.opb,0,0.125,3600.01,0,0.25,3600.0,0,1.0,11.4561,0,0.375,3101.27,0,2.0,,0,0.0,528.968903,-43.0,-35.0,0.0,0,0.0
normalized-NG.dot_fibo_50null0mast_rapportOE1.0_TMAX300_K192_cod2.opb,0,0.0,3600.03,0,1.0,3600.04,0,0.530961367846839,3512.44,0,0.5759849109563173,3482.14,0,2.0,,0,1.0,33.018882,-447477.0,0.0,0.0,0,0.0
normalized-eilB101.opb,1,0.0,52.94,1,0.0,642.3,1,0.0,1974.32,0,0.0496699052999573,3176.93,0,2.0,,0,1.0,340.866847,1726630.0,2718921.0,0.0,1,0.0
normalized-BA_RDC4.dot_fibo_20null20mast_rapportOE2.0_TMAX300_K67_cod2_pbEq1_newVersion_ladder.opb,0,0.0,3600.01,0,0.0,3600.0,0,0.1565725559358512,3022.13,0,0.4489634866306963,3420.94,0,0.1492160760458546,3600.1,0,1.0,2.309395,-334535.0,0.0,0.0,0,0.0
normalized-j9029_10.std.opb,0,0.7719298245614035,3600.01,0,1.0,3600.03,0,0.0,1026.48,0,0.0175438596491228,706.114,0,2.0,,0,0.1988304093567251,7.34101,129.0,300.0,0.0,0,0.0
normalized-BA_RDC4.dot_fibo_0null0mast_rapportOE2.0_TMAX15_K67_cod3.opb,1,0.0,52.31,1,0.0,86.76,1,0.0,74.0195,1,0.0,294.937,1,0.0,100.49,0,1.0,15.876663,-25086.0,0.0,0.0,1,0.0
normalized-NG.dot_fibo_10null10mast_rapportOE2.0_TMAX60_K192_cod1.opb,0,0.0,3600.05,0,2.0,,0,0.8943109329825152,842.466,0,0.7875510547490477,2214.93,0,2.0,,0,1.0,113.165402,-130742.0,0.0,0.0,0,0.0
normalized-BA_RDC4.dot_unif_20null20mast_rapportOE2.0_TMAX300_K67_cod2_pbEq1_newVersion.opb,0,0.00650786432279,3600.01,0,0.0249023820351581,3600.0,0,0.0,3111.85,0,0.0090953284511282,3367.68,0,0.4753877275792313,3600.01,0,1.0,3.365113,-63769.0,0.0,0.0,0,0.0
normalized-BA_RDC4.dot_unif_10null10mast_rapportOE1.0_TMAX300_K67_cod2.opb,0,0.0,3600.01,0,0.033934950178605,3600.01,0,1.0444736897077563e-05,1801.89,0,0.0655093898184704,3520.25,0,2.0,,0,1.0,2.969376,-95742.0,0.0,0.0,0,0.0
normalized-NG.dot_fibo_20null10mast_rapportOE1.0_TMAX120_K192_cod2.opb,0,0.0,3600.04,0,2.0,,0,0.791606856614727,3596.66,0,0.0057013300215171,3524.77,0,0.2142533250537929,3600.1,0,1.0,36.704466,-346235.0,0.0,0.0,0,0.0
normalized-BA_RDC4.dot_luby_50null0mast_rapportOE2.0_TMAX300_K67_cod2_pbEq1_newVersion_sequential.opb,0,0.0,3600.01,0,2.0,,0,0.087719298245614,1473.41,0,0.0350877192982456,3087.88,0,0.8596491228070176,3600.03,0,1.0,1836.998302,-641.0,-584.0,0.0,0,0.0
normalized-pb302075.lin.opb,0,0.0761722576040927,3600.02,0,0.1731568655980928,3600.07,0,0.0,793.992,0,0.0275793824511101,1428.31,0,0.0761019207831028,3600.22,0,1.0,5.581847,4283229.0,9046026.0,0.0,0,0.0
normalized-NG.dot_fibo_10null0mast_rapportOE1.0_TMAX180_K192_cod1.opb,0,0.0,3600.04,0,2.0,,0,0.936110480497558,275.746,0,0.8322877635746123,1835.69,0,2.0,,0,1.0,63.828055,-444893.0,0.0,0.0,0,0.0
normalized-BA_RDC4.dot_fibo_0null50mast_rapportOE2.0_TMAX120_K67_cod2_pbEq1_newVersion_binary.opb,0,0.0,3600.01,0,0.0463772324669667,3600.02,0,0.3642514883113111,2832.31,0,0.0309181549779778,3454.63,0,0.0559314650791346,3600.0,0,1.0,669.41707,-126184.0,-22879.0,0.0,0,0.0
normalized-BA_RDC4.dot_unif_20null0mast_rapportOE1.0_TMAX180_K67_cod2_pbEq1_newVersion_ladder.opb,0,0.0,3600.01,0,0.0486991327551701,3600.0,0,0.1148052189831981,3392.6,0,0.1074204508431977,2904.62,0,0.7859503234714615,3600.01,0,1.0,2.358261,-64457.0,0.0,0.0,0,0.0
normalized-single-obj-f4-DataDisplay_2_order9.seq-A-3-1-abcdeir.opb,1,0.0,218.95,1,0.0,31.44,0,0.0,7.1121,1,0.0,177.932,1,0.0,79.0,1,0.0,27.602856,87859328.0,87859328.0,0.0,1,0.0
normalized-BA_RDC4.dot_fibo_50null10mast_rapportOE1.0_TMAX300_K67_cod2_pbEq1_newVersion_ladder.opb,0,0.0,3600.01,0,0.283642934267645,3600.0,0,0.0569401291289306,3250.78,0,0.1490711971970648,3552.57,0,2.0,,0,1.0,216.256684,-533160.0,-397017.0,0.0,0,0.0
normalized-BA_RDC4.dot_unif_10null50mast_rapportOE1.0_TMAX300_K67_cod1.opb,0,0.0,3600.01,0,0.0869877021966054,3600.0,0,0.0635342240165741,3363.78,0,0.1399107546017158,2990.72,0,2.0,,0,1.0,12.600151,-75298.0,0.0,0.0,0,0.0
normalized-BA_RDC4.dot_luby_10null10mast_rapportOE2.0_TMAX120_K67_cod2_pbEq1_newVersion_sequential.opb,0,0.0,3600.01,1,0.0,3298.24,0,1.0,3224.25,1,0.0,404.106,1,0.0,633.153,0,0.7685185185185185,1008.565472,-2728.0,-2512.0,0.0,1,0.0
normalized-BA_RDC4.dot_fibo_50null0mast_rapportOE2.0_TMAX300_K67_cod2_pbEq1_newVersion.opb,0,0.0,3600.0,0,0.073536526366715,3600.0,0,0.0347192578047184,823.048,0,0.0949941660263524,2437.37,0,0.0949941660263524,3600.0,0,1.0,2147.937818,-222258.0,-187119.0,0.0,0,0.0
normalized-BA_RDC4.dot_luby_20null20mast_rapportOE1.0_TMAX120_K67_cod2.opb,0,0.0,3600.0,1,0.0,320.15,1,0.0,482.112,1,0.0,1168.99,0,2.0,,0,0.0,1846.991754,-5440.0,-5440.0,0.0,1,0.0
normalized-BA_RDC4.dot_fibo_0null0mast_rapportOE1.0_TMAX60_K67_cod2_pbEq1_newVersion_binary.opb,0,0.0174061842635887,3600.01,0,0.062976163227937,3600.0,0,0.0,1279.84,0,0.3189898527504387,3308.97,0,0.6698601619636181,3600.02,0,1.0,4.191804,-91749.0,0.0,0.0,0,0.0
normalized-BA_RDC4.dot_unif_50null0mast_rapportOE1.0_TMAX300_K67_cod2_pbEq1_newVersion_binary.opb,0,0.0348159879741228,3600.01,0,2.0,,0,0.0,1816.09,0,0.0726384452258878,3332.17,0,0.9938260005905564,3584.89,0,1.0,63.248546,-77665.0,-40412.0,0.0,0,0.0
normalized-BA_RDC4.dot_fibo_10null10mast_rapportOE2.0_TMAX15_K67_cod2_pbEq1_newVersion.opb,1,0.0,63.14,1,0.0,697.09,1,0.0,76.5817,1,0.0,197.965,1,0.0,283.35,1,0.0,1202.388837,-10946.0,-10946.0,0.0,1,0.0
normalized-j12053_8.std.opb,0,0.5333333333333333,3600.09,0,2.0,,0,0.0,561.932,0,0.2666666666666666,2361.34,0,2.0,,0,1.0,8.277985,142.0,157.0,0.0,0,0.0
normalized-BA_RDC4.dot_luby_0null20mast_rapportOE1.0_TMAX60_K67_cod2_pbEq1_newVersion_sequential.opb,1,0.0,26.12,1,0.0,2136.03,1,0.0,334.684,1,0.0,304.413,1,0.0,1477.15,0,1.0,3541.791216,-2568.0,-2560.0,0.0,1,0.0
normalized-BA_RDC4.dot_fibo_10null20mast_rapportOE1.0_TMAX120_K67_cod2.opb,1,0.0,259.33,1,0.0,436.53,0,0.01736209159012,3357.24,1,0.0,2883.12,0,0.1322650034051459,3600.0,0,1.0,3.0503,-240812.0,0.0,0.0,1,0.0
normalized-BA_RDC4.dot_luby_10null0mast_rapportOE1.0_TMAX300_K67_cod2_pbEq1_newVersion_binary.opb,0,0.0,3600.09,0,1.0,3600.01,0,0.0041025641025641,244.081,0,0.0092307692307692,2623.39,0,0.081025641025641,3600.01,0,0.3066666666666666,321.984828,-1007.0,-32.0,0.0,0,0.0
normalized-BA_RDC4.dot_fibo_50null20mast_rapportOE1.0_TMAX120_K67_cod2_pbEq1_newVersion_sequential.opb,1,0.0,2306.93,0,0.2360679579559727,3600.0,0,0.6986844714748462,3023.39,0,0.0,3591.56,0,1.0,3600.0,0,0.7236067957955973,983.821254,-236631.0,-221504.0,0.0,1,0.0
normalized-BA_RDC4.dot_luby_0null0mast_rapportOE2.0_TMAX60_K67_cod2_pbEq1_newVersion_product.opb,0,0.0,3600.01,0,0.0504587155963302,3155.0,0,0.0,2244.06,0,0.0642201834862385,2840.75,0,0.2637614678899082,3600.07,0,1.0,2.46737,-436.0,0.0,0.0,0,0.0
SMTI_50000_10_0.95_9.opb,1,0.0,1829.22,0,2.0,,1,0.0,544.814,1,0.0,216.72,1,0.0,978.64,0,2.0,,6.0,6.0,0.0,1,0.0
normalized-BA_RDC4.dot_luby_20null0mast_rapportOE2.0_TMAX60_K67_cod3.opb,1,0.0,2844.25,0,0.0115606936416184,3600.02,0,0.2196531791907514,2668.51,0,0.7398843930635838,3341.9,0,2.0,,0,1.0,972.521255,-364.0,-18.0,0.0,1,0.0
normalized-BA_RDC4.dot_unif_10null20mast_rapportOE1.0_TMAX180_K67_cod2_pbEq1_newVersion_product.opb,0,0.0096574559501754,3600.02,0,2.0,,0,0.0,3583.55,0,0.099432378099255,3414.8,0,0.3693484173597698,3600.01,0,1.0,2.338497,-50738.0,0.0,0.0,0,0.0
normalized-BA_RDC4.dot_unif_0null20mast_rapportOE1.0_TMAX300_K67_cod1.opb,0,0.0,3600.0,0,0.2534899988848224,3600.01,0,0.3288658644146838,3191.93,0,0.1688987114630115,2376.86,0,2.0,,0,1.0,12.078128,-98639.0,0.0,0.0,0,0.0
normalized-BA_RDC4.dot_unif_50null20mast_rapportOE2.0_TMAX60_K67_cod2_pbEq1_newVersion.opb,0,0.0,3600.0,0,0.0,3600.0,0,0.0,1525.76,0,0.0159058823529411,3452.48,0,2.0,,0,1.0,558.66662,-11534.0,-909.0,0.0,0,0.0
normalized-BA_RDC4.dot_fibo_10null0mast_rapportOE2.0_TMAX180_K67_cod2_pbEq1_newVersion.opb,0,0.0,3600.0,0,0.1118034001945615,3600.03,0,0.0875932274053828,619.252,0,0.1232338907675916,3191.85,0,0.3454914995135961,3600.0,0,1.0,2.955641,-172696.0,0.0,0.0,0,0.0
normalized-BA_RDC4.dot_luby_0null10mast_rapportOE2.0_TMAX120_K67_cod3.opb,0,0.0,3600.0,1,0.0,1903.69,0,0.4907975460122699,1196.02,0,0.593558282208589,3536.96,0,2.0,,0,1.0,81.789777,-2624.0,-16.0,0.0,1,0.0
normalized-BA_RDC4.dot_fibo_10null50mast_rapportOE1.0_TMAX15_K67_cod2_pbEq1_newVersion_sequential.opb,1,0.0,26.4,1,0.0,1956.66,1,0.0,368.719,1,0.0,1743.7,1,0.0,1038.24,1,0.0,158.98673,-15161.0,-15161.0,0.0,1,0.0
normalized-NG.dot_luby_50null20mast_rapportOE2.0_TMAX15_K192_cod1.opb,1,0.0,780.66,0,1.0,3600.94,0,2.0,,1,0.0,2117.82,0,2.0,,0,1.0,97.263906,-1120.0,0.0,0.0,1,0.0
normalized-BA_RDC4.dot_luby_0null50mast_rapportOE1.0_TMAX15_K67_cod2_pbEq1_newVersion_product.opb,1,0.0,23.07,1,0.0,1095.71,1,0.0,183.044,1,0.0,481.935,1,0.0,507.981,1,0.0,74.796712,-384.0,-384.0,0.0,1,0.0
normalized-BA_RDC4.dot_unif_20null10mast_rapportOE2.0_TMAX300_K67_cod2_pbEq1_newVersion_sequential.opb,0,0.0,3600.01,0,2.0,,0,0.0040922111580957,2075.38,0,0.0888616074811682,3587.71,0,0.3979751132936237,3600.0,0,1.0,2.829954,-65979.0,0.0,0.0,0,0.0
normalized-BA_RDC4.dot_luby_10null10mast_rapportOE2.0_TMAX60_K67_cod2_pbEq1_newVersion.opb,1,0.0,1387.49,1,0.0,418.54,1,0.0,811.492,1,0.0,275.132,1,0.0,447.814,0,1.0,1212.280352,-1136.0,-1024.0,0.0,1,0.0
normalized-mps-v2-20-10-neos19.opb,0,0.081081081081081,3600.07,0,2.0,,0,0.0,3013.42,0,1.0,3451.42,0,0.4324324324324324,3559.83,0,2.0,,-1584.0,-1399.0,0.0,0,0.0
normalized-BA_RDC4.dot_unif_20null50mast_rapportOE1.0_TMAX300_K67_cod2_pbEq1_newVersion.opb,0,0.0,3600.01,0,0.0374968254679633,3600.0,0,0.2019450544525612,338.587,0,0.0617427807406743,3554.94,0,0.1344955855330973,3600.0,0,1.0,2.866097,-66939.0,0.0,0.0,0,0.0
normalized-BA_RDC4.dot_unif_50null20mast_rapportOE2.0_TMAX15_K67_cod1.opb,1,0.0,45.76,1,0.0,203.49,1,0.0,52.3516,1,0.0,163.675,1,0.0,88.61,0,1.0,14.121832,-1687.0,0.0,0.0,1,0.0
normalized-BA_RDC4.dot_unif_0null20mast_rapportOE1.0_TMAX15_K67_cod3.opb,1,0.0,55.37,1,0.0,611.39,1,0.0,1052.48,1,0.0,353.155,1,0.0,154.09,0,1.0,13.829804,-4539.0,0.0,0.0,1,0.0
normalized-BA_RDC4.dot_luby_20null0mast_rapportOE1.0_TMAX120_K67_cod2_pbEq1_newVersion_sequential.opb,0,0.0,3600.01,0,0.5357142857142857,3600.01,0,0.1428571428571428,1722.32,0,0.3571428571428571,2727.41,0,1.0,3600.04,0,0.8035714285714286,3293.4543,-704.0,-480.0,0.0,0,0.0
normalized-NG.dot_luby_50null50mast_rapportOE1.0_TMAX300_K192_cod1.opb,0,0.0,3600.04,0,0.9250225835591688,3600.03,0,1.0,860.407,0,0.7749945067018238,1681.05,0,2.0,,0,2.0,,-60416.0,-19457.0,0.0,0,0.0
normalized-frb53-24-5.opb,0,0.0,3600.0,0,0.0,3600.0,0,0.25,285.088,0,0.25,2669.03,0,1.0,3600.01,0,0.125,7.981973,-47.0,-39.0,0.0,0,0.0
normalized-domset_opt_hexgrid_nrowsdiv30add5_ncols_330.opb,1,0.8489717223650386,182.15,1,0.8489717223650386,396.9,0,0.8496143958868895,6.00578,0,0.8496143958868895,10.6315,1,0.0,298.818,0,1.0,2208.783229,0.0,1556.0,0.0,1,0.0
normalized-minisat100_16_6_3_ic.opb,0,0.0,3600.12,0,2.0,,0,0.6372544620259141,2581.2,0,1.0,3318.48,0,0.3158187466173736,3600.0,0,2.0,,18855669.0,537114201.0,0.0,0,0.0
normalized-BA_RDC4.dot_fibo_20null50mast_rapportOE1.0_TMAX300_K67_cod2_pbEq1_newVersion.opb,1,0.0,1235.99,1,0.0,1216.4,0,0.0307401811486332,3211.98,0,0.2182364994276416,420.752,0,0.0148845014273136,3600.09,0,1.0,3.036302,-628103.0,0.0,0.0,1,0.0
normalized-clique-coloring-max-clique-n=12-t=10.opb,1,0.6666666666666666,9.93,0,0.6666666666666666,3600.0,0,0.6666666666666666,10.4946,0,0.6666666666666666,0.77924,1,0.0,490.12,0,1.0,0.074862,0.0,3.0,0.0,1,0.0
normalized-j909_7.std.opb,0,1.0,3600.01,0,2.0,,0,0.0,3268.95,0,0.1666666666666666,2968.68,0,2.0,,0,1.0,77.353097,112.0,118.0,0.0,0,0.0
normalized-j9029_5.std.opb,0,0.0171428571428571,3600.05,0,1.0,3600.0,0,0.0,2288.81,0,0.0228571428571428,2903.68,0,2.0,,0,0.0228571428571428,505.139115,125.0,300.0,0.0,0,0.0
normalized-BA_RDC4.dot_luby_20null50mast_rapportOE2.0_TMAX120_K67_cod2_pbEq1_newVersion_sequential.opb,1,0.0,94.91,1,0.0,2010.27,1,0.0,45.8893,1,0.0,189.651,1,0.0,554.962,0,1.0,1547.676357,-2828.0,-768.0,0.0,1,0.0
normalized-domset_opt_hexgrid_nrowsdiv30add5_ncols_370.opb,0,0.0,3600.0,0,0.0,3600.0,0,0.5,2362.1,0,0.1756756756756756,3508.8,0,2.0,,0,1.0,0.176189,1574.0,2018.0,0.0,0,0.0
normalized-j6025_8.std.opb,0,1.0,3600.01,0,2.0,,0,0.0,2511.95,0,0.0,2301.25,0,2.0,,1,0.0,1165.653069,99.0,102.0,0.0,1,0.0
normalized-BA_RDC4.dot_luby_20null10mast_rapportOE1.0_TMAX120_K67_cod3.opb,0,0.0,3600.0,1,0.0,557.17,0,0.2415026833631484,3547.73,0,0.4194991055456171,2350.76,0,2.0,,0,1.0,1579.015147,-4984.0,-512.0,0.0,1,0.0
normalized-BA_RDC4.dot_unif_10null50mast_rapportOE1.0_TMAX60_K67_cod2_pbEq1_newVersion_binary.opb,0,0.0,3600.02,0,0.3087741636763514,3600.0,0,0.0230929505729829,3048.56,0,0.1263456418566964,3372.9,0,0.352239842574372,3600.0,0,1.0,376.481844,-17500.0,-222.0,0.0,0,0.0
normalized-BA_RDC4.dot_unif_20null0mast_rapportOE1.0_TMAX300_K67_cod3.opb,0,0.0,3600.0,0,0.0479917369452253,3600.0,0,0.0293040293040293,3570.96,0,0.0425291762501064,1793.94,0,0.236689666922225,3600.04,0,1.0,29.479373,-93912.0,0.0,0.0,0,0.0
normalized-BA_RDC4.dot_unif_0null20mast_rapportOE2.0_TMAX300_K67_cod2_pbEq1_newVersion_product.opb,0,0.1266346773615985,3600.01,0,2.0,,0,0.0,3392.64,0,0.36704146673351,3526.18,0,0.5971352861132995,3600.04,0,1.0,6.352942,-69815.0,0.0,0.0,0,0.0
normalized-BA_RDC4.dot_unif_50null50mast_rapportOE1.0_TMAX180_K67_cod2_pbEq1_newVersion_product.opb,1,0.0,79.12,1,0.0,1295.26,1,0.0,25.5909,1,0.0,358.111,1,0.0,423.289,0,1.0,1431.304527,-33.0,-28.0,0.0,1,0.0
normalized-BA_RDC4.dot_unif_20null0mast_rapportOE1.0_TMAX60_K67_cod2_pbEq1_newVersion.opb,1,0.0,632.82,1,0.0,799.7,0,0.0,915.518,0,0.129600379087032,3424.39,0,0.6559390301690097,3600.03,0,1.0,2.778929,-25324.0,0.0,0.0,1,0.0
normalized-comppebvc_opt_200.opb,0,0.0,3600.02,0,0.0678733031674208,2420.0,0,1.0,1782.67,0,0.0,350.452,0,2.0,,1,0.0,6.242707,20201.0,21748.0,0.0,1,0.0
normalized-BA_RDC4.dot_luby_0null0mast_rapportOE2.0_TMAX300_K67_cod2_pbEq1_newVersion_binary.opb,0,0.2421340629274966,3600.03,0,1.0,3600.0,0,0.0,2950.38,0,0.0191518467852257,1824.39,0,0.13406292749658,3600.01,0,0.5526675786593708,492.435677,-1018.0,-287.0,0.0,0,0.0
normalized-BA_RDC4.dot_fibo_10null10mast_rapportOE2.0_TMAX60_K67_cod3.opb,0,0.0,3600.0,0,0.0230623709330368,3600.0,0,0.2415122676794662,2571.84,0,0.1723251548803558,2967.7,0,2.0,,0,1.0,14.945648,-69247.0,0.0,0.0,0,0.0
normalized-Generated_notes_20140709_1000_0.10-026.opb,1,0.0,8.79,1,0.0,141.57,0,0.8455312853537551,3140.38,0,1.0,2662.91,1,0.0,130.25,0,2.0,,-123235.0,-77271.0,0.0,1,0.0
normalized-j12036_7.std.opb,0,2.0,,0,2.0,,0,0.0,3425.46,0,0.05,2850.33,0,2.0,,0,1.0,8.444276,220.0,300.0,0.0,0,0.0
normalized-mult_diagcomm_opt_less_teq_nbits_46.opb,1,0.0,1.02,1,0.0,109.48,0,0.0,28.1503,0,0.0,0.253802,0,2.0,,0,0.0,0.495286,0.0,0.0,0.0,1,0.0
normalized-j12054_9.std.opb,0,0.0105263157894736,3600.01,0,1.0,3600.0,0,0.0,1010.53,0,0.0,958.982,0,2.0,,0,0.0,389.78539,110.0,300.0,0.0,0,0.0
normalized-BA_RDC4.dot_unif_10null20mast_rapportOE2.0_TMAX180_K67_cod2_pbEq1_newVersion_sequential.opb,0,0.0,3600.02,0,2.0,,0,0.0395816785808843,3036.44,0,0.0020960197687759,3071.37,0,0.5862236342776453,3600.01,0,1.0,2.568788,-45324.0,0.0,0.0,0,0.0
normalized-BA_RDC4.dot_fibo_10null10mast_rapportOE1.0_TMAX60_K67_cod3.opb,1,0.0,1084.28,1,0.0,1070.98,0,0.2126721413890825,2838.91,0,0.7171403478591541,3525.21,0,2.0,,0,1.0,16.638895,-110447.0,0.0,0.0,1,0.0
normalized-vertexcover_opt_grid_oddrowoddcolsquare_dim_071.opb,0,0.9793103448275862,3600.0,0,0.9793103448275862,3600.0,0,1.0,3331.23,0,0.9816091954022989,1669.74,1,0.0,299.095,1,0.9793103448275862,30.355965,0.0,2610.0,0.0,1,0.0
normalized-BA_RDC4.dot_unif_20null10mast_rapportOE2.0_TMAX60_K67_cod3.opb,1,0.0,1512.14,0,0.0,3600.0,0,0.015248375602599,2311.78,0,0.7138964577656676,518.739,0,2.0,,0,1.0,33.460915,-19084.0,0.0,0.0,1,0.0
normalized-NG.dot_unif_20null20mast_rapportOE2.0_TMAX15_K192_cod1.opb,1,0.0,1317.62,1,0.0,819.59,0,1.0,349.499,0,0.0977871637131576,1466.61,0,2.0,,0,2.0,,-11819.0,-928.0,0.0,1,0.0
normalized-BA_RDC4.dot_unif_20null20mast_rapportOE1.0_TMAX300_K67_cod2_pbEq1_newVersion_product.opb,0,0.0797756205703537,3600.01,0,2.0,,0,0.0,3154.54,0,0.2412638697614009,3581.39,0,1.0,3600.05,0,1.0,2.839124,-89313.0,0.0,0.0,0,0.0
normalized-BA_RDC4.dot_unif_50null20mast_rapportOE1.0_TMAX15_K67_cod2.opb,1,0.0,5.97,1,0.0,423.45,1,0.0,88.5829,1,0.0,245.102,1,0.0,149.7,1,0.0,532.621243,-4173.0,-4173.0,0.0,1,0.0
normalized-NG.dot_luby_10null10mast_rapportOE1.0_TMAX120_K192_cod2.opb,1,0.0,77.27,0,0.0094086021505376,3600.02,0,0.9758064516129032,1545.84,1,0.0,1114.91,0,2.0,,0,1.0,31.727086,-23808.0,0.0,0.0,1,0.0
normalized-j12012_4.std.opb,0,0.9064327485380116,3600.02,0,1.0,2788.0,0,0.0,1168.04,0,0.023391812865497,2654.09,0,2.0,,0,0.0116959064327485,1745.290336,129.0,300.0,0.0,0,0.0
normalized-BA_RDC4.dot_unif_20null10mast_rapportOE1.0_TMAX120_K67_cod2_pbEq1_newVersion.opb,0,0.0,3600.01,0,0.0428339777971809,3600.0,0,0.0136709492328801,2094.48,0,0.1652238992141698,3573.33,0,0.501184981913434,3600.01,0,1.0,2.711775,-40085.0,0.0,0.0,0,0.0
normalized-BA_RDC4.dot_fibo_20null0mast_rapportOE2.0_TMAX15_K67_cod1.opb,1,0.0,61.46,1,0.0,116.2,1,0.0,588.68,1,0.0,667.667,1,0.0,167.07,0,1.0,14.763762,-14517.0,0.0,0.0,1,0.0
normalized-clique-coloring-max-clique-n=17-t=4.opb,1,0.0,110.9,0,0.0,3600.0,0,0.0,10.2432,0,0.0,2756.88,0,2.0,,0,1.0,0.261628,13.0,17.0,0.0,1,0.0
normalized-BA_RDC4.dot_luby_0null10mast_rapportOE1.0_TMAX60_K67_cod2_pbEq1_newVersion.opb,1,0.0,24.67,1,0.0,251.57,0,1.0,1021.63,1,0.0,365.707,1,0.0,214.17,0,0.0,2268.300791,-2496.0,-1664.0,0.0,1,0.0
SMTI_25000_10_0.85_1.opb,0,2.0,,0,2.0,,1,0.0,321.53,1,0.0,224.59,1,0.0,676.307,0,1.0,2441.794057,2.0,8.0,0.0,1,0.0
normalized-domset_opt_hexgrid_nrowsdiv30add5_ncols_480.opb,1,0.0,267.08,1,0.0,103.87,0,0.605121293800539,3302.76,0,0.9380053908355797,2235.59,1,0.0,107.18,0,1.0,0.362828,2520.0,3262.0,0.0,1,0.0
normalized-BA_RDC4.dot_unif_0null50mast_rapportOE2.0_TMAX120_K67_cod2_pbEq1_newVersion.opb,0,0.012527197204457,3600.01,0,0.0794158370145711,3600.0,0,0.0,3549.82,0,0.0514274411551394,2884.43,0,0.5773719258917387,3600.0,0,1.0,1081.43235,-31235.0,-901.0,0.0,0,0.0
normalized-BA_RDC4.dot_fibo_50null50mast_rapportOE1.0_TMAX180_K67_cod1.opb,1,0.0,20.38,1,0.0,668.47,1,0.0,1207.11,1,0.0,1482.27,1,0.0,278.0,0,0.0,813.836377,-33.0,-33.0,0.0,1,0.0
normalized-maxcut_opt_complete_5-partite_block_nvert_67.opb,0,0.0,3600.06,0,0.0371517027863777,3600.01,0,0.0,631.015,0,0.0371517027863777,2290.31,0,0.0588235294117647,3600.0,0,1.0,1.546944,-1092.0,-769.0,0.0,0,0.0
normalized-j12047_6.std.opb,0,1.0,3600.04,0,2.0,,0,0.0,906.596,0,0.0,2539.75,0,2.0,,0,0.2,31.804796,141.0,161.0,0.0,0,0.0
normalized-vertexcover_opt_grid_evenrowoddcolsquare_dim_130.opb,0,0.0,3600.0,0,0.0,3600.0,0,1.0,2955.74,1,0.0,106.033,1,0.0,305.484,0,0.0,0.774341,8580.0,12984.0,0.0,1,0.0
normalized-BA_RDC4.dot_unif_20null20mast_rapportOE1.0_TMAX60_K67_cod1.opb,1,0.0,917.34,1,0.0,578.93,0,0.1562077360021639,3326.91,0,0.0735731674330538,2195.43,0,2.0,,0,1.0,21.101539,-22182.0,0.0,0.0,1,0.0
normalized-BA_RDC4.dot_luby_10null20mast_rapportOE1.0_TMAX60_K67_cod2_pbEq1_newVersion.opb,1,0.0,727.5,1,0.0,335.87,1,0.0,480.56,1,0.0,181.004,0,0.0,3600.01,0,0.0,3165.956999,-2512.0,-2512.0,0.0,1,0.0
normalized-NG.dot_fibo_0null20mast_rapportOE1.0_TMAX300_K192_cod1.opb,0,0.0380919555503878,3600.34,0,0.0,3600.03,0,0.3992035280633855,606.72,0,0.2605144261913858,2782.26,0,2.0,,0,1.0,91.972716,-240812.0,0.0,0.0,0,0.0
normalized-j1207_9.std.opb,0,0.0380952380952381,3600.01,0,1.0,3600.01,0,0.0,1427.69,0,0.0095238095238095,953.192,0,2.0,,0,0.0238095238095238,13.874793,90.0,300.0,0.0,0,0.0
normalized-ped3.G.recomb10-0.10-9.opb,0,0.0,3600.03,0,1.0,3600.12,0,0.0037457255780323,3396.34,1,0.0,119.346,1,0.0,530.24,1,0.0,46.745549,15407.0,199350.0,0.0,1,0.0
normalized-neos-5052403-cygnet.opb,1,0.0,108.78,0,0.0136986301369863,3600.07,0,0.6712328767123288,3581.39,0,0.4246575342465753,2944.25,0,0.273972602739726,3587.18,0,1.0,36.057519,182.0,255.0,0.0,1,0.0
normalized-single-obj-f4-DataDisplay_2_order9.seq-B-3-combined-abcdeir.opb,1,0.0,24.93,1,0.0,148.98,1,0.0,125.582,1,0.0,546.614,1,0.0,104.97,1,0.0,10.855222,739338.0,739338.0,0.0,1,0.0
normalized-frb45-21-5.opb,0,0.25,3600.02,0,0.375,3600.0,0,1.0,138.666,0,0.875,815.016,0,2.0,,1,0.0,3184.170367,-45.0,-37.0,0.0,1,0.0
normalized-NG.dot_fibo_0null20mast_rapportOE2.0_TMAX180_K192_cod2.opb,0,0.0,3600.03,0,2.0,,0,0.4951454125756319,3570.47,0,0.0901699427094384,3587.97,0,0.4017540813898909,3600.0,0,1.0,33.501308,-311046.0,0.0,0.0,0,0.0
normalized-BA_RDC4.dot_luby_50null0mast_rapportOE1.0_TMAX180_K67_cod2_pbEq1_newVersion_binary.opb,0,0.0314814814814814,3526.0,0,1.0,3600.92,0,0.0,2279.08,0,0.0148148148148148,1138.47,0,0.1555555555555555,3600.0,0,0.4018518518518518,109.148014,-540.0,0.0,0.0,0,0.0
normalized-BA_RDC4.dot_unif_0null0mast_rapportOE1.0_TMAX180_K67_cod2.opb,0,0.0,3600.0,0,0.0429401257401651,3600.29,0,0.0404647041449246,3572.21,0,0.0807324997538643,3417.12,0,0.3926074909633046,3600.01,0,1.0,3.246197,-71099.0,0.0,0.0,0,0.0
normalized-single-obj-f4-DataDisplay_2_order9.seq-B-3-combined-EDCBAir.opb,1,0.0,242.7,1,0.0,1798.23,0,0.0,14.91,1,0.0,171.203,0,2.0,,1,0.0,21.063135,-21647872.0,-21647872.0,0.0,1,0.0
normalized-j12035_3.std.opb,1,0.0,271.9,0,1.0,3600.0,1,0.0,453.692,1,0.0,109.408,1,0.0,367.468,1,0.0,56.351267,77.0,86.0,0.0,1,0.0
normalized-sep5.5.opb,0,0.0,3600.01,0,2.0,,0,0.1363636363636363,1796.15,0,0.1818181818181818,684.873,0,1.0,3600.0,0,0.0909090909090909,506.32809,101.0,211.0,0.0,0,0.0
normalized-ii32d3.opb,1,0.0,138.94,1,0.0,815.95,1,0.0,237.222,1,0.0,199.601,1,0.0,375.895,1,0.0,0.453449,802.0,802.0,0.0,1,0.0
normalized-BA_RDC4.dot_luby_20null0mast_rapportOE1.0_TMAX180_K67_cod2_pbEq1_newVersion_ladder.opb,0,0.0,3600.04,0,0.1839622641509433,3600.0,0,0.0283018867924528,2983.83,0,0.0,1608.87,0,0.8867924528301887,3600.03,0,1.0,320.099383,-812.0,-600.0,0.0,0,0.0
normalized-BA_RDC4.dot_unif_20null0mast_rapportOE2.0_TMAX15_K67_cod2_pbEq1_newVersion_sequential.opb,1,0.0,20.74,1,0.0,1245.12,1,0.0,178.053,1,0.0,1008.11,1,0.0,729.474,1,0.0,1898.478165,-3289.0,-3289.0,0.0,1,0.0
normalized-BA_RDC4.dot_luby_0null0mast_rapportOE2.0_TMAX60_K67_cod1.opb,1,0.0,971.44,1,0.0,2771.65,0,0.0,803.683,0,0.04177545691906,3581.42,0,0.1749347258485639,3600.04,0,1.0,41.02093,-388.0,-5.0,0.0,1,0.0
normalized-BA_RDC4.dot_unif_50null0mast_rapportOE1.0_TMAX120_K67_cod2_pbEq1_newVersion_binary.opb,0,0.0,3600.02,0,1.0,3600.01,0,0.0,1062.71,0,0.3086886564762671,3388.69,0,2.0,,0,1.0,7.553112,-37290.0,0.0,0.0,0,0.0
normalized-NG.dot_fibo_20null10mast_rapportOE1.0_TMAX60_K192_cod1.opb,0,0.0,3600.09,0,2.0,,0,0.7709574722844384,1455.31,0,1.0,2403.83,0,2.0,,0,2.0,,-188433.0,-46455.0,0.0,0,0.0
normalized-BA_RDC4.dot_unif_0null20mast_rapportOE2.0_TMAX120_K67_cod2_pbEq1_newVersion_binary.opb,0,0.0,3600.37,0,0.157576793753918,3600.02,0,0.034022909899128,3474.69,0,0.264005243061492,3514.44,0,0.6868410554510742,3600.0,0,1.0,3.24059,-35094.0,0.0,0.0,0,0.0
normalized-BA_RDC4.dot_fibo_0null20mast_rapportOE2.0_TMAX120_K67_cod2_pbEq1_newVersion_sequential.opb,0,0.0,3600.01,0,0.033076822746837,3600.0,0,0.3410808225729316,2009.16,0,0.2512064692839442,3377.02,0,2.0,,0,1.0,174.506395,-123600.0,-8595.0,0.0,0,0.0
normalized-NG.dot_unif_20null0mast_rapportOE2.0_TMAX180_K192_cod2.opb,0,0.0,3600.03,0,2.0,,0,0.5524000598145749,3584.86,0,0.1277165786063204,3599.22,0,0.9131068687070084,3600.0,0,1.0,33.107914,-80248.0,0.0,0.0,0,0.0
normalized-maxcut_opt_complete_6-partite_block_nvert_45.opb,1,0.0,816.4,1,0.0,569.78,0,0.04,21.1515,0,0.04,3354.7,0,0.04,3600.0,0,1.0,0.410012,-506.0,-456.0,0.0,1,0.0
normalized-mps-v2-20-10-degen2.opb,1,0.0,0.18,1,0.0,1446.39,0,2.0,,0,2.0,,0,2.0,,0,2.0,,-146962220.0,-146962220.0,0.0,1,0.0
normalized-injcomp_opt_4layers_maxfirst_lastlayerdiv2_size_14.opb,1,0.0,0.85,1,0.0,436.83,0,0.0,11.1862,0,0.0,775.15,0,2.0,,0,1.0,1201.11286,-7.0,-3.0,0.0,1,0.0
normalized-BA_RDC4.dot_fibo_50null50mast_rapportOE1.0_TMAX180_K67_cod2_pbEq1_newVersion_product.opb,1,0.0,69.7,1,0.0,1493.88,1,0.0,620.659,1,0.0,263.643,1,0.0,568.715,0,1.0,1784.401848,-33.0,-31.0,0.0,1,0.0
normalized-j12034_2.std.opb,0,0.1428571428571428,3600.01,0,1.0,3600.01,0,0.0,125.459,0,0.0714285714285714,552.973,0,2.0,,0,0.0714285714285714,34.143935,106.0,120.0,0.0,0,0.0
normalized-NG.dot_luby_20null50mast_rapportOE1.0_TMAX15_K192_cod1.opb,1,0.0,1149.33,0,2.0,,0,1.0,3188.88,0,0.1023215821152192,1884.39,0,2.0,,0,2.0,,-2336.0,-10.0,0.0,1,0.0
normalized-BA_RDC4.dot_luby_50null10mast_rapportOE2.0_TMAX120_K67_cod2_pbEq1_newVersion.opb,0,0.0,3600.01,1,0.0,362.91,0,1.0,3090.83,1,0.0,2164.64,1,0.0,471.735,0,0.0886075949367088,1933.595481,-2676.0,-2360.0,0.0,1,0.0
normalized-BA_RDC4.dot_luby_20null10mast_rapportOE1.0_TMAX60_K67_cod2_pbEq1_newVersion.opb,1,0.0,322.13,1,0.0,454.5,1,0.0,934.03,1,0.0,82.608,1,0.0,390.804,0,1.0,3435.576884,-2496.0,-2432.0,0.0,1,0.0
normalized-BA_RDC4.dot_luby_0null50mast_rapportOE2.0_TMAX60_K67_cod1.opb,1,0.0,64.95,1,0.0,970.73,0,0.9436893203883496,2582.64,0,0.9631067961165048,3185.89,1,0.0,1868.11,0,1.0,54.300472,-1286.0,-256.0,0.0,1,0.0
normalized-NG.dot_luby_50null50mast_rapportOE1.0_TMAX180_K192_cod2.opb,0,0.0,3600.04,0,2.0,,0,0.1142578125,3349.15,1,0.0,1550.73,1,0.0,1936.36,0,1.0,32.006092,-35840.0,0.0,0.0,1,0.0
normalized-BA_RDC4.dot_unif_0null20mast_rapportOE1.0_TMAX180_K67_cod2_pbEq1_newVersion_sequential.opb,0,0.0,3600.01,0,2.0,,0,0.044001384961625,2000.87,0,0.1427664608459807,3304.22,0,0.5232702406370824,3600.01,0,1.0,2.346689,-69316.0,0.0,0.0,0,0.0
normalized-BA_RDC4.dot_luby_50null20mast_rapportOE2.0_TMAX300_K67_cod2_pbEq1_newVersion.opb,0,0.0,3600.0,1,0.0,1551.32,0,0.0176978818283166,675.658,0,0.0543478260869565,3306.66,0,0.0,3600.01,0,1.0,2.887867,-7176.0,0.0,0.0,1,0.0
normalized-mps-v2-20-10-markshare1.opb,0,0.0,3600.0,0,0.0857142857142857,3600.02,0,0.0571428571428571,912.057,0,0.0571428571428571,34.4208,0,0.2571428571428571,3600.0,0,1.0,263.494906,5120.0,40960.0,0.0,0,0.0
normalized-vertexcover_opt_grid_evenrowoddcolsquare_dim_140.opb,0,0.0,3600.0,0,0.0,2715.0,0,1.0,2551.42,1,0.0,310.3,1,0.0,300.313,0,0.0,0.919941,9940.0,13507.0,0.0,1,0.0
normalized-maxcut_opt_complete_6-partite_block_nvert_60.opb,0,0.0,3600.01,0,0.4782608695652174,3600.01,0,0.0,65.7738,0,0.0,3453.51,0,0.391304347826087,3600.01,0,1.0,107.099822,-900.0,-854.0,0.0,0,0.0
normalized-BA_RDC4.dot_luby_50null20mast_rapportOE1.0_TMAX120_K67_cod1.opb,1,0.0,728.68,1,0.0,384.49,0,0.3816964285714285,3298.31,0,0.5706845238095238,2791.22,0,2.0,,0,1.0,3116.942577,-5408.0,-32.0,0.0,1,0.0
normalized-BA_RDC4.dot_unif_10null20mast_rapportOE1.0_TMAX120_K67_cod2.opb,0,0.0,3600.01,0,0.0667251570003694,3600.01,0,0.0950314000738825,1984.13,0,0.1486424085703731,2885.1,0,0.5152151828592538,3600.01,0,1.0,2.712522,-43312.0,0.0,0.0,0,0.0
normalized-BA_RDC4.dot_unif_10null0mast_rapportOE2.0_TMAX15_K67_cod1.opb,1,0.0,121.92,1,0.0,241.53,1,0.0,2781.52,1,0.0,200.002,1,0.0,233.32,0,1.0,15.950888,-3285.0,0.0,0.0,1,0.0
normalized-NG.dot_fibo_0null0mast_rapportOE2.0_TMAX60_K192_cod1.opb,0,0.0,3600.04,0,2.0,,0,0.9024330602763174,1087.83,0,0.7238415454212006,3277.19,0,2.0,,0,1.0,100.316614,-163580.0,0.0,0.0,0,0.0
normalized-BA_RDC4.dot_luby_0null20mast_rapportOE1.0_TMAX300_K67_cod2_pbEq1_newVersion_binary.opb,0,0.0,3600.01,0,0.0766423357664233,3600.0,0,0.0778588807785888,1962.26,0,0.1128345498783455,3427.25,0,1.0,3600.05,0,0.3333333333333333,97.844091,-13344.0,-192.0,0.0,0,0.0
normalized-NG.dot_unif_0null20mast_rapportOE1.0_TMAX180_K192_cod1.opb,0,0.0,3600.03,0,2.0,,0,0.9044304855151531,687.263,0,0.9460418571274096,1504.67,0,2.0,,0,1.0,90.983246,-101727.0,0.0,0.0,0,0.0
normalized-clique-coloring-max-clique-n=15-t=3.opb,1,0.0,25.62,0,0.0,3600.0,0,0.0,11.1821,0,0.0,3405.66,0,2.0,,0,1.0,0.167173,12.0,15.0,0.0,1,0.0
normalized-BA_RDC4.dot_fibo_0null50mast_rapportOE2.0_TMAX300_K67_cod2_pbEq1_newVersion_sequential.opb,0,0.0,3600.01,0,0.0,3600.0,0,0.1014340444639769,3300.57,0,0.1312072660800555,3549.69,0,0.1292646342278993,3600.0,0,1.0,370.751627,-336132.0,-22125.0,0.0,0,0.0
normalized-BA_RDC4.dot_fibo_0null0mast_rapportOE1.0_TMAX120_K67_cod2_pbEq1_newVersion_ladder.opb,0,0.0,3600.01,0,0.0660709053618517,3600.0,0,0.1225021974802226,3549.4,0,0.0894667447992968,2942.51,0,0.5219064361754078,3600.0,0,1.0,2.211449,-204780.0,0.0,0.0,0,0.0
normalized-BA_RDC4.dot_fibo_20null50mast_rapportOE1.0_TMAX120_K67_cod2_pbEq1_newVersion_sequential.opb,1,0.0,21.81,1,0.0,2591.68,0,0.1354833886781763,3372.32,0,0.4761335200893911,3438.6,0,0.1040666656174753,3600.05,0,1.0,330.533206,-254342.0,-178.0,0.0,1,0.0
Init-x2-i6_pp_82.opb,0,2.0,,0,2.0,,1,0.0,528.798,1,0.0,160.999,1,0.0,581.117,0,2.0,,688.0,688.0,0.0,1,0.0
normalized-BA_RDC4.dot_fibo_50null20mast_rapportOE2.0_TMAX60_K67_cod1.opb,0,0.0,3600.01,1,0.0,399.18,0,0.3212891525527925,2726.39,0,0.9950511788030616,3416.76,0,2.0,,0,1.0,70.697062,-66663.0,-1597.0,0.0,1,0.0
SMTI_25000_5_0.75_3.opb,1,0.0,679.81,0,0.4545454545454545,3600.03,1,0.0,98.8948,1,0.0,86.0574,1,0.0,401.058,0,1.0,551.080488,440.0,484.0,0.0,1,0.0
normalized-BA_RDC4.dot_fibo_20null10mast_rapportOE2.0_TMAX300_K67_cod1.opb,0,0.0,3600.0,0,0.0193011928789838,3600.0,0,0.0921157588136474,418.92,0,0.1594010224677004,2585.26,0,2.0,,0,1.0,14.131337,-330964.0,0.0,0.0,0,0.0
normalized-NG.dot_luby_20null10mast_rapportOE2.0_TMAX60_K192_cod2.opb,0,0.0,3600.05,0,0.037593984962406,3600.03,0,0.2161654135338346,3082.55,0,0.0,2470.9,1,0.0,1515.43,0,1.0,31.609309,-5320.0,0.0,0.0,1,0.0
normalized-BA_RDC4.dot_fibo_10null20mast_rapportOE1.0_TMAX120_K67_cod1.opb,1,0.0,127.08,1,0.0,347.91,0,0.2982866302343737,3407.65,0,0.6660216268292278,2453.15,0,2.0,,0,1.0,15.997727,-240812.0,0.0,0.0,1,0.0
normalized-sporttournament32.lin.opb,0,0.0,3600.0,0,0.0,3600.0,0,0.3582089552238806,2857.47,0,0.1343283582089552,2364.98,0,0.582089552238806,3600.0,0,1.0,0.084909,-239.0,-172.0,0.0,0,0.0
normalized-BA_RDC4.dot_fibo_0null0mast_rapportOE1.0_TMAX60_K67_cod2_pbEq1_newVersion_sequential.opb,0,0.0,3600.03,0,0.0,3600.01,0,0.0655157004436015,140.523,0,0.1085461421922854,3392.65,0,0.5990583003629467,3600.08,0,1.0,2.432419,-91749.0,0.0,0.0,0,0.0
normalized-comppebphp_opt_pyrheightequalsnholes_35.opb,0,0.0,3600.13,0,0.0,3455.0,0,0.0,753.878,1,0.0,117.351,1,0.0,412.349,0,2.0,,666.0,666.0,0.0,1,0.0
normalized-NG.dot_fibo_20null10mast_rapportOE1.0_TMAX15_K192_cod1.opb,1,0.0,944.97,1,0.0,1029.49,0,0.97936562727726,3555.13,0,1.0,2657.06,0,2.0,,0,2.0,,-65676.0,-13530.0,0.0,1,0.0
normalized-BA_RDC4.dot_fibo_0null50mast_rapportOE1.0_TMAX60_K67_cod2_pbEq1_newVersion_sequential.opb,1,0.0,17.17,1,0.0,967.79,1,0.0,1902.46,1,0.0,1203.84,0,1.0,3600.0,0,0.0,2030.761177,-116225.0,0.0,0.0,1,0.0
normalized-NG.dot_luby_20null0mast_rapportOE2.0_TMAX180_K192_cod1.opb,0,0.4676564156945917,3600.28,0,2.0,,0,1.0,1548.57,0,0.0,1186.6,0,0.5121951219512195,668.82,0,2.0,,-1763.0,-820.0,0.0,0,0.0
normalized-BA_RDC4.dot_fibo_50null20mast_rapportOE2.0_TMAX15_K67_cod2_pbEq1_newVersion_ladder.opb,1,0.0,159.36,1,0.0,594.31,1,0.0,1230.64,1,0.0,1321.16,1,0.0,237.01,1,0.0,111.369907,-6765.0,-6765.0,0.0,1,0.0
normalized-minisat85_4_27_2.opb,1,0.0,679.64,0,0.0019230269544126,3600.0,0,0.0151194696074014,1289.37,0,0.0080038911233653,3506.87,0,0.0,3600.0,0,1.0,64.776005,3778673.0,98299449.0,0.0,1,0.0
normalized-BA_RDC4.dot_unif_50null20mast_rapportOE1.0_TMAX300_K67_cod2_pbEq1_newVersion_sequential.opb,0,0.0,3600.01,0,2.0,,0,0.1109054351642038,2599.37,0,0.0350907988382855,3527.72,0,1.0,3600.01,0,0.106357514441643,2914.149091,-66666.0,-4000.0,0.0,0,0.0
normalized-single-obj-f58-fob_fxl_loss.seq-A-2-combined-irabcde.opb,0,0.0,3600.01,1,0.0,1159.56,1,0.0,3330.92,1,0.0,150.237,0,2.0,,1,0.0,2.19546,2536006228.0,2536006228.0,0.0,1,0.0
normalized-BA_RDC4.dot_luby_20null20mast_rapportOE1.0_TMAX120_K67_cod2_pbEq1_newVersion_sequential.opb,0,0.0,3600.01,0,0.0377358490566037,3600.04,0,1.0,1450.79,0,0.6163522012578616,3411.96,1,0.0,1213.38,0,0.4276729559748428,1504.857539,-5440.0,-4168.0,0.0,1,0.0
normalized-mps-v2-20-10-siena1.opb,0,0.0,3600.01,0,2.0,,0,0.9791313084926582,3525.16,0,0.837336032599762,3515.62,0,1.0,3414.87,0,2.0,,107986688000000.0,5.0932899355648e+16,0.0,0,0.0
normalized-factor-sizeN=340-sizeP=171-sizeQ=340-700380480.opb,0,2.0,,0,2.0,,0,2.0,,0,2.0,,1,0.0,69.3187,1,0.0,414.11097,1.0,1.0,0.0,1,0.0
normalized-NG.dot_fibo_0null20mast_rapportOE1.0_TMAX300_K192_cod2.opb,0,0.0,3600.08,0,1.0,3600.03,0,0.7468976353919676,2745.67,0,0.703950622168589,3599.72,0,2.0,,0,1.0,34.620764,-707686.0,0.0,0.0,0,0.0
normalized-BA_RDC4.dot_luby_50null20mast_rapportOE1.0_TMAX180_K67_cod2_pbEq1_newVersion_sequential.opb,0,0.0,3600.02,1,0.0,3569.21,0,0.0,3023.87,0,0.2823443579766537,2425.84,1,0.0,3586.65,0,1.0,2.307741,-8224.0,0.0,0.0,1,0.0
normalized-factor-sizeN=500-sizeP=251-sizeQ=500-293748522.opb,0,2.0,,0,2.0,,0,2.0,,0,2.0,,1,0.0,273.24,1,0.0,962.242705,1.0,1.0,0.0,1,0.0
normalized-wnq_n100_mw99_4.opb.PB06.opb,0,0.0,3600.21,0,0.0419826652221018,3600.01,0,0.0343986998916576,3514.43,0,0.0192307692307692,3576.11,0,0.0189599133261105,3600.01,0,1.0,1521.025098,267.0,3959.0,0.0,0,0.0
normalized-m100n500k4r1.opb,1,0.0,246.67,0,0.1666666666666666,3600.0,0,0.1666666666666666,3291.82,0,0.3333333333333333,1938.56,0,2.0,,0,1.0,22.129589,-25.0,-19.0,0.0,1,0.0
normalized-Generated_notes_20140709_1000_0.05-001.opb,1,0.0,5.38,1,0.0,96.78,0,0.9091364026308264,3569.79,0,1.0,2498.36,1,0.0,70.9,0,2.0,,-118402.0,-76438.0,0.0,1,0.0
normalized-BA_RDC4.dot_unif_0null10mast_rapportOE2.0_TMAX300_K67_cod2_pbEq1_newVersion_sequential.opb,0,0.0,3600.01,0,2.0,,0,0.2202303416433444,3576.62,0,0.2262145814256419,3305.36,0,0.9742187600758349,3600.0,0,1.0,2.875465,-77537.0,0.0,0.0,0,0.0
normalized-j12026_6.std.opb,0,1.0,3600.02,0,2.0,,0,0.0,377.647,0,0.0093457943925233,2885.45,0,2.0,,0,0.0747663551401869,66.749079,190.0,297.0,0.0,0,0.0
normalized-domset_opt_hexgrid_nrowsdiv30add5_ncols_360.opb,1,0.0,605.61,1,0.0,282.86,0,0.4783599088838269,2654.72,0,0.7220956719817767,3532.1,0,2.0,,0,1.0,0.174641,1531.0,1970.0,0.0,1,0.0
normalized-BA_RDC4.dot_unif_10null10mast_rapportOE1.0_TMAX300_K67_cod2_pbEq1_newVersion_product.opb,0,0.2383050988727053,3600.01,0,2.0,,0,0.0,3201.85,0,0.1238565564376654,2314.55,0,2.0,,0,1.0,2.593081,-95982.0,0.0,0.0,0,0.0
normalized-BA_RDC4.dot_fibo_20null50mast_rapportOE2.0_TMAX180_K67_cod2_pbEq1_newVersion_ladder.opb,0,0.0,3600.01,1,0.0,1203.12,0,0.3180992246016563,3373.71,0,0.0560649583515738,2945.26,0,0.0154959730859414,3600.0,0,1.0,539.557043,-188666.0,-21913.0,0.0,1,0.0
Init-x2-i9_pp_87.opb,0,2.0,,0,2.0,,1,0.0,65.225,1,0.0,61.8691,1,0.0,556.635,0,2.0,,692.0,692.0,0.0,1,0.0
normalized-BA_RDC4.dot_unif_10null10mast_rapportOE1.0_TMAX15_K67_cod2_pbEq1_newVersion_ladder.opb,1,0.0,7.67,1,0.0,108.93,1,0.0,311.8,1,0.0,464.877,1,0.0,1525.14,0,0.0,2193.084343,-5419.0,-5419.0,0.0,1,0.0
normalized-NG.dot_unif_0null50mast_rapportOE2.0_TMAX60_K192_cod2.opb,0,0.0,3600.04,0,2.0,,0,0.0317770034843205,2353.73,0,0.0,3325.98,0,0.7935191637630662,3600.06,0,1.0,27.568574,-28700.0,0.0,0.0,0,0.0
normalized-BA_RDC4.dot_fibo_50null0mast_rapportOE1.0_TMAX15_K67_cod2_pbEq1_newVersion_ladder.opb,1,0.0,30.0,1,0.0,304.94,1,0.0,174.341,1,0.0,374.683,1,0.0,1964.9,1,0.0,445.103122,-20295.0,-20295.0,0.0,1,0.0
normalized-single-obj-f4-DataDisplay_2_order9.seq-A-3-combined-irabcde.opb,1,0.0,2236.53,1,0.0,1701.37,1,0.0,1753.34,1,0.0,63.0143,1,0.0,855.807,1,0.0,108.343416,134248448.0,134248448.0,0.0,1,0.0
normalized-BA_RDC4.dot_fibo_50null0mast_rapportOE1.0_TMAX60_K67_cod2_pbEq1_newVersion_ladder.opb,0,0.0,3600.01,0,0.0,3600.01,0,0.0643385466659138,3591.13,0,0.1704731522782451,1432.57,0,0.903252216136864,3600.02,0,1.0,2.691573,-70844.0,0.0,0.0,0,0.0
normalized-factor-sizeN=440-sizeP=221-sizeQ=440-24744542.opb,0,2.0,,0,2.0,,0,2.0,,0,2.0,,1,0.0,176.041,1,0.0,1358.64855,1.0,1.0,0.0,1,0.0
normalized-BA_RDC4.dot_luby_10null10mast_rapportOE2.0_TMAX120_K67_cod2.opb,0,0.0,3600.03,1,0.0,240.26,1,0.0,777.098,1,0.0,200.659,0,2.0,,0,0.0,2425.811889,-2728.0,-2728.0,0.0,1,0.0
Init-x2-i8_pp_83.opb,0,2.0,,0,2.0,,1,0.0,65.8228,1,0.0,75.3679,1,0.0,580.495,0,2.0,,688.0,688.0,0.0,1,0.0
normalized-NG.dot_unif_10null50mast_rapportOE1.0_TMAX300_K192_cod1.opb,0,0.1599089821298966,3600.08,0,0.5684497538202005,3600.1,0,0.5386924027540753,273.93,0,0.0,2812.22,0,2.0,,0,1.0,87.568165,-50979.0,0.0,0.0,0,0.0
normalized-BA_RDC4.dot_fibo_20null20mast_rapportOE1.0_TMAX180_K67_cod2_pbEq1_newVersion_ladder.opb,1,0.0,356.43,1,0.0,875.38,0,0.1621541949505696,3298.52,0,0.3355129692805325,3471.4,0,2.0,,0,1.0,2.41376,-373151.0,0.0,0.0,1,0.0
normalized-j12037_7.std.opb,0,1.0,3600.01,0,2.0,,0,0.0,1570.41,0,0.0543478260869565,1126.54,0,2.0,,0,0.25,12.38995,173.0,265.0,0.0,0,0.0
normalized-NG.dot_unif_0null50mast_rapportOE1.0_TMAX15_K192_cod2.opb,1,0.0,84.83,1,0.0,1603.41,1,0.0,1384.47,1,0.0,1099.27,0,0.6555385660890248,1354.35,0,1.0,32.848659,-11772.0,0.0,0.0,1,0.0
normalized-NG.dot_fibo_20null20mast_rapportOE1.0_TMAX180_K192_cod2.opb,0,0.0,3600.05,0,2.0,,0,0.6735203633167302,3575.29,0,0.7736424455513233,3291.25,0,2.0,,0,1.0,31.132458,-409560.0,0.0,0.0,0,0.0
normalized-NG.dot_fibo_20null50mast_rapportOE1.0_TMAX300_K192_cod2.opb,1,0.0,341.38,0,1.0,3600.07,0,0.1634094420038225,3581.19,0,0.8453753070639989,2583.45,0,0.0830015031052754,3600.0,0,1.0,31.385433,-671277.0,0.0,0.0,1,0.0
normalized-BA_RDC4.dot_unif_10null0mast_rapportOE1.0_TMAX15_K67_cod2_pbEq1_newVersion_sequential.opb,1,0.0,22.24,1,0.0,2122.72,1,0.0,866.569,1,0.0,389.403,1,0.0,2864.99,1,0.0,1502.599958,-4506.0,-4506.0,0.0,1,0.0
normalized-BA_RDC4.dot_fibo_50null20mast_rapportOE2.0_TMAX300_K67_cod2_pbEq1_newVersion_sequential.opb,0,0.0,3600.01,0,0.0810129733701311,3600.02,0,0.1486244827198839,3430.51,0,0.2296374560900151,3333.36,0,0.0429308339936909,3600.01,0,1.0,2.506614,-329367.0,0.0,0.0,0,0.0
normalized-BA_RDC4.dot_luby_10null50mast_rapportOE2.0_TMAX180_K67_cod2_pbEq1_newVersion_product.opb,1,0.0,449.64,1,0.0,978.9,1,0.0,80.2963,1,0.0,90.7158,1,0.0,363.932,0,1.0,278.944216,-4360.0,-4.0,0.0,1,0.0
normalized-BA_RDC4.dot_unif_10null20mast_rapportOE2.0_TMAX300_K67_cod3.opb,0,0.0,3600.01,0,0.1426632813867974,3600.0,0,0.0893451234459814,3517.17,0,0.3750218875853616,1173.42,0,0.3694624409035195,3600.13,0,1.0,18.319556,-68532.0,0.0,0.0,0,0.0
normalized-mult_diagcomm_opt_less_teq_nbits_34.opb,1,0.0,0.7,1,0.0,8.47,0,0.0,16.8807,0,0.0,0.180627,0,2.0,,0,0.0,0.241435,0.0,0.0,0.0,1,0.0
normalized-cov1075.opb,1,0.0,9.16,1,0.0,329.58,0,0.0,12.0837,0,0.0,1557.38,1,0.0,125.28,0,0.0,35.421637,20.0,20.0,0.0,1,0.0
normalized-BA_RDC4.dot_unif_10null0mast_rapportOE2.0_TMAX120_K67_cod2_pbEq1_newVersion.opb,0,0.0141934433347807,3600.03,0,0.0170158488927485,3600.0,0,0.0722427268779852,2300.85,0,0.0,3003.81,0,0.6781372123317412,3600.0,0,1.0,3.182746,-36848.0,0.0,0.0,0,0.0
normalized-j12021_4.std.opb,1,0.0,665.1,0,1.0,3600.01,1,0.0,297.421,1,0.0,81.4277,1,0.0,310.361,1,0.0,6.09053,135.0,138.0,0.0,1,0.0
normalized-mps-v2-20-10-van.opb,1,0.0042221299621293,1309.42,0,1.0,3600.02,0,0.0,21.048,0,0.0,256.958,0,0.0,3600.06,0,2.0,,24193312742.0,319999999936.0,0.0,1,0.0
normalized-j12011_5.std.opb,0,1.0,3600.02,0,2.0,,0,0.0,3239.59,0,0.0136986301369863,2958.3,0,2.0,,0,1.0,5.930428,227.0,300.0,0.0,0,0.0
normalized-NG.dot_fibo_10null50mast_rapportOE2.0_TMAX300_K192_cod2.opb,0,0.0,3600.04,0,1.0,3600.03,0,0.8275769452419508,1827.55,0,0.7160425255614923,2728.87,0,2.0,,0,1.0,26.958055,-383487.0,0.0,0.0,0,0.0
normalized-wnq_n100_mw99_14.opb.PB06.opb,0,0.0,3600.21,0,0.0483720930232558,3600.03,0,0.0325581395348837,3341.13,0,0.0286046511627907,3074.98,0,0.0260465116279069,3600.0,0,1.0,1272.095288,265.0,4565.0,0.0,0,0.0
normalized-NG.dot_unif_0null0mast_rapportOE1.0_TMAX15_K192_cod1.opb,1,0.0,2951.46,1,0.0,2871.4,0,0.7213899613899614,3533.33,0,1.0,3277.67,0,2.0,,0,2.0,,-12401.0,-5926.0,0.0,1,0.0
normalized-BA_RDC4.dot_luby_0null10mast_rapportOE2.0_TMAX15_K67_cod1.opb,1,0.0,57.27,1,0.0,139.2,1,0.0,161.093,1,0.0,1162.22,1,0.0,90.61,0,1.0,194.276385,-208.0,-32.0,0.0,1,0.0
normalized-BA_RDC4.dot_unif_10null20mast_rapportOE1.0_TMAX15_K67_cod2_pbEq1_newVersion_ladder.opb,1,0.0,44.85,1,0.0,1027.44,1,0.0,288.765,1,0.0,2102.91,0,1.0,3600.0,0,0.0382848392036753,3227.57378,-3445.0,-2792.0,0.0,1,0.0
normalized-BA_RDC4.dot_fibo_0null50mast_rapportOE1.0_TMAX300_K67_cod2_pbEq1_newVersion.opb,0,0.0,3600.0,1,0.0,830.33,0,0.0684555096268037,3201.97,0,0.1546361348814864,3204.76,0,2.0,,0,1.0,3.17533,-630687.0,0.0,0.0,1,0.0
normalized-injcomp_opt_4layers_maxall_lastlayerdiv2_size_20.opb,1,0.0,17.46,0,0.0,3600.0,0,0.0,12.0287,0,0.0,12.3139,0,0.1,3600.0,0,1.0,0.028772,-40.0,-30.0,0.0,1,0.0
normalized-BA_RDC4.dot_luby_10null10mast_rapportOE1.0_TMAX60_K67_cod1.opb,1,0.0,297.47,1,0.0,367.01,0,0.0,3336.94,1,0.0,1367.53,0,1.0,3600.02,0,0.8977955911823647,30.345582,-2496.0,-1.0,0.0,1,0.0
normalized-BA_RDC4.dot_fibo_20null50mast_rapportOE2.0_TMAX180_K67_cod2_pbEq1_newVersion_sequential.opb,0,0.0,3600.06,0,0.0391341320205707,3600.02,0,0.2532814244476968,2024.38,0,0.3805584640214731,3284.11,0,0.0149479079292172,3600.0,0,1.0,599.063348,-188666.0,-15799.0,0.0,0,0.0
normalized-BA_RDC4.dot_fibo_0null0mast_rapportOE2.0_TMAX120_K67_cod2_pbEq1_newVersion_product.opb,0,0.0,3600.01,0,0.0157198146113048,3600.0,0,0.1537579435233408,3528.09,0,0.1997706531606861,3293.76,0,0.5650214216318664,3600.01,0,1.0,2.534937,-125574.0,0.0,0.0,0,0.0
normalized-BA_RDC4.dot_fibo_0null10mast_rapportOE1.0_TMAX15_K67_cod3.opb,1,0.0,170.41,1,0.0,249.85,1,0.0,480.011,1,0.0,271.289,1,0.0,188.31,0,1.0,12.929117,-20295.0,0.0,0.0,1,0.0
normalized-BA_RDC4.dot_unif_10null20mast_rapportOE1.0_TMAX60_K67_cod2_pbEq1_newVersion_binary.opb,0,0.0,3600.05,0,0.0471265443654062,3600.0,0,0.0518532384874578,447.319,0,0.0343972295020591,3474.11,0,0.5250374391613628,3600.0,0,1.0,3.417543,-21368.0,0.0,0.0,0,0.0
normalized-j9025_10.std.opb,0,1.0,3600.01,0,2.0,,0,0.0069444444444444,361.732,0,0.0138888888888888,2303.84,0,2.0,,0,0.0,245.713159,131.0,275.0,0.0,0,0.0
normalized-NG.dot_fibo_20null50mast_rapportOE2.0_TMAX15_K192_cod2.opb,1,0.0,614.47,0,0.4409830007390983,3600.24,0,0.0,3087.52,1,0.0,337.518,1,0.0,1072.25,0,1.0,43.497598,-33825.0,-6765.0,0.0,1,0.0
normalized-BA_RDC4.dot_fibo_20null50mast_rapportOE2.0_TMAX60_K67_cod2_pbEq1_newVersion_ladder.opb,1,0.0,1764.63,1,0.0,1445.9,0,0.9098300589733748,3219.7,0,1.0,3242.53,0,2.0,,0,0.1458980353840248,1762.441614,-65676.0,-37019.0,0.0,1,0.0
normalized-BA_RDC4.dot_luby_20null50mast_rapportOE1.0_TMAX120_K67_cod1.opb,1,0.0,55.91,1,0.0,587.7,0,0.6513443191673894,3325.43,0,0.8139635732870771,1107.5,0,2.0,,0,1.0,2697.001871,-5648.0,-1036.0,0.0,1,0.0
normalized-j6030_2.std.opb,0,0.0,3600.01,0,1.0,3600.0,0,0.0,64.4367,0,0.0,979.223,0,2.0,,1,0.0,31.943547,70.0,72.0,0.0,1,0.0
normalized-BA_RDC4.dot_fibo_20null10mast_rapportOE2.0_TMAX300_K67_cod2_pbEq1_newVersion_product.opb,0,0.0079313435401294,3600.01,0,0.0,3600.03,0,0.043401392282287,2218.02,0,0.0275387052020282,3251.33,0,0.4069172119976918,3600.02,0,1.0,5.933138,-325796.0,0.0,0.0,0,0.0
normalized-BA_RDC4.dot_unif_50null10mast_rapportOE2.0_TMAX120_K67_cod2_pbEq1_newVersion_binary.opb,0,0.0,3600.02,0,0.1688263908760168,3600.0,0,0.0006949270326615,1905.34,0,0.268078322364387,3439.37,0,0.5912193925520174,3595.75,0,1.0,8.059249,-24463.0,0.0,0.0,0,0.0
normalized-BA_RDC4.dot_luby_20null10mast_rapportOE2.0_TMAX180_K67_cod2_pbEq1_newVersion_ladder.opb,0,0.0,3600.01,1,0.0,2304.04,0,1.0,3310.7,0,0.709005376344086,3586.8,0,0.0,3600.03,0,0.043010752688172,1977.909533,-4096.0,-2608.0,0.0,1,0.0
normalized-sporttournament30.lin.opb,0,0.0,3600.01,0,0.0,3600.0,0,0.0862068965517241,1207.65,0,0.1206896551724138,1931.06,0,0.8448275862068966,3600.0,0,1.0,0.03296,-211.0,-153.0,0.0,0,0.0
normalized-NG.dot_unif_20null0mast_rapportOE1.0_TMAX60_K192_cod1.opb,0,0.0,3600.09,0,2.0,,0,0.6724600517605718,1292.56,0,1.0,58.8476,0,0.8578008880024693,3600.05,0,2.0,,-42117.0,0.0,0.0,0,0.0
normalized-ii16b1.opb,0,0.0,3600.04,0,0.0309278350515463,3600.0,0,0.0,11.0034,0,0.0,114.302,0,0.3917525773195876,3600.0,0,1.0,0.188545,1379.0,1670.0,0.0,0,0.0
normalized-BA_RDC4.dot_unif_10null20mast_rapportOE2.0_TMAX15_K67_cod2_pbEq1_newVersion.opb,1,0.0,12.99,1,0.0,186.83,1,0.0,93.944,1,0.0,83.0307,1,0.0,344.329,1,0.0,2074.099244,-3353.0,-3353.0,0.0,1,0.0
normalized-BA_RDC4.dot_fibo_20null0mast_rapportOE2.0_TMAX180_K67_cod1.opb,0,0.0,3600.02,0,0.0821688575133576,3600.02,0,0.0781118004401422,3220.91,0,0.164816598421299,3500.13,0,2.0,,0,1.0,14.657847,-185849.0,0.0,0.0,0,0.0
normalized-maxcut_opt_complete_6-partite_inlv_nvert_84.opb,0,0.0,3600.13,0,0.4189189189189189,3600.03,0,0.0,2948.76,0,0.1261261261261261,2109.19,0,2.0,,0,1.0,3.721223,-1764.0,-1320.0,0.0,0,0.0
normalized-BA_RDC4.dot_unif_50null0mast_rapportOE1.0_TMAX300_K67_cod2_pbEq1_newVersion_product.opb,0,0.08959354134403,3600.01,0,2.0,,0,0.0182284394120185,1563.55,0,0.0,2165.17,0,1.0,3600.0,0,0.9310467389372667,16.372025,-80031.0,-40642.0,0.0,0,0.0
normalized-minisat50_6_9_8_ic.opb,0,0.6811394355110281,3600.02,0,0.9055669058236184,3600.01,0,0.62867759606095,1185.38,0,0.0,2873.52,0,0.4870366777038777,3600.0,0,1.0,1350.095417,41958983.0,187094077.0,0.0,0,0.0
normalized-mps-v2-20-10-aflow30a.opb,1,0.0,414.68,0,0.0024721878862793,3600.0,0,0.0012360939431396,1941.34,0,0.0,263.811,0,0.0778739184177997,3600.0,0,1.0,3001.436014,1158.0,1967.0,0.0,1,0.0
normalized-BA_RDC4.dot_fibo_0null20mast_rapportOE1.0_TMAX300_K67_cod1.opb,0,0.0,3600.03,0,0.0238068686842182,3600.03,0,0.1726502258184072,3537.44,0,0.2085515807288506,2275.49,0,2.0,,0,1.0,11.735062,-609782.0,0.0,0.0,0,0.0
normalized-j1208_2.std.opb,0,1.0,3600.01,0,0.0617977528089887,3600.78,0,0.0056179775280898,507.294,0,0.0,1194.59,0,2.0,,1,0.0,241.150502,103.0,281.0,0.0,1,0.0
normalized-minisat50_4_16_8.opb,1,0.0,26.27,1,0.0,325.03,1,0.0,2193.84,1,0.0,1864.23,1,0.0,137.91,0,1.0,475.650023,3806957.0,8791395.0,0.0,1,0.0
normalized-BA_RDC4.dot_unif_20null50mast_rapportOE2.0_TMAX120_K67_cod2.opb,0,0.0,3600.01,0,0.0546004676110576,3600.0,0,0.0683995782331637,1690.39,0,0.1980470361710906,3591.18,0,0.509191766377848,3600.04,0,1.0,331.04055,-23698.0,-1885.0,0.0,0,0.0
normalized-NG.dot_luby_50null50mast_rapportOE1.0_TMAX60_K192_cod2.opb,1,0.0,231.45,0,2.0,,1,0.0,1066.52,1,0.0,510.295,0,2.0,,0,1.0,31.30927,-11264.0,0.0,0.0,1,0.0
normalized-BA_RDC4.dot_unif_0null0mast_rapportOE2.0_TMAX180_K67_cod2_pbEq1_newVersion.opb,0,0.0025339939817642,3600.0,0,0.0,3600.0,0,0.0389149075770945,1057.37,0,0.0523315007126858,3539.94,0,0.4461865653069074,3600.01,0,1.0,2.824368,-44199.0,0.0,0.0,0,0.0
normalized-BA_RDC4.dot_fibo_10null20mast_rapportOE1.0_TMAX120_K67_cod2_pbEq1_newVersion_product.opb,1,0.0,1458.73,1,0.0,2349.57,1,0.0,3292.48,0,0.3074514559075129,3556.78,0,0.0388228161387306,3600.0,0,1.0,2.815066,-240812.0,0.0,0.0,1,0.0
normalized-BA_RDC4.dot_unif_50null50mast_rapportOE1.0_TMAX300_K67_cod2_pbEq1_newVersion_binary.opb,1,0.0,36.4,1,0.0,1484.54,1,0.0,89.545,1,0.0,143.387,1,0.0,771.555,0,1.0,3.351837,-57.0,0.0,0.0,1,0.0
normalized-BA_RDC4.dot_luby_50null20mast_rapportOE2.0_TMAX120_K67_cod2_pbEq1_newVersion_ladder.opb,1,0.0,15.63,1,0.0,227.63,0,0.9034157832744404,2793.74,0,1.0,3155.19,1,0.0,247.17,0,0.0011778563015312,1704.191025,-2822.0,-1124.0,0.0,1,0.0
normalized-NG.dot_unif_0null20mast_rapportOE2.0_TMAX15_K192_cod1.opb,0,2.0,,1,0.0,1750.01,1,0.0,1054.66,0,0.762440233752435,2116.49,0,2.0,,0,1.0,101.925117,-11294.0,0.0,0.0,1,0.0
normalized-BA_RDC4.dot_fibo_50null20mast_rapportOE1.0_TMAX180_K67_cod2_pbEq1_newVersion_sequential.opb,0,0.0,3600.01,0,0.0185952798500283,3600.0,0,0.2390256238283462,1862.41,0,0.2478051247656692,3434.59,0,0.0371328359932051,3600.0,0,1.0,2.45887,-363802.0,0.0,0.0,0,0.0
normalized-BA_RDC4.dot_luby_0null50mast_rapportOE1.0_TMAX15_K67_cod2_pbEq1_newVersion.opb,1,0.0,9.65,1,0.0,101.96,1,0.0,41.8699,1,0.0,107.827,1,0.0,173.9,1,0.0,112.708307,-384.0,-384.0,0.0,1,0.0
normalized-ped3.F.recomb10-0.10-8.opb,0,0.0,3600.02,0,1.0,3600.01,0,0.4,3535.94,1,0.0,213.808,1,0.0,319.303,1,0.0,11.393708,9245.0,9255.0,0.0,1,0.0
normalized-BA_RDC4.dot_unif_20null0mast_rapportOE1.0_TMAX180_K67_cod2_pbEq1_newVersion.opb,0,0.0099917513579132,3600.01,0,0.0511571444134904,3600.01,0,0.0,1881.68,0,0.1317448212534823,3599.02,0,0.6236907226121737,3600.01,0,1.0,2.95316,-64253.0,0.0,0.0,0,0.0
normalized-j12032_7.std.opb,0,1.0,3600.02,0,2.0,,0,0.0,710.13,0,0.006578947368421,2748.01,0,2.0,,0,0.0263157894736842,80.930669,125.0,277.0,0.0,0,0.0
normalized-BA_RDC4.dot_fibo_50null10mast_rapportOE2.0_TMAX15_K67_cod2_pbEq1_newVersion_product.opb,1,0.0,59.0,1,0.0,750.08,1,0.0,873.122,1,0.0,311.155,1,0.0,399.875,1,0.0,229.723947,-13675.0,-13675.0,0.0,1,0.0
normalized-knapPI_12_10000_1000_5_-285714.opb,0,0.0,3600.03,1,0.0,110.37,0,1.0,3380.03,0,0.0,1.31573,1,0.0,99.06,0,2.0,,-296223.0,-284980.0,0.0,1,0.0
normalized-NG.dot_fibo_20null20mast_rapportOE1.0_TMAX300_K192_cod2.opb,0,0.0,3600.06,0,1.0,3600.05,0,0.69983427713298,3472.11,0,0.0,3523.6,0,0.0701464149291682,3600.0,0,1.0,32.672332,-694533.0,0.0,0.0,0,0.0
SMTI_50000_3_0.75_3.opb,1,0.0,28.57,1,0.0,245.44,0,0.6350687622789783,3279.69,0,1.0,1615.3,1,0.0,260.1,0,2.0,,6724.0,23012.0,0.0,1,0.0
normalized-BA_RDC4.dot_fibo_0null10mast_rapportOE2.0_TMAX15_K67_cod2_pbEq1_newVersion_ladder.opb,1,0.0,18.57,1,0.0,244.14,1,0.0,967.457,1,0.0,297.118,1,0.0,219.63,1,0.0,1227.829162,-17711.0,-17711.0,0.0,1,0.0
normalized-BA_RDC4.dot_luby_20null10mast_rapportOE1.0_TMAX120_K67_cod2_pbEq1_newVersion_sequential.opb,0,0.0,3600.01,0,0.0,3600.0,0,0.0,208.242,0,1.0,3241.62,0,0.0,3600.01,0,0.2708333333333333,2194.831854,-5152.0,-4096.0,0.0,0,0.0
normalized-NG.dot_fibo_10null50mast_rapportOE1.0_TMAX180_K192_cod1.opb,1,0.0,1419.49,0,0.0,3342.0,0,1.0,158.651,0,0.7351194173922185,1393.13,0,2.0,,0,1.0,71.473841,-418532.0,0.0,0.0,1,0.0
normalized-minisat35_4_11_6_mh_ic.opb,0,0.0,3600.03,0,0.0251651800174179,3600.01,0,0.0413420333981153,2677.9,0,0.0311717671577157,3340.93,0,0.0371170441608234,3600.62,0,1.0,8.270773,2826162.0,117978408.0,0.0,0,0.0
normalized-j9046_4.std.opb,0,0.0,3600.01,0,1.0,3600.0,0,0.0,3079.09,0,0.0909090909090909,97.687,0,2.0,,1,0.0,152.268802,93.0,104.0,0.0,1,0.0
normalized-BA_RDC4.dot_unif_10null50mast_rapportOE2.0_TMAX60_K67_cod2_pbEq1_newVersion.opb,0,0.0,3600.0,1,0.0,3553.91,0,0.0,293.649,0,0.0829661713090881,3586.5,0,0.5826301247106266,3600.1,0,1.0,182.464297,-13694.0,-303.0,0.0,1,0.0
normalized-BA_RDC4.dot_fibo_20null10mast_rapportOE1.0_TMAX15_K67_cod2_pbEq1_newVersion_product.opb,1,0.0,35.38,1,0.0,534.64,1,0.0,75.2144,1,0.0,183.953,1,0.0,518.21,1,0.0,1656.60329,-27060.0,-27060.0,0.0,1,0.0
normalized-BA_RDC4.dot_fibo_0null20mast_rapportOE2.0_TMAX180_K67_cod2_pbEq1_newVersion.opb,0,0.0,3600.0,0,0.0907670010514649,3600.0,0,0.559407769473415,3135.83,0,0.8704708857881724,3205.93,0,1.0,3600.0,0,0.7797038847367075,3491.199911,-202573.0,-167384.0,0.0,0,0.0
normalized-BA_RDC4.dot_luby_0null10mast_rapportOE1.0_TMAX180_K67_cod3.opb,0,0.0,3600.02,0,0.0178306092124814,3600.0,0,0.3358098068350668,2574.76,0,0.3595839524517087,1894.97,0,2.0,,0,1.0,1931.187497,-7392.0,-2008.0,0.0,0,0.0
normalized-BA_RDC4.dot_unif_10null0mast_rapportOE1.0_TMAX300_K67_cod2_pbEq1_newVersion_ladder.opb,0,0.0,3600.01,0,0.0712145724728863,3600.0,0,0.1275890306988635,2899.97,0,0.1674855693370883,3283.89,0,0.2894820939940479,3600.08,0,1.0,2.507324,-100134.0,0.0,0.0,0,0.0
normalized-BA_RDC4.dot_fibo_10null0mast_rapportOE2.0_TMAX120_K67_cod3.opb,0,0.0,3600.0,0,0.0037800623400444,3600.01,0,0.1554535145284527,3357.65,0,0.335372088267554,3419.21,0,2.0,,0,1.0,18.480763,-161373.0,0.0,0.0,0,0.0
normalized-NG.dot_fibo_20null0mast_rapportOE1.0_TMAX180_K192_cod2.opb,0,0.524688478281153,3600.03,0,2.0,,0,0.0,2720.4,0,0.3898163847715507,3416.12,0,0.7669305981410044,3600.01,0,1.0,34.226487,-310813.0,0.0,0.0,0,0.0
normalized-BA_RDC4.dot_fibo_0null50mast_rapportOE2.0_TMAX15_K67_cod2_pbEq1_newVersion_sequential.opb,1,0.0,27.53,1,0.0,1713.19,1,0.0,457.514,1,0.0,478.031,1,0.0,653.299,1,0.0,220.001137,-12543.0,-12543.0,0.0,1,0.0
normalized-BA_RDC4.dot_unif_10null0mast_rapportOE1.0_TMAX15_K67_cod2_pbEq1_newVersion_binary.opb,1,0.0,183.37,1,0.0,476.61,1,0.0,252.409,1,0.0,655.397,0,1.0,830.793,1,0.0,2324.729988,-4506.0,-4228.0,0.0,1,0.0
normalized-BA_RDC4.dot_fibo_20null0mast_rapportOE1.0_TMAX300_K67_cod2_pbEq1_newVersion.opb,0,0.0426165266211989,3600.01,0,0.5169184973058518,3600.01,0,0.0,2342.23,0,0.0541090470628132,3183.1,0,0.2701495911677154,3600.0,0,1.0,100.136545,-334590.0,-281512.0,0.0,0,0.0
normalized-BA_RDC4.dot_unif_50null0mast_rapportOE2.0_TMAX60_K67_cod2_pbEq1_newVersion.opb,0,0.0,3600.0,0,0.0,3600.02,0,0.0,1410.33,0,0.0,2996.35,0,0.8048956555978475,3600.0,0,1.0,2.560719,-15238.0,0.0,0.0,0,0.0
normalized-NG.dot_fibo_50null10mast_rapportOE2.0_TMAX300_K192_cod2.opb,0,0.8694531776684287,3600.05,0,1.0,3600.11,0,0.7519452862642313,3591.09,0,0.7853191529577802,2426.25,0,0.0,3600.3,0,1.0,32.870844,-317434.0,0.0,0.0,0,0.0
normalized-knapPI_4_5000_1000_3_-80877.opb,0,0.0,3600.01,0,0.0,3600.01,0,0.0,1.81395,0,0.0,1.3419,0,2.0,,0,1.0,20.900051,-80877.0,-1942.0,0.0,0,0.0
normalized-mps-v2-20-10-dg012142.opb,0,0.0,3600.0,0,2.0,,0,1.0,3452.64,0,0.8018345089702364,3342.81,0,0.2861636837820852,3498.38,0,2.0,,2845455453.0,4149403668586.0,0.0,0,0.0
normalized-NG.dot_unif_20null10mast_rapportOE1.0_TMAX300_K192_cod2.opb,0,0.0,3600.03,0,1.0,3529.0,0,0.6520254229522945,2895.95,0,0.3048171996434789,3011.0,0,0.4908329098951262,3600.05,0,1.0,32.123971,-120049.0,0.0,0.0,0,0.0
normalized-NG.dot_luby_0null20mast_rapportOE1.0_TMAX180_K192_cod1.opb,1,0.0,1420.9,0,2.0,,0,0.987782579787234,617.363,0,0.7420212765957447,3157.86,0,2.0,,0,1.0,96.119514,-36096.0,0.0,0.0,1,0.0
normalized-BA_RDC4.dot_luby_20null20mast_rapportOE2.0_TMAX180_K67_cod2_pbEq1_newVersion_product.opb,0,0.0,3600.01,1,0.0,1577.29,1,0.0,1666.4,0,0.1995305164319248,3579.21,0,0.0,3600.01,0,1.0,237.801229,-4192.0,-2914.0,0.0,1,0.0
normalized-j9013_9.std.opb,0,0.6666666666666666,3600.02,0,2.0,,0,0.0,853.1,0,0.0333333333333333,2850.43,0,2.0,,0,1.0,8.307181,129.0,159.0,0.0,0,0.0
normalized-aries-da_network_3000_5__126_2812__1024.opb,1,0.0,20.34,0,2.0,,0,2.0,,0,2.0,,0,2.0,,0,2.0,,60720.0,60720.0,0.0,1,0.0
normalized-BA_RDC4.dot_luby_20null0mast_rapportOE2.0_TMAX120_K67_cod2_pbEq1_newVersion_sequential.opb,0,0.0,3600.01,0,0.0934959349593495,3600.04,0,0.016260162601626,2584.72,0,0.2276422764227642,2782.9,0,0.3495934959349593,3600.02,0,1.0,2.529059,-492.0,0.0,0.0,0,0.0
normalized-j12054_10.std.opb,0,0.037037037037037,3600.01,0,1.0,3600.02,0,0.0,20.6671,0,0.0,239.231,0,2.0,,1,0.0,1833.483318,108.0,135.0,0.0,1,0.0
SMTI_25000_5_0.75_8.opb,1,0.0,948.58,0,0.047970479704797,3600.02,1,0.0,126.755,1,0.0,89.7288,1,0.0,399.376,0,1.0,2513.680915,454.0,996.0,0.0,1,0.0
normalized-BA_RDC4.dot_unif_0null10mast_rapportOE2.0_TMAX300_K67_cod2_pbEq1_newVersion_product.opb,0,0.0338546074818682,3600.01,0,0.3920233336371567,3600.02,0,0.2511881665125848,3569.79,0,0.0,3522.18,0,0.6372999648432922,3600.0,0,1.0,2.752882,-76799.0,0.0,0.0,0,0.0
normalized-BA_RDC4.dot_unif_10null0mast_rapportOE2.0_TMAX120_K67_cod2_pbEq1_newVersion_binary.opb,0,0.0085196409171479,3600.03,0,0.061581565555492,3600.01,0,0.0996626450912001,3546.24,0,0.0,3149.07,0,0.6609297272571331,3600.0,0,1.0,3.555816,-34978.0,0.0,0.0,0,0.0
normalized-NG.dot_luby_0null50mast_rapportOE1.0_TMAX300_K192_cod1.opb,1,0.0,1957.14,0,0.6290832455216017,307.0,0,0.7804596944151738,329.68,0,0.4773116438356164,3469.87,0,2.0,,0,1.0,98.226687,-60736.0,0.0,0.0,1,0.0
normalized-BA_RDC4.dot_luby_10null20mast_rapportOE1.0_TMAX15_K67_cod2_pbEq1_newVersion_ladder.opb,1,0.0,8.47,1,0.0,63.92,1,0.0,80.9388,1,0.0,142.739,1,0.0,92.81,1,0.0,65.884111,-384.0,-384.0,0.0,1,0.0
normalized-frb56-25-2.opb,0,0.0,3600.0,0,0.3333333333333333,3600.0,0,1.0,3128.46,0,0.6666666666666666,326.541,0,2.0,,0,0.1666666666666666,34.717618,-51.0,-45.0,0.0,0,0.0
normalized-maxcut_opt_complete_5-partite_block_nvert_40.opb,1,0.0,240.72,1,0.0,324.07,0,0.0,15.5458,0,0.0,3569.14,0,0.0,3600.0,0,1.0,0.31729,-384.0,-272.0,0.0,1,0.0
normalized-BA_RDC4.dot_fibo_0null50mast_rapportOE2.0_TMAX60_K67_cod2_pbEq1_newVersion_product.opb,1,0.0,1818.07,1,0.0,3111.2,0,0.0586862929023258,2991.87,0,0.1241792337109459,3382.03,0,0.0621497462539384,3600.0,0,1.0,1104.729887,-57314.0,-15737.0,0.0,1,0.0
normalized-BA_RDC4.dot_unif_20null10mast_rapportOE1.0_TMAX180_K67_cod1.opb,0,0.0,3600.01,0,0.1239821603540899,3600.01,0,0.1552353279048552,3591.97,0,0.2342973950062506,3580.0,0,2.0,,0,1.0,32.043596,-59194.0,0.0,0.0,0,0.0
normalized-tanglegram3.opb,1,0.0,3.11,0,0.0052531737924996,3600.01,0,1.0,3403.52,0,0.6649642492339122,2951.6,0,2.0,,0,0.5067488691084197,24.490393,13971.0,41383.0,0.0,1,0.0
normalized-BA_RDC4.dot_luby_0null0mast_rapportOE1.0_TMAX180_K67_cod2.opb,0,0.0,3600.01,0,0.0683229813664596,3600.0,0,0.093167701863354,547.679,0,0.1180124223602484,1092.4,0,0.3664596273291925,3600.0,0,1.0,452.642234,-958.0,-636.0,0.0,0,0.0
normalized-j12060_4.std.opb,0,1.0,3600.01,0,2.0,,0,0.0,1985.32,0,0.5,63.2824,0,2.0,,0,0.0,1481.242592,105.0,107.0,0.0,0,0.0
normalized-NG.dot_unif_0null50mast_rapportOE2.0_TMAX300_K192_cod2.opb,0,0.0,3600.04,0,1.0,3600.08,0,0.5654238993710692,3501.29,0,0.6540276729559749,3226.85,0,0.617348427672956,3600.07,0,1.0,27.452055,-99375.0,0.0,0.0,0,0.0
normalized-BA_RDC4.dot_luby_50null0mast_rapportOE2.0_TMAX300_K67_cod1.opb,0,0.0,3600.0,0,0.2905982905982906,3600.0,0,0.017094017094017,2444.12,0,0.1581196581196581,2777.89,0,0.1666666666666666,3600.04,0,1.0,2744.696911,-440.0,-206.0,0.0,0,0.0
normalized-BA_RDC4.dot_fibo_10null10mast_rapportOE2.0_TMAX15_K67_cod2_pbEq1_newVersion_product.opb,1,0.0,205.5,1,0.0,817.47,1,0.0,415.692,1,0.0,454.646,1,0.0,437.609,1,0.0,808.653821,-10946.0,-10946.0,0.0,1,0.0
normalized-j905_5.std.opb,0,0.0264550264550264,3600.01,0,1.0,3600.12,0,0.0052910052910052,109.197,0,0.0052910052910052,2443.74,0,2.0,,0,0.0,1013.978582,111.0,300.0,0.0,0,0.0
normalized-BA_RDC4.dot_unif_50null20mast_rapportOE2.0_TMAX300_K67_cod2_pbEq1_newVersion_product.opb,0,0.0,3600.01,0,0.1360873200605636,3600.0,0,0.0046552620279767,507.277,0,0.0297620392759485,3577.17,0,0.3605794219339676,3600.01,0,1.0,2.741668,-44251.0,0.0,0.0,0,0.0
normalized-BA_RDC4.dot_fibo_0null10mast_rapportOE1.0_TMAX300_K67_cod2_pbEq1_newVersion_product.opb,0,0.0409214979210569,3600.01,0,0.6514436277758691,3600.02,0,0.0,690.275,0,1.0,3544.73,0,0.3580029162011475,3600.01,0,0.527028964532177,151.266773,-544483.0,-174824.0,0.0,0,0.0
normalized-BA_RDC4.dot_luby_50null20mast_rapportOE1.0_TMAX120_K67_cod3.opb,1,0.0,156.11,1,0.0,499.63,0,0.3506493506493506,2787.3,0,1.0,1650.5,0,2.0,,0,0.7616883116883116,1557.007191,-5448.0,-2368.0,0.0,1,0.0
normalized-vertexcover_opt_grid_oddrowoddcolsquare_dim_091.opb,0,0.0,3600.0,0,0.2467532467532467,3600.0,0,1.0,3421.14,0,0.2207792207792207,3219.96,0,2.0,,1,0.0,100.486434,4186.0,4263.0,0.0,1,0.0
normalized-BA_RDC4.dot_luby_0null50mast_rapportOE1.0_TMAX15_K67_cod2.opb,1,0.0,8.68,1,0.0,122.39,1,0.0,37.256,1,0.0,94.4004,1,0.0,457.272,1,0.0,111.364175,-384.0,-384.0,0.0,1,0.0
normalized-NG.dot_fibo_0null50mast_rapportOE1.0_TMAX300_K192_cod1.opb,0,0.0,3600.05,0,0.6540703604211857,318.0,0,0.7069742720468878,575.156,0,0.6470558660020399,868.887,0,2.0,,0,1.0,96.683086,-696130.0,0.0,0.0,0,0.0
normalized-BA_RDC4.dot_unif_50null10mast_rapportOE2.0_TMAX300_K67_cod2_pbEq1_newVersion_product.opb,0,0.0194850639065895,3600.01,0,0.1793804560020627,3600.05,0,0.0,2077.62,0,0.0083612656083097,2978.58,0,0.9447861799697964,3600.03,0,1.0,2.755483,-54298.0,0.0,0.0,0,0.0
normalized-BA_RDC4.dot_unif_50null0mast_rapportOE1.0_TMAX300_K67_cod2_pbEq1_newVersion.opb,0,0.0,3600.0,0,0.14863150262824,3600.25,0,0.0254278981848313,3437.17,0,0.0457805743286983,2477.22,0,1.0,3600.0,0,0.7395582485305161,2.984002,-79261.0,-40642.0,0.0,0,0.0
normalized-faclay70.lin.opb,0,0.3569929723513846,3600.03,0,0.4588877546590316,3518.0,0,0.0,3553.27,0,0.0037247762184281,3285.26,0,0.2327016650172713,3600.7,0,1.0,4.916416,1668096.0,2566405.0,0.0,0,0.0
normalized-BA_RDC4.dot_luby_10null20mast_rapportOE1.0_TMAX15_K67_cod2_pbEq1_newVersion_binary.opb,1,0.0,53.24,1,0.0,227.09,1,0.0,26.6349,1,0.0,411.925,1,0.0,172.48,1,0.0,326.994205,-384.0,-384.0,0.0,1,0.0
normalized-composed_pebbling_php_opt_pyramid_height40_pigeons39_holes38.opb,0,0.0,3326.0,0,2.0,,0,0.0,65.4607,1,0.0,152.224,1,0.0,553.805,0,2.0,,861.0,861.0,0.0,1,0.0
normalized-minisat50_4_16_7.opb,1,0.0,13.66,1,0.0,138.49,1,0.0,1082.96,1,0.0,1393.55,1,0.0,89.74,0,1.0,392.169672,2965595.0,5455255.0,0.0,1,0.0
normalized-BA_RDC4.dot_fibo_20null10mast_rapportOE2.0_TMAX300_K67_cod3.opb,0,0.0,3600.0,0,0.0093820103674224,3600.0,0,0.1001825071925577,3003.21,0,0.7855382061063865,853.997,0,0.1512401617216512,3600.07,0,1.0,32.308357,-315604.0,0.0,0.0,0,0.0
normalized-BA_RDC4.dot_fibo_20null20mast_rapportOE1.0_TMAX60_K67_cod2_pbEq1_newVersion.opb,1,0.0,22.06,1,0.0,404.83,1,0.0,1108.57,1,0.0,476.684,0,2.0,,0,1.0,1078.274571,-121393.0,-610.0,0.0,1,0.0
normalized-j6025_5.std.opb,0,0.1666666666666666,3600.01,0,1.0,3600.0,1,0.0,3274.54,0,0.0,1725.61,0,2.0,,1,0.0,184.746846,98.0,104.0,0.0,1,0.0
normalized-BA_RDC4.dot_unif_0null0mast_rapportOE1.0_TMAX15_K67_cod2.opb,1,0.0,9.03,1,0.0,88.12,1,0.0,164.023,1,0.0,147.787,1,0.0,459.773,1,0.0,3438.206574,-5503.0,-5503.0,0.0,1,0.0
normalized-hw128-vm85p-opt.opb.negationfix.opb,0,0.0,3600.12,0,1.0,3600.02,0,0.2222222222222222,1770.9,0,0.1111111111111111,3157.68,0,1.0,3600.0,0,2.0,,109.0,118.0,0.0,0,0.0
normalized-BA_RDC4.dot_luby_10null10mast_rapportOE1.0_TMAX180_K67_cod2.opb,0,0.0,3600.0,0,0.0341880341880341,3600.0,0,0.2297008547008547,1019.2,0,0.2393162393162393,533.309,0,1.0,3600.02,0,0.40625,152.775433,-7616.0,-128.0,0.0,0,0.0
normalized-BA_RDC4.dot_fibo_50null10mast_rapportOE1.0_TMAX60_K67_cod3.opb,1,0.0,538.2,0,2.0,,0,0.1839564945750213,3428.74,0,0.6200843005605371,3585.14,0,2.0,,0,1.0,15.11675,-113641.0,0.0,0.0,1,0.0
normalized-BA_RDC4.dot_fibo_20null0mast_rapportOE1.0_TMAX300_K67_cod1.opb,0,0.0,3600.0,0,0.1088932951908556,3600.0,0,0.0132751783324534,3555.61,0,0.0102456752077987,1459.64,0,0.0471460668639271,3600.04,0,1.0,14.6535,-325796.0,0.0,0.0,0,0.0
normalized-j12039_8.std.opb,0,0.005,3600.01,0,1.0,3600.01,0,0.005,397.182,0,0.0,202.723,0,2.0,,0,0.04,17.530752,100.0,300.0,0.0,0,0.0
normalized-NG.dot_luby_50null20mast_rapportOE1.0_TMAX60_K192_cod2.opb,0,0.0,3600.08,0,0.7288135593220338,3600.17,0,0.0932203389830508,2295.81,1,0.0,510.064,1,0.0,616.061,0,1.0,32.276883,-11328.0,0.0,0.0,1,0.0
normalized-ns894786.opb,0,0.0,3600.0,0,2.0,,0,2.0,,0,2.0,,0,2.0,,0,1.0,187.771844,12.0,14.0,0.0,0,0.0
normalized-BA_RDC4.dot_fibo_0null50mast_rapportOE2.0_TMAX180_K67_cod2_pbEq1_newVersion.opb,0,0.0,3600.02,0,0.0356704085883165,3600.0,0,0.0661365757462312,3146.98,0,0.1899890853295228,3332.08,0,0.0460788914491202,3600.0,0,1.0,348.318021,-194821.0,-5168.0,0.0,0,0.0
normalized-BA_RDC4.dot_luby_10null10mast_rapportOE2.0_TMAX120_K67_cod2_pbEq1_newVersion_ladder.opb,0,0.0,3600.01,1,0.0,354.87,0,0.0,811.691,0,0.0,898.892,0,0.2378048780487804,3547.83,0,1.0,1008.819592,-2728.0,-2564.0,0.0,1,0.0
normalized-BA_RDC4.dot_fibo_0null10mast_rapportOE1.0_TMAX15_K67_cod1.opb,1,0.0,26.1,1,0.0,75.44,1,0.0,261.943,1,0.0,152.551,1,0.0,62.13,0,1.0,14.02799,-27060.0,0.0,0.0,1,0.0
normalized-BA_RDC4.dot_unif_50null50mast_rapportOE1.0_TMAX120_K67_cod3.opb,1,0.0,104.04,1,0.0,193.53,1,0.0,928.949,1,0.0,447.022,1,0.0,181.36,0,1.0,2920.795948,-21.0,-7.0,0.0,1,0.0
normalized-frb40-19-3.opb,0,0.4,3600.01,0,0.6,3600.0,0,1.0,1243.13,0,0.8,3583.32,0,1.0,3600.0,1,0.0,205.50055,-40.0,-35.0,0.0,1,0.0
normalized-BA_RDC4.dot_luby_0null20mast_rapportOE1.0_TMAX180_K67_cod2_pbEq1_newVersion_ladder.opb,0,0.0,3600.02,1,0.0,1441.34,0,0.1572265625,3595.16,0,0.34765625,3149.54,0,0.078125,3600.0,0,1.0,2.214481,-8192.0,0.0,0.0,1,0.0
normalized-BA_RDC4.dot_fibo_20null50mast_rapportOE2.0_TMAX300_K67_cod2_pbEq1_newVersion_product.opb,1,0.0,854.58,0,0.0197517418907713,3600.0,0,0.4901179411655508,2488.55,0,0.5382597180797742,3598.07,0,0.3866316844671609,3600.0,0,1.0,2972.478308,-328380.0,-247577.0,0.0,1,0.0
normalized-maxcut_opt_complete_6-partite_block_nvert_81.opb,0,0.0,3600.1,0,0.1304347826086956,3600.02,0,0.0,1114.73,0,0.1956521739130435,2081.33,0,0.9130434782608696,3600.01,0,1.0,217.144423,-1640.0,-1548.0,0.0,0,0.0
normalized-BA_RDC4.dot_fibo_10null0mast_rapportOE2.0_TMAX180_K67_cod2_pbEq1_newVersion_binary.opb,0,0.0241249581664801,3600.01,0,1.0,3600.01,0,0.0,3500.7,0,0.2881550552202462,3575.54,0,0.6842002008008955,3600.02,0,1.0,3.363629,-173306.0,0.0,0.0,0,0.0
normalized-NG.dot_luby_20null20mast_rapportOE1.0_TMAX180_K192_cod2.opb,1,0.0,196.6,0,0.9432624113475178,3600.27,0,0.9854831560283688,2007.81,0,0.0,57.3081,1,0.0,695.825,0,1.0,34.535706,-36096.0,0.0,0.0,1,0.0
normalized-BA_RDC4.dot_fibo_10null10mast_rapportOE1.0_TMAX15_K67_cod2_pbEq1_newVersion_sequential.opb,1,0.0,9.52,1,0.0,2211.21,1,0.0,307.308,1,0.0,240.912,1,0.0,1120.51,1,0.0,588.026525,-24476.0,-24476.0,0.0,1,0.0
normalized-BA_RDC4.dot_fibo_10null0mast_rapportOE2.0_TMAX300_K67_cod2_pbEq1_newVersion_binary.opb,0,0.0,3600.01,0,0.4718939544949739,3600.01,0,0.0330822678474812,2131.78,0,0.2310917789104992,3094.74,0,0.4220747785972606,3600.0,0,1.0,879.669786,-264068.0,-123600.0,0.0,0,0.0
normalized-BA_RDC4.dot_unif_50null0mast_rapportOE1.0_TMAX60_K67_cod2_pbEq1_newVersion_sequential.opb,0,0.0,3600.03,0,0.0708236741259402,3600.0,0,0.0,1342.66,0,0.0479727492075507,2665.7,0,2.0,,0,1.0,3.197476,-21137.0,0.0,0.0,0,0.0
normalized-KE_700_004.opb,1,0.0,7.81,1,0.0,92.79,0,0.5450789631505297,3582.99,0,0.778636636236423,3590.96,1,0.0,80.5,0,1.0,27.512959,-32294.0,-17287.0,0.0,1,0.0
normalized-NG.dot_luby_20null50mast_rapportOE2.0_TMAX300_K192_cod1.opb,0,0.0,3600.22,0,0.8626609442060086,296.0,0,0.8538090128755365,3392.59,0,0.92643508583691,2506.64,0,2.0,,0,1.0,64.819111,-29824.0,0.0,0.0,0,0.0
normalized-BA_RDC4.dot_luby_10null10mast_rapportOE1.0_TMAX15_K67_cod2_pbEq1_newVersion_binary.opb,1,0.0,211.25,1,0.0,339.23,1,0.0,209.092,1,0.0,217.962,1,0.0,406.465,1,0.0,238.924225,-272.0,-272.0,0.0,1,0.0
normalized-mps-v2-20-10-n3703.opb,1,0.0,2.33,0,1.0,3600.07,0,0.0488714454781031,3583.26,0,0.0318446185592258,3420.22,0,0.056962868071753,3600.02,0,2.0,,1316001792.0,82553661844.0,0.0,1,0.0
normalized-BA_RDC4.dot_fibo_20null50mast_rapportOE1.0_TMAX60_K67_cod1.opb,1,0.0,53.16,1,0.0,344.43,0,0.670710988160575,2858.28,0,0.8336787610855623,1345.69,0,2.0,,0,1.0,12.344511,-112421.0,0.0,0.0,1,0.0
normalized-BA_RDC4.dot_fibo_50null0mast_rapportOE1.0_TMAX60_K67_cod3.opb,0,0.0,3600.01,0,0.0,3600.0,0,0.0125809412124611,2504.55,0,0.7760796410544027,3492.3,0,2.0,,0,1.0,1518.9353,-85361.0,-6909.0,0.0,0,0.0
normalized-BA_RDC4.dot_fibo_50null20mast_rapportOE1.0_TMAX300_K67_cod2.opb,0,0.0,3600.01,0,0.0279342299546344,3600.0,0,0.275266748177694,979.232,0,0.2925310510245669,985.192,0,1.0,3600.02,0,0.9598391159394146,33.778115,-581735.0,-432062.0,0.0,0,0.0
normalized-BA_RDC4.dot_luby_50null10mast_rapportOE2.0_TMAX15_K67_cod3.opb,1,0.0,17.78,1,0.0,55.73,1,0.0,425.056,1,0.0,300.628,1,0.0,65.97,0,1.0,1784.030995,-130.0,-40.0,0.0,1,0.0
normalized-t1722.opb,0,0.0601090112577046,3600.03,0,0.0,3600.0,0,1.0,3590.54,0,0.9301360093729306,3480.04,0,2.0,,0,0.7022056950741175,5.099496,113948.0,153210.0,0.0,0,0.0
normalized-sp97ic.opb,0,0.0,3600.02,0,0.000317205299724,3600.0,0,0.002943930020779,3586.37,0,0.0044862580283939,3444.33,0,2.0,,0,1.0,13.206838,434054.0,8740977.0,0.0,0,0.0
normalized-BA_RDC4.dot_fibo_10null50mast_rapportOE2.0_TMAX300_K67_cod2_pbEq1_newVersion_product.opb,0,0.0,3600.09,0,0.0,3600.01,0,0.2427789299046039,2432.27,0,1.0,2580.79,0,0.1254832019908751,3600.0,0,0.0346827042720862,1510.696135,-321615.0,-201065.0,0.0,0,0.0
normalized-BA_RDC4.dot_fibo_10null20mast_rapportOE1.0_TMAX60_K67_cod1.opb,1,0.0,808.35,1,0.0,497.69,0,0.1827439981301546,2088.91,0,0.3737270025710374,2556.29,0,2.0,,0,1.0,16.484632,-119796.0,0.0,0.0,1,0.0
normalized-BA_RDC4.dot_fibo_50null20mast_rapportOE1.0_TMAX15_K67_cod2_pbEq1_newVersion_ladder.opb,1,0.0,72.09,1,0.0,596.45,1,0.0,2780.76,1,0.0,2703.28,1,0.0,622.169,1,0.0,251.120369,-12022.0,-12022.0,0.0,1,0.0
normalized-BA_RDC4.dot_luby_50null50mast_rapportOE1.0_TMAX180_K67_cod2_pbEq1_newVersion_binary.opb,1,0.0,184.97,1,0.0,3406.44,1,0.0,1335.71,1,0.0,189.967,1,0.0,596.644,0,1.0,1623.823292,-33.0,-29.0,0.0,1,0.0
normalized-BA_RDC4.dot_unif_10null0mast_rapportOE1.0_TMAX60_K67_cod2_pbEq1_newVersion_product.opb,0,0.0,3600.01,0,0.0377784278490534,3600.0,0,0.0,3468.95,0,0.7232646579464248,2525.21,0,0.8243971749759705,3600.0,0,1.0,3.161906,-23929.0,0.0,0.0,0,0.0
normalized-aries-da_network_100_3__3_91__1024.opb,1,0.0,0.79,1,0.0,6.65,0,0.1480679969553602,1737.21,1,0.0,674.551,0,2.0,,0,1.0,185.042935,70998.0,406013.0,0.0,1,0.0
normalized-BA_RDC4.dot_unif_0null0mast_rapportOE2.0_TMAX120_K67_cod2_pbEq1_newVersion_product.opb,0,0.0,3600.01,0,0.0280958203646064,3600.02,0,0.0374055135615829,3389.15,0,0.1888895064473099,2796.01,0,0.7687861271676301,3600.01,0,1.0,2.788138,-35984.0,0.0,0.0,0,0.0
normalized-BA_RDC4.dot_unif_0null10mast_rapportOE1.0_TMAX15_K67_cod2_pbEq1_newVersion_ladder.opb,1,0.0,12.76,1,0.0,1024.71,1,0.0,225.457,1,0.0,890.331,1,0.0,58.47,0,1.0,2687.598531,-5839.0,-4188.0,0.0,1,0.0
normalized-BA_RDC4.dot_luby_50null20mast_rapportOE1.0_TMAX60_K67_cod3.opb,1,0.0,3397.2,1,0.0,703.03,0,0.4528462192013593,1677.38,1,0.0,1389.03,1,0.0,223.47,0,1.0,1154.710936,-2370.0,-16.0,0.0,1,0.0
normalized-BA_RDC4.dot_fibo_20null0mast_rapportOE2.0_TMAX300_K67_cod1.opb,0,0.0,3600.0,0,0.1761385179256014,3600.0,0,0.0259089185659518,1706.33,0,0.0474862795712102,1036.54,0,0.2056551528683643,3600.03,0,1.0,13.879572,-261107.0,0.0,0.0,0,0.0
normalized-injcomp_opt_4layers_maxfirst_lastlayerdiv2_size_25.opb,1,0.0,48.55,0,0.0,3600.0,0,0.0,11.8946,0,0.0,49.9593,0,2.0,,0,1.0,0.079688,-12.0,0.0,0.0,1,0.0
normalized-NG.dot_unif_10null0mast_rapportOE2.0_TMAX15_K192_cod2.opb,1,0.0,77.62,1,0.0,735.91,0,0.8573849673756462,3189.81,1,0.0,2565.34,1,0.0,1738.71,0,1.0,32.224549,-11801.0,0.0,0.0,1,0.0
normalized-neos-831188.opb,1,0.0,88.48,1,0.0,455.81,1,0.0,2276.68,0,0.0,31.6039,0,2.0,,0,1.0,1620.79326,7370978.0,7409298.0,0.0,1,0.0
normalized-BA_RDC4.dot_fibo_20null50mast_rapportOE1.0_TMAX300_K67_cod2_pbEq1_newVersion_sequential.opb,0,0.0,3600.01,0,0.2408362959578285,3600.08,0,0.1486157525119287,1295.71,0,0.1419592009590783,3548.26,0,0.0240820375002189,3600.01,0,1.0,2.758877,-628103.0,0.0,0.0,0,0.0
normalized-BA_RDC4.dot_unif_20null10mast_rapportOE2.0_TMAX120_K67_cod2_pbEq1_newVersion_sequential.opb,0,0.0,3600.01,0,0.2147857479202637,3600.02,0,0.0827499607596923,3569.92,0,0.3293988384868937,2956.42,0,0.5631768953068592,3600.01,0,1.0,2.479236,-31855.0,0.0,0.0,0,0.0
normalized-BA_RDC4.dot_luby_20null50mast_rapportOE2.0_TMAX15_K67_cod2_pbEq1_newVersion.opb,1,0.0,18.95,1,0.0,877.42,1,0.0,23.0499,1,0.0,105.513,1,0.0,453.338,1,0.0,164.838537,-58.0,-58.0,0.0,1,0.0
Init-x2-i7_pp_83.opb,0,2.0,,0,2.0,,1,0.0,232.582,1,0.0,241.887,0,0.0,3600.01,0,2.0,,688.0,688.0,0.0,1,0.0
normalized-BA_RDC4.dot_unif_20null10mast_rapportOE2.0_TMAX300_K67_cod1.opb,0,0.0,3600.01,0,0.1301114732546356,3600.0,0,0.0390019446194297,3483.0,0,0.1869025773054695,2838.3,0,0.4262687957054038,3600.05,0,1.0,13.393051,-73022.0,0.0,0.0,0,0.0
normalized-mps-v2-20-10-ran13x13.opb,1,0.0,34.35,0,0.0713287784471306,3600.0,0,0.0615252970491837,805.102,0,0.0500315602377978,219.802,0,0.1152754191965476,3600.0,0,1.0,9.64466,3330048.0,9388304.0,0.0,1,0.0
normalized-BA_RDC4.dot_fibo_50null0mast_rapportOE1.0_TMAX120_K67_cod2_pbEq1_newVersion_sequential.opb,0,0.0,3600.03,0,0.5652117921035404,3600.01,0,0.1794786490808212,1030.8,0,0.5187967504104914,2946.84,0,2.0,,0,1.0,129.104255,-177720.0,-84539.0,0.0,0,0.0
normalized-BA_RDC4.dot_unif_20null20mast_rapportOE1.0_TMAX300_K67_cod2_pbEq1_newVersion_binary.opb,0,0.0,3600.01,0,0.7510510878899063,3600.02,0,0.0494596794878943,3127.74,0,0.3027690729237529,3589.14,0,0.9894946971640144,3600.04,0,1.0,3.344957,-89669.0,0.0,0.0,0,0.0
normalized-BA_RDC4.dot_fibo_0null50mast_rapportOE2.0_TMAX60_K67_cod2_pbEq1_newVersion_ladder.opb,0,0.0,3600.01,1,0.0,2754.54,0,0.798373878536922,3151.77,0,0.437694099378882,3359.33,0,0.0557280883367839,3600.04,0,1.0,344.354346,-57314.0,-10946.0,0.0,1,0.0
normalized-BA_RDC4.dot_fibo_0null20mast_rapportOE2.0_TMAX180_K67_cod2_pbEq1_newVersion_sequential.opb,0,0.0,3600.01,0,0.1732684768404239,3600.02,0,0.1677943952374038,2779.59,0,0.467954116451285,3578.74,0,1.0,3600.0,0,0.4215768839843183,2294.970686,-202573.0,-133703.0,0.0,0,0.0
normalized-j12053_2.std.opb,0,1.0,3600.01,0,2.0,,0,0.0,3515.78,0,0.0068027210884353,450.969,0,2.0,,0,0.0204081632653061,167.838736,116.0,263.0,0.0,0,0.0
normalized-BA_RDC4.dot_unif_10null10mast_rapportOE2.0_TMAX60_K67_cod2_pbEq1_newVersion_ladder.opb,0,0.0,3600.01,1,0.0,1764.47,0,0.311032196969697,3358.35,0,0.3990530303030303,2838.65,0,0.740814393939394,3600.0,0,1.0,2.809335,-21120.0,0.0,0.0,1,0.0
normalized-ped3.G.recomb10-0.10-7.opb,0,0.0,3600.12,0,1.0,3345.0,0,0.0002440313987066,3557.22,1,0.0,130.062,1,0.0,526.452,1,0.0,20.158558,16092.0,40679.0,0.0,1,0.0
normalized-BA_RDC4.dot_luby_20null10mast_rapportOE1.0_TMAX180_K67_cod1.opb,0,0.0,3600.0,0,0.0,3600.01,0,0.2071563088512241,1465.39,0,0.3061608824320688,3348.72,0,2.0,,0,1.0,1015.632312,-7460.0,-26.0,0.0,0,0.0
normalized-BA_RDC4.dot_luby_50null10mast_rapportOE1.0_TMAX120_K67_cod2_pbEq1_newVersion_ladder.opb,0,0.0,3600.01,1,0.0,1060.25,0,0.4304635761589404,3070.84,0,0.0413907284768211,3161.18,0,1.0,3600.01,0,0.0546357615894039,2845.050187,-4896.0,-64.0,0.0,1,0.0
normalized-BA_RDC4.dot_unif_0null50mast_rapportOE2.0_TMAX180_K67_cod2_pbEq1_newVersion_ladder.opb,0,0.0094162494310423,3600.01,0,0.0,3600.0,0,0.0937926718252162,3510.87,0,0.070806781975421,2960.92,0,0.5036128812016386,3600.0,0,1.0,2.098403,-35152.0,0.0,0.0,0,0.0
normalized-mps-v2-20-10-mzzv11.opb,1,0.0,6.37,1,0.0,818.88,1,0.0,42.5985,1,0.0,77.0571,1,0.0,563.345,1,0.0,151.471044,-10859.0,-10859.0,0.0,1,0.0
normalized-BA_RDC4.dot_luby_20null20mast_rapportOE1.0_TMAX300_K67_cod2_pbEq1_newVersion.opb,0,0.0,3600.01,0,0.0778976023453041,3600.01,0,0.0477436917600251,2770.96,0,0.1507695529263951,3591.78,0,1.0,3600.01,0,0.3247827452622762,3490.197272,-13600.0,-4049.0,0.0,0,0.0
normalized-BA_RDC4.dot_luby_0null10mast_rapportOE2.0_TMAX180_K67_cod2_pbEq1_newVersion_binary.opb,0,0.0,3600.01,1,0.0,932.76,0,0.1384615384615384,3343.53,0,0.3173076923076923,2575.25,0,0.0,3600.19,0,1.0,3.307307,-4160.0,0.0,0.0,1,0.0
normalized-BA_RDC4.dot_luby_10null20mast_rapportOE2.0_TMAX300_K67_cod2_pbEq1_newVersion_sequential.opb,0,0.0,3600.01,0,0.0,3600.03,0,0.3475783475783476,3409.77,0,1.0,3412.37,0,0.0,3600.04,0,0.376068376068376,3364.725797,-7184.0,-5780.0,0.0,0,0.0
normalized-Generated_notes_20140709_1000_0.10-004.opb,1,0.0,5.98,1,0.0,104.65,0,0.5900315127495906,1440.91,0,0.5292765828620182,3465.43,1,0.0,64.93,0,1.0,17.356417,-110548.0,-37879.0,0.0,1,0.0
normalized-BA_RDC4.dot_fibo_50null20mast_rapportOE2.0_TMAX180_K67_cod2.opb,0,0.0,3600.04,1,0.0,275.3,0,0.9428864744631704,2713.98,0,0.9081700744289504,543.212,0,0.2096843185901274,3600.02,0,1.0,327.24739,-187446.0,-129001.0,0.0,1,0.0
normalized-maxcut_opt_complete_5-partite_inlv_nvert_62.opb,0,0.0,3600.02,0,0.4705882352941176,3600.01,0,0.3235294117647059,179.942,0,0.3235294117647059,3592.29,0,0.3823529411764705,3600.01,0,1.0,1.296249,-936.0,-902.0,0.0,0,0.0
normalized-j12017_2.std.opb,0,0.4848484848484848,3600.02,0,2.0,,0,0.0,248.376,0,0.0,3075.45,0,2.0,,0,1.0,15.762025,130.0,163.0,0.0,0,0.0
normalized-BA_RDC4.dot_fibo_20null0mast_rapportOE1.0_TMAX120_K67_cod1.opb,0,0.0,3600.01,0,0.0058278912126973,3600.0,0,0.2338419206650999,3236.62,0,0.2338419206650999,3533.93,0,0.2127564094994036,3600.26,0,1.0,12.956666,-169358.0,0.0,0.0,0,0.0
normalized-single-obj-f58-fob_fxl_loss.seq-A-3-2-irabcde.opb,0,0.0476098752835057,3600.02,0,1.0,3600.03,0,0.0,875.571,0,0.2380493764175286,3466.13,0,2.0,,0,0.0912380892884721,1702.376673,7769587844.0,9433846940.0,0.0,0,0.0
normalized-NG.dot_fibo_20null0mast_rapportOE1.0_TMAX60_K192_cod1.opb,0,0.0,3600.04,0,2.0,,0,0.8892811529795343,1517.86,0,0.5370793400272047,2335.32,0,1.0,1898.99,0,2.0,,-192614.0,0.0,0.0,0,0.0
normalized-j12027_9.std.opb,0,1.0,3600.04,0,2.0,,0,0.0,2201.42,0,0.0344827586206896,3234.16,0,2.0,,0,0.0,3059.415276,129.0,187.0,0.0,0,0.0
normalized-single-obj-f11-DCTotalLoss.seq-A-2-1-irabcde.opb,1,0.881485363377629,211.28,1,0.881485363377629,390.12,1,0.881485363377629,1478.64,1,0.881485363377629,118.146,1,0.0,298.53,0,1.0,65.602834,0.0,38111083101.0,0.0,1,0.0
normalized-BA_RDC4.dot_unif_50null10mast_rapportOE2.0_TMAX120_K67_cod2_pbEq1_newVersion_ladder.opb,0,0.0,3600.01,0,0.0186664525711533,3600.0,0,0.0328368993617277,1581.24,0,0.2573160451206294,3571.57,0,0.5565814298904098,3600.09,0,1.0,2.343156,-24911.0,0.0,0.0,0,0.0
normalized-NG.dot_fibo_0null50mast_rapportOE2.0_TMAX15_K192_cod1.opb,1,0.0,883.27,0,0.0,3600.11,0,0.3739909965849115,1347.05,0,0.8110641105246817,2130.88,0,2.0,,0,1.0,105.346227,-51536.0,0.0,0.0,1,0.0
normalized-BA_RDC4.dot_fibo_0null10mast_rapportOE1.0_TMAX60_K67_cod2_pbEq1_newVersion.opb,0,0.0,3600.0,1,0.0,2565.26,1,0.0,1284.09,1,0.0,1672.33,0,0.947617019629099,3600.01,0,1.0,4.333032,-129145.0,0.0,0.0,1,0.0
normalized-BA_RDC4.dot_unif_50null20mast_rapportOE1.0_TMAX15_K67_cod2_pbEq1_newVersion_ladder.opb,1,0.0,4.22,1,0.0,555.48,1,0.0,743.259,1,0.0,824.214,1,0.0,202.27,1,0.0,614.700391,-4173.0,-4173.0,0.0,1,0.0
normalized-NG.dot_fibo_20null0mast_rapportOE1.0_TMAX300_K192_cod1.opb,0,0.0,3600.04,0,0.5984332951532422,3600.42,0,1.0,78.9248,0,0.636451550257022,3292.13,0,2.0,,0,2.0,,-547965.0,-43339.0,0.0,0,0.0
normalized-BA_RDC4.dot_luby_0null0mast_rapportOE2.0_TMAX300_K67_cod1.opb,0,0.0,3600.01,0,0.1017786561264822,3600.05,0,0.025691699604743,1232.88,0,0.0326086956521739,2458.22,0,0.0830039525691699,3600.03,0,1.0,43.949711,-1020.0,-8.0,0.0,0,0.0
normalized-BA_RDC4.dot_unif_0null50mast_rapportOE2.0_TMAX180_K67_cod2_pbEq1_newVersion_binary.opb,0,0.0340472423146473,3600.01,0,0.1259889240506329,3600.0,0,0.0,3346.21,0,0.0921677215189873,3170.93,0,0.4402124773960217,3600.02,0,1.0,3.211906,-35392.0,0.0,0.0,0,0.0
normalized-BA_RDC4.dot_fibo_10null10mast_rapportOE1.0_TMAX180_K67_cod3.opb,0,0.0,3600.0,0,0.0,3600.0,0,0.1883587868358786,1193.77,0,0.36580770058077,1332.24,0,2.0,,0,1.0,14.975413,-348675.0,0.0,0.0,0,0.0
normalized-minisat25_6_4_5_mh.opb,0,0.0,3600.04,1,0.0,1600.12,0,0.0143074380144482,1732.05,0,0.0,474.115,0,0.000452201325837,3600.01,0,1.0,18.021038,5694787.0,374298306.0,0.0,1,0.0
normalized-NG.dot_unif_50null20mast_rapportOE1.0_TMAX120_K192_cod2.opb,0,0.0,3600.03,0,2.0,,0,0.0529146013571598,1114.99,0,0.1791194922539462,3582.1,0,0.5371755711228577,3600.01,0,1.0,34.643734,-54673.0,0.0,0.0,0,0.0
normalized-hw32-vm85p-opt.opb.negationfix.opb,1,0.0,95.91,1,0.0,56.09,0,1.0,73.6547,0,1.0,106.124,0,2.0,,0,2.0,,27.0,28.0,0.0,1,0.0
normalized-BA_RDC4.dot_fibo_50null10mast_rapportOE2.0_TMAX15_K67_cod3.opb,1,0.0,31.86,1,0.0,149.79,1,0.0,336.095,1,0.0,441.695,1,0.0,141.3,0,1.0,233.952196,-13530.0,-55.0,0.0,1,0.0
normalized-BA_RDC4.dot_fibo_50null20mast_rapportOE1.0_TMAX120_K67_cod2_pbEq1_newVersion_binary.opb,0,0.0,3600.01,1,0.0,3345.11,0,0.0,2224.64,1,0.0,3063.21,0,0.9098300491220146,3600.02,0,1.0,3016.498306,-236631.0,-218920.0,0.0,1,0.0
normalized-BA_RDC4.dot_unif_20null20mast_rapportOE2.0_TMAX180_K67_cod2_pbEq1_newVersion_sequential.opb,0,0.016146422278907,3600.01,0,2.0,,0,0.0,1588.3,0,0.0368159465642832,3545.03,0,0.5461382701764536,3600.0,0,1.0,2.447815,-38027.0,0.0,0.0,0,0.0
normalized-BA_RDC4.dot_unif_0null10mast_rapportOE2.0_TMAX120_K67_cod2_pbEq1_newVersion_ladder.opb,0,0.0,3600.02,0,0.3824740130897029,3600.02,0,0.0151331181330885,3421.23,0,0.2930671957828649,3382.31,0,0.6689371279651731,3578.21,0,1.0,2.481874,-33767.0,0.0,0.0,0,0.0
normalized-BA_RDC4.dot_fibo_10null20mast_rapportOE1.0_TMAX180_K67_cod2_pbEq1_newVersion.opb,0,0.0,3600.01,1,0.0,1159.53,0,0.0474633593371048,3300.89,0,0.2794900723835659,2580.87,0,0.0906442700140157,3600.01,0,1.0,3.041378,-373151.0,0.0,0.0,1,0.0
normalized-BA_RDC4.dot_luby_50null10mast_rapportOE1.0_TMAX120_K67_cod2_pbEq1_newVersion_sequential.opb,0,0.0,3600.02,0,0.0032258064516129,3600.0,0,1.0,23.5268,0,0.6258064516129033,3355.52,0,0.0129032258064516,3600.01,0,0.2108870967741935,510.788681,-4896.0,-2416.0,0.0,0,0.0
normalized-mult_diagcomm_opt_greater_teq_nbits_49.opb,1,0.0,1.1,1,0.0,1668.64,0,0.0,12.3355,0,0.0,0.304284,0,2.0,,0,0.0,0.54377,0.0,0.0,0.0,1,0.0
normalized-BA_RDC4.dot_unif_20null50mast_rapportOE2.0_TMAX180_K67_cod2.opb,0,0.0076399449634296,3600.1,0,0.1291911072488956,3600.0,0,0.0,3380.98,0,0.0345064812803244,3189.0,0,0.5326236512419437,3600.01,0,1.0,1263.883486,-33038.0,-5420.0,0.0,0,0.0
normalized-BA_RDC4.dot_luby_10null50mast_rapportOE1.0_TMAX15_K67_cod2_pbEq1_newVersion.opb,1,0.0,11.7,1,0.0,77.6,1,0.0,341.652,1,0.0,2955.68,1,0.0,243.01,1,0.0,156.929524,-388.0,-388.0,0.0,1,0.0
normalized-BA_RDC4.dot_unif_0null20mast_rapportOE2.0_TMAX300_K67_cod2.opb,0,0.0,3600.0,0,0.1491245245021257,3600.01,0,0.0164466323562318,1405.17,0,0.1613056612217498,3545.73,0,0.5929738196464533,775.238,0,1.0,2.999047,-71504.0,0.0,0.0,0,0.0
Init-x2-i2_pp_93.opb,0,2.0,,0,2.0,,1,0.0,27.5556,1,0.0,70.7511,1,0.0,336.332,0,1.0,494.890388,748.0,796.0,0.0,1,0.0
normalized-maxcut_opt_complete_5-partite_block_nvert_57.opb,0,0.0,3600.01,0,0.0398406374501992,3600.01,0,0.0398406374501992,153.204,0,0.0,2874.3,0,0.0398406374501992,3600.0,0,1.0,0.971121,-792.0,-541.0,0.0,0,0.0
normalized-NG.dot_unif_0null50mast_rapportOE1.0_TMAX300_K192_cod2.opb,0,0.6901685478258238,3600.03,0,1.0,3600.03,0,0.2244227917814022,1944.29,0,0.0,3589.26,0,0.0866644476049263,2300.03,0,1.0,31.786107,-66094.0,0.0,0.0,0,0.0
normalized-NG.dot_fibo_10null10mast_rapportOE1.0_TMAX15_K192_cod1.opb,1,0.0,1120.71,1,0.0,903.73,0,0.0,873.993,0,1.0,2389.78,0,2.0,,0,2.0,,-67273.0,-28657.0,0.0,1,0.0
normalized-BA_RDC4.dot_fibo_0null50mast_rapportOE1.0_TMAX180_K67_cod2_pbEq1_newVersion.opb,1,0.0,16.16,1,0.0,862.76,1,0.0,2074.86,0,1.0,250.518,0,0.1387308145650879,3600.0,0,0.2080962218476318,2481.968369,-383110.0,-225308.0,0.0,1,0.0
normalized-minisat25_6_4_0_mh.opb,0,0.0,3600.04,1,0.0,2851.73,0,0.0090391983587442,826.775,0,0.0,1495.56,0,0.000126026076488,3600.02,0,1.0,17.383517,3649773.0,358560449.0,0.0,1,0.0
normalized-BA_RDC4.dot_unif_50null0mast_rapportOE2.0_TMAX120_K67_cod2_pbEq1_newVersion_sequential.opb,0,0.0,3600.03,0,0.4095037982867302,3600.02,0,0.1819298529174074,3505.49,0,0.162502020365282,3599.47,0,2.0,,0,1.0,3.579844,-30935.0,0.0,0.0,0,0.0
normalized-neos-885524.opb,1,0.0,1.7,1,0.0,349.24,0,1.0,3599.43,0,0.3076185912793484,3540.61,1,0.0,270.68,0,2.0,,527398.0,544094.0,0.0,1,0.0
normalized-evencolouring_opt_linear_random6regular_nvert_901.opb,1,0.0,0.36,0,0.0,3600.02,1,0.0,28.5196,1,0.0,401.88,1,0.0,2689.83,0,0.0,5.516853,1.0,1.0,0.0,1,0.0
normalized-NG.dot_unif_20null0mast_rapportOE2.0_TMAX300_K192_cod1.opb,0,0.0,3600.1,0,0.9236568966642732,3600.02,0,0.9752594816894052,347.299,0,1.0,1445.55,0,2.0,,0,2.0,,-113204.0,-21290.0,0.0,0,0.0
normalized-injcomp_opt_4layers_maxfirst_lastlayerdiv2_size_60.opb,0,0.0,3600.0,0,0.0,3600.0,0,0.0,12.9552,0,0.0,14.4895,0,2.0,,0,1.0,0.232367,-30.0,0.0,0.0,0,0.0
normalized-BA_RDC4.dot_luby_20null50mast_rapportOE1.0_TMAX60_K67_cod2_pbEq1_newVersion_sequential.opb,1,0.0,82.95,1,0.0,3129.01,1,0.0,63.5741,1,0.0,118.152,0,0.0,3600.39,0,1.0,1775.776982,-2566.0,-2564.0,0.0,1,0.0
normalized-BA_RDC4.dot_unif_50null10mast_rapportOE1.0_TMAX120_K67_cod1.opb,0,0.0,3600.0,0,0.0177371281631698,3600.01,0,0.2489042136637251,3514.85,0,0.2029980714160481,3518.46,0,0.7806381859622465,3600.04,0,1.0,15.830556,-34222.0,0.0,0.0,0,0.0
normalized-BA_RDC4.dot_fibo_0null20mast_rapportOE1.0_TMAX120_K67_cod2_pbEq1_newVersion_binary.opb,0,0.0,3600.05,1,0.0,1419.03,0,0.4428235786356834,3281.73,1,0.0,3011.89,0,0.0752240871566276,3600.01,0,1.0,3.190349,-248564.0,0.0,0.0,1,0.0
normalized-BA_RDC4.dot_fibo_50null20mast_rapportOE1.0_TMAX180_K67_cod3.opb,0,0.0,3600.05,1,0.0,1602.07,0,0.2844305649336034,3382.78,0,0.3978758721584515,994.287,0,2.0,,0,1.0,13.865308,-355440.0,0.0,0.0,1,0.0
normalized-BA_RDC4.dot_luby_10null50mast_rapportOE1.0_TMAX120_K67_cod2_pbEq1_newVersion_binary.opb,1,0.0,1517.37,1,0.0,1265.47,1,0.0,127.648,1,0.0,103.946,1,0.0,579.561,0,1.0,421.899723,-5638.0,-2.0,0.0,1,0.0
normalized-injcomp_opt_4layers_maxall_lastlayerdiv2_size_25.opb,1,0.0,25.21,0,0.0,3600.0,0,0.0,13.2094,0,0.0,69.7168,0,2.0,,0,1.0,0.042384,-49.0,-37.0,0.0,1,0.0
normalized-domset_opt_hexgrid_nrowsdiv30add5_ncols_600.opb,1,0.0,1649.73,0,0.0008904719501335,3600.01,0,0.4995547640249332,48.5047,0,0.9643811219946572,3015.39,0,2.0,,0,1.0,0.721344,3751.0,4874.0,0.0,1,0.0
normalized-mps-v2-20-10-set1cl.opb,1,0.0,0.05,0,2.0,,0,0.0,15.6168,0,0.0,6.89873,0,0.0,3600.0,0,1.0,896.230945,26559488.0,73581917.0,0.0,1,0.0
normalized-BA_RDC4.dot_fibo_10null20mast_rapportOE1.0_TMAX60_K67_cod2_pbEq1_newVersion_binary.opb,1,0.0,510.21,1,0.0,1445.9,1,0.0,2576.33,1,0.0,580.832,0,0.1986844363988202,3600.0,0,1.0,121.754893,-134923.0,-6765.0,0.0,1,0.0
normalized-BA_RDC4.dot_fibo_10null0mast_rapportOE2.0_TMAX180_K67_cod2_pbEq1_newVersion_sequential.opb,0,0.0,3600.01,0,0.239454006772009,3600.64,0,0.0455699774266365,3595.19,0,0.0759499623777276,3561.76,0,0.3507395127915726,3600.01,0,1.0,2.760941,-170112.0,0.0,0.0,0,0.0
normalized-BA_RDC4.dot_unif_20null20mast_rapportOE2.0_TMAX300_K67_cod2_pbEq1_newVersion_ladder.opb,0,0.0,3600.01,0,0.060766868750492,3600.0,0,0.02517911975435,2521.47,0,0.1500669238642626,3513.78,0,1.0,3600.01,0,1.0,2.300143,-63505.0,0.0,0.0,0,0.0
normalized-autocorr_bern35-04.lin.opb,1,0.0,243.33,1,0.0,113.84,0,1.0,2196.33,0,0.0,726.384,1,0.0,127.86,0,0.0,0.008096,-96.0,-94.0,0.0,1,0.0
normalized-BA_RDC4.dot_unif_10null20mast_rapportOE2.0_TMAX180_K67_cod2_pbEq1_newVersion_product.opb,0,0.0475755660134391,3600.13,0,0.0449767038936105,3410.0,0,0.0,3412.29,0,0.1176980169043103,3587.32,0,0.5641403853808152,3600.01,0,1.0,2.64868,-42711.0,0.0,0.0,0,0.0
normalized-BA_RDC4.dot_luby_10null20mast_rapportOE2.0_TMAX120_K67_cod1.opb,0,0.0,3600.0,1,0.0,963.04,0,0.4509246088193456,1970.69,0,0.7194167852062588,671.927,1,0.0,270.95,0,1.0,62.61043,-2820.0,-8.0,0.0,1,0.0
normalized-s1234.opb,0,0.5428571428571428,3600.0,0,1.0,3600.0,0,0.0,134.327,0,0.0,751.604,0,0.2333333333333333,3600.0,1,0.0,108.18002,29.0,239.0,0.0,1,0.0
normalized-NG.dot_unif_20null0mast_rapportOE1.0_TMAX60_K192_cod2.opb,1,0.0,451.13,0,0.187088304929792,3600.04,0,0.2543894606062026,3278.8,0,0.3865538338920274,3360.79,0,2.0,,0,1.0,33.014106,-42659.0,0.0,0.0,1,0.0
normalized-BA_RDC4.dot_unif_20null0mast_rapportOE1.0_TMAX60_K67_cod3.opb,0,0.0,3600.0,0,0.0,3600.01,0,0.3355384681472572,2325.99,0,0.2666781219124532,2478.13,0,2.0,,0,1.0,33.374884,-23279.0,0.0,0.0,0,0.0
normalized-j12052_8.std.opb,0,1.0,3600.02,0,2.0,,0,0.0,1674.6,0,0.0,1778.25,0,2.0,,0,0.0769230769230769,170.902587,164.0,294.0,0.0,0,0.0
normalized-clique-coloring-max-clique-n=13-t=10.opb,1,0.0,42.68,0,0.0,3600.0,0,0.0,10.8639,0,0.0,0.646636,0,2.0,,0,0.0,0.122038,3.0,3.0,0.0,1,0.0
normalized-composed_pebbling_php_opt_pyramid_height50_pigeons49_holes48.opb,0,0.0,3600.17,0,2.0,,0,0.0,234.215,0,0.0,2113.07,0,2.0,,0,2.0,,1326.0,1326.0,0.0,0,0.0
normalized-domset_opt_hexgrid_nrowsdiv30add5_ncols_380.opb,1,0.0,467.51,1,0.0,763.58,0,0.4104803493449782,3120.27,0,0.7641921397379913,2347.65,0,2.0,,0,1.0,0.171912,1616.0,2074.0,0.0,1,0.0
normalized-j12038_1.std.opb,0,0.1666666666666666,3600.01,0,0.6666666666666666,3600.01,0,0.0,94.2148,0,0.0,1022.96,0,2.0,,0,1.0,16.329865,111.0,159.0,0.0,0,0.0
normalized-BA_RDC4.dot_luby_0null20mast_rapportOE1.0_TMAX300_K67_cod3.opb,0,0.0,3600.0,0,0.0227629513343799,3600.01,0,0.1758241758241758,1631.27,0,0.2072213500784929,2263.05,0,2.0,,0,1.0,49.770693,-13672.0,-3480.0,0.0,0,0.0
normalized-BA_RDC4.dot_luby_50null0mast_rapportOE2.0_TMAX300_K67_cod2.opb,0,0.0,3600.0,0,0.1176470588235294,3600.0,0,0.0274509803921568,1529.68,0,0.0509803921568627,1745.32,0,0.2039215686274509,3600.0,0,1.0,78.587085,-644.0,-389.0,0.0,0,0.0
normalized-BA_RDC4.dot_luby_20null0mast_rapportOE1.0_TMAX300_K67_cod2.opb,0,0.0,3600.0,0,0.0825688073394495,3600.01,0,0.0036697247706422,232.171,0,0.0036697247706422,3312.74,0,0.326605504587156,3600.0,0,1.0,80.030307,-1130.0,-585.0,0.0,0,0.0
normalized-BA_RDC4.dot_fibo_50null20mast_rapportOE2.0_TMAX120_K67_cod2_pbEq1_newVersion_sequential.opb,0,0.0,3600.02,0,0.047490382476749,3600.02,0,0.129636799485967,2905.7,0,0.5147084263507781,3159.96,0,2.0,,0,1.0,121.481676,-133936.0,-12543.0,0.0,0,0.0
normalized-BA_RDC4.dot_luby_20null50mast_rapportOE1.0_TMAX180_K67_cod2.opb,0,0.0,3600.0,1,0.0,397.8,0,1.0,3350.5,1,0.0,261.536,0,2.0,,0,0.5968992248062015,928.859251,-8512.0,-5932.0,0.0,1,0.0
normalized-BA_RDC4.dot_fibo_20null0mast_rapportOE1.0_TMAX300_K67_cod2.opb,0,0.0042711319066015,3600.01,0,0.7239511935377888,3600.01,0,0.0,2318.4,0,0.0325376414741636,2938.72,0,0.1624502928614317,3600.01,0,1.0,174.736905,-334590.0,-246323.0,0.0,0,0.0
normalized-BA_RDC4.dot_fibo_0null20mast_rapportOE1.0_TMAX300_K67_cod2_pbEq1_newVersion_product.opb,0,0.0,3600.01,0,0.0760402898084889,3600.0,0,0.0110941287214119,3421.36,0,0.1351302596665693,2994.57,0,0.2039318969730165,3600.03,0,1.0,2.468599,-609782.0,0.0,0.0,0,0.0
normalized-maxcut_opt_complete_6-partite_block_nvert_63.opb,0,0.0,3600.01,0,0.1525423728813559,3600.01,0,0.0338983050847457,61.3375,0,0.0,2896.18,0,0.711864406779661,3600.0,0,1.0,29.848599,-992.0,-933.0,0.0,0,0.0
normalized-BA_RDC4.dot_fibo_0null20mast_rapportOE2.0_TMAX15_K67_cod2.opb,1,0.0,14.0,1,0.0,79.11,1,0.0,86.1317,1,0.0,116.632,1,0.0,150.4,1,0.0,898.001315,-14140.0,-14140.0,0.0,1,0.0
Init-x2-i3_pp_82.opb,0,2.0,,0,2.0,,0,0.0,2237.84,1,0.0,912.268,1,0.0,605.112,0,2.0,,688.0,688.0,0.0,1,0.0
normalized-BA_RDC4.dot_unif_50null10mast_rapportOE2.0_TMAX300_K67_cod1.opb,0,0.0,3600.0,0,0.0126294673926392,3600.0,0,0.0500675482048552,3551.88,0,0.2357432349449379,3585.94,0,2.0,,0,1.0,14.937074,-48854.0,0.0,0.0,0,0.0
normalized-BA_RDC4.dot_unif_10null20mast_rapportOE2.0_TMAX60_K67_cod2_pbEq1_newVersion_ladder.opb,0,0.0,3600.01,1,0.0,1327.84,0,0.0,3593.9,0,0.2499248722828809,2931.55,0,0.7497245317038966,944.32,0,1.0,2.515671,-19966.0,0.0,0.0,1,0.0
normalized-BA_RDC4.dot_fibo_10null0mast_rapportOE2.0_TMAX300_K67_cod3.opb,0,0.0,3600.01,0,0.057579822706414,3600.01,0,0.0514058615903845,2427.38,0,0.0613955394387378,3213.19,0,0.1236918509125632,3600.12,0,1.0,15.073696,-258667.0,0.0,0.0,0,0.0
normalized-BA_RDC4.dot_fibo_20null10mast_rapportOE2.0_TMAX180_K67_cod2.opb,0,0.0,3600.01,0,0.0029932333298984,3600.01,0,0.1827933245989803,964.833,0,0.2365046885810602,3565.9,0,0.0947431953011143,3600.03,0,1.0,2.751175,-203793.0,0.0,0.0,0,0.0
normalized-BA_RDC4.dot_unif_0null10mast_rapportOE1.0_TMAX300_K67_cod1.opb,0,0.0,3600.01,0,0.1371207931934379,3600.01,0,0.2018491030976842,3407.47,0,0.3554333168408083,3393.34,0,0.3479728746471084,3600.07,0,1.0,13.526722,-103077.0,0.0,0.0,0,0.0
normalized-ped3.F.recomb10-0.20-14.opb,0,0.0004171011470281,3600.03,0,1.0,3600.02,0,0.0357664233576642,1319.27,1,0.0,543.451,1,0.0,333.154,1,0.0,11.928251,5482.0,15072.0,0.0,1,0.0
normalized-BA_RDC4.dot_fibo_10null0mast_rapportOE1.0_TMAX180_K67_cod2_pbEq1_newVersion_ladder.opb,0,0.0,3600.01,0,0.0484123425910631,3600.01,0,0.1470696964691631,1811.48,0,0.2738148611340522,3477.33,0,2.0,,0,1.0,42.165701,-258900.0,-131763.0,0.0,0,0.0
normalized-j12026_10.std.opb,0,1.0,3600.01,0,2.0,,0,0.0,253.853,0,0.0111111111111111,3035.46,0,2.0,,1,0.0,1352.885179,183.0,273.0,0.0,1,0.0
normalized-injcomp_opt_4layers_maxfirst_lastlayerdecr1_size_45.opb,1,0.0,2.74,1,0.0,340.15,0,0.0,17.3059,0,0.0,1.70846,0,2.0,,0,1.0,0.151544,-44.0,0.0,0.0,1,0.0
normalized-BA_RDC4.dot_unif_50null10mast_rapportOE1.0_TMAX180_K67_cod1.opb,0,0.0,3600.01,0,0.0166127702745545,3600.0,0,0.146703865745144,3545.64,0,0.1707775875552173,1943.87,0,2.0,,0,1.0,15.536533,-47313.0,0.0,0.0,0,0.0
normalized-j12060_5.std.opb,0,0.1,3600.01,0,1.0,3600.0,0,0.1,62.776,0,0.0,918.726,0,2.0,,0,0.4,57.18972,107.0,117.0,0.0,0,0.0
normalized-BA_RDC4.dot_fibo_20null20mast_rapportOE2.0_TMAX15_K67_cod2_pbEq1_newVersion_product.opb,1,0.0,60.48,1,0.0,666.7,1,0.0,215.555,1,0.0,1038.54,1,0.0,684.841,1,0.0,699.799576,-19308.0,-19308.0,0.0,1,0.0
normalized-comppebvc_opt_195.opb,0,0.0,3600.02,0,0.0249128051818634,3600.02,0,1.0,3388.16,0,0.0,1582.88,0,2.0,,0,0.0,6.327019,19209.0,21216.0,0.0,0,0.0
normalized-single-obj-f58-fob_fxl_loss.seq-A-3-1-EDCBAir.opb,0,1.9028018135122041e-07,3600.02,0,1.0,3600.01,0,1.9028018135122041e-07,772.743,0,1.2685345423414694e-07,827.928,0,1.9028018135122041e-07,3600.01,0,0.0,9.272663,-144635862.0,-65804741.0,0.0,0,0.0
normalized-BA_RDC4.dot_fibo_20null0mast_rapportOE1.0_TMAX120_K67_cod2_pbEq1_newVersion_binary.opb,0,0.0,3600.02,0,0.3316646659158694,3600.01,0,0.2093053475737287,711.23,0,0.0677326336893432,3492.27,0,0.5944952538890883,3600.0,0,1.0,3.329943,-161606.0,0.0,0.0,0,0.0
normalized-injcomp_opt_4layers_maxfirst_lastlayerdiv2_size_31.opb,1,0.0,62.3,0,0.0,3600.0,0,0.0,10.9974,0,0.0,1319.27,0,2.0,,0,1.0,0.058894,-15.0,0.0,0.0,1,0.0
normalized-NG.dot_unif_0null50mast_rapportOE2.0_TMAX15_K192_cod1.opb,1,0.0,1354.47,1,0.0,2951.46,1,0.0,2069.6,0,0.6635904579488072,2692.75,0,2.0,,0,1.0,105.215512,-11486.0,0.0,0.0,1,0.0
normalized-NG.dot_fibo_10null50mast_rapportOE1.0_TMAX120_K192_cod2.opb,1,0.0,640.84,0,2.0,,0,0.3626828767861676,3544.69,0,0.4181744836675859,3367.39,0,0.9764742294571164,789.559,0,1.0,31.15264,-287557.0,0.0,0.0,1,0.0
normalized-BA_RDC4.dot_luby_0null0mast_rapportOE1.0_TMAX60_K67_cod2_pbEq1_newVersion.opb,0,0.0081967213114754,3600.01,0,0.0327868852459016,3600.0,0,0.0081967213114754,458.412,0,0.0081967213114754,994.795,1,0.0,3070.31,0,1.0,3.264925,-488.0,0.0,0.0,1,0.0
normalized-BA_RDC4.dot_fibo_0null0mast_rapportOE2.0_TMAX300_K67_cod2_pbEq1_newVersion_product.opb,0,0.0,3600.01,0,0.8207131395164875,3600.0,0,0.0240626200682552,611.08,0,0.0045955536135365,3143.66,0,0.8571234847857041,3600.0,0,1.0,554.755912,-323589.0,-190852.0,0.0,0,0.0
normalized-BA_RDC4.dot_luby_50null20mast_rapportOE1.0_TMAX300_K67_cod1.opb,0,0.0,3600.0,0,0.0,3600.0,0,0.2658423493044822,527.054,0,0.2874806800618238,224.333,0,2.0,,0,1.0,2474.50155,-13600.0,-5836.0,0.0,0,0.0
normalized-BA_RDC4.dot_fibo_10null10mast_rapportOE1.0_TMAX300_K67_cod2.opb,0,0.0,3600.0,0,0.0836476040914422,3600.01,0,0.0737743440433751,653.516,0,0.0258485310468941,3535.94,0,1.0,3600.03,0,0.9953384762930952,55.654391,-595642.0,-333925.0,0.0,0,0.0
normalized-BA_RDC4.dot_fibo_10null10mast_rapportOE2.0_TMAX120_K67_cod2_pbEq1_newVersion.opb,0,0.0,3600.01,0,0.0522488352646039,3600.0,0,0.066987217775654,1320.1,0,0.3167184326842671,3034.59,0,0.182743997132959,3600.0,0,1.0,3.014667,-133936.0,0.0,0.0,0,0.0
normalized-BA_RDC4.dot_unif_0null0mast_rapportOE2.0_TMAX60_K67_cod2_pbEq1_newVersion_product.opb,0,0.0,3600.03,0,0.3006171428571428,3600.03,0,0.0,1344.49,0,0.1003885714285714,1406.85,0,0.65952,3600.01,0,1.0,3.490963,-21875.0,0.0,0.0,0,0.0
normalized-NG.dot_luby_0null0mast_rapportOE2.0_TMAX180_K192_cod1.opb,0,0.0,3600.07,0,2.0,,0,1.0,2406.57,0,0.9330042313117066,1626.56,0,2.0,,0,2.0,,-1584.0,-166.0,0.0,0,0.0
normalized-NG.dot_unif_20null50mast_rapportOE1.0_TMAX15_K192_cod2.opb,1,0.0,102.6,1,0.0,367.4,1,0.0,1556.82,0,1.0,416.487,1,0.0,2247.02,0,1.0,31.454307,-11049.0,0.0,0.0,1,0.0
normalized-BA_RDC4.dot_fibo_0null20mast_rapportOE2.0_TMAX120_K67_cod2.opb,0,0.0,3600.0,0,0.0,3600.02,0,0.0,2535.96,0,0.0,3282.45,0,2.0,,0,1.0,204.488413,-123600.0,-987.0,0.0,0,0.0
normalized-BA_RDC4.dot_fibo_10null0mast_rapportOE2.0_TMAX120_K67_cod2.opb,0,0.0,3600.02,0,0.0974564805628213,3600.0,0,0.0617325310208867,2843.59,0,0.0578025744436856,2378.85,0,0.6489002564135603,3600.0,0,1.0,3.051586,-155218.0,0.0,0.0,0,0.0
normalized-BA_RDC4.dot_unif_50null20mast_rapportOE2.0_TMAX120_K67_cod2_pbEq1_newVersion.opb,0,0.0,3600.0,0,0.0356007884468401,3600.0,0,0.0618689408262601,3105.07,0,0.1838770666559395,3569.81,0,0.5444305885192485,515.803,0,1.0,3.002926,-24859.0,0.0,0.0,0,0.0
normalized-BA_RDC4.dot_fibo_10null20mast_rapportOE1.0_TMAX180_K67_cod1.opb,0,0.0,3600.01,1,0.0,1740.82,0,0.2960481018379821,1617.02,0,0.649393208348444,345.108,0,2.0,,0,1.0,15.417645,-380526.0,0.0,0.0,1,0.0
Init-x2-i1_pp_96.opb,1,0.0,768.79,0,0.01,3600.0,0,0.01,545.04,0,0.01,710.096,0,0.17,3600.0,0,1.0,78.103155,1400.0,1600.0,0.0,1,0.0
normalized-BA_RDC4.dot_unif_50null10mast_rapportOE1.0_TMAX60_K67_cod2_pbEq1_newVersion_ladder.opb,0,0.0,3600.01,0,0.0073628597122302,3600.0,0,0.3262140287769784,3206.79,0,0.1718187949640287,3424.48,0,0.4941546762589928,3569.48,0,1.0,3.186259,-17792.0,0.0,0.0,0,0.0
normalized-NG.dot_unif_20null20mast_rapportOE1.0_TMAX60_K192_cod1.opb,1,0.0,1722.63,0,1.0,3600.19,0,2.0,,0,0.5882137628111274,2435.79,0,2.0,,0,2.0,,-43712.0,0.0,0.0,1,0.0
normalized-mult_diagcomm_opt_greater_teq_nbits_47.opb,1,0.0,29.98,1,0.0,105.41,0,0.0,10.2605,0,0.0,0.248353,0,2.0,,0,0.0,0.494619,0.0,0.0,0.0,1,0.0
normalized-bab2.opb,0,0.0,3600.02,0,2.0,,0,1.0,3247.48,0,2.0,,0,2.0,,0,2.0,,-4969066.0,-2893324.0,0.0,0,0.0
normalized-toll-like.opb,0,0.0,3600.02,0,0.0041493775933609,3600.0,0,1.0,3342.55,0,0.3568464730290456,3110.06,0,2.0,,0,0.5269709543568465,213.056591,610.0,851.0,0.0,0,0.0
normalized-BA_RDC4.dot_fibo_0null50mast_rapportOE1.0_TMAX60_K67_cod2_pbEq1_newVersion.opb,1,0.0,8.7,1,0.0,567.22,1,0.0,902.287,1,0.0,380.707,1,0.0,180.93,0,1.0,2348.694742,-116225.0,-20685.0,0.0,1,0.0
normalized-NG.dot_luby_0null10mast_rapportOE2.0_TMAX60_K192_cod1.opb,1,0.0,2658.21,0,2.0,,0,0.9522466960352424,686.842,0,1.0,1568.32,0,2.0,,0,2.0,,-5728.0,-53.0,0.0,1,0.0
normalized-edgecross14-098.lin.opb,0,0.0163447251114413,3600.01,0,0.0534918276374442,3600.0,0,0.0,456.752,0,0.0297176820208023,2760.29,0,2.0,,0,1.0,0.10725,1355.0,2028.0,0.0,0,0.0
normalized-BA_RDC4.dot_fibo_0null20mast_rapportOE2.0_TMAX60_K67_cod2_pbEq1_newVersion_binary.opb,0,0.014053022752513,3600.01,0,0.014053022752513,3600.0,0,0.0227382749095879,2524.25,0,0.0,2510.22,0,0.2294330381296807,3600.02,0,1.0,79.407436,-71831.0,-1597.0,0.0,0,0.0
normalized-BA_RDC4.dot_unif_0null50mast_rapportOE1.0_TMAX120_K67_cod2.opb,0,0.0,3600.02,0,0.0042220648781894,3427.0,0,0.1547478561875541,3501.04,0,0.1434977578475336,3311.52,0,0.3985262108934518,3600.11,0,1.0,2.726656,-38133.0,0.0,0.0,0,0.0
normalized-BA_RDC4.dot_luby_50null0mast_rapportOE1.0_TMAX300_K67_cod1.opb,0,0.0,3600.01,0,0.0456204379562043,3600.0,0,0.010948905109489,830.846,0,0.0145985401459854,3065.22,0,0.0510948905109489,3600.22,0,1.0,927.822349,-679.0,-131.0,0.0,0,0.0
normalized-NG.dot_fibo_0null0mast_rapportOE2.0_TMAX15_K192_cod1.opb,1,0.0,2183.91,1,0.0,954.32,0,0.879157021060358,1894.44,0,0.7950849754389927,3402.25,0,2.0,,0,1.0,100.308211,-70844.0,0.0,0.0,1,0.0
normalized-mps-v2-20-10-sp97ic.opb,0,0.0,3600.03,0,0.0011015766744628,3600.0,0,0.0029765073126798,2761.29,0,0.0037046054056629,3494.72,0,2.0,,0,1.0,12.173335,2680082066.0,64370663916.0,0.0,0,0.0
normalized-BA_RDC4.dot_unif_20null0mast_rapportOE1.0_TMAX60_K67_cod1.opb,1,0.0,546.52,1,0.0,2311.17,0,0.0,1029.1,0,0.4800644381796214,3533.31,0,0.7206604913411196,3600.01,0,1.0,34.069808,-24830.0,0.0,0.0,1,0.0
normalized-BA_RDC4.dot_fibo_10null0mast_rapportOE1.0_TMAX120_K67_cod1.opb,0,0.0,3600.0,0,0.0346456845700093,3600.0,0,0.2702819388388699,2504.61,0,0.3281686588016144,2740.34,0,2.0,,0,1.0,16.159134,-206144.0,0.0,0.0,0,0.0
normalized-NG.dot_fibo_20null50mast_rapportOE2.0_TMAX120_K192_cod2.opb,0,1.0,3600.04,0,2.0,,0,0.4134281429248013,3424.73,0,0.0,2514.79,0,0.2079803188970162,3600.0,0,1.0,31.806104,-152024.0,0.0,0.0,0,0.0
normalized-BA_RDC4.dot_fibo_0null20mast_rapportOE1.0_TMAX15_K67_cod2_pbEq1_newVersion_product.opb,1,0.0,37.41,1,0.0,509.85,1,0.0,773.059,1,0.0,468.285,1,0.0,951.099,1,0.0,928.540531,-18698.0,-18698.0,0.0,1,0.0
normalized-injcomp_opt_4layers_maxall_lastlayerdiv2_size_19.opb,1,0.0,2.59,0,0.0,3600.01,0,0.0,10.7095,0,0.0,40.4927,0,0.0,3600.0,0,1.0,0.05653,-37.0,-28.0,0.0,1,0.0
normalized-BA_RDC4.dot_unif_10null0mast_rapportOE1.0_TMAX120_K67_cod2.opb,0,0.0,3600.0,0,0.1298416565164433,3600.0,0,0.0069538257114383,3466.95,0,0.0812756062451555,3293.11,0,0.5897021370833795,3600.01,0,1.0,3.198573,-45155.0,0.0,0.0,0,0.0
normalized-BA_RDC4.dot_unif_50null50mast_rapportOE2.0_TMAX300_K67_cod3.opb,1,0.0,3.47,1,0.0,258.71,1,0.0,1091.81,1,0.0,2618.84,1,0.0,272.86,0,1.0,2503.992673,-29.0,-27.0,0.0,1,0.0
SMTI_50000_5_0.75_7.opb,0,2.0,,0,2.0,,1,0.0,1153.56,1,0.0,442.286,1,0.0,646.959,0,2.0,,976.0,976.0,0.0,1,0.0
normalized-NG.dot_fibo_20null10mast_rapportOE1.0_TMAX300_K192_cod2.opb,0,0.0,3600.03,0,1.0,3600.02,0,0.8597052712372393,1417.78,0,0.6532719875933826,2700.1,0,2.0,,0,1.0,37.096601,-698337.0,0.0,0.0,0,0.0
normalized-BA_RDC4.dot_unif_20null0mast_rapportOE2.0_TMAX120_K67_cod2_pbEq1_newVersion_binary.opb,0,0.0,3600.01,0,0.0390534034049784,3600.0,0,0.1541051704062686,2860.17,0,0.1267898165339711,3335.32,0,2.0,,0,1.0,7.943751,-31777.0,0.0,0.0,0,0.0
normalized-BA_RDC4.dot_fibo_50null10mast_rapportOE2.0_TMAX300_K67_cod2_pbEq1_newVersion_sequential.opb,0,0.0,3600.01,0,0.0417636410654253,3600.0,0,0.1769136281355055,3253.41,0,0.6757499353504008,3317.34,0,0.3697795448668218,3600.03,0,1.0,3115.369226,-307475.0,-245603.0,0.0,0,0.0
normalized-NG.dot_fibo_0null50mast_rapportOE1.0_TMAX180_K192_cod2.opb,1,0.0,1469.17,0,2.0,,0,0.6546117562760002,2756.54,0,0.0353797319592804,3597.92,0,2.0,,0,1.0,33.0161,-438217.0,0.0,0.0,1,0.0
normalized-j12054_4.std.opb,0,1.0,3600.01,0,2.0,,0,1.0,43.2546,1,0.0,2823.28,0,2.0,,1,0.0,1044.556121,119.0,120.0,0.0,1,0.0
normalized-NG.dot_fibo_10null10mast_rapportOE2.0_TMAX60_K192_cod2.opb,0,0.0,3600.03,0,0.1404622723913189,3600.04,0,0.0,2073.73,0,0.8043203655177048,3573.83,0,2.0,,0,1.0,35.016223,-148830.0,0.0,0.0,0,0.0
normalized-BA_RDC4.dot_fibo_20null10mast_rapportOE1.0_TMAX15_K67_cod3.opb,1,0.0,82.82,1,0.0,116.43,1,0.0,418.775,1,0.0,541.215,1,0.0,1050.39,0,1.0,29.750313,-18088.0,0.0,0.0,1,0.0
normalized-domset_v500_e2000_w30_mw19_18.opb.PB06.opb,0,0.0,3600.02,0,0.140625,3600.0,0,0.109375,3270.35,0,0.15625,740.57,0,2.0,,0,1.0,0.147077,183.0,247.0,0.0,0,0.0
normalized-mps-v2-20-10-pp08aCUTS.opb,1,0.0,118.78,0,1.0,3600.0,0,0.4081524995774713,3594.7,0,0.1261774692924805,3596.66,0,0.9285379662766348,3600.0,0,2.0,,7526400.0,10845701.0,0.0,1,0.0
normalized-minisat50_6_9_2_ic.opb,0,0.0,3600.1,0,2.0,,0,1.0,2690.57,0,0.064124180628357,1387.85,0,0.5945529050503259,3600.0,0,0.4058711959926054,582.758417,24360797.0,117621591.0,0.0,0,0.0
SMTI_25000_3_0.95_3.opb,1,0.0,4.47,1,0.0,75.74,1,0.0,421.101,1,0.0,92.4881,1,0.0,107.19,0,1.0,2241.895294,3104.0,4130.0,0.0,1,0.0
normalized-sts405.opb,0,0.0,3600.01,0,0.4285714285714285,3600.0,0,0.3571428571428571,801.096,0,0.1428571428571428,310.426,0,2.0,,0,1.0,0.218981,343.0,357.0,0.0,0,0.0
normalized-BA_RDC4.dot_luby_50null20mast_rapportOE2.0_TMAX15_K67_cod2_pbEq1_newVersion_sequential.opb,1,0.0,66.39,1,0.0,2646.59,1,0.0,460.403,1,0.0,207.253,1,0.0,565.089,1,0.0,107.46017,-40.0,-40.0,0.0,1,0.0
normalized-BA_RDC4.dot_luby_50null0mast_rapportOE2.0_TMAX60_K67_cod2_pbEq1_newVersion.opb,1,0.0,1605.7,1,0.0,3031.25,1,0.0,1145.44,1,0.0,2341.84,0,0.0921052631578947,3600.0,0,1.0,4.193658,-304.0,0.0,0.0,1,0.0
normalized-j12013_4.std.opb,0,1.0,3600.07,0,2.0,,0,0.0,1028.76,0,0.0,2851.92,0,2.0,,0,0.8285714285714286,10.215706,118.0,153.0,0.0,0,0.0
normalized-clique-coloring-max-clique-n=11-t=4.opb,1,0.0,5.96,1,0.0,51.4,0,0.0,11.3442,0,0.0,2656.24,0,2.0,,0,0.0,0.060011,7.0,7.0,0.0,1,0.0
normalized-NG.dot_unif_50null50mast_rapportOE1.0_TMAX60_K192_cod1.opb,0,0.0,3600.04,0,2.0,,0,1.0,1785.92,0,0.5454545454545454,1401.25,0,2.0,,0,2.0,,-5500.0,0.0,0.0,0,0.0
normalized-BA_RDC4.dot_luby_10null20mast_rapportOE2.0_TMAX15_K67_cod2_pbEq1_newVersion_product.opb,1,0.0,106.47,1,0.0,1242.72,1,0.0,149.947,1,0.0,583.172,0,1.0,304.186,1,0.0,405.508542,-42.0,-1.0,0.0,1,0.0
normalized-minisat85_4_27_8.opb,1,0.0281822310842597,755.95,0,0.0281822310842597,3600.0,0,0.0362296054164099,3595.33,0,0.0499273999804396,3572.12,1,0.0,304.853,0,1.0,98.762149,0.0,147860153.0,0.0,1,0.0
normalized-mps-v2-20-10-vpm2.opb,1,0.0,0.84,0,1.0,3600.0,1,0.0,2494.28,0,0.0,288.843,1,0.0,2860.32,1,0.0,2940.728661,54.0,63.0,0.0,1,0.0
normalized-BA_RDC4.dot_unif_50null10mast_rapportOE1.0_TMAX120_K67_cod2.opb,0,0.0,3600.0,0,0.0826219512195122,3600.01,0,0.0358231707317073,561.496,0,0.0673475609756097,3574.13,0,0.4207317073170731,3600.0,0,1.0,2.594913,-32800.0,0.0,0.0,0,0.0
normalized-NG.dot_fibo_50null0mast_rapportOE2.0_TMAX15_K192_cod1.opb,1,0.0,854.02,1,0.0,1306.4,0,0.7791453129413664,2515.84,0,0.4170937411726726,1371.32,0,2.0,,0,1.0,105.07244,-49562.0,0.0,0.0,1,0.0
normalized-BA_RDC4.dot_unif_0null20mast_rapportOE1.0_TMAX180_K67_cod3.opb,0,0.0,3600.0,0,0.0680643801614187,3600.0,0,0.1401252009928657,3598.12,0,0.3122063162495902,3489.77,0,0.7028115584557504,3600.06,0,1.0,11.972417,-64057.0,0.0,0.0,0,0.0
normalized-BA_RDC4.dot_fibo_0null20mast_rapportOE1.0_TMAX120_K67_cod3.opb,1,0.0,89.58,1,0.0,426.89,0,0.3952970075259825,1067.5,0,0.4733380121849241,2929.53,0,2.0,,0,1.0,13.860625,-267872.0,0.0,0.0,1,0.0
normalized-BA_RDC4.dot_fibo_20null10mast_rapportOE1.0_TMAX120_K67_cod2_pbEq1_newVersion_ladder.opb,0,0.0,3600.03,1,0.0,1159.59,0,0.4565016118307535,785.504,0,0.4104360780748933,1362.62,0,0.5351909367135487,3556.91,0,1.0,2.313033,-237618.0,0.0,0.0,1,0.0
normalized-single-obj-f11-DCTotalLoss.seq-A-2-combined-irEDCBA.opb,1,0.0,255.68,1,0.0,2177.96,1,0.0,339.387,0,0.0,3599.6,0,8.046819151082326e-07,3600.0,0,1.0,1229.074493,33562449160.0,41883749632.0,0.0,1,0.0
normalized-BA_RDC4.dot_unif_20null50mast_rapportOE1.0_TMAX120_K67_cod2_pbEq1_newVersion_sequential.opb,0,0.0,3600.01,0,2.0,,0,0.0480596800803385,3576.01,0,0.1878631375080697,3516.36,0,0.1682447457140807,3600.01,0,1.0,2.663087,-27882.0,0.0,0.0,0,0.0
normalized-pb-grow22.opb,0,0.0,3600.0,0,1.0,3600.0,0,2.0,,0,1.0,1.53787,0,2.0,,0,2.0,,-46899.0,0.0,0.0,0,0.0
normalized-BA_RDC4.dot_unif_10null50mast_rapportOE2.0_TMAX120_K67_cod2_pbEq1_newVersion_product.opb,0,0.0,3600.03,0,0.0394506987577639,3600.0,0,0.1069972826086956,3316.06,0,0.1780376552795031,3578.37,0,0.5566284937888198,3600.04,0,1.0,1188.784118,-23599.0,-2991.0,0.0,0,0.0
normalized-NG.dot_fibo_50null10mast_rapportOE1.0_TMAX120_K192_cod1.opb,0,0.0,3600.21,0,2.0,,0,2.0,,0,1.0,3545.29,0,2.0,,0,2.0,,-280792.0,-102457.0,0.0,0,0.0
normalized-BA_RDC4.dot_unif_10null20mast_rapportOE1.0_TMAX300_K67_cod2_pbEq1_newVersion_ladder.opb,0,0.0,3600.04,0,0.0877757255376515,3600.01,0,0.0439250153918009,3595.21,0,0.3299365220898881,3591.49,0,0.5698787762987495,3600.02,0,1.0,2.586042,-94206.0,0.0,0.0,0,0.0
normalized-BA_RDC4.dot_luby_20null50mast_rapportOE1.0_TMAX300_K67_cod2_pbEq1_newVersion_sequential.opb,0,0.0,3600.01,0,2.0,,0,0.0153089119737561,3550.61,0,0.0,3474.98,0,0.9934390377255332,3600.0,0,1.0,2.622033,-14632.0,0.0,0.0,0,0.0
normalized-BA_RDC4.dot_fibo_0null20mast_rapportOE2.0_TMAX15_K67_cod2_pbEq1_newVersion.opb,1,0.0,18.31,1,0.0,48.43,1,0.0,78.8436,1,0.0,116.428,1,0.0,146.34,1,0.0,871.623175,-14140.0,-14140.0,0.0,1,0.0
normalized-BA_RDC4.dot_luby_20null50mast_rapportOE1.0_TMAX300_K67_cod2_pbEq1_newVersion.opb,0,0.0,3600.0,1,0.0,1249.47,0,0.0,2391.9,1,0.0,319.579,0,0.0,3600.02,0,1.0,3.207073,-14632.0,0.0,0.0,1,0.0
normalized-mps-v2-20-10-bal8x12.opb,1,0.0,0.04,1,0.0,18.18,1,0.0,860.376,1,0.0,2260.45,1,0.0,67.86,0,1.0,2993.741389,48286720.0,70092640.0,0.0,1,0.0
normalized-Generated_notes_20140709_1000_0.01-003.opb,1,0.0,5.09,1,0.0,74.1,0,0.4152395168951011,3134.2,0,0.5545799972859276,3574.66,1,0.0,158.97,0,1.0,21.80626,-118670.0,-44980.0,0.0,1,0.0
normalized-NG.dot_fibo_10null0mast_rapportOE1.0_TMAX15_K192_cod2.opb,1,0.0,65.26,1,0.0,647.97,1,0.0,233.071,0,1.0,2117.45,1,0.0,763.596,0,1.0,33.384672,-75025.0,0.0,0.0,1,0.0
normalized-BA_RDC4.dot_unif_10null10mast_rapportOE2.0_TMAX300_K67_cod2_pbEq1_newVersion.opb,0,0.0,3600.0,0,0.0460025423161838,3600.0,0,0.0097143239446042,2124.43,0,0.0025423161838496,3425.56,0,0.9732521576236034,3600.0,0,1.0,3.673043,-74735.0,0.0,0.0,0,0.0
normalized-BA_RDC4.dot_fibo_20null20mast_rapportOE2.0_TMAX180_K67_cod2_pbEq1_newVersion_sequential.opb,0,0.0,3600.01,0,0.0715559563170023,3600.0,0,0.4584510570083158,3565.34,0,0.6900110209397856,3576.7,0,0.581785392245266,3600.0,0,1.0,408.907728,-203183.0,-153278.0,0.0,0,0.0
normalized-BA_RDC4.dot_fibo_20null10mast_rapportOE1.0_TMAX300_K67_cod2_pbEq1_newVersion_sequential.opb,0,0.0,3600.01,0,2.0,,0,0.0476091056666447,676.2,0,0.0756021807058205,2893.31,0,1.0,3600.0,0,0.6316680898180556,89.434661,-566985.0,-140701.0,0.0,0,0.0
normalized-BA_RDC4.dot_luby_20null10mast_rapportOE2.0_TMAX15_K67_cod3.opb,1,0.0,76.29,1,0.0,349.11,1,0.0,424.783,1,0.0,262.745,1,0.0,204.78,0,1.0,396.394707,-128.0,-2.0,0.0,1,0.0
SMTI_50000_5_0.95_3.opb,1,0.0,64.86,0,1.0,3600.44,0,0.543794386202232,2475.07,1,0.0,131.352,1,0.0,392.458,0,2.0,,748.0,12576.0,0.0,1,0.0
normalized-BA_RDC4.dot_fibo_50null20mast_rapportOE2.0_TMAX120_K67_cod3.opb,1,0.0,293.2,1,0.0,408.73,0,0.5382358716115545,3598.11,0,0.7952553100564789,2622.08,0,2.0,,0,1.0,217.248461,-128768.0,-42187.0,0.0,1,0.0
normalized-j12056_3.std.opb,0,2.0,,0,2.0,,0,0.1714285714285714,1796.76,0,0.0,3495.24,0,2.0,,0,1.0,8.025301,265.0,300.0,0.0,0,0.0
normalized-composed_pebbling_php_opt_pyramid_height46_pigeons45_holes44.opb,0,0.0,3320.0,0,2.0,,0,1.0,2570.69,1,0.0,508.092,1,0.0,1441.25,0,2.0,,1128.0,1130.0,0.0,1,0.0
normalized-BA_RDC4.dot_unif_20null0mast_rapportOE2.0_TMAX300_K67_cod2.opb,0,0.0038296330797495,3600.01,0,0.0443383532577757,3600.01,0,0.0,3242.58,0,0.067458469181804,2866.11,0,0.3865988718107954,3600.0,0,1.0,2.815314,-77292.0,0.0,0.0,0,0.0
normalized-NG.dot_unif_20null0mast_rapportOE1.0_TMAX15_K192_cod2.opb,1,0.0,81.36,1,0.0,826.33,1,0.0,600.902,1,0.0,2098.29,0,0.6733228814258602,3459.02,0,1.0,31.635673,-12119.0,0.0,0.0,1,0.0
normalized-ped3.G.recomb10-0.01-2.opb,0,0.0,3600.22,0,1.0,3600.14,1,0.0,8.84279,0,0.0,61.0149,1,0.0,548.224,1,0.0,61.878785,16784.0,16786.0,0.0,1,0.0
normalized-j9037_6.std.opb,0,1.0,3600.01,0,2.0,,0,0.0,1050.86,0,0.0476190476190476,1320.07,0,2.0,,1,0.0,235.695711,131.0,152.0,0.0,1,0.0
normalized-NG.dot_fibo_20null50mast_rapportOE2.0_TMAX15_K192_cod1.opb,1,0.0,909.93,0,2.0,,0,0.4576765236067963,2989.98,0,0.5980516242856595,2088.11,0,2.0,,0,1.0,142.476625,-26073.0,0.0,0.0,1,0.0
normalized-BA_RDC4.dot_unif_0null50mast_rapportOE2.0_TMAX60_K67_cod2_pbEq1_newVersion_binary.opb,0,0.0,3600.01,0,0.0,3600.0,0,0.0,598.18,0,0.0,2762.07,0,0.5991051454138703,3600.01,0,1.0,587.267167,-14205.0,-795.0,0.0,0,0.0
normalized-NG.dot_luby_50null10mast_rapportOE2.0_TMAX15_K192_cod1.opb,1,0.0,467.16,0,1.0,3600.09,0,0.75,951.168,1,0.0,1098.55,0,2.0,,0,1.0,91.197208,-1216.0,0.0,0.0,1,0.0
normalized-BA_RDC4.dot_luby_50null0mast_rapportOE1.0_TMAX300_K67_cod2_pbEq1_newVersion_ladder.opb,0,0.0,3600.01,0,0.4875,3600.0,0,0.06875,1433.88,0,0.03125,2955.24,0,0.24375,3600.0,0,1.0,561.532858,-663.0,-503.0,0.0,0,0.0
normalized-clique-coloring-max-clique-n=14-t=4.opb,1,0.0,57.0,0,0.0,3600.01,0,0.0,10.4169,0,0.0,2571.38,0,2.0,,0,1.0,0.120207,10.0,14.0,0.0,1,0.0
normalized-NG.dot_luby_0null50mast_rapportOE2.0_TMAX180_K192_cod1.opb,0,0.0,3600.03,0,2.0,,0,0.9973464317976511,872.453,0,0.88403342366757,1527.52,0,2.0,,0,1.0,100.769014,-17712.0,0.0,0.0,0,0.0
normalized-BA_RDC4.dot_unif_0null0mast_rapportOE1.0_TMAX300_K67_cod2_pbEq1_newVersion_product.opb,0,0.2390172543817407,3600.04,0,2.0,,0,0.0736241470484013,3244.3,0,0.0,3457.31,0,0.2834116246740384,3600.01,0,1.0,2.2599,-110059.0,0.0,0.0,0,0.0
normalized-mps-v2-20-10-core2536-691.opb,1,0.0,54.32,1,0.0,1201.91,0,0.3770491803278688,3512.36,0,0.1536885245901639,3455.88,0,2.0,,0,1.0,1.775593,689.0,1177.0,0.0,1,0.0
normalized-BA_RDC4.dot_unif_0null10mast_rapportOE2.0_TMAX300_K67_cod3.opb,0,0.0,3600.01,0,0.1741550280241962,3600.0,0,0.0572111678708143,2884.17,0,0.1459348584418808,3251.79,0,2.0,,0,1.0,16.94802,-76541.0,0.0,0.0,0,0.0
normalized-rmine21.opb,0,0.9926968893065924,3600.05,0,0.5509057402487817,783.0,0,0.3133661297193587,3583.41,0,1.0,3444.91,0,0.0,3600.05,0,2.0,,-55199921.0,-5420859.0,0.0,0,0.0
SMTI_25000_3_0.75_8.opb,1,0.0,4.67,1,0.0,85.15,1,0.0,3389.76,1,0.0,560.779,1,0.0,58.97,0,1.0,2240.753299,3230.0,3578.0,0.0,1,0.0
normalized-clique-coloring-max-clique-n=11-t=8.opb,1,0.0,7.12,0,0.0,3600.0,0,0.0,10.5588,0,0.0,231.868,0,2.0,,0,1.0,0.050818,3.0,4.0,0.0,1,0.0
normalized-BA_RDC4.dot_luby_0null20mast_rapportOE2.0_TMAX180_K67_cod2_pbEq1_newVersion_product.opb,0,0.0,3600.01,1,0.0,1343.67,1,0.0,3008.59,1,0.0,571.684,0,0.0491071428571428,3600.0,0,1.0,305.064538,-4320.0,-4096.0,0.0,1,0.0
normalized-BA_RDC4.dot_unif_0null0mast_rapportOE1.0_TMAX180_K67_cod3.opb,0,0.0,3600.0,0,0.0990630151247867,3600.0,0,0.0288180687700627,2507.33,0,0.109560716041528,2317.02,0,0.4535411666040082,3600.04,0,1.0,15.403844,-69158.0,0.0,0.0,0,0.0
normalized-BA_RDC4.dot_fibo_0null20mast_rapportOE1.0_TMAX15_K67_cod1.opb,1,0.0,36.98,1,0.0,199.04,1,0.0,270.81,1,0.0,709.264,1,0.0,128.46,0,1.0,14.384712,-20295.0,0.0,0.0,1,0.0
normalized-ii16c1.opb,0,0.0,3600.0,0,0.291497975708502,3600.0,0,0.5384615384615384,3376.16,0,0.2510121457489878,3113.64,0,0.5182186234817814,3600.0,0,1.0,0.160122,1193.0,1440.0,0.0,0,0.0
normalized-BA_RDC4.dot_fibo_10null20mast_rapportOE1.0_TMAX15_K67_cod2_pbEq1_newVersion.opb,1,0.0,8.65,1,0.0,141.62,1,0.0,49.709,1,0.0,72.8022,1,0.0,795.911,1,0.0,1331.598503,-17944.0,-17944.0,0.0,1,0.0
normalized-BA_RDC4.dot_fibo_20null50mast_rapportOE2.0_TMAX60_K67_cod2_pbEq1_newVersion_sequential.opb,1,0.0,3549.3,1,0.0,3588.11,0,1.0,395.628,0,0.0,2672.54,0,2.0,,0,0.0144594306302889,2668.012398,-65676.0,-23489.0,0.0,1,0.0
normalized-BA_RDC4.dot_luby_10null50mast_rapportOE1.0_TMAX180_K67_cod1.opb,0,0.0,3600.01,1,0.0,641.54,0,0.5171291272670904,2847.4,0,1.0,953.439,0,2.0,,0,0.686715237947605,1912.446614,-8528.0,-2077.0,0.0,1,0.0
normalized-BA_RDC4.dot_fibo_10null50mast_rapportOE1.0_TMAX60_K67_cod2_pbEq1_newVersion_product.opb,1,0.0,136.01,1,0.0,686.78,0,0.0,3520.82,0,1.0,3526.12,0,0.121417162770437,3600.02,0,0.0,2829.480597,-113641.0,-79206.0,0.0,1,0.0
normalized-NG.dot_unif_10null0mast_rapportOE1.0_TMAX300_K192_cod2.opb,0,0.0,3600.03,0,1.0,3600.03,0,0.5979384157659852,2820.91,0,0.4689182606864048,3268.14,0,0.6624122905175024,3600.34,0,1.0,32.705756,-151922.0,0.0,0.0,0,0.0
normalized-BA_RDC4.dot_luby_20null50mast_rapportOE1.0_TMAX60_K67_cod3.opb,1,0.0,197.18,1,0.0,364.28,0,0.0,3063.04,0,0.5983638488507986,3584.39,1,0.0,158.56,0,1.0,32.067792,-2568.0,-1.0,0.0,1,0.0
normalized-BA_RDC4.dot_luby_0null10mast_rapportOE2.0_TMAX120_K67_cod1.opb,1,0.0,749.6,1,0.0,439.34,0,0.5843949044585988,3116.75,0,0.6815286624203821,3413.68,0,2.0,,0,1.0,67.942407,-2768.0,-256.0,0.0,1,0.0
normalized-BA_RDC4.dot_luby_20null20mast_rapportOE2.0_TMAX300_K67_cod2_pbEq1_newVersion_binary.opb,0,0.0,3600.01,0,0.0355912743972445,3600.0,0,0.1125143513203214,651.289,0,0.1859931113662457,3516.71,0,0.9908151549942594,3600.16,0,1.0,3.747691,-6968.0,0.0,0.0,0,0.0
normalized-NG.dot_fibo_0null20mast_rapportOE1.0_TMAX180_K192_cod1.opb,0,1.0,3349.0,0,2.0,,0,1.0,52.8296,0,0.0,3343.97,0,2.0,,0,1.0,101.434813,-142719.0,0.0,0.0,0,0.0
normalized-maxcut_opt_complete_6-partite_block_nvert_36.opb,1,0.0,82.77,1,0.0,116.95,0,0.0,20.7743,0,0.0,2388.43,1,0.0,119.15,0,1.0,109.447007,-324.0,-308.0,0.0,1,0.0
normalized-j1208_7.std.opb,0,0.0046948356807511,3600.01,0,1.0,3600.0,0,0.0046948356807511,62.1465,1,0.0,205.929,1,0.0,558.404,1,0.0,80.707804,87.0,300.0,0.0,1,0.0
normalized-BA_RDC4.dot_fibo_0null0mast_rapportOE2.0_TMAX120_K67_cod3.opb,0,0.0,3600.0,0,0.1102996320308393,3600.01,0,0.1491641843350271,610.726,0,0.2482705449448046,2148.01,0,2.0,,0,1.0,17.905235,-142675.0,0.0,0.0,0,0.0
normalized-BA_RDC4.dot_fibo_0null50mast_rapportOE1.0_TMAX300_K67_cod2_pbEq1_newVersion_sequential.opb,0,0.0,3600.01,0,0.2470766005958581,3600.05,0,0.0867783861091159,2396.67,0,0.1877825292102104,3432.77,0,0.0413406333093911,3600.0,0,1.0,2.840818,-630687.0,0.0,0.0,0,0.0
normalized-NG.dot_luby_50null20mast_rapportOE2.0_TMAX120_K192_cod1.opb,1,0.0,2346.65,0,0.0070126227208976,3600.18,0,0.9820301542777,955.665,0,0.9001577840112202,2637.73,0,0.7307152875175316,3589.93,0,1.0,106.663021,-11408.0,0.0,0.0,1,0.0
normalized-j12018_9.std.opb,0,1.0,3600.09,0,2.0,,0,0.3333333333333333,2758.92,0,0.0,2118.26,0,2.0,,0,0.3333333333333333,101.167708,94.0,97.0,0.0,0,0.0
normalized-j12060_8.std.opb,1,0.0,336.72,0,1.0,3600.01,1,0.0,1829.47,1,0.0,1822.13,1,0.0,385.626,1,0.0,135.080135,101.0,104.0,0.0,1,0.0
normalized-BA_RDC4.dot_fibo_0null50mast_rapportOE1.0_TMAX300_K67_cod2_pbEq1_newVersion_ladder.opb,0,0.0,3600.01,1,0.0,1164.33,0,0.1010041431010945,3472.35,0,0.3767605801292876,2736.94,0,0.0452966368420468,3600.01,0,1.0,2.189393,-630687.0,0.0,0.0,1,0.0
normalized-BA_RDC4.dot_fibo_50null20mast_rapportOE2.0_TMAX120_K67_cod2_pbEq1_newVersion_ladder.opb,0,0.0,3600.01,0,0.0268864271524293,3600.0,0,0.3705259436344658,3010.03,0,0.3653910906091114,3599.23,0,2.0,,0,1.0,102.959247,-133936.0,-15140.0,0.0,0,0.0
normalized-BA_RDC4.dot_unif_20null50mast_rapportOE1.0_TMAX15_K67_cod2_pbEq1_newVersion_ladder.opb,1,0.0,10.63,1,0.0,530.62,1,0.0,1352.59,1,0.0,815.007,0,1.0,3600.0,1,0.0,714.650419,-3978.0,-3313.0,0.0,1,0.0
normalized-BA_RDC4.dot_fibo_10null10mast_rapportOE2.0_TMAX15_K67_cod2.opb,1,0.0,62.87,1,0.0,406.15,1,0.0,84.6562,1,0.0,80.2605,1,0.0,293.79,1,0.0,971.630007,-10946.0,-10946.0,0.0,1,0.0
normalized-p6b.opb,0,0.0,3600.01,0,0.125,3600.0,0,0.75,333.544,0,0.75,2181.88,0,2.0,,0,1.0,2.793018,-63.0,-55.0,0.0,0,0.0
normalized-NG.dot_luby_50null0mast_rapportOE2.0_TMAX15_K192_cod2.opb,1,0.0,740.6,1,0.0,988.79,1,0.0,2991.11,1,0.0,1908.97,1,0.0,928.72,0,1.0,31.160229,-312.0,0.0,0.0,1,0.0
normalized-injcomp_opt_4layers_maxall_lastlayerdiv2_size_29.opb,1,0.0,25.37,0,0.0,3600.0,0,0.0,15.3908,0,0.0,89.0453,0,0.0,3600.0,0,1.0,0.051221,-57.0,-43.0,0.0,1,0.0
normalized-NG.dot_fibo_0null20mast_rapportOE1.0_TMAX60_K192_cod1.opb,0,0.0,3600.09,0,2.0,,0,0.8895310302076628,633.198,0,0.4782013685239492,3578.1,0,2.0,,0,1.0,103.181777,-209715.0,0.0,0.0,0,0.0
normalized-NG.dot_luby_50null10mast_rapportOE2.0_TMAX15_K192_cod2.opb,1,0.0,145.79,1,0.0,1677.87,1,0.0,2664.79,1,0.0,179.897,1,0.0,828.476,0,1.0,31.649206,-1152.0,0.0,0.0,1,0.0
normalized-BA_RDC4.dot_unif_10null0mast_rapportOE2.0_TMAX15_K67_cod2.opb,1,0.0,14.21,1,0.0,484.13,1,0.0,409.245,1,0.0,234.32,1,0.0,1467.16,1,0.0,968.805295,-3657.0,-3657.0,0.0,1,0.0
normalized-j12056_4.std.opb,0,0.8983050847457628,3600.02,0,2.0,,0,0.0,2217.85,0,0.0508474576271186,3055.81,0,2.0,,0,1.0,8.130238,241.0,300.0,0.0,0,0.0
SMTI_25000_3_0.85_8.opb,1,0.0,4.77,1,0.0,72.29,1,0.0,1964.38,1,0.0,146.116,1,0.0,95.62,0,1.0,3156.687202,3244.0,3524.0,0.0,1,0.0
normalized-single-obj-f11-DCTotalLoss.seq-A-3-combined-abcdeir.opb,1,0.0,40.87,0,0.0,3600.02,1,0.0,92.142,1,0.0,177.959,1,0.0,384.807,1,0.0,43.716505,55366042663.0,55366042663.0,0.0,1,0.0
normalized-BA_RDC4.dot_fibo_20null0mast_rapportOE1.0_TMAX60_K67_cod2_pbEq1_newVersion.opb,0,0.0,3600.0,0,0.0095758304874262,3600.0,0,0.0,935.624,0,0.0,2289.02,0,2.0,,0,1.0,2.802284,-103072.0,0.0,0.0,0,0.0
normalized-NG.dot_unif_10null20mast_rapportOE2.0_TMAX60_K192_cod2.opb,1,0.0,1065.41,0,0.300063998138236,3600.04,0,0.0,1218.23,0,0.0,3395.22,0,2.0,,0,1.0,75.219513,-34376.0,0.0,0.0,1,0.0
normalized-BA_RDC4.dot_unif_50null10mast_rapportOE2.0_TMAX60_K67_cod2_pbEq1_newVersion_ladder.opb,0,0.0,3600.01,0,0.0,3600.0,0,0.8521509551172542,175.559,0,0.029818294766268,2101.79,0,0.4822953874825283,3600.02,0,1.0,4.600133,-12878.0,0.0,0.0,0,0.0
normalized-BA_RDC4.dot_luby_20null20mast_rapportOE1.0_TMAX300_K67_cod2_pbEq1_newVersion_product.opb,0,0.0012062726176115,3600.01,0,0.0410132689987937,3600.0,0,0.0,1949.62,0,0.0566948130277442,3254.87,0,1.0,3600.05,0,0.3148371531966224,17.500112,-13392.0,-128.0,0.0,0,0.0
normalized-BA_RDC4.dot_unif_10null50mast_rapportOE2.0_TMAX120_K67_cod1.opb,0,0.0,3600.0,0,0.0198464997286611,3600.0,0,0.1425691914101868,2911.44,0,0.1046205132180789,3367.47,0,0.4692224203426622,3600.6,0,1.0,278.15248,-26798.0,-1000.0,0.0,0,0.0
normalized-BA_RDC4.dot_unif_0null50mast_rapportOE2.0_TMAX180_K67_cod2_pbEq1_newVersion_product.opb,0,0.0660404458232793,3600.01,0,0.3547914512237159,3600.0,0,0.0715270596346087,568.722,0,0.0,3599.86,0,0.4760140181546593,3600.0,0,1.0,2.416985,-34812.0,0.0,0.0,0,0.0
normalized-BA_RDC4.dot_unif_10null20mast_rapportOE1.0_TMAX15_K67_cod1.opb,1,0.0,32.15,1,0.0,78.22,1,0.0,1185.33,1,0.0,518.913,1,0.0,103.01,0,1.0,20.582318,-5215.0,0.0,0.0,1,0.0
normalized-BA_RDC4.dot_luby_20null20mast_rapportOE1.0_TMAX180_K67_cod2.opb,0,0.0,3600.01,1,0.0,449.7,1,0.0,2728.91,0,0.2775903614457831,3131.11,0,2.0,,0,1.0,3.226022,-8300.0,0.0,0.0,1,0.0
normalized-BA_RDC4.dot_unif_50null20mast_rapportOE2.0_TMAX300_K67_cod2_pbEq1_newVersion.opb,0,0.0005534034311012,3600.0,0,0.0997454344216934,3600.0,0,0.0,3591.35,0,0.0281128942999446,3489.95,0,0.3751411178749308,3600.0,0,1.0,2.51478,-45175.0,0.0,0.0,0,0.0
normalized-frb50-23-5.opb,0,0.2857142857142857,3600.0,0,0.4285714285714285,3600.0,0,1.0,2654.79,0,1.0,1029.84,0,2.0,,0,0.0,1188.674923,-49.0,-42.0,0.0,0,0.0
normalized-BA_RDC4.dot_unif_0null20mast_rapportOE2.0_TMAX60_K67_cod2_pbEq1_newVersion_binary.opb,0,0.0,3600.01,0,0.0043007053156717,3600.0,0,0.0,2980.66,0,0.2075233671655484,3506.64,0,0.6866792820689259,3600.0,0,1.0,3.697407,-17439.0,0.0,0.0,0,0.0
normalized-BA_RDC4.dot_unif_0null20mast_rapportOE1.0_TMAX60_K67_cod2.opb,0,0.0,3600.0,0,0.0,3600.0,0,0.0,826.728,0,0.2162684979204952,556.386,0,0.498645903859174,3600.01,0,1.0,2.856093,-20678.0,0.0,0.0,0,0.0
normalized-BA_RDC4.dot_unif_0null50mast_rapportOE1.0_TMAX120_K67_cod2_pbEq1_newVersion_product.opb,0,0.0,3600.01,0,0.0520599756855328,3600.02,0,0.0295826016479805,2895.64,0,0.2104552208564095,3333.62,0,0.3738214237471295,3600.1,0,1.0,2.41509,-37015.0,0.0,0.0,0,0.0
normalized-BA_RDC4.dot_fibo_0null10mast_rapportOE2.0_TMAX120_K67_cod2_pbEq1_newVersion.opb,0,0.0,3600.01,0,0.0244297930274892,3600.0,0,0.2511664193602668,1138.25,0,0.2267366263327775,3084.39,0,0.7930274892536446,3600.05,0,1.0,2.95401,-130742.0,0.0,0.0,0,0.0
normalized-BA_RDC4.dot_unif_0null20mast_rapportOE2.0_TMAX120_K67_cod2_pbEq1_newVersion_product.opb,0,0.0,3600.01,0,0.0668144572903805,3600.01,0,0.1435907509260298,3575.24,0,0.1529071725221686,3446.19,0,0.6609888876417106,3600.0,0,1.0,2.423937,-35636.0,0.0,0.0,0,0.0
normalized-minisat100_4_32_6.opb,1,0.0,2058.24,0,0.0,3600.0,0,0.0378491730836701,3590.76,0,0.0184569187650353,3550.64,0,0.0001379459624495,3600.0,0,1.0,3.405651,5224547.0,223541919.0,0.0,1,0.0
normalized-NG.dot_luby_10null20mast_rapportOE1.0_TMAX180_K192_cod2.opb,1,0.0,141.44,0,0.7455830388692579,3600.21,0,0.1837455830388692,3473.13,1,0.0,526.659,0,0.0,3600.26,0,1.0,31.198329,-36224.0,0.0,0.0,1,0.0
normalized-NG.dot_fibo_50null20mast_rapportOE1.0_TMAX120_K192_cod1.opb,0,0.0,3600.03,0,2.0,,0,2.0,,0,0.722089881310488,3490.15,0,2.0,,0,1.0,87.825165,-287557.0,0.0,0.0,0,0.0
normalized-BA_RDC4.dot_unif_10null20mast_rapportOE2.0_TMAX120_K67_cod2_pbEq1_newVersion_product.opb,0,0.0081795238240034,3600.01,0,0.0492291787028309,3600.01,0,0.0,3324.77,0,0.2448992002919086,3386.56,0,0.6147413871742634,3600.0,0,1.0,3.096599,-32887.0,0.0,0.0,0,0.0
normalized-BA_RDC4.dot_unif_50null0mast_rapportOE1.0_TMAX60_K67_cod2.opb,0,0.0,3600.05,0,0.0,3600.0,0,0.0,2635.68,0,0.0,1461.72,0,2.0,,0,1.0,2.965505,-21137.0,0.0,0.0,0,0.0
normalized-BA_RDC4.dot_unif_50null0mast_rapportOE1.0_TMAX120_K67_cod2.opb,0,0.0,3600.01,0,0.0237920745432654,3600.0,0,0.0497827566350835,1703.94,0,0.2916295869758676,3108.31,0,2.0,,0,1.0,2.788822,-38206.0,0.0,0.0,0,0.0
normalized-BA_RDC4.dot_luby_50null0mast_rapportOE2.0_TMAX120_K67_cod1.opb,0,0.0,3600.01,0,0.0207612456747404,3600.0,0,0.1937716262975778,3549.64,0,0.2283737024221453,2360.17,0,0.2076124567474048,3600.01,0,1.0,221.650553,-300.0,-11.0,0.0,0,0.0
normalized-NG.dot_fibo_0null10mast_rapportOE1.0_TMAX15_K192_cod1.opb,1,0.0,1213.68,1,0.0,1518.87,0,1.0,2170.52,0,0.8948391244630176,2015.85,0,2.0,,0,2.0,,-69857.0,-1419.0,0.0,1,0.0
normalized-BA_RDC4.dot_unif_0null10mast_rapportOE2.0_TMAX60_K67_cod2_pbEq1_newVersion_binary.opb,0,0.0,3600.06,0,0.0043687199650502,3600.01,0,0.0186216688510266,3210.33,0,0.1482088248143294,3543.92,0,0.7302315421581477,3600.01,0,1.0,5.174662,-18312.0,0.0,0.0,0,0.0
normalized-BA_RDC4.dot_unif_10null0mast_rapportOE2.0_TMAX180_K67_cod2.opb,0,0.0,3600.01,0,0.0724541639054561,3600.0,0,0.0557580443266328,1520.27,0,0.0275200647964067,3426.41,0,0.8020027980266549,3600.03,0,1.0,3.023419,-54324.0,0.0,0.0,0,0.0
normalized-autocorr_bern40-05.lin.opb,0,0.0,3600.02,0,0.0,3600.0,0,0.25,114.972,0,0.0,762.426,0,0.0,3600.01,0,1.0,0.017036,-234.0,-230.0,0.0,0,0.0
normalized-j6041_8.std.opb,0,1.0,3600.01,0,2.0,,1,0.0,441.43,1,0.0,348.847,1,0.0,374.234,1,0.0,31.970396,135.0,292.0,0.0,1,0.0
normalized-BA_RDC4.dot_luby_10null0mast_rapportOE2.0_TMAX300_K67_cod2_pbEq1_newVersion_sequential.opb,0,0.0,3600.01,0,0.918918918918919,3600.03,0,0.0162162162162162,460.696,0,0.027027027027027,1979.81,0,0.6432432432432432,3600.01,0,1.0,1016.882825,-1006.0,-636.0,0.0,0,0.0
normalized-BA_RDC4.dot_fibo_10null20mast_rapportOE2.0_TMAX120_K67_cod3.opb,0,0.0,3600.0,0,0.0146715621423156,3600.0,0,0.3683647228457182,3378.9,0,0.313550755875314,3202.49,0,2.0,,0,1.0,16.007271,-134546.0,0.0,0.0,0,0.0
SMTI_50000_3_0.75_10.opb,1,0.0,30.39,1,0.0,657.54,1,0.0,1840.95,1,0.0,1772.98,1,0.0,280.75,0,1.0,2257.317702,6636.0,7176.0,0.0,1,0.0
normalized-opm2-z7-s8.opb,1,0.0,37.63,1,0.0,284.0,0,0.0888631916029176,3438.39,0,0.0534602383917452,3575.55,0,2.0,,0,1.0,88.948662,-11242.0,0.0,0.0,1,0.0
normalized-NG.dot_luby_20null20mast_rapportOE1.0_TMAX300_K192_cod2.opb,1,0.0,71.8,0,0.8143459915611815,3600.34,0,0.9912150580168776,3422.1,1,0.0,89.4761,1,0.0,1225.4,0,1.0,34.223831,-60672.0,0.0,0.0,1,0.0
normalized-NG.dot_luby_0null50mast_rapportOE1.0_TMAX120_K192_cod1.opb,1,0.0,708.22,0,2.0,,0,2.0,,0,0.865982380319149,3559.26,0,2.0,,0,1.0,204.691304,-24064.0,0.0,0.0,1,0.0
normalized-NG.dot_luby_50null0mast_rapportOE2.0_TMAX180_K192_cod2.opb,0,0.0,3600.33,0,2.0,,0,0.1166338582677165,1957.74,0,0.8134842519685039,3228.45,0,0.4960629921259842,3600.01,0,1.0,33.69983,-2032.0,0.0,0.0,0,0.0
normalized-j12013_7.std.opb,0,0.1904761904761904,3600.01,0,1.0,3600.01,0,0.238095238095238,21.2375,0,0.1428571428571428,3078.06,0,2.0,,0,0.0,1578.157241,110.0,131.0,0.0,0,0.0
normalized-clique-coloring-max-clique-n=14-t=13.opb,1,0.0,24.14,0,0.0,3600.01,0,0.0,10.6192,0,0.0,0.967771,0,2.0,,0,0.0,1.186936,1.0,1.0,0.0,1,0.0
normalized-knapPI_5_10000_10000_5_-4687981.opb,1,0.0,1.9,1,0.0,111.11,0,1.0,2225.2,0,0.0027291289024858,2228.26,1,0.0,112.56,0,2.0,,-7440628.0,-7143830.0,0.0,1,0.0
normalized-NG.dot_fibo_20null10mast_rapportOE2.0_TMAX300_K192_cod2.opb,0,0.0,3600.03,0,1.0,3600.03,0,0.7321522041485751,3485.94,0,0.6353097473068161,2555.84,0,2.0,,0,1.0,31.42965,-401198.0,0.0,0.0,0,0.0
normalized-BA_RDC4.dot_luby_10null20mast_rapportOE1.0_TMAX300_K67_cod2_pbEq1_newVersion_binary.opb,0,0.0,3600.02,0,0.1192702050663449,3600.02,0,0.0965018094089264,910.711,0,0.1441495778045838,3274.26,0,1.0,3600.02,0,0.2567852834740651,83.502804,-13392.0,-128.0,0.0,0,0.0
normalized-BA_RDC4.dot_luby_10null0mast_rapportOE1.0_TMAX180_K67_cod2_pbEq1_newVersion_ladder.opb,0,0.0,3600.01,0,0.2084507042253521,3600.0,0,0.0732394366197183,2180.56,0,0.0957746478873239,2746.71,0,0.5577464788732395,3600.08,0,1.0,436.691418,-902.0,-547.0,0.0,0,0.0
normalized-BA_RDC4.dot_luby_0null20mast_rapportOE1.0_TMAX15_K67_cod1.opb,1,0.0,17.24,1,0.0,92.45,1,0.0,212.773,1,0.0,1268.57,1,0.0,186.61,0,1.0,64.876208,-384.0,-1.0,0.0,1,0.0
normalized-BA_RDC4.dot_luby_0null20mast_rapportOE2.0_TMAX180_K67_cod1.opb,0,0.0,3600.0,1,0.0,500.08,0,0.2813975448536355,3035.65,0,0.4173748819641171,2764.64,0,2.0,,0,1.0,33.592073,-4264.0,-28.0,0.0,1,0.0
normalized-BA_RDC4.dot_luby_20null10mast_rapportOE2.0_TMAX60_K67_cod2_pbEq1_newVersion_product.opb,1,0.0,48.99,1,0.0,589.02,1,0.0,190.483,1,0.0,159.649,1,0.0,1045.17,0,0.0,3350.418907,-1296.0,-1296.0,0.0,1,0.0
normalized-BA_RDC4.dot_luby_0null0mast_rapportOE2.0_TMAX300_K67_cod3.opb,0,0.0,3600.02,0,0.0244988864142538,3600.02,0,0.0256124721603563,2269.83,0,0.0256124721603563,3503.66,0,0.153674832962138,3600.03,0,1.0,63.730885,-1026.0,-128.0,0.0,0,0.0
normalized-BA_RDC4.dot_unif_10null10mast_rapportOE2.0_TMAX180_K67_cod2_pbEq1_newVersion_ladder.opb,0,0.0,3600.02,0,0.0313162184189079,3600.0,0,0.0543398533007334,3480.0,0,0.3712917685411573,3367.01,0,0.8778932355338224,3600.0,0,1.0,2.125473,-49080.0,0.0,0.0,0,0.0
normalized-BA_RDC4.dot_fibo_50null0mast_rapportOE2.0_TMAX60_K67_cod3.opb,0,0.0,3600.01,0,0.0,3600.01,0,0.0915805490394978,895.919,0,0.2397609839599315,3107.84,0,2.0,,0,1.0,11.39807,-63092.0,0.0,0.0,0,0.0
normalized-j12037_9.std.opb,0,1.0,3600.02,0,2.0,,0,0.0,2763.43,0,0.0151515151515151,1729.12,0,2.0,,0,0.3636363636363636,41.90925,150.0,282.0,0.0,0,0.0
normalized-BA_RDC4.dot_unif_0null10mast_rapportOE2.0_TMAX15_K67_cod2_pbEq1_newVersion_product.opb,1,0.0,42.41,1,0.0,514.22,1,0.0,720.958,1,0.0,254.405,1,0.0,401.718,1,0.0,2464.454548,-3619.0,-3619.0,0.0,1,0.0
normalized-autocorr_bern20-15.lin.opb,1,0.0,264.26,1,0.0,1439.73,0,0.0,700.257,0,0.0,1694.63,0,2.0,,0,1.0,439.923241,-1490.0,-1331.0,0.0,1,0.0
normalized-BA_RDC4.dot_fibo_0null0mast_rapportOE1.0_TMAX120_K67_cod2_pbEq1_newVersion_product.opb,0,0.0,3600.01,0,0.119523390956148,3600.0,0,0.0552934856919621,2885.82,0,0.0048198066217404,3055.11,0,0.8804766090438519,3600.02,0,1.0,2.62916,-204780.0,0.0,0.0,0,0.0
normalized-BA_RDC4.dot_fibo_10null10mast_rapportOE1.0_TMAX15_K67_cod2_pbEq1_newVersion_binary.opb,1,0.0,98.87,1,0.0,521.0,1,0.0,201.123,1,0.0,324.553,1,0.0,470.483,1,0.0,486.738843,-24476.0,-24476.0,0.0,1,0.0
normalized-BA_RDC4.dot_unif_20null0mast_rapportOE1.0_TMAX60_K67_cod2_pbEq1_newVersion_binary.opb,0,0.0,3600.02,0,0.1074869688832727,3600.0,0,0.0785026062233454,1739.7,0,0.2603064286842521,2821.79,0,0.8431922287158427,3600.0,0,1.0,7.873138,-25324.0,0.0,0.0,0,0.0
normalized-mps-v2-20-10-fast0507.opb,1,0.0,1648.6,1,0.0,223.9,0,1.0,3021.47,0,0.5578947368421052,2217.02,0,2.0,,0,0.9052631578947368,14.217071,174.0,269.0,0.0,1,0.0
normalized-j1208_8.std.opb,0,0.1,3600.01,0,1.0,3600.05,0,0.1,276.936,0,0.1,90.6287,0,2.0,,1,0.0,2630.198586,87.0,97.0,0.0,1,0.0
normalized-NG.dot_luby_0null0mast_rapportOE1.0_TMAX15_K192_cod1.opb,0,0.7619047619047619,3600.04,0,0.2751322751322751,3600.06,0,1.0,1058.29,0,2.0,,1,0.0,1493.02,0,2.0,,-768.0,-12.0,0.0,1,0.0
normalized-maxcut_opt_complete_6-partite_inlv_nvert_57.opb,1,0.0,2456.64,0,0.25,3600.01,0,0.0,49.9575,0,0.0,3309.2,0,2.0,,0,1.0,0.953792,-812.0,-708.0,0.0,1,0.0
normalized-BA_RDC4.dot_unif_20null20mast_rapportOE2.0_TMAX15_K67_cod3.opb,1,0.0,36.3,1,0.0,138.75,1,0.0,431.908,1,0.0,906.523,1,0.0,294.39,0,1.0,31.392316,-3345.0,0.0,0.0,1,0.0
SMTI_25000_10_0.95_3.opb,1,0.0,633.54,0,2.0,,1,0.0,39.2497,1,0.0,59.6749,1,0.0,391.763,0,1.0,2937.619418,0.0,564.0,0.0,1,0.0
normalized-NG.dot_unif_0null0mast_rapportOE2.0_TMAX120_K192_cod1.opb,0,2.0,,0,2.0,,0,0.0,1414.24,0,0.8166043916670932,864.981,0,1.0,1329.04,0,2.0,,-42112.0,-3038.0,0.0,0,0.0
normalized-BA_RDC4.dot_fibo_50null20mast_rapportOE2.0_TMAX120_K67_cod2.opb,0,0.0,3600.01,0,0.0,3600.0,0,0.1570519741541119,1669.48,0,0.16542364998422,3588.66,0,2.0,,0,1.0,172.571379,-133936.0,-13530.0,0.0,0,0.0
normalized-BA_RDC4.dot_luby_50null10mast_rapportOE2.0_TMAX120_K67_cod2.opb,0,0.0,3600.0,1,0.0,596.05,0,0.0,3591.96,1,0.0,2502.36,1,0.0,115.96,0,1.0,2740.714889,-2676.0,-2564.0,0.0,1,0.0
Init-x2-i5_pp_97.opb,1,0.0,18.16,1,0.0,291.86,0,0.0151515151515151,228.031,0,0.0151515151515151,1209.68,1,0.0,263.2,0,1.0,24.10394,1556.0,1688.0,0.0,1,0.0
normalized-NG.dot_fibo_20null10mast_rapportOE2.0_TMAX300_K192_cod1.opb,0,0.0,3600.03,0,0.8576687212662808,3600.03,0,1.0,138.684,0,0.8132559529870015,2721.49,0,2.0,,0,2.0,,-448930.0,-65887.0,0.0,0,0.0
normalized-single-obj-f58-fob_fxl_loss.seq-B-3-2-irabcde.opb,0,0.0909083576651739,3600.01,0,1.0,3600.03,0,0.4545434014624871,475.905,0,0.0,3578.45,0,2.0,,0,0.0911793646168772,1925.448903,7765165974.0,8636759852.0,0.0,0,0.0
normalized-single-obj-f58-fob_fxl_loss.seq-B-3-1-EDCBAir.opb,0,1.8026536720493945e-08,3600.38,0,1.0,3600.02,0,1.5022113933744954e-08,712.434,0,0.0,2519.17,0,9.013268360246973e-08,3600.0,0,4.807076458798385e-08,13.201992,-5496166382.0,-5163323746.0,0.0,0,0.0
normalized-NG.dot_luby_10null50mast_rapportOE1.0_TMAX120_K192_cod2.opb,1,0.0,1316.82,0,2.0,,1,0.0,2255.85,0,0.0,438.662,1,0.0,3058.06,0,1.0,32.032752,-23744.0,0.0,0.0,1,0.0
normalized-harp2.opb,0,0.0,3600.01,1,0.0,645.43,0,0.0028018879197036,3093.9,0,0.0146044927709403,3064.15,0,0.1073662325247938,3600.0,0,1.0,5.135387,-8369000.0,0.0,0.0,1,0.0
normalized-NG.dot_luby_20null0mast_rapportOE2.0_TMAX300_K192_cod1.opb,0,0.0,3600.04,0,0.7057010785824345,3600.02,0,1.0,1066.14,0,0.147919876733436,1702.22,0,0.1715459681561376,3597.12,0,2.0,,-2254.0,-307.0,0.0,0,0.0
normalized-BA_RDC4.dot_luby_0null50mast_rapportOE2.0_TMAX15_K67_cod2_pbEq1_newVersion_binary.opb,1,0.0,88.66,1,0.0,863.07,1,0.0,146.582,1,0.0,81.0085,1,0.0,435.577,1,0.0,287.109304,-49.0,-49.0,0.0,1,0.0
normalized-BA_RDC4.dot_fibo_0null20mast_rapportOE2.0_TMAX300_K67_cod2_pbEq1_newVersion.opb,0,0.0,3600.01,0,0.0273923234690887,3600.0,0,0.053680046879578,2309.5,0,0.0810723703486668,3594.3,0,0.0980017579841781,3600.0,0,1.0,2.546822,-341300.0,0.0,0.0,0,0.0
normalized-KE_670_003.opb,1,0.0,12.03,1,0.0,66.45,0,0.6892415709793023,3515.92,0,0.4728296643019088,3559.33,1,0.0,71.66,0,1.0,18.632561,-30569.0,-16896.0,0.0,1,0.0
normalized-BA_RDC4.dot_fibo_20null50mast_rapportOE1.0_TMAX60_K67_cod2_pbEq1_newVersion_sequential.opb,1,0.0,12.51,1,0.0,1779.55,0,0.3851657585170851,3578.61,1,0.0,2983.86,0,1.0,3600.04,0,0.7567771723447234,1039.735964,-117822.0,0.0,0.0,1,0.0
normalized-BA_RDC4.dot_fibo_20null50mast_rapportOE2.0_TMAX120_K67_cod1.opb,0,0.0,3600.01,1,0.0,2001.94,0,0.679773913227558,3236.62,0,0.631529366935868,2778.04,0,1.0,659.975,0,0.8229833716142553,82.075698,-132483.0,-38006.0,0.0,1,0.0
normalized-BA_RDC4.dot_fibo_10null0mast_rapportOE2.0_TMAX15_K67_cod1.opb,1,0.0,49.76,1,0.0,216.14,1,0.0,267.547,1,0.0,245.839,1,0.0,140.34,0,1.0,17.226488,-11179.0,0.0,0.0,1,0.0
normalized-BA_RDC4.dot_unif_10null50mast_rapportOE1.0_TMAX300_K67_cod2_pbEq1_newVersion_sequential.opb,0,0.0,3600.01,0,2.0,,0,0.011989349129277,2935.46,0,0.1371513192555782,3168.02,0,0.1883694769966822,3600.0,0,1.0,2.356999,-70229.0,0.0,0.0,0,0.0
normalized-BA_RDC4.dot_fibo_20null20mast_rapportOE2.0_TMAX15_K67_cod2_pbEq1_newVersion.opb,1,0.0,9.68,1,0.0,544.86,1,0.0,72.227,1,0.0,72.0112,1,0.0,349.821,1,0.0,585.024325,-19308.0,-19308.0,0.0,1,0.0
normalized-BA_RDC4.dot_unif_50null0mast_rapportOE2.0_TMAX300_K67_cod2.opb,0,0.0,3600.01,0,0.1439335294421221,3600.0,0,0.059709965422924,2412.35,0,0.0473241471848067,2509.52,0,0.8645301130205915,3600.0,0,1.0,1262.590089,-61024.0,-41647.0,0.0,0,0.0
normalized-NG.dot_luby_50null50mast_rapportOE1.0_TMAX15_K192_cod1.opb,0,0.0,3600.05,0,2.0,,0,0.0,2393.97,0,0.0,3512.26,0,2.0,,0,2.0,,-1024.0,-1024.0,0.0,0,0.0
normalized-BA_RDC4.dot_unif_0null10mast_rapportOE2.0_TMAX300_K67_cod2_pbEq1_newVersion.opb,0,0.0046393546142247,3600.0,0,0.0370375143368944,3600.0,0,0.0,3030.79,0,0.0169980798226735,1532.28,0,0.9869067103109656,3600.03,0,1.0,3.387834,-77597.0,0.0,0.0,0,0.0
normalized-BA_RDC4.dot_luby_10null50mast_rapportOE1.0_TMAX300_K67_cod2_pbEq1_newVersion.opb,0,0.0,3600.0,1,0.0,608.08,0,0.1764705882352941,82.8589,0,0.1926128590971272,807.662,1,0.0,708.922,0,1.0,3.270423,-14620.0,0.0,0.0,1,0.0
normalized-BA_RDC4.dot_luby_50null0mast_rapportOE2.0_TMAX180_K67_cod2_pbEq1_newVersion.opb,0,0.017094017094017,3600.02,0,0.0384615384615384,3600.0,0,0.0,2832.22,0,0.0769230769230769,2813.98,0,0.4273504273504273,3600.0,0,1.0,147.659311,-532.0,-298.0,0.0,0,0.0
Init-x2-i3_pp_88.opb,0,2.0,,0,2.0,,1,0.0,64.6381,1,0.0,366.334,1,0.0,490.539,0,2.0,,692.0,692.0,0.0,1,0.0
normalized-comppebvc_opt_180.opb,0,0.0,3600.18,0,0.0396163469557964,2129.0,0,1.0,3062.64,0,0.0,95.7547,0,2.0,,1,0.0,11.06339,16381.0,18779.0,0.0,1,0.0
normalized-BA_RDC4.dot_luby_20null0mast_rapportOE2.0_TMAX300_K67_cod2_pbEq1_newVersion_ladder.opb,0,0.0,3600.01,0,0.2924901185770751,3600.0,0,0.0434782608695652,80.2715,0,0.0395256916996047,3598.83,0,0.2015810276679842,3600.0,0,1.0,457.259579,-735.0,-482.0,0.0,0,0.0
normalized-BA_RDC4.dot_luby_10null50mast_rapportOE1.0_TMAX120_K67_cod2_pbEq1_newVersion_ladder.opb,1,0.0,101.94,1,0.0,470.76,0,0.4609652235628105,3438.15,1,0.0,382.149,0,0.0,3600.01,0,1.0,320.845561,-5638.0,-2.0,0.0,1,0.0
normalized-BA_RDC4.dot_luby_0null10mast_rapportOE1.0_TMAX120_K67_cod2_pbEq1_newVersion_binary.opb,0,0.0,3600.01,1,0.0,1623.31,1,0.0,2595.56,0,0.7901234567901234,3313.76,0,0.0,2274.01,0,1.0,267.397329,-5280.0,-4632.0,0.0,1,0.0
normalized-BA_RDC4.dot_unif_0null20mast_rapportOE2.0_TMAX60_K67_cod1.opb,1,0.0,3367.18,0,0.00228104928267,3600.0,0,0.2863317125877904,3504.25,0,0.097004622126178,1225.12,0,0.7598895491926286,3600.2,0,1.0,17.493093,-16659.0,0.0,0.0,1,0.0
normalized-BA_RDC4.dot_unif_50null0mast_rapportOE1.0_TMAX300_K67_cod2.opb,0,0.0,3600.01,0,0.1033343736995422,3600.01,0,0.0424729504785684,1430.05,0,0.0415366208905534,2616.34,0,1.0,3600.0,0,0.9848626716604244,55.585454,-79090.0,-40642.0,0.0,0,0.0
normalized-BA_RDC4.dot_fibo_20null50mast_rapportOE2.0_TMAX300_K67_cod2.opb,1,0.0,242.62,1,0.0,502.54,0,0.1522899248347688,3161.49,0,0.1949129582842417,3381.26,0,0.0689655172413793,349.992,0,1.0,3309.331337,-328380.0,-10946.0,0.0,1,0.0
normalized-j6045_10.std.opb,0,1.0,3600.02,0,2.0,,0,0.2142857142857142,1853.94,0,0.4285714285714285,1874.31,0,2.0,,0,0.0,908.162878,114.0,128.0,0.0,0,0.0
normalized-NG.dot_unif_50null50mast_rapportOE2.0_TMAX300_K192_cod1.opb,0,0.0,3600.03,0,0.9473684210526316,195.0,0,1.0,831.646,0,0.9838947368421052,621.021,0,2.0,,0,2.0,,-14500.0,-5000.0,0.0,0,0.0
normalized-BA_RDC4.dot_luby_0null50mast_rapportOE1.0_TMAX300_K67_cod1.opb,0,0.0,3600.01,1,0.0,517.81,0,0.4386387074596081,3369.87,0,0.6854589205912685,258.278,0,2.0,,0,1.0,2038.558347,-14612.0,-8794.0,0.0,1,0.0
SMTI_50000_5_0.75_10.opb,0,2.0,,0,2.0,,0,1.0,2065.43,1,0.0,365.051,1,0.0,644.778,0,2.0,,848.0,6248.0,0.0,1,0.0
normalized-BA_RDC4.dot_luby_20null50mast_rapportOE1.0_TMAX120_K67_cod2.opb,1,0.0,19.95,1,0.0,364.38,1,0.0,1206.21,0,0.4420238931834153,3086.82,1,0.0,2285.01,0,1.0,720.518718,-5696.0,-4.0,0.0,1,0.0
normalized-BA_RDC4.dot_fibo_20null10mast_rapportOE2.0_TMAX180_K67_cod1.opb,0,0.0,3600.0,0,0.0080005210107608,3600.01,0,0.2772378414123399,3194.11,0,0.2722932489028716,3420.17,0,2.0,,0,1.0,32.734874,-199612.0,0.0,0.0,0,0.0
normalized-injcomp_opt_4layers_maxall_lastlayerdecr1_size_50.opb,1,0.0,3.45,1,0.0,1154.16,0,0.0,38.9058,0,0.0,18.875,0,2.0,,0,1.0,0.622718,-148.0,-99.0,0.0,1,0.0
normalized-BA_RDC4.dot_luby_10null20mast_rapportOE2.0_TMAX60_K67_cod2_pbEq1_newVersion_ladder.opb,1,0.0,11.85,1,0.0,568.11,0,1.0,650.273,1,0.0,127.082,1,0.0,827.859,1,0.0,1274.515094,-1312.0,-296.0,0.0,1,0.0
normalized-BA_RDC4.dot_fibo_0null10mast_rapportOE1.0_TMAX300_K67_cod2.opb,0,0.0,3600.01,0,0.0867170769609794,3600.01,0,0.0354350256789281,1942.69,0,0.0452290257168305,3430.62,0,0.60416169196657,3600.0,0,1.0,251.569933,-559610.0,-295775.0,0.0,0,0.0
normalized-domset_opt_hexgrid_nrowsdiv30add5_ncols_750.opb,0,1.0,3600.0,0,0.007470651013874,3600.0,0,0.911419423692636,3551.1,0,0.0,337.399,0,2.0,,0,1.0,1.362119,5626.0,7500.0,0.0,0,0.0
normalized-NG.dot_fibo_0null20mast_rapportOE2.0_TMAX120_K192_cod1.opb,0,0.0,3600.04,0,2.0,,0,0.96207095063278,391.175,0,0.9483442021120978,3371.73,0,2.0,,0,1.0,100.618918,-211922.0,0.0,0.0,0,0.0
normalized-NG.dot_fibo_50null0mast_rapportOE2.0_TMAX120_K192_cod2.opb,0,0.0,3600.04,0,2.0,,0,0.2003722114990645,3174.46,0,0.3061414897345648,3298.49,0,0.9666046314168226,711.615,0,1.0,32.575759,-202573.0,0.0,0.0,0,0.0
normalized-j6041_5.std.opb,0,0.9081081081081082,3600.04,0,1.0,3600.0,0,0.0054054054054054,3217.27,0,0.0108108108108108,3145.77,0,2.0,,1,0.0,873.723954,115.0,300.0,0.0,1,0.0
normalized-j9046_9.std.opb,0,0.0,3600.01,0,1.0,3600.03,0,0.0,29.3373,0,0.0,3380.43,0,2.0,,0,0.8333333333333334,12.51015,90.0,96.0,0.0,0,0.0
normalized-j6029_4.std.opb,0,1.0,3600.02,0,2.0,,0,0.0,849.253,0,0.0062893081761006,1286.18,0,2.0,,0,0.0,170.525263,140.0,299.0,0.0,0,0.0
normalized-BA_RDC4.dot_fibo_0null10mast_rapportOE2.0_TMAX180_K67_cod2_pbEq1_newVersion_ladder.opb,0,0.0,3600.01,0,0.1009420949414005,3600.01,0,0.0103545992812303,3346.87,0,0.0888187217911063,3161.81,0,2.0,,0,1.0,2.008825,-213142.0,0.0,0.0,0,0.0
normalized-NG.dot_unif_10null20mast_rapportOE2.0_TMAX120_K192_cod1.opb,0,0.0,3601.0,0,2.0,,0,0.4336404871602557,611.572,0,0.803189399621415,2860.42,0,2.0,,0,1.0,91.006552,-55998.0,0.0,0.0,0,0.0
normalized-BA_RDC4.dot_fibo_0null0mast_rapportOE1.0_TMAX300_K67_cod2_pbEq1_newVersion_sequential.opb,0,0.0,3600.01,0,2.0,,0,0.0077269560685587,2923.1,0,0.4524124801242269,3001.03,0,0.2235818403237557,3600.0,0,1.0,71.70565,-322979.0,-134936.0,0.0,0,0.0
normalized-j1208_5.std.opb,0,0.1641025641025641,3600.03,0,1.0,3600.13,0,0.0,159.112,0,0.0,2377.91,0,2.0,,0,0.2512820512820513,5.489168,105.0,300.0,0.0,0,0.0
normalized-NG.dot_fibo_20null50mast_rapportOE2.0_TMAX120_K192_cod1.opb,0,0.0,3600.04,0,2.0,,0,0.9364841056016014,479.6,0,0.6711775634302011,898.552,0,2.0,,0,1.0,143.066895,-145869.0,0.0,0.0,0,0.0
normalized-BA_RDC4.dot_unif_0null50mast_rapportOE2.0_TMAX300_K67_cod1.opb,0,0.0,3600.01,0,0.1709923414282909,3600.0,0,0.2373829940433331,3487.39,0,0.2575603848923218,3052.38,0,0.4606925443477122,3599.46,0,1.0,15.070615,-61108.0,0.0,0.0,0,0.0
normalized-BA_RDC4.dot_luby_20null50mast_rapportOE1.0_TMAX15_K67_cod3.opb,1,0.0,41.74,1,0.0,682.31,1,0.0,335.479,1,0.0,721.874,1,0.0,396.591,0,1.0,3331.346398,-273.0,-257.0,0.0,1,0.0
normalized-BA_RDC4.dot_fibo_10null20mast_rapportOE2.0_TMAX15_K67_cod2_pbEq1_newVersion_binary.opb,1,0.0,78.32,1,0.0,1997.96,1,0.0,208.995,1,0.0,128.673,1,0.0,369.953,1,0.0,466.621869,-13530.0,-13530.0,0.0,1,0.0
normalized-NG.dot_fibo_50null20mast_rapportOE2.0_TMAX180_K192_cod2.opb,0,0.0,3600.04,0,2.0,,0,0.6830928496175164,1885.9,0,0.5738720168567634,3525.48,0,2.0,,0,1.0,33.546705,-218310.0,0.0,0.0,0,0.0
normalized-BA_RDC4.dot_unif_50null10mast_rapportOE2.0_TMAX180_K67_cod2_pbEq1_newVersion_sequential.opb,0,0.0,3600.02,0,0.127173597444914,3600.0,0,0.0481336903571313,2854.75,0,0.1310126786463206,3532.21,0,0.4373003839081201,3600.06,0,1.0,2.472704,-30997.0,0.0,0.0,0,0.0
normalized-BA_RDC4.dot_unif_20null10mast_rapportOE2.0_TMAX180_K67_cod1.opb,0,0.0,3600.01,0,0.0905028893042039,3600.01,0,0.1202981676011256,3077.01,0,0.2889948658460613,2514.08,0,0.7413159760262937,3600.02,0,1.0,31.186734,-46551.0,0.0,0.0,0,0.0
normalized-injcomp_opt_4layers_maxall_lastlayerdiv2_size_26.opb,1,0.0,17.92,0,0.0,3600.0,0,0.0,12.1264,0,0.0,383.944,0,2.0,,0,1.0,0.04132,-52.0,-39.0,0.0,1,0.0
normalized-BA_RDC4.dot_luby_50null20mast_rapportOE2.0_TMAX120_K67_cod1.opb,1,0.0,21.52,1,0.0,217.4,0,0.4225151407196295,2953.55,0,0.8767367296045601,599.592,0,0.4567153544709654,3600.17,0,1.0,2149.160083,-2818.0,-11.0,0.0,1,0.0
normalized-Generated_notes_20140709_1000_0.01-008.opb,1,0.0,5.16,1,0.0,95.06,0,0.4345536320651965,2502.8,0,0.4359887751310208,2951.91,1,0.0,56.14,0,1.0,33.502111,-120523.0,-42482.0,0.0,1,0.0
normalized-BA_RDC4.dot_luby_10null0mast_rapportOE2.0_TMAX60_K67_cod2_pbEq1_newVersion_sequential.opb,0,0.025,3600.01,0,0.31875,3377.0,0,0.0,3502.86,0,0.05,3102.71,0,2.0,,0,1.0,2.818234,-320.0,0.0,0.0,0,0.0
normalized-j6013_9.std.opb,0,0.1707317073170731,3600.01,0,2.0,,0,0.048780487804878,270.952,0,0.0,1676.73,0,2.0,,0,1.0,4.9283,102.0,143.0,0.0,0,0.0
normalized-BA_RDC4.dot_luby_0null0mast_rapportOE1.0_TMAX60_K67_cod2.opb,0,0.0,3600.0,0,0.040983606557377,3600.01,0,0.0081967213114754,1137.97,0,0.0081967213114754,1048.06,0,0.3442622950819672,3600.0,0,1.0,3.506078,-488.0,0.0,0.0,0,0.0
normalized-BA_RDC4.dot_luby_10null20mast_rapportOE2.0_TMAX180_K67_cod2_pbEq1_newVersion.opb,0,0.0,3600.02,1,0.0,576.74,1,0.0,1922.94,1,0.0,245.901,1,0.0,1116.31,0,1.0,1147.085962,-4296.0,-3328.0,0.0,1,0.0
normalized-BA_RDC4.dot_fibo_10null0mast_rapportOE2.0_TMAX180_K67_cod2_pbEq1_newVersion_product.opb,0,0.0414149020184025,3600.01,0,0.031638169051161,3600.0,0,0.031638169051161,1654.66,0,0.0,3220.49,0,0.4895100614030254,3600.0,0,1.0,2.49208,-163347.0,0.0,0.0,0,0.0
normalized-edgecross14-176.lin.opb,1,0.0,595.83,1,0.0,744.51,0,0.0,53.876,0,0.0,364.68,0,1.0,3600.01,0,0.7,0.835457,5875.0,6385.0,0.0,1,0.0
normalized-BA_RDC4.dot_luby_10null20mast_rapportOE2.0_TMAX120_K67_cod2_pbEq1_newVersion_ladder.opb,0,0.0,3600.01,1,0.0,655.48,0,0.0,87.8033,0,0.4769174845510723,3413.57,0,2.0,,0,1.0,84.994673,-2752.0,-1.0,0.0,1,0.0
normalized-j12036_8.std.opb,0,1.0,3600.01,0,2.0,,0,0.0,3159.41,0,0.0705882352941176,2585.52,0,2.0,,0,0.1764705882352941,237.309501,184.0,269.0,0.0,0,0.0
normalized-j12019_9.std.opb,0,0.0,3600.01,0,1.0,3600.0,0,0.0,473.959,0,0.0,2284.71,0,2.0,,0,0.5,44.481458,90.0,100.0,0.0,0,0.0
normalized-BA_RDC4.dot_fibo_0null10mast_rapportOE2.0_TMAX60_K67_cod2_pbEq1_newVersion_sequential.opb,0,0.0,3600.01,0,0.2702999741401603,3600.01,0,0.0933863460046547,3576.27,0,0.0,2851.13,0,0.3341091285234031,3600.03,0,1.0,544.159963,-75402.0,-13530.0,0.0,0,0.0
normalized-BA_RDC4.dot_fibo_10null10mast_rapportOE1.0_TMAX300_K67_cod2_pbEq1_newVersion_product.opb,0,0.0028506658098604,3600.01,0,0.1051569026453893,3600.0,0,0.0,2034.03,0,0.0070472314447895,3589.92,0,1.0,3600.02,0,0.4379886473171254,111.10619,-580515.0,-20295.0,0.0,0,0.0
normalized-BA_RDC4.dot_luby_50null0mast_rapportOE2.0_TMAX180_K67_cod2_pbEq1_newVersion_product.opb,0,0.0443349753694581,3600.01,0,0.5073891625615764,3600.0,0,0.0,568.868,0,0.0689655172413793,2967.17,0,0.4778325123152709,3600.0,0,1.0,129.443283,-529.0,-326.0,0.0,0,0.0
normalized-BA_RDC4.dot_luby_0null50mast_rapportOE1.0_TMAX15_K67_cod2_pbEq1_newVersion_ladder.opb,1,0.0,36.55,1,0.0,361.23,1,0.0,125.255,1,0.0,172.479,1,0.0,255.79,1,0.0,77.900328,-384.0,-384.0,0.0,1,0.0
normalized-BA_RDC4.dot_unif_10null50mast_rapportOE2.0_TMAX15_K67_cod2_pbEq1_newVersion_product.opb,1,0.0,35.19,1,0.0,555.11,1,0.0,69.6865,1,0.0,216.247,1,0.0,323.759,1,0.0,746.671144,-3656.0,-3656.0,0.0,1,0.0
normalized-BA_RDC4.dot_unif_50null0mast_rapportOE1.0_TMAX180_K67_cod2_pbEq1_newVersion_sequential.opb,0,0.0,3600.01,0,2.0,,0,0.0820955845205617,3071.53,0,0.0567343639486713,2885.89,0,0.7699471220235088,3600.0,0,1.0,2.687755,-59382.0,0.0,0.0,0,0.0
normalized-BA_RDC4.dot_unif_50null20mast_rapportOE1.0_TMAX15_K67_cod2_pbEq1_newVersion_binary.opb,1,0.0,74.32,1,0.0,555.69,1,0.0,73.917,1,0.0,319.705,0,1.0,1591.09,1,0.0,1195.132591,-4173.0,-2512.0,0.0,1,0.0
normalized-minisat50_6_9_6_mh.opb,0,0.0,3600.03,0,2.0,,0,0.0960021930452751,3180.31,0,0.0306479681505929,3162.03,0,0.0044257407515772,3600.05,0,1.0,23.522691,4181379.0,155025506.0,0.0,0,0.0
normalized-neos-3555904-turama.opb,1,0.0,306.47,0,0.0,3600.0,0,0.0,553.448,0,0.0,883.465,1,0.0,3017.45,0,0.0,730.594448,-347.0,-347.0,0.0,1,0.0
normalized-BA_RDC4.dot_unif_50null50mast_rapportOE2.0_TMAX300_K67_cod2_pbEq1_newVersion_sequential.opb,1,0.0,76.3,1,0.0,3011.33,1,0.0,344.648,1,0.0,633.625,1,0.0,387.572,0,1.0,3524.966709,-28.0,-5.0,0.0,1,0.0
normalized-mps-v2-20-10-t1717.opb,0,0.0039584852905421,3600.0,0,0.0,3600.0,0,0.4133577984439582,3115.93,0,0.5016221432044736,2711.1,0,1.0,3600.02,0,0.0,17.115604,200300.0,463532.0,0.0,0,0.0
normalized-BA_RDC4.dot_luby_10null50mast_rapportOE2.0_TMAX15_K67_cod2_pbEq1_newVersion.opb,1,0.0,16.48,1,0.0,229.74,1,0.0,55.1167,1,0.0,75.3364,1,0.0,391.185,1,0.0,253.530548,-48.0,-48.0,0.0,1,0.0
normalized-mps-v2-20-10-dano3_4.opb,0,0.0,3600.04,0,2.0,,0,2.0,,0,2.0,,0,2.0,,0,2.0,,590276.0,590276.0,0.0,0,0.0
normalized-BA_RDC4.dot_luby_10null0mast_rapportOE1.0_TMAX300_K67_cod2_pbEq1_newVersion_product.opb,0,0.0,3600.05,0,2.0,,0,0.0101694915254237,1938.98,0,0.0169491525423728,2026.3,0,0.2271186440677966,3600.01,0,1.0,127.106298,-1011.0,-716.0,0.0,0,0.0
normalized-comppebphp_opt_pyrheightequalsnholes_49.opb,0,0.0,3600.41,0,2.0,,0,0.0,247.588,1,0.0,939.285,0,2.0,,0,2.0,,1275.0,1275.0,0.0,1,0.0
SMTI_50000_3_0.95_2.opb,1,0.0,11.11,1,0.0,316.01,0,1.0,3104.21,1,0.0,981.096,1,0.0,383.524,0,2.0,,5994.0,19438.0,0.0,1,0.0
normalized-NG.dot_fibo_0null10mast_rapportOE2.0_TMAX300_K192_cod2.opb,0,0.8861086084036367,3600.03,0,1.0,3600.03,0,0.2722487194188398,3436.14,0,0.7912573952380653,3599.95,0,0.0,3600.26,0,1.0,34.604229,-317434.0,0.0,0.0,0,0.0
normalized-BA_RDC4.dot_unif_0null0mast_rapportOE2.0_TMAX120_K67_cod2_pbEq1_newVersion_sequential.opb,0,0.0,3600.01,0,0.1314922936439857,3600.04,0,0.076205761089128,3270.68,0,0.0574448656575998,3433.76,0,0.8206923268491104,3600.01,0,1.0,2.719775,-36139.0,0.0,0.0,0,0.0
normalized-graph40-40-1rand.opb,0,0.2222222222222222,3600.02,0,0.8888888888888888,3600.02,0,0.0,120.886,0,0.0,2916.36,0,2.0,,0,1.0,6.579861,-9.0,0.0,0.0,0,0.0
normalized-BA_RDC4.dot_fibo_10null20mast_rapportOE2.0_TMAX180_K67_cod1.opb,0,0.0,3600.01,0,0.0,3600.0,0,0.217456866320662,2833.11,0,0.3130172534717351,2243.38,0,0.2951275474420375,3600.14,0,1.0,17.608006,-199612.0,0.0,0.0,0,0.0
SMTI_25000_3_0.85_7.opb,1,0.0,4.51,1,0.0,76.17,1,0.0,114.195,1,0.0,266.787,1,0.0,64.19,0,1.0,1488.742038,3178.0,4574.0,0.0,1,0.0
normalized-BA_RDC4.dot_luby_50null0mast_rapportOE2.0_TMAX120_K67_cod2_pbEq1_newVersion_binary.opb,0,0.0,3600.01,0,0.1785714285714285,3600.02,0,0.0816326530612244,1229.47,0,0.1020408163265306,3084.24,0,1.0,3600.03,0,0.6938775510204082,248.877761,-452.0,-256.0,0.0,0,0.0
normalized-BA_RDC4.dot_unif_10null50mast_rapportOE2.0_TMAX15_K67_cod2_pbEq1_newVersion_binary.opb,1,0.0,51.75,1,0.0,415.92,1,0.0,68.7529,1,0.0,356.01,0,1.0,340.533,1,0.0,827.955487,-3656.0,-2702.0,0.0,1,0.0
normalized-v150d30-2hopcds.opb,0,0.0,3600.01,0,0.0,3600.0,0,0.1875,153.793,0,0.125,1623.57,0,2.0,,0,1.0,0.265204,41.0,57.0,0.0,0,0.0
normalized-j12060_7.std.opb,0,1.0,3600.02,0,0.1699346405228758,3600.0,0,0.0,93.6265,0,0.0065359477124183,2360.66,0,2.0,,0,0.0718954248366013,18.663443,96.0,249.0,0.0,0,0.0
normalized-BA_RDC4.dot_unif_20null20mast_rapportOE2.0_TMAX300_K67_cod3.opb,0,0.0,3600.0,0,0.0123211317187652,3600.0,0,0.3059421754294468,2481.44,0,0.2682453795756054,2569.31,0,0.4156589197822615,3600.08,0,1.0,17.990246,-61358.0,0.0,0.0,0,0.0
normalized-j3029_3.std.opb,0,0.0,3600.01,0,0.0,3600.0,1,0.0,178.939,1,0.0,151.236,1,0.0,415.113,1,0.0,7.376191,78.0,78.0,0.0,1,0.0
normalized-BA_RDC4.dot_luby_10null20mast_rapportOE1.0_TMAX180_K67_cod2_pbEq1_newVersion_binary.opb,0,0.0,3600.01,0,0.0255905511811023,3600.0,0,0.1102362204724409,3531.05,0,0.2106299212598425,3504.28,0,0.0078740157480314,3600.02,0,1.0,8.203932,-8128.0,0.0,0.0,0,0.0
normalized-may5.5.opb,0,0.0,3600.02,0,0.0,3600.0,0,0.0,20.6678,0,0.0,2294.02,0,2.0,,1,0.0,67.217543,101.0,101.0,0.0,1,0.0
normalized-BA_RDC4.dot_unif_0null10mast_rapportOE2.0_TMAX300_K67_cod1.opb,0,0.0,3600.01,0,0.238360127482918,3600.05,0,0.0280721148757511,3564.53,0,0.2319271794992414,2379.17,0,0.4188472439463254,3600.08,0,1.0,16.622392,-85031.0,0.0,0.0,0,0.0
normalized-maxcut_opt_complete_6-partite_block_nvert_48.opb,1,0.0,1324.62,1,0.0,1562.38,0,0.0,60.4419,0,0.0,3096.19,0,0.0,3600.0,0,1.0,21.404007,-576.0,-550.0,0.0,1,0.0
normalized-BA_RDC4.dot_fibo_50null0mast_rapportOE1.0_TMAX180_K67_cod2_pbEq1_newVersion_product.opb,0,1.0,3600.01,0,0.5537909029774936,3600.04,0,0.0033337625731496,2015.04,0,0.0,1890.47,0,0.2762587457612568,3600.01,0,0.6808888125795882,140.319005,-156582.0,-86691.0,0.0,0,0.0
normalized-BA_RDC4.dot_luby_0null0mast_rapportOE1.0_TMAX120_K67_cod2_pbEq1_newVersion_product.opb,0,0.0,3600.01,0,0.09,3600.02,0,0.08,2884.6,0,0.07,2410.68,0,0.32,3600.0,0,1.0,3.153413,-800.0,0.0,0.0,0,0.0
normalized-BA_RDC4.dot_fibo_0null20mast_rapportOE2.0_TMAX120_K67_cod3.opb,0,0.0,3600.0,0,0.0945682495403537,3600.01,0,0.1939707094401826,3385.8,0,0.3923397578139859,2048.53,0,2.0,,0,1.0,17.369144,-126184.0,0.0,0.0,0,0.0
normalized-BA_RDC4.dot_unif_20null0mast_rapportOE2.0_TMAX120_K67_cod2_pbEq1_newVersion_ladder.opb,0,0.0,3600.01,0,0.0684781284269526,3600.0,0,0.1641281832581942,1887.37,0,0.2161264773973437,2576.03,0,2.0,,0,1.0,2.20284,-32828.0,0.0,0.0,0,0.0
normalized-BA_RDC4.dot_luby_10null50mast_rapportOE1.0_TMAX180_K67_cod2_pbEq1_newVersion_binary.opb,0,0.0,3600.02,1,0.0,3203.06,1,0.0,2030.98,1,0.0,1806.28,1,0.0,1179.69,0,1.0,1608.366887,-8472.0,-7684.0,0.0,1,0.0
normalized-BA_RDC4.dot_unif_10null10mast_rapportOE2.0_TMAX120_K67_cod2_pbEq1_newVersion_product.opb,0,0.0042974345617919,3600.28,0,0.0757911186352389,3600.0,0,0.0,3488.87,0,0.0965294960281286,3000.58,0,0.5535225940877718,3600.0,0,1.0,2.618026,-30716.0,0.0,0.0,0,0.0
normalized-BA_RDC4.dot_unif_10null10mast_rapportOE1.0_TMAX180_K67_cod2_pbEq1_newVersion_ladder.opb,0,0.0,3600.01,0,0.0056319909637136,3600.0,0,0.1031642690177745,3488.07,0,0.2213733272673078,3213.25,0,0.9686396937702964,3600.01,0,1.0,2.182435,-63743.0,0.0,0.0,0,0.0
normalized-BA_RDC4.dot_fibo_20null0mast_rapportOE1.0_TMAX120_K67_cod2_pbEq1_newVersion_ladder.opb,0,0.0,3600.01,0,0.1652348692614589,3600.01,0,0.2047803265587824,3402.99,0,0.1541558449420924,3585.75,0,2.0,,0,1.0,2.296547,-165177.0,0.0,0.0,0,0.0
normalized-BA_RDC4.dot_luby_10null10mast_rapportOE1.0_TMAX300_K67_cod2_pbEq1_newVersion_ladder.opb,0,0.0,3600.01,0,1.0,3600.0,0,0.2307692307692307,631.806,0,0.8461538461538461,2299.39,0,2.0,,0,0.5336538461538461,3107.12211,-11648.0,-10816.0,0.0,0,0.0
normalized-NG.dot_fibo_0null0mast_rapportOE1.0_TMAX15_K192_cod1.opb,1,0.0,1500.27,1,0.0,923.47,1,0.0,1208.14,0,0.6871796790243537,3362.92,0,0.570598431284526,3272.37,0,1.0,63.474571,-80193.0,0.0,0.0,1,0.0
normalized-autocorr_bern35-18.lin.opb,0,0.0,3600.01,0,0.0184312044577796,3600.0,0,0.0094299185597942,3061.89,0,0.0017145306472353,942.257,0,0.0321474496356622,3600.02,0,1.0,0.516574,-3893.0,-1560.0,0.0,0,0.0
normalized-NG.dot_fibo_10null20mast_rapportOE2.0_TMAX120_K192_cod2.opb,0,0.0,3600.09,0,2.0,,0,0.5157965532456295,2732.19,0,0.3416424988326615,2973.25,0,0.4842034467543705,3600.0,0,1.0,76.277886,-233437.0,0.0,0.0,0,0.0
normalized-jul6.5.opb,1,0.0,194.4,1,0.0,1390.72,0,0.0,17.9316,0,0.0,577.517,0,1.0,3600.0,1,0.0,26.338281,79.0,81.0,0.0,1,0.0
normalized-BA_RDC4.dot_luby_10null50mast_rapportOE2.0_TMAX120_K67_cod2_pbEq1_newVersion_binary.opb,1,0.0,1033.34,1,0.0,974.97,1,0.0,39.7883,1,0.0,235.27,1,0.0,565.336,0,1.0,1361.663692,-2824.0,-2560.0,0.0,1,0.0
normalized-NG.dot_luby_50null50mast_rapportOE1.0_TMAX180_K192_cod1.opb,0,0.0,3600.03,0,2.0,,0,2.0,,0,1.0,2426.67,0,2.0,,0,2.0,,-35840.0,-22529.0,0.0,0,0.0
normalized-NG.dot_unif_10null50mast_rapportOE2.0_TMAX120_K192_cod1.opb,0,0.0,3600.04,0,2.0,,0,0.6833583508455919,336.564,0,0.3876713699589713,1169.91,0,2.0,,0,1.0,100.25759,-49965.0,0.0,0.0,0,0.0
normalized-BA_RDC4.dot_fibo_10null0mast_rapportOE2.0_TMAX60_K67_cod2_pbEq1_newVersion_ladder.opb,0,0.0,3600.01,0,0.0175226851293079,3600.0,0,0.0675342059930435,425.817,0,0.0917499643401836,3548.27,0,0.9432954059184324,3600.0,0,1.0,2.765198,-91139.0,0.0,0.0,0,0.0
normalized-BA_RDC4.dot_unif_20null50mast_rapportOE2.0_TMAX60_K67_cod2_pbEq1_newVersion_sequential.opb,0,0.0,3600.01,0,0.0145681581685744,3600.0,0,0.3568252767004067,1570.96,0,0.0610159871346135,3583.82,0,0.578374798978337,3600.0,0,1.0,264.209965,-12068.0,-1497.0,0.0,0,0.0
normalized-may4.5.opb,1,0.0,587.6,0,0.0,3600.0,0,0.0,28.7101,0,0.0,1047.77,0,2.0,,1,0.0,13.320415,211.0,211.0,0.0,1,0.0
normalized-BA_RDC4.dot_unif_20null10mast_rapportOE2.0_TMAX60_K67_cod2_pbEq1_newVersion.opb,0,0.0,3600.0,0,0.0468903276437119,3600.05,0,0.0,1210.01,0,0.0397619514747236,3354.29,0,0.5661500228892813,3600.0,0,1.0,7.904903,-15291.0,0.0,0.0,0,0.0
normalized-j12017_8.std.opb,0,0.3888888888888889,3600.01,0,2.0,,0,0.0,2179.93,0,0.0,3367.59,0,2.0,,0,1.0,14.704417,133.0,151.0,0.0,0,0.0
normalized-NG.dot_luby_0null20mast_rapportOE1.0_TMAX120_K192_cod1.opb,1,0.0,1232.2,0,2.0,,0,2.0,,0,0.987440798376184,1806.93,0,2.0,,0,1.0,100.923878,-23648.0,0.0,0.0,1,0.0
normalized-BA_RDC4.dot_unif_50null10mast_rapportOE1.0_TMAX60_K67_cod3.opb,1,0.0,535.39,1,0.0,2011.73,0,0.2110527208001356,3521.92,0,0.0445838277674182,3219.09,0,2.0,,0,1.0,92.226729,-19233.0,-1536.0,0.0,1,0.0
normalized-NG.dot_luby_20null10mast_rapportOE1.0_TMAX300_K192_cod2.opb,1,0.0,65.83,0,0.0015822784810126,3600.02,0,0.9785897943037974,2898.53,1,0.0,380.407,1,0.0,1467.61,0,1.0,35.889733,-60672.0,0.0,0.0,1,0.0
normalized-NG.dot_fibo_10null0mast_rapportOE1.0_TMAX300_K192_cod1.opb,0,0.0,3600.04,0,0.6145918797437605,3600.02,0,1.0,870.264,0,0.9285817704462312,3473.78,0,2.0,,0,2.0,,-451514.0,-140711.0,0.0,0,0.0
normalized-NG.dot_unif_10null50mast_rapportOE1.0_TMAX180_K192_cod1.opb,0,0.0,3600.06,0,1.0,3600.06,0,0.8860103626943006,617.771,0,0.3321636241559725,1381.26,0,2.0,,0,1.0,68.958581,-78937.0,0.0,0.0,0,0.0
normalized-BA_RDC4.dot_luby_10null0mast_rapportOE2.0_TMAX60_K67_cod1.opb,0,0.0,3600.0,0,0.0,3600.01,0,0.0,1395.28,0,0.0871934604904632,3544.94,0,2.0,,0,1.0,1872.509226,-368.0,-1.0,0.0,0,0.0
normalized-BA_RDC4.dot_luby_10null10mast_rapportOE2.0_TMAX60_K67_cod1.opb,1,0.0,102.14,1,0.0,103.94,0,0.752895752895753,1875.1,0,0.5675675675675675,3591.84,0,2.0,,0,1.0,72.360413,-1292.0,-256.0,0.0,1,0.0
normalized-NG.dot_fibo_0null0mast_rapportOE1.0_TMAX15_K192_cod2.opb,1,0.0,155.27,1,0.0,434.19,1,0.0,918.503,1,0.0,2753.92,1,0.0,1525.57,0,1.0,33.237954,-68260.0,0.0,0.0,1,0.0
normalized-NG.dot_unif_10null0mast_rapportOE2.0_TMAX60_K192_cod2.opb,1,0.0,1957.63,0,2.0,,0,0.0,1069.65,0,0.397012517240482,3389.84,0,0.9221380799958364,3600.0,0,1.0,32.320143,-38427.0,0.0,0.0,1,0.0
normalized-mps-v2-20-10-markshare2.opb,0,0.0,3600.0,0,0.7636363636363637,3600.01,0,0.109090909090909,2481.15,0,0.2181818181818181,3213.71,0,0.2545454545454545,3600.0,0,1.0,659.158983,12288.0,68608.0,0.0,0,0.0
normalized-BA_RDC4.dot_fibo_0null10mast_rapportOE2.0_TMAX300_K67_cod2.opb,0,0.00187233729082,3600.01,0,0.0,3600.83,0,0.00187233729082,901.533,0,0.0611364166533659,2982.45,0,0.2498864320003928,3600.0,0,1.0,3.131142,-325796.0,0.0,0.0,0,0.0
normalized-BA_RDC4.dot_unif_50null0mast_rapportOE2.0_TMAX300_K67_cod2_pbEq1_newVersion_product.opb,0,0.0649057819294572,3600.02,0,2.0,,0,0.0,735.66,0,0.0032748161271272,3371.59,0,0.7961024319536157,3600.0,0,1.0,1840.869738,-59863.0,-41236.0,0.0,0,0.0
normalized-j9013_7.std.opb,0,0.953216374269006,3600.01,0,1.0,3600.3,0,0.0175438596491228,2392.61,0,0.0,3554.38,0,2.0,,0,0.2456140350877192,8.680483,129.0,300.0,0.0,0,0.0
normalized-BA_RDC4.dot_fibo_20null0mast_rapportOE1.0_TMAX180_K67_cod2_pbEq1_newVersion_product.opb,0,0.0330730838527968,3600.02,0,2.0,,0,0.0,1492.91,0,0.1322923354111873,3571.23,0,0.3602522418042123,3600.0,0,1.0,79.577223,-205767.0,-109193.0,0.0,0,0.0
normalized-BA_RDC4.dot_fibo_20null0mast_rapportOE2.0_TMAX60_K67_cod2_pbEq1_newVersion_ladder.opb,1,0.0,2179.41,1,0.0,925.89,0,0.0974564836054513,3474.55,0,0.2218492781001214,2922.84,0,0.6743354473080556,3600.0,0,1.0,4.156111,-59288.0,0.0,0.0,1,0.0
normalized-BA_RDC4.dot_luby_0null10mast_rapportOE1.0_TMAX180_K67_cod2.opb,0,0.0,3600.01,0,0.1006864988558352,3600.0,0,0.0,1621.16,0,0.6224256292906178,2821.67,0,0.816933638443936,3600.01,0,1.0,100.813211,-7264.0,-4642.0,0.0,0,0.0
normalized-BA_RDC4.dot_unif_20null50mast_rapportOE2.0_TMAX180_K67_cod1.opb,0,0.0,3600.0,0,0.0379148554474573,3600.0,0,0.1748775270820396,3407.03,0,0.0913199475608914,2590.01,0,2.0,,0,1.0,12.560816,-28986.0,0.0,0.0,0,0.0
normalized-BA_RDC4.dot_luby_0null20mast_rapportOE1.0_TMAX300_K67_cod2.opb,0,0.0,3600.01,0,0.0812894183601962,3600.0,0,0.0084092501751927,321.504,0,0.3015066573230553,518.361,0,1.0,3600.31,0,0.6867554309740714,140.866092,-13392.0,-7684.0,0.0,0,0.0
normalized-BA_RDC4.dot_unif_20null20mast_rapportOE1.0_TMAX15_K67_cod2_pbEq1_newVersion.opb,1,0.0,2.96,1,0.0,174.86,1,0.0,65.3785,1,0.0,165.851,1,0.0,475.981,1,0.0,1555.095849,-4962.0,-4962.0,0.0,1,0.0
normalized-BA_RDC4.dot_fibo_50null10mast_rapportOE1.0_TMAX15_K67_cod2_pbEq1_newVersion_binary.opb,1,0.0,73.85,1,0.0,1101.16,1,0.0,60.6308,1,0.0,145.332,1,0.0,569.281,1,0.0,402.599848,-17711.0,-17711.0,0.0,1,0.0
normalized-BA_RDC4.dot_luby_10null10mast_rapportOE1.0_TMAX300_K67_cod2_pbEq1_newVersion_binary.opb,0,0.0,3600.01,0,1.0,3600.0,0,0.1729490022172949,594.263,0,0.1241685144124168,3580.99,0,2.0,,0,0.9074279379157428,1236.71513,-11616.0,-8008.0,0.0,0,0.0
normalized-j6025_1.std.opb,0,0.2,3600.0,0,1.0,3600.0,0,0.0,345.02,0,0.1,1557.17,0,2.0,,1,0.0,140.415386,114.0,124.0,0.0,1,0.0
normalized-BA_RDC4.dot_unif_0null20mast_rapportOE2.0_TMAX180_K67_cod3.opb,0,0.0,3600.0,0,0.0360414657666345,3600.0,0,0.0323649951783992,1927.08,0,0.5331685953069752,2912.85,0,2.0,,0,1.0,17.205453,-49776.0,0.0,0.0,0,0.0
normalized-BA_RDC4.dot_fibo_10null20mast_rapportOE1.0_TMAX300_K67_cod3.opb,0,0.0,3600.0,0,0.0,3600.0,0,0.1576815457235059,3592.0,0,0.5194926396067908,1446.85,0,2.0,,0,1.0,15.609701,-610769.0,0.0,0.0,0,0.0
normalized-j6030_10.std.opb,0,0.0625,3600.01,0,1.0,3600.01,1,0.0,245.681,1,0.0,153.495,1,0.0,696.341,1,0.0,26.618297,86.0,102.0,0.0,1,0.0
normalized-BA_RDC4.dot_luby_0null0mast_rapportOE2.0_TMAX60_K67_cod2_pbEq1_newVersion.opb,0,0.0,3600.0,0,0.0,3600.01,0,0.0,326.498,0,0.0,2153.67,0,0.018348623853211,3600.03,0,1.0,3.694592,-436.0,0.0,0.0,0,0.0
normalized-BA_RDC4.dot_fibo_0null20mast_rapportOE1.0_TMAX15_K67_cod2_pbEq1_newVersion_ladder.opb,1,0.0,21.66,1,0.0,1309.36,1,0.0,1894.78,1,0.0,1993.66,1,0.0,1046.43,1,0.0,1150.211842,-18698.0,-18698.0,0.0,1,0.0
normalized-single-obj-f11-DCTotalLoss.seq-B-3-combined-irEDCBA.opb,1,1.0,258.34,0,1.0,3600.0,1,1.0,246.897,1,1.0,348.117,1,0.0,311.669,1,1.0,63.503471,0.0,192983319911.0,0.0,1,0.0
normalized-BA_RDC4.dot_unif_20null10mast_rapportOE1.0_TMAX180_K67_cod2_pbEq1_newVersion_product.opb,0,0.0713967456201322,3600.01,0,2.0,,0,0.0,1615.09,0,0.1034593380741057,2859.06,0,0.9465682867276196,3600.01,0,1.0,2.60103,-56109.0,0.0,0.0,0,0.0
normalized-BA_RDC4.dot_unif_50null10mast_rapportOE2.0_TMAX15_K67_cod3.opb,1,0.0,23.7,1,0.0,148.19,1,0.0,621.169,1,0.0,338.124,1,0.0,190.64,0,1.0,28.57743,-3298.0,0.0,0.0,1,0.0
normalized-BA_RDC4.dot_fibo_50null20mast_rapportOE1.0_TMAX300_K67_cod2_pbEq1_newVersion.opb,0,0.0,3600.02,0,0.0154309207824645,3600.0,0,0.1990463169184538,921.87,0,0.211530192717417,2702.78,0,1.0,3600.0,0,0.8009536830815461,145.813389,-581735.0,-374748.0,0.0,0,0.0
normalized-aries-da_network_1000_5__369_766__2048.opb,1,0.0,15.49,0,2.0,,0,2.0,,0,2.0,,0,2.0,,0,2.0,,87132.0,87132.0,0.0,1,0.0
normalized-j1207_8.std.opb,0,0.5909090909090909,3600.01,0,2.0,,0,0.0,1858.3,0,0.0227272727272727,2833.83,0,2.0,,0,1.0,11.616425,98.0,142.0,0.0,0,0.0
normalized-NG.dot_unif_0null50mast_rapportOE2.0_TMAX180_K192_cod2.opb,0,0.0,3600.51,0,2.0,,0,0.9257400034620044,2764.53,0,0.4996393745311869,3415.12,0,0.9423864751024176,723.906,0,1.0,27.81506,-69324.0,0.0,0.0,0,0.0
normalized-factor-sizeN=480-sizeP=241-sizeQ=480-896328136.opb,0,2.0,,0,2.0,,0,2.0,,0,2.0,,1,0.0,224.715,1,0.0,1210.00491,1.0,1.0,0.0,1,0.0
normalized-BA_RDC4.dot_luby_20null50mast_rapportOE1.0_TMAX120_K67_cod2_pbEq1_newVersion_ladder.opb,1,0.0,17.92,1,0.0,727.81,1,0.0,107.604,1,0.0,138.089,1,0.0,264.38,0,1.0,458.572544,-5696.0,-274.0,0.0,1,0.0
normalized-j6046_9.std.opb,0,0.0,3600.04,0,1.0,3600.0,1,0.0,2382.99,1,0.0,1758.79,1,0.0,590.229,1,0.0,18.715837,69.0,70.0,0.0,1,0.0
normalized-BA_RDC4.dot_fibo_0null50mast_rapportOE1.0_TMAX60_K67_cod1.opb,1,0.0,72.13,1,0.0,976.06,0,0.2913136522303496,3219.3,0,0.7066428107842622,2400.54,0,0.9406672630637268,2506.03,0,1.0,15.343107,-114018.0,0.0,0.0,1,0.0
normalized-reblock166.opb,0,0.0,3600.01,0,0.000255008805493,3600.0,0,1.6350741962762633e-05,1176.97,0,0.7023961147732486,2788.1,0,2.0,,0,1.0,50.916406,-162500271.0,0.0,0.0,0,0.0
normalized-j12046_7.std.opb,0,1.0,3600.02,0,2.0,,0,0.0,1082.85,0,0.0232558139534883,1686.78,0,2.0,,0,0.0116279069767441,1132.103028,173.0,259.0,0.0,0,0.0
normalized-n3div36.opb,1,0.0,2097.95,0,0.0,3600.0,0,0.0016732017711048,3109.29,0,0.0014430025191715,3535.78,0,2.0,,0,1.0,13.352261,100904.0,32281721.0,0.0,1,0.0
normalized-clique-coloring-max-clique-n=14-t=6.opb,1,0.0,39.4,0,0.0,3600.01,0,0.0,13.7063,0,0.0,37.4268,0,2.0,,0,0.0,0.137569,8.0,8.0,0.0,1,0.0
normalized-BA_RDC4.dot_luby_20null0mast_rapportOE2.0_TMAX120_K67_cod2_pbEq1_newVersion_product.opb,0,0.0,3600.01,0,0.1535269709543568,3600.58,0,0.0788381742738589,1826.52,0,0.0622406639004149,3597.25,0,0.3029045643153527,3600.01,0,1.0,2.334123,-482.0,0.0,0.0,0,0.0
normalized-NG.dot_unif_10null10mast_rapportOE2.0_TMAX120_K192_cod1.opb,0,2.0,,0,2.0,,0,1.0,3527.07,0,0.0,1713.65,0,2.0,,0,2.0,,-218282.0,-142038.0,0.0,0,0.0
normalized-mps-v2-20-10-mkc1.opb,0,0.0,3600.06,0,1.0,3600.01,0,0.5885160460065954,3406.05,0,0.2830740770530041,3405.69,0,0.8135590766508486,3585.47,0,2.0,,-310825000.0,0.0,0.0,0,0.0
normalized-neos-954925.opb,0,0.0,3600.05,0,0.0,3600.01,0,5.142483525686705e-05,3424.72,0,1.0,3529.61,0,2.0,,0,2.0,,-1406170.0,-1133928.0,0.0,0,0.0
normalized-mps-v2-20-10-n3705.opb,1,0.0,3.37,0,2.0,,0,0.3832624764826747,3589.66,0,1.0,3432.22,0,0.3245535504393307,3600.03,0,2.0,,1345899520.0,13849031658.0,0.0,1,0.0
normalized-NG.dot_unif_50null50mast_rapportOE2.0_TMAX120_K192_cod2.opb,0,0.0,3600.03,0,2.0,,1,0.0,426.799,1,0.0,426.97,0,2.0,,0,1.0,37.311697,-2750.0,0.0,0.0,1,0.0
normalized-NG.dot_fibo_20null0mast_rapportOE1.0_TMAX180_K192_cod1.opb,0,0.0,3600.09,0,2.0,,0,2.0,,0,0.9217946063659298,1016.34,0,2.0,,0,1.0,63.4504,-391239.0,0.0,0.0,0,0.0
normalized-maxcut_opt_complete_5-partite_block_nvert_87.opb,0,0.0,3600.03,0,0.0285204991087344,3600.02,0,0.0213903743315508,3578.16,0,0.285204991087344,2218.8,0,0.0035650623885918,3600.0,0,1.0,3.616705,-1836.0,-1275.0,0.0,0,0.0
normalized-NG.dot_fibo_50null50mast_rapportOE1.0_TMAX15_K192_cod2.opb,1,0.0,2350.33,0,2.0,,1,0.0,3126.43,1,0.0,471.361,1,0.0,827.442,0,1.0,32.65492,-10946.0,0.0,0.0,1,0.0
normalized-ped2.G.recomb10-0.10-10.opb,0,0.0,3600.86,0,1.0,3596.0,0,0.046415746774837,2799.5,0,0.4260506716318659,3518.23,0,2.0,,1,0.0,153.803823,57616.0,659136.0,0.0,1,0.0
normalized-comppebphp_opt_pyrheightequalsnholes_51.opb,0,0.0,3600.14,0,2.0,,0,0.0,316.036,1,0.0,811.628,0,2.0,,0,2.0,,1378.0,1378.0,0.0,1,0.0
normalized-single-obj-f58-fob_fxl_loss.seq-B-2-combined-irabcde.opb,1,0.0,2198.5,0,0.0,3600.0,1,0.0,2875.15,1,0.0,171.143,0,2.0,,1,0.0,1.257086,2535538030.0,2535538030.0,0.0,1,0.0
